Customer_ID,Customer_Name,Gender,Age,City,State,Acquisition_Channel,Signup_Date
C00001,Customer 00001,Male,20,Delhi,Delhi,Organic Search,2025-06-03
C00002,Customer 00002,Male,41,Hyderabad,Telangana,Direct,2024-12-24
C00003,Customer 00003,Female,20,Delhi,Delhi,Email,2024-07-04
C00004,Customer 00004,Female,19,Surat,Gujarat,Social Media,2024-03-11
C00005,Customer 00005,Male,21,Delhi,Delhi,Referral,2025-10-12
C00006,Customer 00006,Male,23,Surat,Gujarat,Referral,2025-12-31
C00007,Customer 00007,Male,40,Gurugram,Haryana,Social Media,2025-05-17
C00008,Customer 00008,Male,26,Chennai,Tamil Nadu,Social Media,2025-07-04
C00009,Customer 00009,Male,26,Indore,Madhya Pradesh,Email,2024-07-24
C00010,Customer 00010,Female,31,Bengaluru,Karnataka,Social Media,2025-04-19
C00011,Customer 00011,Male,37,Surat,Gujarat,Referral,2024-06-03
C00012,Customer 00012,Female,30,Bhopal,Madhya Pradesh,Organic Search,2024-03-24
C00013,Customer 00013,Male,30,Gurugram,Haryana,Social Media,2025-07-12
C00014,Customer 00014,Female,32,Jaipur,Rajasthan,Paid Search,2024-02-28
C00015,Customer 00015,Female,46,Mumbai,Maharashtra,Organic Search,2024-12-20
C00016,Customer 00016,Female,41,Ahmedabad,Gujarat,Organic Search,2024-01-25
C00017,Customer 00017,Female,34,Noida,Uttar Pradesh,Direct,2024-07-01
C00018,Customer 00018,Male,60,Patna,Bihar,Paid Search,2024-12-07
C00019,Customer 00019,Female,24,Kochi,Kerala,Social Media,2024-07-01
C00020,Customer 00020,Male,28,Mumbai,Maharashtra,Direct,2024-04-28
C00021,Customer 00021,Female,23,Bhopal,Madhya Pradesh,Organic Search,2024-08-28
C00022,Customer 00022,Male,32,Bengaluru,Karnataka,Paid Search,2025-09-15
C00023,Customer 00023,Male,34,Kolkata,West Bengal,Direct,2024-01-13
C00024,Customer 00024,Non-binary,34,Bengaluru,Karnataka,Paid Search,2025-05-03
C00025,Customer 00025,Female,26,Indore,Madhya Pradesh,Referral,2024-07-05
C00026,Customer 00026,Female,25,Hyderabad,Telangana,Referral,2025-06-02
C00027,Customer 00027,Male,18,Delhi,Delhi,Paid Search,2025-01-09
C00028,Customer 00028,Male,25,Delhi,Delhi,Social Media,2024-02-06
C00029,Customer 00029,Female,56,Hyderabad,Telangana,Social Media,2025-10-01
C00030,Customer 00030,Female,23,Hyderabad,Telangana,Paid Search,2024-11-02
C00031,Customer 00031,Female,46,Bengaluru,Karnataka,Paid Search,2024-08-01
C00032,Customer 00032,Male,40,Ahmedabad,Gujarat,Paid Search,2025-07-06
C00033,Customer 00033,Male,28,Chennai,Tamil Nadu,Paid Search,2024-01-28
C00034,Customer 00034,Male,27,Bengaluru,Karnataka,Direct,2024-09-11
C00035,Customer 00035,Male,38,Chennai,Tamil Nadu,Paid Search,2025-10-03
C00036,Customer 00036,Male,29,Bengaluru,Karnataka,Referral,2024-05-13
C00037,Customer 00037,Female,18,Jaipur,Rajasthan,Organic Search,2024-08-04
C00038,Customer 00038,Female,42,Coimbatore,Tamil Nadu,Organic Search,2024-05-31
C00039,Customer 00039,Female,31,Kolkata,West Bengal,Paid Search,2025-09-20
C00040,Customer 00040,Male,18,Kochi,Kerala,Paid Search,2024-01-20
C00041,Customer 00041,Male,22,Pune,Maharashtra,Direct,2025-12-21
C00042,Customer 00042,Male,39,Hyderabad,Telangana,Paid Search,2024-11-28
C00043,Customer 00043,Female,36,Mumbai,Maharashtra,Organic Search,2024-08-16
C00044,Customer 00044,Male,32,Bengaluru,Karnataka,Referral,2024-10-30
C00045,Customer 00045,Male,18,Ahmedabad,Gujarat,Referral,2025-03-04
C00046,Customer 00046,Female,34,Ahmedabad,Gujarat,Organic Search,2025-12-28
C00047,Customer 00047,Male,22,Mumbai,Maharashtra,Paid Search,2025-06-30
C00048,Customer 00048,Male,29,Delhi,Delhi,Organic Search,2025-06-26
C00049,Customer 00049,Female,33,Hyderabad,Telangana,Direct,2025-11-27
C00050,Customer 00050,Female,42,Bengaluru,Karnataka,Email,2024-07-06
C00051,Customer 00051,Female,31,Chennai,Tamil Nadu,Paid Search,2025-11-07
C00052,Customer 00052,Female,47,Bengaluru,Karnataka,Paid Search,2024-01-06
C00053,Customer 00053,Male,21,Patna,Bihar,Referral,2025-01-19
C00054,Customer 00054,Female,30,Bengaluru,Karnataka,Organic Search,2024-02-12
C00055,Customer 00055,Non-binary,30,Chennai,Tamil Nadu,Direct,2025-01-29
C00056,Customer 00056,Female,30,Indore,Madhya Pradesh,Social Media,2025-03-10
C00057,Customer 00057,Male,28,Gurugram,Haryana,Organic Search,2025-04-12
C00058,Customer 00058,Male,42,Gurugram,Haryana,Direct,2024-02-03
C00059,Customer 00059,Female,31,Ahmedabad,Gujarat,Direct,2024-08-06
C00060,Customer 00060,Male,39,Hyderabad,Telangana,Direct,2024-07-12
C00061,Customer 00061,Male,23,Mumbai,Maharashtra,Paid Search,2024-05-18
C00062,Customer 00062,Female,35,Ahmedabad,Gujarat,Social Media,2025-08-15
C00063,Customer 00063,Female,38,Hyderabad,Telangana,Social Media,2025-04-02
C00064,Customer 00064,Male,30,Delhi,Delhi,Paid Search,2025-05-17
C00065,Customer 00065,Male,35,Patna,Bihar,Referral,2024-10-08
C00066,Customer 00066,Male,37,Mumbai,Maharashtra,Social Media,2024-03-07
C00067,Customer 00067,Female,29,Pune,Maharashtra,Social Media,2025-03-10
C00068,Customer 00068,Female,45,Delhi,Delhi,Organic Search,2025-05-09
C00069,Customer 00069,Male,18,Bengaluru,Karnataka,Referral,2025-02-20
C00070,Customer 00070,Female,30,Chennai,Tamil Nadu,Paid Search,2024-11-17
C00071,Customer 00071,Male,18,Surat,Gujarat,Organic Search,2025-02-08
C00072,Customer 00072,Female,40,Surat,Gujarat,Social Media,2025-02-11
C00073,Customer 00073,Male,31,Bengaluru,Karnataka,Paid Search,2024-11-06
C00074,Customer 00074,Female,25,Ahmedabad,Gujarat,Social Media,2025-10-16
C00075,Customer 00075,Female,22,Surat,Gujarat,Paid Search,2024-10-15
C00076,Customer 00076,Male,45,Indore,Madhya Pradesh,Paid Search,2024-10-05
C00077,Customer 00077,Male,27,Chennai,Tamil Nadu,Direct,2025-11-24
C00078,Customer 00078,Female,34,Gurugram,Haryana,Organic Search,2024-07-24
C00079,Customer 00079,Female,18,Ahmedabad,Gujarat,Social Media,2025-06-20
C00080,Customer 00080,Male,28,Mumbai,Maharashtra,Organic Search,2024-09-04
C00081,Customer 00081,Female,41,Chennai,Tamil Nadu,Social Media,2024-07-07
C00082,Customer 00082,Male,26,Jaipur,Rajasthan,Email,2025-05-03
C00083,Customer 00083,Male,44,Ahmedabad,Gujarat,Paid Search,2025-04-21
C00084,Customer 00084,Female,35,Lucknow,Uttar Pradesh,Referral,2024-10-21
C00085,Customer 00085,Male,20,Chennai,Tamil Nadu,Organic Search,2025-07-01
C00086,Customer 00086,Female,22,Chandigarh,Chandigarh,Paid Search,2024-09-21
C00087,Customer 00087,Female,37,Mumbai,Maharashtra,Organic Search,2024-06-25
C00088,Customer 00088,Male,29,Nagpur,Maharashtra,Paid Search,2025-01-02
C00089,Customer 00089,Female,31,Pune,Maharashtra,Referral,2024-02-10
C00090,Customer 00090,Female,30,Hyderabad,Telangana,Social Media,2024-04-30
C00091,Customer 00091,Female,36,Delhi,Delhi,Paid Search,2025-10-26
C00092,Customer 00092,Male,27,Delhi,Delhi,Paid Search,2024-04-21
C00093,Customer 00093,Female,25,Chandigarh,Chandigarh,Social Media,2025-08-12
C00094,Customer 00094,Male,40,Noida,Uttar Pradesh,Organic Search,2024-09-04
C00095,Customer 00095,Female,18,Gurugram,Haryana,Social Media,2024-04-28
C00096,Customer 00096,Female,38,Noida,Uttar Pradesh,Direct,2024-10-08
C00097,Customer 00097,Male,33,Bengaluru,Karnataka,Paid Search,2024-11-09
C00098,Customer 00098,Male,34,Mumbai,Maharashtra,Organic Search,2025-01-07
C00099,Customer 00099,Male,27,Bengaluru,Karnataka,Direct,2025-10-03
C00100,Customer 00100,Female,29,Bengaluru,Karnataka,Organic Search,2025-02-16
C00101,Customer 00101,Female,40,Bengaluru,Karnataka,Direct,2024-01-24
C00102,Customer 00102,Female,32,Patna,Bihar,Organic Search,2025-11-23
C00103,Customer 00103,Female,29,Bengaluru,Karnataka,Organic Search,2025-01-31
C00104,Customer 00104,Male,41,Indore,Madhya Pradesh,Paid Search,2025-09-25
C00105,Customer 00105,Male,21,Lucknow,Uttar Pradesh,Email,2025-01-07
C00106,Customer 00106,Male,31,Surat,Gujarat,Email,2024-06-11
C00107,Customer 00107,Female,29,Chennai,Tamil Nadu,Organic Search,2025-08-11
C00108,Customer 00108,Male,34,Delhi,Delhi,Organic Search,2025-05-23
C00109,Customer 00109,Male,39,Delhi,Delhi,Referral,2024-08-03
C00110,Customer 00110,Male,25,Mumbai,Maharashtra,Organic Search,2025-01-19
C00111,Customer 00111,Female,33,Mumbai,Maharashtra,Organic Search,2025-12-19
C00112,Customer 00112,Male,33,Ahmedabad,Gujarat,Direct,2025-12-11
C00113,Customer 00113,Male,23,Mumbai,Maharashtra,Email,2025-01-12
C00114,Customer 00114,Male,18,Surat,Gujarat,Organic Search,2024-06-09
C00115,Customer 00115,Female,31,Kochi,Kerala,Email,2025-03-02
C00116,Customer 00116,Male,26,Surat,Gujarat,Social Media,2025-01-04
C00117,Customer 00117,Male,25,Kolkata,West Bengal,Organic Search,2025-11-01
C00118,Customer 00118,Male,18,Bengaluru,Karnataka,Direct,2024-01-22
C00119,Customer 00119,Male,36,Chennai,Tamil Nadu,Social Media,2025-10-22
C00120,Customer 00120,Male,25,Mumbai,Maharashtra,Referral,2024-06-26
C00121,Customer 00121,Female,37,Indore,Madhya Pradesh,Social Media,2025-09-21
C00122,Customer 00122,Male,30,Kochi,Kerala,Social Media,2025-07-28
C00123,Customer 00123,Female,19,Ahmedabad,Gujarat,Organic Search,2024-08-08
C00124,Customer 00124,Female,34,Mumbai,Maharashtra,Direct,2025-12-24
C00125,Customer 00125,Female,18,Bengaluru,Karnataka,Direct,2024-03-02
C00126,Customer 00126,Female,26,Kolkata,West Bengal,Organic Search,2025-06-01
C00127,Customer 00127,Male,22,Gurugram,Haryana,Paid Search,2024-01-02
C00128,Customer 00128,Male,18,Bengaluru,Karnataka,Direct,2024-09-11
C00129,Customer 00129,Non-binary,21,Bengaluru,Karnataka,Direct,2024-01-13
C00130,Customer 00130,Female,36,Lucknow,Uttar Pradesh,Social Media,2025-08-13
C00131,Customer 00131,Male,30,Kolkata,West Bengal,Social Media,2024-03-02
C00132,Customer 00132,Male,28,Mumbai,Maharashtra,Direct,2025-08-14
C00133,Customer 00133,Female,40,Bengaluru,Karnataka,Direct,2024-05-12
C00134,Customer 00134,Female,39,Delhi,Delhi,Referral,2025-03-12
C00135,Customer 00135,Male,24,Hyderabad,Telangana,Direct,2025-12-18
C00136,Customer 00136,Female,21,Mumbai,Maharashtra,Social Media,2025-08-29
C00137,Customer 00137,Male,30,Hyderabad,Telangana,Direct,2024-06-15
C00138,Customer 00138,Female,33,Noida,Uttar Pradesh,Paid Search,2025-08-15
C00139,Customer 00139,Male,47,Noida,Uttar Pradesh,Referral,2025-05-01
C00140,Customer 00140,Male,30,Bengaluru,Karnataka,Social Media,2025-12-24
C00141,Customer 00141,Female,18,Chennai,Tamil Nadu,Email,2024-06-15
C00142,Customer 00142,Male,38,Chennai,Tamil Nadu,Email,2024-10-12
C00143,Customer 00143,Female,32,Hyderabad,Telangana,Social Media,2024-07-09
C00144,Customer 00144,Female,27,Lucknow,Uttar Pradesh,Social Media,2024-02-20
C00145,Customer 00145,Male,20,Gurugram,Haryana,Organic Search,2024-12-04
C00146,Customer 00146,Female,31,Chennai,Tamil Nadu,Direct,2024-10-13
C00147,Customer 00147,Male,37,Hyderabad,Telangana,Paid Search,2024-10-06
C00148,Customer 00148,Female,24,Delhi,Delhi,Organic Search,2024-10-17
C00149,Customer 00149,Male,22,Kolkata,West Bengal,Email,2025-05-05
C00150,Customer 00150,Female,37,Patna,Bihar,Referral,2024-08-31
C00151,Customer 00151,Male,32,Kolkata,West Bengal,Social Media,2024-11-11
C00152,Customer 00152,Male,33,Bengaluru,Karnataka,Paid Search,2024-11-27
C00153,Customer 00153,Male,46,Coimbatore,Tamil Nadu,Direct,2025-11-03
C00154,Customer 00154,Male,33,Pune,Maharashtra,Organic Search,2025-12-03
C00155,Customer 00155,Male,39,Mumbai,Maharashtra,Email,2024-09-04
C00156,Customer 00156,Male,36,Gurugram,Haryana,Direct,2025-08-17
C00157,Customer 00157,Female,29,Pune,Maharashtra,Referral,2024-02-17
C00158,Customer 00158,Female,39,Jaipur,Rajasthan,Paid Search,2025-05-03
C00159,Customer 00159,Female,26,Jaipur,Rajasthan,Organic Search,2025-08-19
C00160,Customer 00160,Male,30,Jaipur,Rajasthan,Direct,2025-05-21
C00161,Customer 00161,Male,29,Surat,Gujarat,Social Media,2024-09-01
C00162,Customer 00162,Female,32,Ahmedabad,Gujarat,Organic Search,2024-11-16
C00163,Customer 00163,Female,18,Pune,Maharashtra,Paid Search,2025-10-26
C00164,Customer 00164,Male,34,Lucknow,Uttar Pradesh,Social Media,2025-11-21
C00165,Customer 00165,Male,48,Patna,Bihar,Paid Search,2024-10-09
C00166,Customer 00166,Non-binary,38,Delhi,Delhi,Organic Search,2025-05-07
C00167,Customer 00167,Male,33,Indore,Madhya Pradesh,Social Media,2025-07-08
C00168,Customer 00168,Female,22,Hyderabad,Telangana,Organic Search,2024-10-18
C00169,Customer 00169,Female,31,Pune,Maharashtra,Social Media,2024-07-23
C00170,Customer 00170,Male,18,Kochi,Kerala,Organic Search,2025-08-25
C00171,Customer 00171,Male,36,Pune,Maharashtra,Paid Search,2025-04-11
C00172,Customer 00172,Male,38,Nagpur,Maharashtra,Social Media,2025-07-15
C00173,Customer 00173,Male,28,Indore,Madhya Pradesh,Social Media,2025-03-14
C00174,Customer 00174,Female,37,Gurugram,Haryana,Social Media,2025-01-19
C00175,Customer 00175,Female,47,Kolkata,West Bengal,Email,2024-02-04
C00176,Customer 00176,Female,29,Surat,Gujarat,Direct,2025-12-29
C00177,Customer 00177,Male,34,Ahmedabad,Gujarat,Direct,2024-12-07
C00178,Customer 00178,Male,25,Pune,Maharashtra,Organic Search,2025-09-13
C00179,Customer 00179,Male,18,Patna,Bihar,Referral,2025-06-01
C00180,Customer 00180,Female,24,Kochi,Kerala,Paid Search,2025-08-20
C00181,Customer 00181,Male,30,Lucknow,Uttar Pradesh,Direct,2025-07-29
C00182,Customer 00182,Female,18,Ahmedabad,Gujarat,Direct,2025-12-02
C00183,Customer 00183,Female,18,Bhopal,Madhya Pradesh,Paid Search,2024-01-05
C00184,Customer 00184,Male,39,Indore,Madhya Pradesh,Organic Search,2024-05-28
C00185,Customer 00185,Male,41,Noida,Uttar Pradesh,Direct,2024-05-03
C00186,Customer 00186,Male,36,Surat,Gujarat,Social Media,2025-05-21
C00187,Customer 00187,Female,22,Ahmedabad,Gujarat,Direct,2025-03-23
C00188,Customer 00188,Male,53,Delhi,Delhi,Paid Search,2024-08-28
C00189,Customer 00189,Male,37,Ahmedabad,Gujarat,Paid Search,2024-08-05
C00190,Customer 00190,Female,20,Hyderabad,Telangana,Email,2025-10-03
C00191,Customer 00191,Non-binary,24,Ahmedabad,Gujarat,Social Media,2025-12-18
C00192,Customer 00192,Male,39,Bengaluru,Karnataka,Email,2024-12-03
C00193,Customer 00193,Female,26,Noida,Uttar Pradesh,Organic Search,2024-01-26
C00194,Customer 00194,Male,30,Pune,Maharashtra,Paid Search,2024-04-10
C00195,Customer 00195,Male,19,Bengaluru,Karnataka,Organic Search,2024-06-04
C00196,Customer 00196,Male,34,Hyderabad,Telangana,Direct,2024-10-09
C00197,Customer 00197,Male,33,Bhopal,Madhya Pradesh,Direct,2024-09-09
C00198,Customer 00198,Female,31,Hyderabad,Telangana,Organic Search,2024-01-09
C00199,Customer 00199,Male,18,Ahmedabad,Gujarat,Social Media,2024-05-16
C00200,Customer 00200,Male,30,Bhopal,Madhya Pradesh,Organic Search,2025-01-07
C00201,Customer 00201,Female,27,Chennai,Tamil Nadu,Email,2024-08-03
C00202,Customer 00202,Male,41,Chennai,Tamil Nadu,Social Media,2025-07-08
C00203,Customer 00203,Female,22,Delhi,Delhi,Social Media,2025-01-21
C00204,Customer 00204,Female,35,Bhopal,Madhya Pradesh,Organic Search,2025-12-01
C00205,Customer 00205,Male,32,Nagpur,Maharashtra,Referral,2024-01-30
C00206,Customer 00206,Male,39,Hyderabad,Telangana,Social Media,2024-08-23
C00207,Customer 00207,Female,29,Bengaluru,Karnataka,Direct,2024-10-10
C00208,Customer 00208,Female,33,Mumbai,Maharashtra,Direct,2025-10-30
C00209,Customer 00209,Female,37,Mumbai,Maharashtra,Social Media,2025-08-08
C00210,Customer 00210,Female,34,Mumbai,Maharashtra,Social Media,2024-06-25
C00211,Customer 00211,Female,30,Mumbai,Maharashtra,Direct,2024-05-27
C00212,Customer 00212,Female,33,Bhopal,Madhya Pradesh,Social Media,2024-03-15
C00213,Customer 00213,Female,33,Chennai,Tamil Nadu,Organic Search,2024-01-09
C00214,Customer 00214,Male,22,Nagpur,Maharashtra,Social Media,2024-06-27
C00215,Customer 00215,Female,27,Chennai,Tamil Nadu,Email,2025-08-02
C00216,Customer 00216,Male,29,Indore,Madhya Pradesh,Organic Search,2025-11-07
C00217,Customer 00217,Male,25,Delhi,Delhi,Referral,2024-10-07
C00218,Customer 00218,Female,32,Ahmedabad,Gujarat,Organic Search,2024-03-13
C00219,Customer 00219,Female,21,Jaipur,Rajasthan,Email,2024-10-18
C00220,Customer 00220,Female,32,Kolkata,West Bengal,Organic Search,2025-02-16
C00221,Customer 00221,Male,33,Mumbai,Maharashtra,Direct,2024-01-15
C00222,Customer 00222,Male,30,Delhi,Delhi,Direct,2025-09-10
C00223,Customer 00223,Female,38,Bhopal,Madhya Pradesh,Direct,2025-07-23
C00224,Customer 00224,Male,25,Kolkata,West Bengal,Organic Search,2024-04-07
C00225,Customer 00225,Female,33,Mumbai,Maharashtra,Direct,2024-05-26
C00226,Customer 00226,Female,34,Kochi,Kerala,Organic Search,2025-07-06
C00227,Customer 00227,Female,40,Jaipur,Rajasthan,Direct,2024-09-20
C00228,Customer 00228,Male,27,Mumbai,Maharashtra,Organic Search,2024-06-20
C00229,Customer 00229,Female,18,Mumbai,Maharashtra,Direct,2024-05-15
C00230,Customer 00230,Female,34,Delhi,Delhi,Paid Search,2024-11-09
C00231,Customer 00231,Female,39,Ahmedabad,Gujarat,Direct,2024-05-10
C00232,Customer 00232,Male,18,Delhi,Delhi,Referral,2024-01-24
C00233,Customer 00233,Male,30,Kolkata,West Bengal,Paid Search,2024-08-06
C00234,Customer 00234,Male,40,Kochi,Kerala,Direct,2025-05-22
C00235,Customer 00235,Female,29,Nagpur,Maharashtra,Social Media,2025-01-25
C00236,Customer 00236,Female,27,Delhi,Delhi,Organic Search,2025-05-30
C00237,Customer 00237,Male,28,Hyderabad,Telangana,Social Media,2024-01-24
C00238,Customer 00238,Male,48,Gurugram,Haryana,Social Media,2025-09-18
C00239,Customer 00239,Female,22,Gurugram,Haryana,Direct,2025-10-20
C00240,Customer 00240,Male,31,Mumbai,Maharashtra,Direct,2025-07-11
C00241,Customer 00241,Male,36,Chandigarh,Chandigarh,Email,2024-07-07
C00242,Customer 00242,Male,51,Bengaluru,Karnataka,Referral,2025-12-31
C00243,Customer 00243,Female,27,Delhi,Delhi,Direct,2025-07-13
C00244,Customer 00244,Male,32,Bengaluru,Karnataka,Organic Search,2025-07-27
C00245,Customer 00245,Female,60,Indore,Madhya Pradesh,Direct,2024-04-29
C00246,Customer 00246,Female,35,Kochi,Kerala,Direct,2024-01-22
C00247,Customer 00247,Male,29,Hyderabad,Telangana,Direct,2025-10-14
C00248,Customer 00248,Female,27,Chennai,Tamil Nadu,Paid Search,2025-09-05
C00249,Customer 00249,Male,27,Kolkata,West Bengal,Direct,2025-08-23
C00250,Customer 00250,Male,39,Chennai,Tamil Nadu,Organic Search,2025-04-23
C00251,Customer 00251,Female,25,Lucknow,Uttar Pradesh,Referral,2024-07-31
C00252,Customer 00252,Female,25,Bengaluru,Karnataka,Paid Search,2024-04-15
C00253,Customer 00253,Male,30,Kolkata,West Bengal,Paid Search,2024-10-19
C00254,Customer 00254,Male,30,Pune,Maharashtra,Direct,2024-06-04
C00255,Customer 00255,Male,18,Coimbatore,Tamil Nadu,Organic Search,2025-01-27
C00256,Customer 00256,Female,34,Hyderabad,Telangana,Direct,2024-06-02
C00257,Customer 00257,Female,26,Pune,Maharashtra,Organic Search,2024-01-30
C00258,Customer 00258,Male,35,Coimbatore,Tamil Nadu,Organic Search,2024-11-25
C00259,Customer 00259,Male,27,Bengaluru,Karnataka,Paid Search,2024-09-20
C00260,Customer 00260,Female,45,Bengaluru,Karnataka,Paid Search,2024-10-05
C00261,Customer 00261,Female,33,Gurugram,Haryana,Paid Search,2025-08-07
C00262,Customer 00262,Female,36,Ahmedabad,Gujarat,Paid Search,2024-02-20
C00263,Customer 00263,Male,43,Noida,Uttar Pradesh,Direct,2025-08-17
C00264,Customer 00264,Female,39,Surat,Gujarat,Referral,2025-10-07
C00265,Customer 00265,Male,38,Delhi,Delhi,Social Media,2025-06-12
C00266,Customer 00266,Male,28,Bengaluru,Karnataka,Referral,2025-10-08
C00267,Customer 00267,Female,30,Hyderabad,Telangana,Direct,2025-10-21
C00268,Customer 00268,Female,28,Hyderabad,Telangana,Social Media,2025-12-25
C00269,Customer 00269,Male,21,Bengaluru,Karnataka,Social Media,2025-09-16
C00270,Customer 00270,Female,50,Delhi,Delhi,Paid Search,2025-05-09
C00271,Customer 00271,Female,29,Ahmedabad,Gujarat,Direct,2025-08-07
C00272,Customer 00272,Male,28,Pune,Maharashtra,Paid Search,2025-12-24
C00273,Customer 00273,Female,39,Kochi,Kerala,Social Media,2024-01-03
C00274,Customer 00274,Male,29,Indore,Madhya Pradesh,Organic Search,2025-05-12
C00275,Customer 00275,Male,21,Ahmedabad,Gujarat,Organic Search,2025-07-23
C00276,Customer 00276,Female,54,Delhi,Delhi,Referral,2024-11-11
C00277,Customer 00277,Male,22,Nagpur,Maharashtra,Social Media,2025-08-21
C00278,Customer 00278,Male,33,Patna,Bihar,Organic Search,2024-11-13
C00279,Customer 00279,Female,25,Indore,Madhya Pradesh,Social Media,2024-12-12
C00280,Customer 00280,Female,37,Nagpur,Maharashtra,Direct,2025-07-02
C00281,Customer 00281,Male,29,Chennai,Tamil Nadu,Paid Search,2025-04-09
C00282,Customer 00282,Male,27,Indore,Madhya Pradesh,Email,2025-08-08
C00283,Customer 00283,Female,21,Ahmedabad,Gujarat,Organic Search,2025-03-03
C00284,Customer 00284,Male,40,Jaipur,Rajasthan,Email,2024-02-05
C00285,Customer 00285,Female,33,Mumbai,Maharashtra,Social Media,2024-08-24
C00286,Customer 00286,Female,45,Kolkata,West Bengal,Email,2025-07-29
C00287,Customer 00287,Female,22,Bengaluru,Karnataka,Social Media,2024-06-28
C00288,Customer 00288,Female,43,Delhi,Delhi,Direct,2024-03-11
C00289,Customer 00289,Female,31,Pune,Maharashtra,Direct,2025-02-04
C00290,Customer 00290,Female,31,Kolkata,West Bengal,Direct,2024-02-13
C00291,Customer 00291,Female,44,Chennai,Tamil Nadu,Social Media,2025-01-18
C00292,Customer 00292,Female,37,Noida,Uttar Pradesh,Paid Search,2024-10-27
C00293,Customer 00293,Female,27,Kolkata,West Bengal,Social Media,2024-03-08
C00294,Customer 00294,Female,34,Delhi,Delhi,Paid Search,2024-06-14
C00295,Customer 00295,Female,24,Bengaluru,Karnataka,Social Media,2024-02-16
C00296,Customer 00296,Female,18,Indore,Madhya Pradesh,Social Media,2025-12-01
C00297,Customer 00297,Male,24,Surat,Gujarat,Paid Search,2025-06-12
C00298,Customer 00298,Female,24,Bengaluru,Karnataka,Paid Search,2025-05-29
C00299,Customer 00299,Male,44,Bengaluru,Karnataka,Direct,2024-01-20
C00300,Customer 00300,Female,39,Lucknow,Uttar Pradesh,Paid Search,2024-03-25
C00301,Customer 00301,Female,47,Lucknow,Uttar Pradesh,Organic Search,2024-05-13
C00302,Customer 00302,Female,44,Chandigarh,Chandigarh,Email,2025-02-07
C00303,Customer 00303,Male,34,Noida,Uttar Pradesh,Paid Search,2025-09-06
C00304,Customer 00304,Female,18,Coimbatore,Tamil Nadu,Organic Search,2024-04-24
C00305,Customer 00305,Male,28,Kochi,Kerala,Paid Search,2025-11-29
C00306,Customer 00306,Female,18,Indore,Madhya Pradesh,Referral,2024-06-02
C00307,Customer 00307,Male,34,Jaipur,Rajasthan,Direct,2025-01-08
C00308,Customer 00308,Male,40,Ahmedabad,Gujarat,Organic Search,2024-10-11
C00309,Customer 00309,Female,34,Bengaluru,Karnataka,Paid Search,2024-10-20
C00310,Customer 00310,Male,34,Bengaluru,Karnataka,Email,2024-11-01
C00311,Customer 00311,Female,33,Patna,Bihar,Paid Search,2025-05-22
C00312,Customer 00312,Female,34,Kochi,Kerala,Organic Search,2025-02-19
C00313,Customer 00313,Female,36,Indore,Madhya Pradesh,Organic Search,2025-05-26
C00314,Customer 00314,Male,34,Indore,Madhya Pradesh,Referral,2024-01-26
C00315,Customer 00315,Male,36,Bengaluru,Karnataka,Paid Search,2025-03-03
C00316,Customer 00316,Male,30,Lucknow,Uttar Pradesh,Paid Search,2025-09-19
C00317,Customer 00317,Male,23,Nagpur,Maharashtra,Direct,2025-08-20
C00318,Customer 00318,Female,34,Delhi,Delhi,Organic Search,2025-12-12
C00319,Customer 00319,Female,38,Coimbatore,Tamil Nadu,Direct,2024-03-22
C00320,Customer 00320,Male,33,Delhi,Delhi,Direct,2025-11-25
C00321,Customer 00321,Male,32,Delhi,Delhi,Social Media,2024-11-09
C00322,Customer 00322,Male,30,Kolkata,West Bengal,Direct,2025-10-22
C00323,Customer 00323,Female,44,Jaipur,Rajasthan,Organic Search,2024-06-01
C00324,Customer 00324,Female,30,Nagpur,Maharashtra,Email,2025-09-17
C00325,Customer 00325,Male,41,Chandigarh,Chandigarh,Email,2025-11-22
C00326,Customer 00326,Male,18,Surat,Gujarat,Paid Search,2024-03-18
C00327,Customer 00327,Male,36,Nagpur,Maharashtra,Social Media,2024-10-16
C00328,Customer 00328,Female,26,Indore,Madhya Pradesh,Paid Search,2025-08-25
C00329,Customer 00329,Female,28,Mumbai,Maharashtra,Direct,2025-05-17
C00330,Customer 00330,Male,26,Kochi,Kerala,Direct,2024-01-26
C00331,Customer 00331,Male,50,Coimbatore,Tamil Nadu,Paid Search,2024-07-11
C00332,Customer 00332,Male,43,Gurugram,Haryana,Paid Search,2025-02-24
C00333,Customer 00333,Male,41,Nagpur,Maharashtra,Direct,2024-10-10
C00334,Customer 00334,Female,40,Lucknow,Uttar Pradesh,Social Media,2024-12-17
C00335,Customer 00335,Female,24,Kochi,Kerala,Paid Search,2025-02-09
C00336,Customer 00336,Male,18,Ahmedabad,Gujarat,Referral,2024-10-20
C00337,Customer 00337,Female,46,Gurugram,Haryana,Direct,2024-03-04
C00338,Customer 00338,Male,26,Chandigarh,Chandigarh,Paid Search,2024-10-26
C00339,Customer 00339,Male,23,Lucknow,Uttar Pradesh,Paid Search,2024-03-23
C00340,Customer 00340,Male,25,Bhopal,Madhya Pradesh,Paid Search,2025-01-07
C00341,Customer 00341,Male,37,Surat,Gujarat,Referral,2025-06-22
C00342,Customer 00342,Male,31,Ahmedabad,Gujarat,Paid Search,2025-01-11
C00343,Customer 00343,Female,31,Delhi,Delhi,Social Media,2024-08-07
C00344,Customer 00344,Male,32,Mumbai,Maharashtra,Organic Search,2024-04-13
C00345,Customer 00345,Female,25,Delhi,Delhi,Direct,2024-02-07
C00346,Customer 00346,Female,32,Lucknow,Uttar Pradesh,Organic Search,2025-01-27
C00347,Customer 00347,Male,22,Pune,Maharashtra,Referral,2025-03-06
C00348,Customer 00348,Male,28,Mumbai,Maharashtra,Social Media,2025-07-01
C00349,Customer 00349,Female,20,Patna,Bihar,Social Media,2024-12-11
C00350,Customer 00350,Male,28,Hyderabad,Telangana,Paid Search,2025-06-18
C00351,Customer 00351,Male,36,Kolkata,West Bengal,Referral,2025-11-19
C00352,Customer 00352,Male,24,Delhi,Delhi,Organic Search,2024-12-11
C00353,Customer 00353,Female,46,Delhi,Delhi,Referral,2024-03-23
C00354,Customer 00354,Male,31,Noida,Uttar Pradesh,Paid Search,2024-12-25
C00355,Customer 00355,Female,28,Delhi,Delhi,Paid Search,2024-11-12
C00356,Customer 00356,Female,20,Coimbatore,Tamil Nadu,Social Media,2024-11-18
C00357,Customer 00357,Male,45,Surat,Gujarat,Organic Search,2024-05-16
C00358,Customer 00358,Male,25,Mumbai,Maharashtra,Direct,2025-10-18
C00359,Customer 00359,Male,32,Mumbai,Maharashtra,Organic Search,2024-09-25
C00360,Customer 00360,Male,31,Gurugram,Haryana,Direct,2025-01-29
C00361,Customer 00361,Female,22,Ahmedabad,Gujarat,Paid Search,2025-02-27
C00362,Customer 00362,Female,30,Patna,Bihar,Direct,2025-04-13
C00363,Customer 00363,Female,39,Mumbai,Maharashtra,Organic Search,2024-09-08
C00364,Customer 00364,Female,27,Indore,Madhya Pradesh,Social Media,2024-12-09
C00365,Customer 00365,Non-binary,43,Delhi,Delhi,Social Media,2024-05-16
C00366,Customer 00366,Male,21,Delhi,Delhi,Paid Search,2024-10-05
C00367,Customer 00367,Male,26,Mumbai,Maharashtra,Direct,2025-08-31
C00368,Customer 00368,Male,32,Bengaluru,Karnataka,Organic Search,2024-05-03
C00369,Customer 00369,Female,27,Pune,Maharashtra,Organic Search,2024-06-05
C00370,Customer 00370,Female,18,Hyderabad,Telangana,Paid Search,2024-09-28
C00371,Customer 00371,Male,36,Chennai,Tamil Nadu,Organic Search,2024-11-09
C00372,Customer 00372,Female,31,Hyderabad,Telangana,Direct,2025-10-26
C00373,Customer 00373,Female,25,Surat,Gujarat,Social Media,2024-10-18
C00374,Customer 00374,Male,34,Kolkata,West Bengal,Organic Search,2025-11-19
C00375,Customer 00375,Male,18,Hyderabad,Telangana,Organic Search,2025-10-20
C00376,Customer 00376,Male,19,Delhi,Delhi,Social Media,2024-10-08
C00377,Customer 00377,Female,30,Patna,Bihar,Organic Search,2025-12-19
C00378,Customer 00378,Female,36,Hyderabad,Telangana,Direct,2025-04-13
C00379,Customer 00379,Male,35,Kochi,Kerala,Direct,2024-09-11
C00380,Customer 00380,Male,32,Hyderabad,Telangana,Email,2025-06-09
C00381,Customer 00381,Female,20,Delhi,Delhi,Paid Search,2025-09-23
C00382,Customer 00382,Female,36,Hyderabad,Telangana,Referral,2024-02-16
C00383,Customer 00383,Female,24,Ahmedabad,Gujarat,Organic Search,2025-10-03
C00384,Customer 00384,Male,30,Kolkata,West Bengal,Direct,2024-04-08
C00385,Customer 00385,Male,37,Chennai,Tamil Nadu,Paid Search,2024-09-05
C00386,Customer 00386,Female,23,Pune,Maharashtra,Referral,2025-10-02
C00387,Customer 00387,Male,33,Delhi,Delhi,Social Media,2024-01-11
C00388,Customer 00388,Male,18,Bhopal,Madhya Pradesh,Referral,2024-12-09
C00389,Customer 00389,Female,40,Bengaluru,Karnataka,Email,2025-08-27
C00390,Customer 00390,Male,31,Indore,Madhya Pradesh,Social Media,2025-02-28
C00391,Customer 00391,Male,34,Chennai,Tamil Nadu,Referral,2025-09-15
C00392,Customer 00392,Female,18,Chandigarh,Chandigarh,Organic Search,2024-03-01
C00393,Customer 00393,Male,30,Gurugram,Haryana,Paid Search,2025-08-04
C00394,Customer 00394,Female,25,Jaipur,Rajasthan,Paid Search,2024-01-05
C00395,Customer 00395,Male,29,Kolkata,West Bengal,Social Media,2025-11-18
C00396,Customer 00396,Female,42,Chandigarh,Chandigarh,Organic Search,2024-06-19
C00397,Customer 00397,Female,27,Hyderabad,Telangana,Direct,2024-05-11
C00398,Customer 00398,Female,28,Mumbai,Maharashtra,Social Media,2024-05-07
C00399,Customer 00399,Female,20,Patna,Bihar,Social Media,2024-05-18
C00400,Customer 00400,Female,43,Gurugram,Haryana,Email,2025-10-07
C00401,Customer 00401,Female,20,Mumbai,Maharashtra,Paid Search,2025-07-23
C00402,Customer 00402,Female,43,Hyderabad,Telangana,Direct,2025-03-26
C00403,Customer 00403,Male,45,Chennai,Tamil Nadu,Paid Search,2025-06-22
C00404,Customer 00404,Male,46,Hyderabad,Telangana,Social Media,2024-08-14
C00405,Customer 00405,Male,35,Mumbai,Maharashtra,Referral,2025-04-16
C00406,Customer 00406,Male,35,Lucknow,Uttar Pradesh,Direct,2025-09-23
C00407,Customer 00407,Male,19,Bengaluru,Karnataka,Social Media,2024-07-14
C00408,Customer 00408,Male,32,Hyderabad,Telangana,Referral,2024-01-10
C00409,Customer 00409,Female,18,Hyderabad,Telangana,Organic Search,2025-01-27
C00410,Customer 00410,Female,24,Hyderabad,Telangana,Direct,2024-07-16
C00411,Customer 00411,Male,50,Hyderabad,Telangana,Organic Search,2024-02-07
C00412,Customer 00412,Male,23,Hyderabad,Telangana,Social Media,2024-11-03
C00413,Customer 00413,Female,38,Hyderabad,Telangana,Email,2024-04-19
C00414,Customer 00414,Male,28,Lucknow,Uttar Pradesh,Social Media,2025-10-21
C00415,Customer 00415,Female,30,Chennai,Tamil Nadu,Direct,2025-02-12
C00416,Customer 00416,Male,23,Hyderabad,Telangana,Email,2024-08-18
C00417,Customer 00417,Male,25,Pune,Maharashtra,Paid Search,2025-05-30
C00418,Customer 00418,Male,24,Noida,Uttar Pradesh,Direct,2024-04-09
C00419,Customer 00419,Male,28,Lucknow,Uttar Pradesh,Organic Search,2024-06-28
C00420,Customer 00420,Male,35,Chennai,Tamil Nadu,Organic Search,2025-07-14
C00421,Customer 00421,Male,45,Kolkata,West Bengal,Email,2024-09-25
C00422,Customer 00422,Male,36,Mumbai,Maharashtra,Referral,2025-09-20
C00423,Customer 00423,Female,36,Pune,Maharashtra,Social Media,2024-04-21
C00424,Customer 00424,Male,43,Bengaluru,Karnataka,Paid Search,2024-12-22
C00425,Customer 00425,Male,36,Bengaluru,Karnataka,Direct,2025-03-22
C00426,Customer 00426,Male,27,Pune,Maharashtra,Paid Search,2024-08-06
C00427,Customer 00427,Male,36,Hyderabad,Telangana,Organic Search,2025-06-12
C00428,Customer 00428,Female,43,Mumbai,Maharashtra,Organic Search,2025-01-30
C00429,Customer 00429,Male,37,Mumbai,Maharashtra,Email,2025-01-10
C00430,Customer 00430,Male,41,Bengaluru,Karnataka,Social Media,2025-05-14
C00431,Customer 00431,Male,21,Jaipur,Rajasthan,Paid Search,2025-03-31
C00432,Customer 00432,Male,24,Gurugram,Haryana,Organic Search,2025-01-23
C00433,Customer 00433,Male,51,Jaipur,Rajasthan,Social Media,2025-06-23
C00434,Customer 00434,Female,27,Chennai,Tamil Nadu,Direct,2024-08-11
C00435,Customer 00435,Female,29,Hyderabad,Telangana,Social Media,2025-11-08
C00436,Customer 00436,Male,39,Kochi,Kerala,Direct,2025-01-23
C00437,Customer 00437,Female,30,Bengaluru,Karnataka,Email,2025-04-16
C00438,Customer 00438,Female,31,Delhi,Delhi,Direct,2025-04-20
C00439,Customer 00439,Non-binary,34,Surat,Gujarat,Organic Search,2024-08-22
C00440,Customer 00440,Male,31,Delhi,Delhi,Organic Search,2025-03-21
C00441,Customer 00441,Male,37,Lucknow,Uttar Pradesh,Organic Search,2025-01-22
C00442,Customer 00442,Female,32,Bengaluru,Karnataka,Social Media,2024-01-06
C00443,Customer 00443,Male,31,Coimbatore,Tamil Nadu,Direct,2025-02-15
C00444,Customer 00444,Male,49,Delhi,Delhi,Organic Search,2024-02-06
C00445,Customer 00445,Female,32,Chennai,Tamil Nadu,Paid Search,2025-03-19
C00446,Customer 00446,Male,25,Chennai,Tamil Nadu,Social Media,2024-06-08
C00447,Customer 00447,Female,27,Ahmedabad,Gujarat,Email,2024-04-01
C00448,Customer 00448,Male,18,Gurugram,Haryana,Organic Search,2025-11-25
C00449,Customer 00449,Male,45,Lucknow,Uttar Pradesh,Social Media,2024-06-21
C00450,Customer 00450,Male,36,Kolkata,West Bengal,Social Media,2025-05-06
C00451,Customer 00451,Female,35,Noida,Uttar Pradesh,Organic Search,2024-03-03
C00452,Customer 00452,Male,24,Gurugram,Haryana,Paid Search,2024-10-06
C00453,Customer 00453,Male,37,Bengaluru,Karnataka,Direct,2024-12-02
C00454,Customer 00454,Female,35,Mumbai,Maharashtra,Social Media,2024-01-08
C00455,Customer 00455,Female,37,Gurugram,Haryana,Organic Search,2025-02-10
C00456,Customer 00456,Male,46,Bengaluru,Karnataka,Email,2025-11-17
C00457,Customer 00457,Female,45,Jaipur,Rajasthan,Paid Search,2025-12-02
C00458,Customer 00458,Male,30,Lucknow,Uttar Pradesh,Paid Search,2025-01-20
C00459,Customer 00459,Male,38,Delhi,Delhi,Social Media,2024-03-04
C00460,Customer 00460,Female,24,Pune,Maharashtra,Organic Search,2025-03-27
C00461,Customer 00461,Female,18,Delhi,Delhi,Referral,2024-07-31
C00462,Customer 00462,Male,34,Hyderabad,Telangana,Email,2024-01-06
C00463,Customer 00463,Female,31,Ahmedabad,Gujarat,Email,2024-05-07
C00464,Customer 00464,Male,37,Chennai,Tamil Nadu,Direct,2025-09-18
C00465,Customer 00465,Female,37,Bengaluru,Karnataka,Email,2024-06-22
C00466,Customer 00466,Female,25,Surat,Gujarat,Email,2025-11-03
C00467,Customer 00467,Female,37,Bengaluru,Karnataka,Organic Search,2024-02-21
C00468,Customer 00468,Female,26,Pune,Maharashtra,Direct,2025-03-17
C00469,Customer 00469,Female,19,Hyderabad,Telangana,Email,2024-08-26
C00470,Customer 00470,Male,36,Chennai,Tamil Nadu,Email,2025-12-22
C00471,Customer 00471,Male,26,Bengaluru,Karnataka,Paid Search,2025-11-12
C00472,Customer 00472,Male,18,Lucknow,Uttar Pradesh,Direct,2024-09-03
C00473,Customer 00473,Female,24,Chandigarh,Chandigarh,Paid Search,2025-11-02
C00474,Customer 00474,Male,28,Noida,Uttar Pradesh,Social Media,2025-07-08
C00475,Customer 00475,Female,28,Lucknow,Uttar Pradesh,Paid Search,2025-05-31
C00476,Customer 00476,Male,37,Chandigarh,Chandigarh,Direct,2025-03-27
C00477,Customer 00477,Female,36,Bengaluru,Karnataka,Paid Search,2024-05-04
C00478,Customer 00478,Male,30,Mumbai,Maharashtra,Organic Search,2024-04-11
C00479,Customer 00479,Female,26,Mumbai,Maharashtra,Direct,2025-05-14
C00480,Customer 00480,Female,32,Delhi,Delhi,Social Media,2025-06-20
C00481,Customer 00481,Female,28,Noida,Uttar Pradesh,Organic Search,2024-02-02
C00482,Customer 00482,Female,34,Bengaluru,Karnataka,Email,2025-04-23
C00483,Customer 00483,Female,29,Mumbai,Maharashtra,Paid Search,2024-06-30
C00484,Customer 00484,Female,19,Mumbai,Maharashtra,Email,2024-07-29
C00485,Customer 00485,Female,23,Jaipur,Rajasthan,Referral,2025-03-27
C00486,Customer 00486,Female,36,Bengaluru,Karnataka,Social Media,2024-07-22
C00487,Customer 00487,Female,31,Bengaluru,Karnataka,Social Media,2025-06-30
C00488,Customer 00488,Female,34,Bhopal,Madhya Pradesh,Direct,2024-09-22
C00489,Customer 00489,Non-binary,24,Delhi,Delhi,Direct,2025-11-01
C00490,Customer 00490,Female,44,Mumbai,Maharashtra,Referral,2025-03-24
C00491,Customer 00491,Female,25,Noida,Uttar Pradesh,Social Media,2025-01-05
C00492,Customer 00492,Female,19,Chennai,Tamil Nadu,Email,2025-07-06
C00493,Customer 00493,Male,43,Mumbai,Maharashtra,Email,2025-01-28
C00494,Customer 00494,Male,26,Kolkata,West Bengal,Direct,2024-02-15
C00495,Customer 00495,Male,47,Mumbai,Maharashtra,Email,2024-11-27
C00496,Customer 00496,Male,33,Lucknow,Uttar Pradesh,Referral,2024-11-17
C00497,Customer 00497,Male,38,Chandigarh,Chandigarh,Referral,2024-05-12
C00498,Customer 00498,Male,23,Kolkata,West Bengal,Social Media,2025-06-09
C00499,Customer 00499,Male,24,Gurugram,Haryana,Paid Search,2025-07-13
C00500,Customer 00500,Female,44,Nagpur,Maharashtra,Organic Search,2025-09-30
C00501,Customer 00501,Male,31,Pune,Maharashtra,Social Media,2025-05-20
C00502,Customer 00502,Male,48,Pune,Maharashtra,Social Media,2025-07-05
C00503,Customer 00503,Male,28,Pune,Maharashtra,Organic Search,2025-07-08
C00504,Customer 00504,Male,18,Pune,Maharashtra,Direct,2024-07-21
C00505,Customer 00505,Male,25,Kolkata,West Bengal,Organic Search,2025-06-04
C00506,Customer 00506,Male,47,Delhi,Delhi,Organic Search,2025-09-06
C00507,Customer 00507,Male,37,Bengaluru,Karnataka,Social Media,2024-08-16
C00508,Customer 00508,Male,45,Kolkata,West Bengal,Direct,2025-07-04
C00509,Customer 00509,Male,20,Bengaluru,Karnataka,Social Media,2024-09-06
C00510,Customer 00510,Male,33,Chennai,Tamil Nadu,Social Media,2025-01-12
C00511,Customer 00511,Male,18,Patna,Bihar,Email,2024-11-16
C00512,Customer 00512,Male,43,Pune,Maharashtra,Referral,2024-04-27
C00513,Customer 00513,Female,29,Ahmedabad,Gujarat,Referral,2024-05-16
C00514,Customer 00514,Female,39,Kolkata,West Bengal,Paid Search,2024-09-06
C00515,Customer 00515,Female,34,Lucknow,Uttar Pradesh,Direct,2024-07-16
C00516,Customer 00516,Female,32,Gurugram,Haryana,Organic Search,2025-11-21
C00517,Customer 00517,Male,27,Pune,Maharashtra,Organic Search,2025-05-12
C00518,Customer 00518,Female,32,Mumbai,Maharashtra,Paid Search,2025-05-12
C00519,Customer 00519,Female,27,Chennai,Tamil Nadu,Referral,2025-07-07
C00520,Customer 00520,Female,38,Lucknow,Uttar Pradesh,Paid Search,2025-04-14
C00521,Customer 00521,Female,35,Ahmedabad,Gujarat,Referral,2025-02-03
C00522,Customer 00522,Female,18,Chennai,Tamil Nadu,Direct,2025-12-16
C00523,Customer 00523,Female,46,Coimbatore,Tamil Nadu,Organic Search,2024-05-27
C00524,Customer 00524,Male,32,Hyderabad,Telangana,Email,2024-01-10
C00525,Customer 00525,Female,38,Chennai,Tamil Nadu,Referral,2025-07-12
C00526,Customer 00526,Female,31,Bengaluru,Karnataka,Organic Search,2025-03-19
C00527,Customer 00527,Male,35,Hyderabad,Telangana,Referral,2025-05-08
C00528,Customer 00528,Female,41,Kolkata,West Bengal,Organic Search,2025-04-10
C00529,Customer 00529,Male,38,Chennai,Tamil Nadu,Email,2025-11-30
C00530,Customer 00530,Female,35,Lucknow,Uttar Pradesh,Social Media,2024-06-23
C00531,Customer 00531,Male,38,Bengaluru,Karnataka,Email,2025-09-08
C00532,Customer 00532,Male,35,Noida,Uttar Pradesh,Direct,2024-12-07
C00533,Customer 00533,Female,30,Bengaluru,Karnataka,Social Media,2024-07-15
C00534,Customer 00534,Male,35,Mumbai,Maharashtra,Email,2024-12-24
C00535,Customer 00535,Female,44,Indore,Madhya Pradesh,Organic Search,2025-10-29
C00536,Customer 00536,Male,30,Hyderabad,Telangana,Organic Search,2024-12-30
C00537,Customer 00537,Male,48,Patna,Bihar,Organic Search,2024-10-02
C00538,Customer 00538,Female,30,Delhi,Delhi,Organic Search,2024-01-12
C00539,Customer 00539,Male,27,Delhi,Delhi,Organic Search,2025-07-11
C00540,Customer 00540,Female,32,Surat,Gujarat,Direct,2024-11-05
C00541,Customer 00541,Male,23,Hyderabad,Telangana,Paid Search,2025-02-05
C00542,Customer 00542,Male,33,Nagpur,Maharashtra,Paid Search,2025-12-21
C00543,Customer 00543,Male,28,Delhi,Delhi,Referral,2024-02-04
C00544,Customer 00544,Male,25,Bhopal,Madhya Pradesh,Paid Search,2024-04-28
C00545,Customer 00545,Male,44,Indore,Madhya Pradesh,Organic Search,2024-02-29
C00546,Customer 00546,Female,28,Mumbai,Maharashtra,Organic Search,2024-04-13
C00547,Customer 00547,Female,30,Jaipur,Rajasthan,Direct,2025-10-29
C00548,Customer 00548,Male,31,Mumbai,Maharashtra,Email,2024-07-04
C00549,Customer 00549,Male,34,Hyderabad,Telangana,Social Media,2024-02-29
C00550,Customer 00550,Female,38,Bengaluru,Karnataka,Organic Search,2025-05-16
C00551,Customer 00551,Female,33,Mumbai,Maharashtra,Organic Search,2024-05-14
C00552,Customer 00552,Female,53,Pune,Maharashtra,Paid Search,2024-07-19
C00553,Customer 00553,Male,28,Delhi,Delhi,Paid Search,2025-05-30
C00554,Customer 00554,Female,29,Bengaluru,Karnataka,Organic Search,2024-06-10
C00555,Customer 00555,Female,47,Mumbai,Maharashtra,Organic Search,2024-03-28
C00556,Customer 00556,Female,39,Delhi,Delhi,Social Media,2025-03-29
C00557,Customer 00557,Female,24,Lucknow,Uttar Pradesh,Social Media,2025-08-21
C00558,Customer 00558,Female,23,Delhi,Delhi,Paid Search,2025-07-10
C00559,Customer 00559,Female,49,Chennai,Tamil Nadu,Paid Search,2024-05-16
C00560,Customer 00560,Female,47,Bengaluru,Karnataka,Direct,2024-05-29
C00561,Customer 00561,Male,33,Chennai,Tamil Nadu,Referral,2024-05-15
C00562,Customer 00562,Male,56,Bengaluru,Karnataka,Organic Search,2025-01-11
C00563,Customer 00563,Female,37,Chennai,Tamil Nadu,Paid Search,2024-11-24
C00564,Customer 00564,Male,30,Lucknow,Uttar Pradesh,Paid Search,2025-06-24
C00565,Customer 00565,Male,28,Mumbai,Maharashtra,Paid Search,2024-05-30
C00566,Customer 00566,Male,30,Indore,Madhya Pradesh,Direct,2024-04-05
C00567,Customer 00567,Male,32,Delhi,Delhi,Direct,2024-05-20
C00568,Customer 00568,Female,32,Chennai,Tamil Nadu,Organic Search,2024-11-06
C00569,Customer 00569,Female,18,Mumbai,Maharashtra,Social Media,2024-03-06
C00570,Customer 00570,Male,33,Kochi,Kerala,Referral,2025-03-21
C00571,Customer 00571,Male,40,Bengaluru,Karnataka,Paid Search,2024-10-06
C00572,Customer 00572,Female,36,Bengaluru,Karnataka,Organic Search,2024-06-22
C00573,Customer 00573,Female,31,Surat,Gujarat,Paid Search,2025-08-21
C00574,Customer 00574,Male,33,Delhi,Delhi,Referral,2025-02-11
C00575,Customer 00575,Male,28,Patna,Bihar,Organic Search,2024-11-06
C00576,Customer 00576,Male,32,Delhi,Delhi,Social Media,2024-04-11
C00577,Customer 00577,Male,38,Chennai,Tamil Nadu,Social Media,2025-08-25
C00578,Customer 00578,Male,29,Bengaluru,Karnataka,Email,2024-07-15
C00579,Customer 00579,Male,33,Mumbai,Maharashtra,Email,2024-08-01
C00580,Customer 00580,Male,20,Bengaluru,Karnataka,Social Media,2025-11-07
C00581,Customer 00581,Female,29,Bengaluru,Karnataka,Referral,2025-08-02
C00582,Customer 00582,Female,23,Delhi,Delhi,Direct,2024-09-11
C00583,Customer 00583,Female,28,Hyderabad,Telangana,Social Media,2024-08-27
C00584,Customer 00584,Female,37,Hyderabad,Telangana,Direct,2025-05-07
C00585,Customer 00585,Female,34,Kolkata,West Bengal,Organic Search,2024-12-10
C00586,Customer 00586,Male,18,Bengaluru,Karnataka,Email,2025-12-01
C00587,Customer 00587,Male,37,Bengaluru,Karnataka,Paid Search,2024-03-25
C00588,Customer 00588,Male,22,Chennai,Tamil Nadu,Organic Search,2024-07-14
C00589,Customer 00589,Female,35,Ahmedabad,Gujarat,Paid Search,2024-10-05
C00590,Customer 00590,Male,44,Chennai,Tamil Nadu,Paid Search,2025-11-25
C00591,Customer 00591,Male,42,Hyderabad,Telangana,Referral,2025-01-04
C00592,Customer 00592,Female,34,Kochi,Kerala,Social Media,2024-03-20
C00593,Customer 00593,Female,18,Mumbai,Maharashtra,Direct,2025-01-24
C00594,Customer 00594,Male,18,Mumbai,Maharashtra,Paid Search,2025-03-26
C00595,Customer 00595,Non-binary,30,Ahmedabad,Gujarat,Direct,2024-11-15
C00596,Customer 00596,Male,18,Noida,Uttar Pradesh,Referral,2025-07-03
C00597,Customer 00597,Female,31,Hyderabad,Telangana,Paid Search,2024-09-29
C00598,Customer 00598,Female,35,Pune,Maharashtra,Paid Search,2025-03-17
C00599,Customer 00599,Female,33,Bengaluru,Karnataka,Email,2025-03-01
C00600,Customer 00600,Male,22,Chennai,Tamil Nadu,Referral,2025-11-02
C00601,Customer 00601,Male,20,Delhi,Delhi,Paid Search,2025-12-13
C00602,Customer 00602,Female,30,Kolkata,West Bengal,Referral,2025-01-28
C00603,Customer 00603,Male,23,Lucknow,Uttar Pradesh,Organic Search,2024-12-28
C00604,Customer 00604,Female,35,Noida,Uttar Pradesh,Organic Search,2024-09-03
C00605,Customer 00605,Male,40,Lucknow,Uttar Pradesh,Social Media,2025-10-31
C00606,Customer 00606,Female,53,Bhopal,Madhya Pradesh,Organic Search,2025-11-16
C00607,Customer 00607,Male,40,Kolkata,West Bengal,Direct,2025-03-02
C00608,Customer 00608,Female,32,Jaipur,Rajasthan,Email,2024-02-14
C00609,Customer 00609,Male,42,Pune,Maharashtra,Organic Search,2024-12-01
C00610,Customer 00610,Male,48,Mumbai,Maharashtra,Paid Search,2025-09-01
C00611,Customer 00611,Female,28,Mumbai,Maharashtra,Organic Search,2025-01-13
C00612,Customer 00612,Male,39,Delhi,Delhi,Paid Search,2024-06-11
C00613,Customer 00613,Female,19,Delhi,Delhi,Direct,2025-04-17
C00614,Customer 00614,Male,26,Mumbai,Maharashtra,Email,2024-04-11
C00615,Customer 00615,Female,25,Bengaluru,Karnataka,Referral,2024-09-15
C00616,Customer 00616,Female,34,Ahmedabad,Gujarat,Organic Search,2024-05-24
C00617,Customer 00617,Male,30,Hyderabad,Telangana,Organic Search,2025-01-10
C00618,Customer 00618,Male,18,Chennai,Tamil Nadu,Organic Search,2025-03-15
C00619,Customer 00619,Male,31,Delhi,Delhi,Social Media,2025-11-16
C00620,Customer 00620,Male,30,Bengaluru,Karnataka,Paid Search,2024-10-07
C00621,Customer 00621,Male,18,Indore,Madhya Pradesh,Organic Search,2025-04-18
C00622,Customer 00622,Male,36,Kolkata,West Bengal,Referral,2025-06-25
C00623,Customer 00623,Female,38,Chennai,Tamil Nadu,Organic Search,2024-08-01
C00624,Customer 00624,Male,28,Gurugram,Haryana,Direct,2025-03-24
C00625,Customer 00625,Male,40,Chennai,Tamil Nadu,Direct,2024-01-28
C00626,Customer 00626,Female,31,Pune,Maharashtra,Organic Search,2025-03-08
C00627,Customer 00627,Female,28,Kolkata,West Bengal,Organic Search,2025-10-04
C00628,Customer 00628,Non-binary,41,Bengaluru,Karnataka,Organic Search,2025-12-02
C00629,Customer 00629,Male,37,Kolkata,West Bengal,Organic Search,2024-06-02
C00630,Customer 00630,Female,25,Mumbai,Maharashtra,Social Media,2025-07-21
C00631,Customer 00631,Male,36,Hyderabad,Telangana,Social Media,2024-07-12
C00632,Customer 00632,Male,32,Pune,Maharashtra,Social Media,2024-01-20
C00633,Customer 00633,Female,27,Bengaluru,Karnataka,Organic Search,2025-01-27
C00634,Customer 00634,Female,39,Pune,Maharashtra,Organic Search,2024-07-15
C00635,Customer 00635,Male,37,Delhi,Delhi,Direct,2024-01-10
C00636,Customer 00636,Female,34,Chandigarh,Chandigarh,Paid Search,2024-11-09
C00637,Customer 00637,Male,45,Noida,Uttar Pradesh,Organic Search,2025-05-03
C00638,Customer 00638,Male,37,Gurugram,Haryana,Organic Search,2024-02-07
C00639,Customer 00639,Female,24,Pune,Maharashtra,Social Media,2024-02-15
C00640,Customer 00640,Female,23,Indore,Madhya Pradesh,Paid Search,2024-08-29
C00641,Customer 00641,Female,36,Bengaluru,Karnataka,Direct,2024-05-06
C00642,Customer 00642,Male,37,Delhi,Delhi,Social Media,2025-06-18
C00643,Customer 00643,Male,25,Bengaluru,Karnataka,Organic Search,2024-06-04
C00644,Customer 00644,Male,35,Indore,Madhya Pradesh,Paid Search,2024-06-25
C00645,Customer 00645,Female,19,Noida,Uttar Pradesh,Direct,2025-05-26
C00646,Customer 00646,Female,22,Hyderabad,Telangana,Direct,2025-05-16
C00647,Customer 00647,Female,32,Indore,Madhya Pradesh,Email,2024-12-13
C00648,Customer 00648,Male,42,Pune,Maharashtra,Direct,2024-08-01
C00649,Customer 00649,Female,40,Gurugram,Haryana,Direct,2024-12-05
C00650,Customer 00650,Male,28,Lucknow,Uttar Pradesh,Social Media,2025-07-17
C00651,Customer 00651,Female,27,Chennai,Tamil Nadu,Paid Search,2025-04-26
C00652,Customer 00652,Female,40,Pune,Maharashtra,Referral,2024-07-03
C00653,Customer 00653,Female,22,Nagpur,Maharashtra,Organic Search,2024-08-17
C00654,Customer 00654,Male,37,Mumbai,Maharashtra,Social Media,2024-09-27
C00655,Customer 00655,Female,21,Delhi,Delhi,Organic Search,2024-03-06
C00656,Customer 00656,Female,27,Gurugram,Haryana,Referral,2024-10-24
C00657,Customer 00657,Male,26,Mumbai,Maharashtra,Organic Search,2025-04-19
C00658,Customer 00658,Male,33,Delhi,Delhi,Organic Search,2024-11-28
C00659,Customer 00659,Female,37,Kolkata,West Bengal,Direct,2024-03-13
C00660,Customer 00660,Female,32,Pune,Maharashtra,Referral,2024-11-09
C00661,Customer 00661,Non-binary,30,Bengaluru,Karnataka,Paid Search,2025-05-25
C00662,Customer 00662,Female,32,Chennai,Tamil Nadu,Paid Search,2024-05-22
C00663,Customer 00663,Female,38,Mumbai,Maharashtra,Direct,2024-04-05
C00664,Customer 00664,Male,26,Patna,Bihar,Referral,2025-12-12
C00665,Customer 00665,Female,30,Ahmedabad,Gujarat,Social Media,2025-09-04
C00666,Customer 00666,Male,27,Hyderabad,Telangana,Email,2025-11-30
C00667,Customer 00667,Male,27,Kolkata,West Bengal,Social Media,2024-07-27
C00668,Customer 00668,Male,38,Hyderabad,Telangana,Paid Search,2024-04-18
C00669,Customer 00669,Female,30,Noida,Uttar Pradesh,Paid Search,2024-06-17
C00670,Customer 00670,Male,34,Pune,Maharashtra,Direct,2025-09-23
C00671,Customer 00671,Female,33,Kolkata,West Bengal,Email,2024-12-25
C00672,Customer 00672,Female,22,Delhi,Delhi,Social Media,2025-01-09
C00673,Customer 00673,Male,28,Kochi,Kerala,Paid Search,2024-02-25
C00674,Customer 00674,Female,23,Nagpur,Maharashtra,Organic Search,2025-04-26
C00675,Customer 00675,Female,27,Chennai,Tamil Nadu,Direct,2024-09-30
C00676,Customer 00676,Female,18,Ahmedabad,Gujarat,Organic Search,2025-03-20
C00677,Customer 00677,Female,26,Chennai,Tamil Nadu,Referral,2025-08-26
C00678,Customer 00678,Female,24,Kolkata,West Bengal,Paid Search,2025-07-19
C00679,Customer 00679,Male,25,Mumbai,Maharashtra,Referral,2024-09-17
C00680,Customer 00680,Male,37,Bengaluru,Karnataka,Organic Search,2024-09-08
C00681,Customer 00681,Male,48,Coimbatore,Tamil Nadu,Social Media,2024-08-03
C00682,Customer 00682,Male,21,Kolkata,West Bengal,Organic Search,2025-09-12
C00683,Customer 00683,Male,34,Mumbai,Maharashtra,Organic Search,2025-07-02
C00684,Customer 00684,Female,34,Pune,Maharashtra,Email,2024-10-22
C00685,Customer 00685,Male,42,Bengaluru,Karnataka,Direct,2025-09-12
C00686,Customer 00686,Male,46,Delhi,Delhi,Paid Search,2025-12-20
C00687,Customer 00687,Female,22,Bengaluru,Karnataka,Referral,2024-10-15
C00688,Customer 00688,Male,31,Hyderabad,Telangana,Organic Search,2024-02-17
C00689,Customer 00689,Female,31,Lucknow,Uttar Pradesh,Organic Search,2024-07-19
C00690,Customer 00690,Female,28,Kochi,Kerala,Paid Search,2024-11-13
C00691,Customer 00691,Male,45,Ahmedabad,Gujarat,Social Media,2025-03-23
C00692,Customer 00692,Male,31,Bengaluru,Karnataka,Paid Search,2024-08-20
C00693,Customer 00693,Female,19,Jaipur,Rajasthan,Paid Search,2024-03-26
C00694,Customer 00694,Male,19,Mumbai,Maharashtra,Referral,2024-02-18
C00695,Customer 00695,Female,37,Gurugram,Haryana,Paid Search,2025-04-14
C00696,Customer 00696,Female,33,Ahmedabad,Gujarat,Email,2024-06-29
C00697,Customer 00697,Male,31,Hyderabad,Telangana,Organic Search,2024-07-17
C00698,Customer 00698,Female,35,Lucknow,Uttar Pradesh,Organic Search,2025-06-26
C00699,Customer 00699,Male,34,Bengaluru,Karnataka,Organic Search,2025-09-03
C00700,Customer 00700,Female,32,Delhi,Delhi,Social Media,2025-05-07
C00701,Customer 00701,Male,30,Mumbai,Maharashtra,Referral,2024-06-24
C00702,Customer 00702,Male,35,Ahmedabad,Gujarat,Organic Search,2024-06-10
C00703,Customer 00703,Female,34,Ahmedabad,Gujarat,Social Media,2025-04-16
C00704,Customer 00704,Male,31,Delhi,Delhi,Social Media,2024-09-23
C00705,Customer 00705,Female,39,Delhi,Delhi,Social Media,2024-06-26
C00706,Customer 00706,Female,44,Noida,Uttar Pradesh,Referral,2025-11-08
C00707,Customer 00707,Male,26,Surat,Gujarat,Paid Search,2024-03-01
C00708,Customer 00708,Female,19,Bengaluru,Karnataka,Paid Search,2024-01-17
C00709,Customer 00709,Male,18,Jaipur,Rajasthan,Social Media,2025-01-11
C00710,Customer 00710,Female,26,Mumbai,Maharashtra,Social Media,2024-07-06
C00711,Customer 00711,Female,41,Mumbai,Maharashtra,Paid Search,2025-09-30
C00712,Customer 00712,Male,33,Kolkata,West Bengal,Social Media,2025-01-19
C00713,Customer 00713,Male,41,Bhopal,Madhya Pradesh,Direct,2024-03-21
C00714,Customer 00714,Male,35,Delhi,Delhi,Social Media,2025-06-02
C00715,Customer 00715,Female,26,Kolkata,West Bengal,Paid Search,2025-04-01
C00716,Customer 00716,Female,26,Pune,Maharashtra,Social Media,2024-06-25
C00717,Customer 00717,Male,32,Gurugram,Haryana,Direct,2025-09-03
C00718,Customer 00718,Female,34,Bhopal,Madhya Pradesh,Direct,2024-01-12
C00719,Customer 00719,Female,53,Mumbai,Maharashtra,Social Media,2025-03-14
C00720,Customer 00720,Male,45,Delhi,Delhi,Paid Search,2025-05-16
C00721,Customer 00721,Male,27,Jaipur,Rajasthan,Paid Search,2025-01-07
C00722,Customer 00722,Female,34,Patna,Bihar,Direct,2024-08-23
C00723,Customer 00723,Female,29,Hyderabad,Telangana,Direct,2024-01-15
C00724,Customer 00724,Female,19,Gurugram,Haryana,Direct,2024-05-20
C00725,Customer 00725,Male,43,Jaipur,Rajasthan,Social Media,2025-08-07
C00726,Customer 00726,Male,38,Pune,Maharashtra,Organic Search,2025-11-26
C00727,Customer 00727,Male,37,Noida,Uttar Pradesh,Organic Search,2025-05-11
C00728,Customer 00728,Non-binary,39,Chennai,Tamil Nadu,Paid Search,2024-07-15
C00729,Customer 00729,Female,34,Lucknow,Uttar Pradesh,Social Media,2025-10-14
C00730,Customer 00730,Female,29,Bhopal,Madhya Pradesh,Organic Search,2025-09-09
C00731,Customer 00731,Female,27,Noida,Uttar Pradesh,Social Media,2024-10-18
C00732,Customer 00732,Female,32,Chennai,Tamil Nadu,Direct,2025-02-08
C00733,Customer 00733,Female,32,Jaipur,Rajasthan,Social Media,2024-11-18
C00734,Customer 00734,Male,27,Surat,Gujarat,Direct,2024-07-22
C00735,Customer 00735,Male,32,Delhi,Delhi,Direct,2025-03-22
C00736,Customer 00736,Male,18,Mumbai,Maharashtra,Organic Search,2025-02-09
C00737,Customer 00737,Male,18,Pune,Maharashtra,Social Media,2025-11-06
C00738,Customer 00738,Female,18,Pune,Maharashtra,Paid Search,2025-10-09
C00739,Customer 00739,Female,37,Mumbai,Maharashtra,Organic Search,2024-06-29
C00740,Customer 00740,Male,43,Kolkata,West Bengal,Direct,2024-02-19
C00741,Customer 00741,Female,51,Mumbai,Maharashtra,Direct,2024-12-27
C00742,Customer 00742,Female,18,Noida,Uttar Pradesh,Organic Search,2024-05-19
C00743,Customer 00743,Female,26,Ahmedabad,Gujarat,Social Media,2025-03-27
C00744,Customer 00744,Male,26,Chennai,Tamil Nadu,Direct,2024-05-18
C00745,Customer 00745,Female,32,Ahmedabad,Gujarat,Direct,2025-10-28
C00746,Customer 00746,Male,18,Noida,Uttar Pradesh,Social Media,2025-09-01
C00747,Customer 00747,Male,19,Surat,Gujarat,Paid Search,2025-09-09
C00748,Customer 00748,Female,48,Ahmedabad,Gujarat,Social Media,2025-03-23
C00749,Customer 00749,Male,33,Indore,Madhya Pradesh,Paid Search,2025-02-06
C00750,Customer 00750,Male,33,Bengaluru,Karnataka,Social Media,2025-04-30
C00751,Customer 00751,Female,22,Jaipur,Rajasthan,Organic Search,2025-01-05
C00752,Customer 00752,Female,21,Hyderabad,Telangana,Paid Search,2025-01-30
C00753,Customer 00753,Male,34,Bengaluru,Karnataka,Referral,2025-11-16
C00754,Customer 00754,Female,18,Chennai,Tamil Nadu,Social Media,2025-04-21
C00755,Customer 00755,Male,31,Bhopal,Madhya Pradesh,Organic Search,2025-05-28
C00756,Customer 00756,Male,24,Mumbai,Maharashtra,Direct,2025-06-15
C00757,Customer 00757,Female,30,Jaipur,Rajasthan,Social Media,2024-03-03
C00758,Customer 00758,Male,27,Coimbatore,Tamil Nadu,Paid Search,2025-07-25
C00759,Customer 00759,Female,18,Mumbai,Maharashtra,Social Media,2024-11-01
C00760,Customer 00760,Male,32,Hyderabad,Telangana,Paid Search,2025-01-22
C00761,Customer 00761,Female,22,Lucknow,Uttar Pradesh,Organic Search,2025-09-18
C00762,Customer 00762,Male,25,Bhopal,Madhya Pradesh,Paid Search,2025-10-20
C00763,Customer 00763,Male,19,Hyderabad,Telangana,Paid Search,2025-11-09
C00764,Customer 00764,Female,19,Bengaluru,Karnataka,Referral,2024-12-04
C00765,Customer 00765,Male,38,Bengaluru,Karnataka,Organic Search,2025-07-25
C00766,Customer 00766,Female,47,Bengaluru,Karnataka,Social Media,2025-05-29
C00767,Customer 00767,Female,43,Coimbatore,Tamil Nadu,Paid Search,2024-11-20
C00768,Customer 00768,Male,18,Kolkata,West Bengal,Social Media,2024-09-20
C00769,Customer 00769,Male,25,Ahmedabad,Gujarat,Social Media,2024-06-03
C00770,Customer 00770,Male,29,Hyderabad,Telangana,Social Media,2024-11-26
C00771,Customer 00771,Male,30,Hyderabad,Telangana,Social Media,2024-07-15
C00772,Customer 00772,Female,36,Delhi,Delhi,Email,2024-09-26
C00773,Customer 00773,Female,20,Kolkata,West Bengal,Organic Search,2024-05-16
C00774,Customer 00774,Female,43,Noida,Uttar Pradesh,Email,2025-04-29
C00775,Customer 00775,Male,18,Indore,Madhya Pradesh,Direct,2024-04-07
C00776,Customer 00776,Male,29,Mumbai,Maharashtra,Organic Search,2024-01-29
C00777,Customer 00777,Male,29,Kochi,Kerala,Paid Search,2024-03-09
C00778,Customer 00778,Female,50,Lucknow,Uttar Pradesh,Social Media,2025-11-01
C00779,Customer 00779,Female,18,Mumbai,Maharashtra,Social Media,2024-10-20
C00780,Customer 00780,Male,30,Mumbai,Maharashtra,Social Media,2025-07-27
C00781,Customer 00781,Male,37,Nagpur,Maharashtra,Organic Search,2024-07-18
C00782,Customer 00782,Male,35,Nagpur,Maharashtra,Email,2025-03-14
C00783,Customer 00783,Female,42,Chennai,Tamil Nadu,Referral,2025-04-07
C00784,Customer 00784,Female,28,Kolkata,West Bengal,Paid Search,2024-05-29
C00785,Customer 00785,Female,35,Hyderabad,Telangana,Direct,2025-08-12
C00786,Customer 00786,Female,18,Chennai,Tamil Nadu,Direct,2025-01-23
C00787,Customer 00787,Male,43,Lucknow,Uttar Pradesh,Organic Search,2024-10-16
C00788,Customer 00788,Female,37,Hyderabad,Telangana,Paid Search,2025-06-21
C00789,Customer 00789,Female,22,Kolkata,West Bengal,Paid Search,2025-05-27
C00790,Customer 00790,Male,37,Kochi,Kerala,Organic Search,2025-10-03
C00791,Customer 00791,Female,38,Mumbai,Maharashtra,Direct,2025-11-14
C00792,Customer 00792,Female,18,Hyderabad,Telangana,Social Media,2024-07-04
C00793,Customer 00793,Female,38,Bengaluru,Karnataka,Social Media,2025-04-12
C00794,Customer 00794,Male,27,Ahmedabad,Gujarat,Organic Search,2025-02-06
C00795,Customer 00795,Male,26,Mumbai,Maharashtra,Paid Search,2025-10-01
C00796,Customer 00796,Female,26,Bengaluru,Karnataka,Social Media,2024-01-28
C00797,Customer 00797,Male,30,Bengaluru,Karnataka,Direct,2025-12-06
C00798,Customer 00798,Male,31,Indore,Madhya Pradesh,Organic Search,2024-04-20
C00799,Customer 00799,Female,28,Delhi,Delhi,Paid Search,2025-12-17
C00800,Customer 00800,Male,20,Kolkata,West Bengal,Referral,2024-03-05
C00801,Customer 00801,Female,29,Ahmedabad,Gujarat,Paid Search,2024-08-23
C00802,Customer 00802,Male,18,Bengaluru,Karnataka,Direct,2024-09-05
C00803,Customer 00803,Female,26,Pune,Maharashtra,Direct,2025-05-07
C00804,Customer 00804,Female,22,Surat,Gujarat,Email,2025-10-30
C00805,Customer 00805,Female,25,Ahmedabad,Gujarat,Organic Search,2025-12-28
C00806,Customer 00806,Male,32,Delhi,Delhi,Organic Search,2024-01-08
C00807,Customer 00807,Male,37,Mumbai,Maharashtra,Organic Search,2025-12-12
C00808,Customer 00808,Male,35,Chennai,Tamil Nadu,Social Media,2024-07-22
C00809,Customer 00809,Male,38,Delhi,Delhi,Direct,2024-06-01
C00810,Customer 00810,Female,33,Ahmedabad,Gujarat,Organic Search,2024-09-14
C00811,Customer 00811,Male,27,Ahmedabad,Gujarat,Direct,2025-05-06
C00812,Customer 00812,Female,31,Surat,Gujarat,Paid Search,2024-08-28
C00813,Customer 00813,Male,28,Surat,Gujarat,Organic Search,2024-03-21
C00814,Customer 00814,Female,39,Chennai,Tamil Nadu,Organic Search,2024-08-04
C00815,Customer 00815,Male,18,Ahmedabad,Gujarat,Organic Search,2025-09-17
C00816,Customer 00816,Male,52,Coimbatore,Tamil Nadu,Direct,2025-10-17
C00817,Customer 00817,Female,18,Delhi,Delhi,Organic Search,2024-09-08
C00818,Customer 00818,Non-binary,18,Jaipur,Rajasthan,Social Media,2024-05-03
C00819,Customer 00819,Female,49,Chandigarh,Chandigarh,Paid Search,2025-10-22
C00820,Customer 00820,Male,31,Bengaluru,Karnataka,Paid Search,2024-10-21
C00821,Customer 00821,Male,33,Lucknow,Uttar Pradesh,Paid Search,2025-01-28
C00822,Customer 00822,Female,32,Hyderabad,Telangana,Social Media,2025-09-22
C00823,Customer 00823,Male,36,Mumbai,Maharashtra,Paid Search,2024-07-21
C00824,Customer 00824,Female,23,Bengaluru,Karnataka,Organic Search,2025-06-24
C00825,Customer 00825,Female,33,Chandigarh,Chandigarh,Direct,2024-09-28
C00826,Customer 00826,Female,31,Jaipur,Rajasthan,Social Media,2025-10-29
C00827,Customer 00827,Female,18,Ahmedabad,Gujarat,Referral,2024-03-12
C00828,Customer 00828,Male,30,Gurugram,Haryana,Email,2024-09-20
C00829,Customer 00829,Male,28,Pune,Maharashtra,Email,2025-04-05
C00830,Customer 00830,Female,24,Lucknow,Uttar Pradesh,Social Media,2024-11-26
C00831,Customer 00831,Female,43,Kochi,Kerala,Organic Search,2024-07-15
C00832,Customer 00832,Female,18,Mumbai,Maharashtra,Social Media,2024-10-13
C00833,Customer 00833,Male,19,Jaipur,Rajasthan,Organic Search,2025-10-07
C00834,Customer 00834,Female,20,Mumbai,Maharashtra,Social Media,2025-07-29
C00835,Customer 00835,Male,51,Hyderabad,Telangana,Organic Search,2024-01-21
C00836,Customer 00836,Non-binary,20,Delhi,Delhi,Referral,2025-03-14
C00837,Customer 00837,Female,24,Delhi,Delhi,Social Media,2025-09-24
C00838,Customer 00838,Female,42,Lucknow,Uttar Pradesh,Referral,2025-06-03
C00839,Customer 00839,Female,29,Chennai,Tamil Nadu,Organic Search,2024-04-22
C00840,Customer 00840,Male,36,Delhi,Delhi,Paid Search,2024-03-10
C00841,Customer 00841,Female,18,Noida,Uttar Pradesh,Organic Search,2025-12-03
C00842,Customer 00842,Male,18,Gurugram,Haryana,Referral,2024-12-04
C00843,Customer 00843,Female,35,Chennai,Tamil Nadu,Referral,2024-06-03
C00844,Customer 00844,Female,38,Delhi,Delhi,Paid Search,2025-12-30
C00845,Customer 00845,Male,31,Hyderabad,Telangana,Referral,2024-09-27
C00846,Customer 00846,Female,18,Ahmedabad,Gujarat,Email,2024-08-01
C00847,Customer 00847,Female,19,Delhi,Delhi,Direct,2025-03-21
C00848,Customer 00848,Female,42,Noida,Uttar Pradesh,Email,2024-03-12
C00849,Customer 00849,Female,38,Delhi,Delhi,Paid Search,2025-05-18
C00850,Customer 00850,Male,43,Bengaluru,Karnataka,Referral,2024-05-06
C00851,Customer 00851,Female,34,Kolkata,West Bengal,Referral,2024-02-18
C00852,Customer 00852,Male,44,Hyderabad,Telangana,Social Media,2024-01-12
C00853,Customer 00853,Female,26,Pune,Maharashtra,Referral,2025-01-04
C00854,Customer 00854,Female,29,Lucknow,Uttar Pradesh,Paid Search,2025-10-18
C00855,Customer 00855,Female,30,Kochi,Kerala,Organic Search,2025-05-08
C00856,Customer 00856,Female,33,Mumbai,Maharashtra,Direct,2024-10-27
C00857,Customer 00857,Female,26,Chennai,Tamil Nadu,Email,2024-05-30
C00858,Customer 00858,Male,36,Gurugram,Haryana,Paid Search,2024-08-10
C00859,Customer 00859,Female,45,Mumbai,Maharashtra,Social Media,2025-01-15
C00860,Customer 00860,Male,25,Nagpur,Maharashtra,Organic Search,2025-06-10
C00861,Customer 00861,Female,20,Bhopal,Madhya Pradesh,Social Media,2025-01-23
C00862,Customer 00862,Male,45,Pune,Maharashtra,Social Media,2025-05-29
C00863,Customer 00863,Female,23,Kochi,Kerala,Social Media,2025-03-07
C00864,Customer 00864,Female,33,Hyderabad,Telangana,Email,2024-07-05
C00865,Customer 00865,Male,45,Coimbatore,Tamil Nadu,Email,2025-09-29
C00866,Customer 00866,Female,34,Mumbai,Maharashtra,Organic Search,2024-06-22
C00867,Customer 00867,Female,22,Coimbatore,Tamil Nadu,Social Media,2024-01-03
C00868,Customer 00868,Male,21,Chennai,Tamil Nadu,Paid Search,2024-05-31
C00869,Customer 00869,Female,47,Ahmedabad,Gujarat,Organic Search,2025-02-19
C00870,Customer 00870,Male,35,Mumbai,Maharashtra,Email,2024-04-19
C00871,Customer 00871,Male,29,Pune,Maharashtra,Social Media,2025-02-19
C00872,Customer 00872,Male,35,Kolkata,West Bengal,Social Media,2025-05-19
C00873,Customer 00873,Female,21,Delhi,Delhi,Direct,2025-06-22
C00874,Customer 00874,Male,37,Pune,Maharashtra,Social Media,2024-10-17
C00875,Customer 00875,Female,24,Mumbai,Maharashtra,Organic Search,2025-11-02
C00876,Customer 00876,Female,27,Indore,Madhya Pradesh,Paid Search,2025-09-04
C00877,Customer 00877,Female,37,Kochi,Kerala,Referral,2025-03-25
C00878,Customer 00878,Male,45,Patna,Bihar,Email,2025-10-22
C00879,Customer 00879,Male,35,Nagpur,Maharashtra,Social Media,2024-12-02
C00880,Customer 00880,Female,41,Gurugram,Haryana,Referral,2025-06-28
C00881,Customer 00881,Male,45,Chennai,Tamil Nadu,Organic Search,2025-10-23
C00882,Customer 00882,Female,21,Ahmedabad,Gujarat,Social Media,2024-01-12
C00883,Customer 00883,Female,40,Chennai,Tamil Nadu,Organic Search,2024-08-10
C00884,Customer 00884,Male,46,Bengaluru,Karnataka,Direct,2024-02-01
C00885,Customer 00885,Female,41,Surat,Gujarat,Paid Search,2025-06-15
C00886,Customer 00886,Male,18,Kolkata,West Bengal,Paid Search,2024-01-26
C00887,Customer 00887,Female,18,Bhopal,Madhya Pradesh,Social Media,2024-10-08
C00888,Customer 00888,Female,23,Jaipur,Rajasthan,Social Media,2024-07-08
C00889,Customer 00889,Male,36,Pune,Maharashtra,Organic Search,2025-09-09
C00890,Customer 00890,Female,22,Kochi,Kerala,Social Media,2025-04-15
C00891,Customer 00891,Male,38,Hyderabad,Telangana,Direct,2024-11-19
C00892,Customer 00892,Male,33,Kochi,Kerala,Paid Search,2025-07-26
C00893,Customer 00893,Female,37,Chennai,Tamil Nadu,Paid Search,2024-08-18
C00894,Customer 00894,Male,33,Delhi,Delhi,Paid Search,2025-03-09
C00895,Customer 00895,Female,21,Kolkata,West Bengal,Paid Search,2025-07-09
C00896,Customer 00896,Male,51,Coimbatore,Tamil Nadu,Organic Search,2025-04-03
C00897,Customer 00897,Male,18,Bengaluru,Karnataka,Organic Search,2025-03-04
C00898,Customer 00898,Male,25,Jaipur,Rajasthan,Direct,2025-01-31
C00899,Customer 00899,Male,35,Delhi,Delhi,Social Media,2025-01-10
C00900,Customer 00900,Male,23,Delhi,Delhi,Email,2024-10-01
C00901,Customer 00901,Female,22,Hyderabad,Telangana,Paid Search,2024-11-10
C00902,Customer 00902,Male,42,Pune,Maharashtra,Organic Search,2025-08-05
C00903,Customer 00903,Female,27,Bengaluru,Karnataka,Paid Search,2024-02-09
C00904,Customer 00904,Male,25,Bengaluru,Karnataka,Paid Search,2025-10-16
C00905,Customer 00905,Female,20,Mumbai,Maharashtra,Email,2024-05-03
C00906,Customer 00906,Male,55,Hyderabad,Telangana,Organic Search,2025-04-23
C00907,Customer 00907,Female,39,Noida,Uttar Pradesh,Email,2025-10-08
C00908,Customer 00908,Female,37,Hyderabad,Telangana,Organic Search,2025-06-25
C00909,Customer 00909,Male,26,Chennai,Tamil Nadu,Organic Search,2024-09-17
C00910,Customer 00910,Male,18,Bengaluru,Karnataka,Email,2025-07-27
C00911,Customer 00911,Non-binary,30,Delhi,Delhi,Referral,2025-05-26
C00912,Customer 00912,Male,18,Noida,Uttar Pradesh,Referral,2025-04-03
C00913,Customer 00913,Male,32,Indore,Madhya Pradesh,Social Media,2025-11-10
C00914,Customer 00914,Male,23,Hyderabad,Telangana,Direct,2024-08-24
C00915,Customer 00915,Male,32,Kolkata,West Bengal,Direct,2024-06-15
C00916,Customer 00916,Male,35,Pune,Maharashtra,Direct,2024-10-11
C00917,Customer 00917,Male,47,Lucknow,Uttar Pradesh,Paid Search,2025-08-20
C00918,Customer 00918,Male,33,Pune,Maharashtra,Social Media,2024-05-05
C00919,Customer 00919,Female,37,Chennai,Tamil Nadu,Paid Search,2024-07-21
C00920,Customer 00920,Male,30,Indore,Madhya Pradesh,Organic Search,2025-09-13
C00921,Customer 00921,Male,41,Mumbai,Maharashtra,Organic Search,2024-12-18
C00922,Customer 00922,Female,43,Surat,Gujarat,Social Media,2025-02-07
C00923,Customer 00923,Female,29,Ahmedabad,Gujarat,Social Media,2024-08-16
C00924,Customer 00924,Male,18,Kolkata,West Bengal,Direct,2025-10-25
C00925,Customer 00925,Male,34,Ahmedabad,Gujarat,Organic Search,2025-10-29
C00926,Customer 00926,Female,30,Bengaluru,Karnataka,Organic Search,2024-04-22
C00927,Customer 00927,Male,24,Surat,Gujarat,Direct,2025-05-09
C00928,Customer 00928,Male,40,Mumbai,Maharashtra,Direct,2024-08-27
C00929,Customer 00929,Male,27,Kolkata,West Bengal,Email,2025-07-20
C00930,Customer 00930,Male,31,Ahmedabad,Gujarat,Social Media,2025-03-15
C00931,Customer 00931,Female,31,Delhi,Delhi,Social Media,2025-08-06
C00932,Customer 00932,Female,18,Delhi,Delhi,Social Media,2024-08-30
C00933,Customer 00933,Male,35,Noida,Uttar Pradesh,Email,2024-11-08
C00934,Customer 00934,Male,23,Delhi,Delhi,Email,2025-11-26
C00935,Customer 00935,Female,24,Bengaluru,Karnataka,Social Media,2025-03-02
C00936,Customer 00936,Male,38,Pune,Maharashtra,Direct,2024-03-28
C00937,Customer 00937,Male,28,Jaipur,Rajasthan,Organic Search,2025-09-20
C00938,Customer 00938,Male,19,Bengaluru,Karnataka,Paid Search,2025-05-14
C00939,Customer 00939,Male,52,Mumbai,Maharashtra,Organic Search,2025-11-24
C00940,Customer 00940,Female,38,Hyderabad,Telangana,Email,2024-06-25
C00941,Customer 00941,Male,18,Noida,Uttar Pradesh,Social Media,2025-01-03
C00942,Customer 00942,Female,22,Hyderabad,Telangana,Organic Search,2025-12-30
C00943,Customer 00943,Male,24,Bengaluru,Karnataka,Organic Search,2024-11-26
C00944,Customer 00944,Female,35,Pune,Maharashtra,Organic Search,2024-07-18
C00945,Customer 00945,Male,18,Mumbai,Maharashtra,Direct,2025-02-10
C00946,Customer 00946,Male,38,Bengaluru,Karnataka,Referral,2024-08-15
C00947,Customer 00947,Female,27,Chandigarh,Chandigarh,Paid Search,2024-04-23
C00948,Customer 00948,Female,37,Bengaluru,Karnataka,Email,2024-08-10
C00949,Customer 00949,Male,34,Delhi,Delhi,Email,2024-07-27
C00950,Customer 00950,Female,42,Chandigarh,Chandigarh,Paid Search,2024-06-30
C00951,Customer 00951,Female,50,Mumbai,Maharashtra,Email,2024-05-13
C00952,Customer 00952,Male,27,Noida,Uttar Pradesh,Organic Search,2024-02-15
C00953,Customer 00953,Male,35,Patna,Bihar,Social Media,2024-11-23
C00954,Customer 00954,Male,45,Gurugram,Haryana,Organic Search,2025-12-05
C00955,Customer 00955,Male,37,Gurugram,Haryana,Social Media,2024-09-09
C00956,Customer 00956,Male,37,Bengaluru,Karnataka,Social Media,2025-03-02
C00957,Customer 00957,Female,37,Kochi,Kerala,Paid Search,2025-03-12
C00958,Customer 00958,Female,31,Noida,Uttar Pradesh,Referral,2025-02-24
C00959,Customer 00959,Male,24,Mumbai,Maharashtra,Direct,2025-06-09
C00960,Customer 00960,Female,48,Gurugram,Haryana,Direct,2024-09-23
C00961,Customer 00961,Male,38,Mumbai,Maharashtra,Paid Search,2024-01-23
C00962,Customer 00962,Female,21,Gurugram,Haryana,Paid Search,2024-08-21
C00963,Customer 00963,Male,18,Mumbai,Maharashtra,Social Media,2024-09-05
C00964,Customer 00964,Male,36,Ahmedabad,Gujarat,Email,2025-11-14
C00965,Customer 00965,Female,18,Bengaluru,Karnataka,Direct,2025-02-19
C00966,Customer 00966,Non-binary,18,Ahmedabad,Gujarat,Referral,2024-06-29
C00967,Customer 00967,Male,18,Lucknow,Uttar Pradesh,Referral,2025-12-29
C00968,Customer 00968,Female,23,Pune,Maharashtra,Social Media,2024-07-19
C00969,Customer 00969,Male,20,Bengaluru,Karnataka,Direct,2025-11-24
C00970,Customer 00970,Male,26,Mumbai,Maharashtra,Social Media,2025-02-02
C00971,Customer 00971,Male,19,Lucknow,Uttar Pradesh,Referral,2024-01-02
C00972,Customer 00972,Male,33,Lucknow,Uttar Pradesh,Social Media,2024-09-01
C00973,Customer 00973,Male,30,Chennai,Tamil Nadu,Direct,2025-05-29
C00974,Customer 00974,Male,34,Mumbai,Maharashtra,Organic Search,2024-08-29
C00975,Customer 00975,Female,21,Bhopal,Madhya Pradesh,Organic Search,2025-12-17
C00976,Customer 00976,Female,35,Coimbatore,Tamil Nadu,Referral,2025-04-01
C00977,Customer 00977,Female,23,Surat,Gujarat,Direct,2024-12-02
C00978,Customer 00978,Male,18,Bengaluru,Karnataka,Email,2024-03-04
C00979,Customer 00979,Female,51,Jaipur,Rajasthan,Email,2024-10-04
C00980,Customer 00980,Male,56,Hyderabad,Telangana,Paid Search,2025-03-14
C00981,Customer 00981,Male,27,Bengaluru,Karnataka,Direct,2024-02-23
C00982,Customer 00982,Female,40,Hyderabad,Telangana,Social Media,2024-06-13
C00983,Customer 00983,Non-binary,42,Bengaluru,Karnataka,Paid Search,2025-04-06
C00984,Customer 00984,Male,40,Delhi,Delhi,Paid Search,2024-12-21
C00985,Customer 00985,Male,18,Hyderabad,Telangana,Referral,2024-08-05
C00986,Customer 00986,Female,31,Gurugram,Haryana,Referral,2025-12-04
C00987,Customer 00987,Female,48,Bengaluru,Karnataka,Social Media,2025-08-20
C00988,Customer 00988,Female,31,Jaipur,Rajasthan,Social Media,2024-10-13
C00989,Customer 00989,Male,40,Bhopal,Madhya Pradesh,Email,2024-10-26
C00990,Customer 00990,Female,18,Coimbatore,Tamil Nadu,Paid Search,2025-12-27
C00991,Customer 00991,Male,31,Surat,Gujarat,Organic Search,2024-11-21
C00992,Customer 00992,Female,25,Gurugram,Haryana,Email,2025-11-26
C00993,Customer 00993,Female,45,Chennai,Tamil Nadu,Direct,2024-03-11
C00994,Customer 00994,Male,32,Kolkata,West Bengal,Direct,2024-01-28
C00995,Customer 00995,Male,18,Kolkata,West Bengal,Organic Search,2024-04-02
C00996,Customer 00996,Male,38,Pune,Maharashtra,Organic Search,2025-02-16
C00997,Customer 00997,Male,38,Chennai,Tamil Nadu,Social Media,2024-08-21
C00998,Customer 00998,Female,27,Pune,Maharashtra,Organic Search,2024-09-13
C00999,Customer 00999,Male,40,Noida,Uttar Pradesh,Paid Search,2025-06-13
C01000,Customer 01000,Female,20,Ahmedabad,Gujarat,Paid Search,2024-11-16
C01001,Customer 01001,Female,37,Delhi,Delhi,Paid Search,2025-07-15
C01002,Customer 01002,Female,38,Noida,Uttar Pradesh,Direct,2025-05-24
C01003,Customer 01003,Male,50,Mumbai,Maharashtra,Paid Search,2024-10-14
C01004,Customer 01004,Female,44,Mumbai,Maharashtra,Organic Search,2024-11-23
C01005,Customer 01005,Male,31,Pune,Maharashtra,Paid Search,2024-02-24
C01006,Customer 01006,Female,29,Mumbai,Maharashtra,Organic Search,2024-07-06
C01007,Customer 01007,Non-binary,18,Kolkata,West Bengal,Social Media,2025-07-05
C01008,Customer 01008,Female,31,Jaipur,Rajasthan,Referral,2024-02-05
C01009,Customer 01009,Female,23,Pune,Maharashtra,Direct,2025-09-26
C01010,Customer 01010,Male,27,Patna,Bihar,Social Media,2024-05-24
C01011,Customer 01011,Male,36,Mumbai,Maharashtra,Email,2025-01-13
C01012,Customer 01012,Female,35,Kolkata,West Bengal,Social Media,2025-01-28
C01013,Customer 01013,Female,24,Ahmedabad,Gujarat,Organic Search,2025-06-04
C01014,Customer 01014,Female,24,Bengaluru,Karnataka,Direct,2024-10-24
C01015,Customer 01015,Male,30,Mumbai,Maharashtra,Organic Search,2024-06-24
C01016,Customer 01016,Male,27,Ahmedabad,Gujarat,Social Media,2025-11-04
C01017,Customer 01017,Female,22,Pune,Maharashtra,Organic Search,2024-09-14
C01018,Customer 01018,Female,42,Bengaluru,Karnataka,Paid Search,2024-07-19
C01019,Customer 01019,Female,34,Surat,Gujarat,Referral,2024-10-19
C01020,Customer 01020,Female,28,Hyderabad,Telangana,Paid Search,2025-01-03
C01021,Customer 01021,Female,26,Bengaluru,Karnataka,Organic Search,2024-04-23
C01022,Customer 01022,Male,30,Bengaluru,Karnataka,Direct,2024-06-04
C01023,Customer 01023,Female,23,Gurugram,Haryana,Paid Search,2025-09-12
C01024,Customer 01024,Male,34,Chennai,Tamil Nadu,Email,2024-08-27
C01025,Customer 01025,Male,35,Bengaluru,Karnataka,Social Media,2024-05-09
C01026,Customer 01026,Male,35,Chandigarh,Chandigarh,Organic Search,2024-06-17
C01027,Customer 01027,Female,26,Bengaluru,Karnataka,Referral,2024-12-16
C01028,Customer 01028,Female,28,Chennai,Tamil Nadu,Organic Search,2024-06-26
C01029,Customer 01029,Female,34,Jaipur,Rajasthan,Referral,2024-03-09
C01030,Customer 01030,Male,20,Ahmedabad,Gujarat,Direct,2025-10-30
C01031,Customer 01031,Female,37,Chandigarh,Chandigarh,Organic Search,2025-07-10
C01032,Customer 01032,Non-binary,35,Ahmedabad,Gujarat,Direct,2025-05-20
C01033,Customer 01033,Female,34,Ahmedabad,Gujarat,Referral,2024-01-12
C01034,Customer 01034,Female,31,Jaipur,Rajasthan,Referral,2024-03-03
C01035,Customer 01035,Male,24,Pune,Maharashtra,Referral,2024-04-29
C01036,Customer 01036,Female,25,Nagpur,Maharashtra,Referral,2024-04-06
C01037,Customer 01037,Male,41,Chennai,Tamil Nadu,Direct,2025-05-30
C01038,Customer 01038,Female,22,Bengaluru,Karnataka,Paid Search,2024-08-26
C01039,Customer 01039,Male,31,Mumbai,Maharashtra,Social Media,2025-12-20
C01040,Customer 01040,Male,27,Chennai,Tamil Nadu,Direct,2024-09-23
C01041,Customer 01041,Male,23,Chandigarh,Chandigarh,Email,2024-11-27
C01042,Customer 01042,Male,26,Coimbatore,Tamil Nadu,Organic Search,2025-10-29
C01043,Customer 01043,Male,35,Hyderabad,Telangana,Social Media,2024-11-04
C01044,Customer 01044,Female,39,Jaipur,Rajasthan,Social Media,2024-07-19
C01045,Customer 01045,Female,35,Surat,Gujarat,Direct,2025-06-21
C01046,Customer 01046,Female,34,Gurugram,Haryana,Referral,2025-11-28
C01047,Customer 01047,Female,31,Gurugram,Haryana,Referral,2024-06-15
C01048,Customer 01048,Male,29,Jaipur,Rajasthan,Direct,2025-02-04
C01049,Customer 01049,Male,30,Pune,Maharashtra,Social Media,2025-11-28
C01050,Customer 01050,Female,36,Bengaluru,Karnataka,Paid Search,2025-11-29
C01051,Customer 01051,Female,28,Chennai,Tamil Nadu,Paid Search,2024-02-14
C01052,Customer 01052,Male,28,Indore,Madhya Pradesh,Referral,2024-02-08
C01053,Customer 01053,Female,53,Bengaluru,Karnataka,Referral,2025-12-18
C01054,Customer 01054,Male,31,Jaipur,Rajasthan,Paid Search,2024-09-18
C01055,Customer 01055,Female,26,Mumbai,Maharashtra,Direct,2025-02-07
C01056,Customer 01056,Male,46,Indore,Madhya Pradesh,Direct,2024-11-27
C01057,Customer 01057,Female,26,Chennai,Tamil Nadu,Paid Search,2024-05-12
C01058,Customer 01058,Female,34,Chennai,Tamil Nadu,Paid Search,2024-12-22
C01059,Customer 01059,Female,22,Bengaluru,Karnataka,Social Media,2024-06-20
C01060,Customer 01060,Male,29,Chennai,Tamil Nadu,Organic Search,2024-06-10
C01061,Customer 01061,Female,37,Noida,Uttar Pradesh,Social Media,2024-12-16
C01062,Customer 01062,Male,28,Mumbai,Maharashtra,Organic Search,2024-03-08
C01063,Customer 01063,Female,24,Indore,Madhya Pradesh,Paid Search,2024-01-07
C01064,Customer 01064,Female,41,Delhi,Delhi,Paid Search,2025-01-11
C01065,Customer 01065,Female,27,Bengaluru,Karnataka,Organic Search,2024-12-11
C01066,Customer 01066,Male,24,Mumbai,Maharashtra,Organic Search,2024-01-09
C01067,Customer 01067,Male,24,Bhopal,Madhya Pradesh,Paid Search,2024-02-24
C01068,Customer 01068,Male,18,Chennai,Tamil Nadu,Email,2024-08-23
C01069,Customer 01069,Female,39,Gurugram,Haryana,Social Media,2024-06-17
C01070,Customer 01070,Female,28,Chandigarh,Chandigarh,Referral,2024-07-19
C01071,Customer 01071,Female,21,Mumbai,Maharashtra,Paid Search,2024-12-24
C01072,Customer 01072,Male,34,Bengaluru,Karnataka,Paid Search,2025-12-10
C01073,Customer 01073,Female,34,Chennai,Tamil Nadu,Social Media,2025-09-18
C01074,Customer 01074,Female,36,Ahmedabad,Gujarat,Organic Search,2025-12-02
C01075,Customer 01075,Female,18,Chennai,Tamil Nadu,Direct,2025-03-19
C01076,Customer 01076,Female,26,Delhi,Delhi,Paid Search,2024-02-23
C01077,Customer 01077,Male,32,Bengaluru,Karnataka,Organic Search,2024-10-16
C01078,Customer 01078,Female,32,Nagpur,Maharashtra,Social Media,2025-04-25
C01079,Customer 01079,Female,41,Bengaluru,Karnataka,Social Media,2024-12-16
C01080,Customer 01080,Male,32,Patna,Bihar,Organic Search,2024-03-13
C01081,Customer 01081,Female,31,Surat,Gujarat,Paid Search,2025-09-08
C01082,Customer 01082,Female,35,Mumbai,Maharashtra,Referral,2025-06-05
C01083,Customer 01083,Female,26,Kolkata,West Bengal,Direct,2025-08-03
C01084,Customer 01084,Female,44,Delhi,Delhi,Paid Search,2025-11-29
C01085,Customer 01085,Male,27,Bengaluru,Karnataka,Organic Search,2025-10-04
C01086,Customer 01086,Female,20,Hyderabad,Telangana,Referral,2025-10-03
C01087,Customer 01087,Male,42,Chennai,Tamil Nadu,Paid Search,2025-08-07
C01088,Customer 01088,Male,23,Chandigarh,Chandigarh,Social Media,2025-03-29
C01089,Customer 01089,Male,28,Kolkata,West Bengal,Organic Search,2024-03-02
C01090,Customer 01090,Male,31,Hyderabad,Telangana,Email,2024-07-31
C01091,Customer 01091,Female,23,Surat,Gujarat,Email,2024-12-14
C01092,Customer 01092,Non-binary,21,Pune,Maharashtra,Social Media,2025-03-15
C01093,Customer 01093,Female,27,Chennai,Tamil Nadu,Direct,2025-01-10
C01094,Customer 01094,Female,53,Hyderabad,Telangana,Direct,2025-07-19
C01095,Customer 01095,Female,20,Surat,Gujarat,Organic Search,2025-09-25
C01096,Customer 01096,Male,42,Mumbai,Maharashtra,Social Media,2024-04-03
C01097,Customer 01097,Male,32,Bengaluru,Karnataka,Paid Search,2025-11-20
C01098,Customer 01098,Female,31,Mumbai,Maharashtra,Direct,2024-10-10
C01099,Customer 01099,Male,37,Noida,Uttar Pradesh,Organic Search,2025-06-19
C01100,Customer 01100,Male,19,Jaipur,Rajasthan,Paid Search,2025-05-11
C01101,Customer 01101,Male,36,Chennai,Tamil Nadu,Email,2024-11-22
C01102,Customer 01102,Female,38,Mumbai,Maharashtra,Email,2025-04-15
C01103,Customer 01103,Female,18,Indore,Madhya Pradesh,Paid Search,2025-11-01
C01104,Customer 01104,Female,47,Ahmedabad,Gujarat,Organic Search,2025-04-07
C01105,Customer 01105,Male,33,Chennai,Tamil Nadu,Direct,2024-04-19
C01106,Customer 01106,Male,41,Bengaluru,Karnataka,Paid Search,2025-03-13
C01107,Customer 01107,Non-binary,23,Hyderabad,Telangana,Organic Search,2025-02-25
C01108,Customer 01108,Female,26,Hyderabad,Telangana,Direct,2025-04-07
C01109,Customer 01109,Male,32,Ahmedabad,Gujarat,Referral,2025-01-27
C01110,Customer 01110,Female,43,Bengaluru,Karnataka,Paid Search,2025-10-21
C01111,Customer 01111,Male,45,Mumbai,Maharashtra,Direct,2025-01-27
C01112,Customer 01112,Female,44,Surat,Gujarat,Direct,2024-11-07
C01113,Customer 01113,Female,36,Mumbai,Maharashtra,Social Media,2024-07-18
C01114,Customer 01114,Male,48,Coimbatore,Tamil Nadu,Referral,2024-03-21
C01115,Customer 01115,Female,31,Kolkata,West Bengal,Organic Search,2024-09-08
C01116,Customer 01116,Male,28,Kochi,Kerala,Social Media,2025-07-04
C01117,Customer 01117,Female,35,Nagpur,Maharashtra,Social Media,2025-10-24
C01118,Customer 01118,Male,34,Bengaluru,Karnataka,Organic Search,2025-11-27
C01119,Customer 01119,Male,40,Indore,Madhya Pradesh,Social Media,2024-10-22
C01120,Customer 01120,Male,18,Coimbatore,Tamil Nadu,Referral,2025-06-29
C01121,Customer 01121,Female,46,Mumbai,Maharashtra,Referral,2025-09-02
C01122,Customer 01122,Female,18,Chennai,Tamil Nadu,Paid Search,2025-12-04
C01123,Customer 01123,Female,24,Kochi,Kerala,Social Media,2024-06-05
C01124,Customer 01124,Female,40,Chandigarh,Chandigarh,Email,2025-10-11
C01125,Customer 01125,Male,28,Gurugram,Haryana,Email,2025-12-14
C01126,Customer 01126,Male,34,Surat,Gujarat,Direct,2024-09-13
C01127,Customer 01127,Female,47,Hyderabad,Telangana,Email,2024-10-28
C01128,Customer 01128,Female,34,Bengaluru,Karnataka,Social Media,2024-05-04
C01129,Customer 01129,Female,36,Ahmedabad,Gujarat,Social Media,2025-07-01
C01130,Customer 01130,Female,23,Kolkata,West Bengal,Direct,2025-02-25
C01131,Customer 01131,Male,39,Bhopal,Madhya Pradesh,Paid Search,2025-04-26
C01132,Customer 01132,Male,45,Delhi,Delhi,Referral,2025-12-11
C01133,Customer 01133,Male,28,Ahmedabad,Gujarat,Organic Search,2025-04-08
C01134,Customer 01134,Male,45,Ahmedabad,Gujarat,Social Media,2024-12-15
C01135,Customer 01135,Female,22,Hyderabad,Telangana,Direct,2025-02-22
C01136,Customer 01136,Female,18,Delhi,Delhi,Direct,2025-01-11
C01137,Customer 01137,Male,31,Mumbai,Maharashtra,Organic Search,2025-01-12
C01138,Customer 01138,Female,21,Pune,Maharashtra,Paid Search,2025-02-26
C01139,Customer 01139,Female,37,Indore,Madhya Pradesh,Referral,2025-01-19
C01140,Customer 01140,Female,20,Mumbai,Maharashtra,Paid Search,2024-07-03
C01141,Customer 01141,Female,18,Delhi,Delhi,Paid Search,2024-08-17
C01142,Customer 01142,Male,22,Pune,Maharashtra,Organic Search,2024-03-10
C01143,Customer 01143,Female,31,Delhi,Delhi,Social Media,2025-04-18
C01144,Customer 01144,Male,20,Bengaluru,Karnataka,Email,2025-01-19
C01145,Customer 01145,Female,39,Delhi,Delhi,Direct,2025-09-13
C01146,Customer 01146,Male,30,Mumbai,Maharashtra,Social Media,2025-08-05
C01147,Customer 01147,Male,18,Jaipur,Rajasthan,Organic Search,2025-04-10
C01148,Customer 01148,Female,26,Hyderabad,Telangana,Organic Search,2025-07-29
C01149,Customer 01149,Female,25,Delhi,Delhi,Social Media,2025-08-15
C01150,Customer 01150,Female,45,Lucknow,Uttar Pradesh,Social Media,2024-08-21
C01151,Customer 01151,Male,30,Jaipur,Rajasthan,Direct,2024-06-30
C01152,Customer 01152,Male,35,Kolkata,West Bengal,Email,2024-12-01
C01153,Customer 01153,Male,23,Mumbai,Maharashtra,Paid Search,2024-01-07
C01154,Customer 01154,Male,39,Noida,Uttar Pradesh,Paid Search,2025-03-08
C01155,Customer 01155,Male,45,Hyderabad,Telangana,Referral,2024-04-15
C01156,Customer 01156,Female,23,Coimbatore,Tamil Nadu,Direct,2025-07-26
C01157,Customer 01157,Female,29,Kolkata,West Bengal,Paid Search,2025-03-28
C01158,Customer 01158,Male,32,Hyderabad,Telangana,Email,2024-05-20
C01159,Customer 01159,Male,25,Bengaluru,Karnataka,Email,2024-09-27
C01160,Customer 01160,Female,35,Pune,Maharashtra,Social Media,2024-06-30
C01161,Customer 01161,Non-binary,31,Kolkata,West Bengal,Social Media,2024-04-16
C01162,Customer 01162,Female,28,Ahmedabad,Gujarat,Paid Search,2024-09-23
C01163,Customer 01163,Male,40,Chandigarh,Chandigarh,Referral,2025-01-13
C01164,Customer 01164,Female,34,Kolkata,West Bengal,Email,2025-06-20
C01165,Customer 01165,Male,43,Chandigarh,Chandigarh,Referral,2024-04-25
C01166,Customer 01166,Female,28,Lucknow,Uttar Pradesh,Email,2025-10-31
C01167,Customer 01167,Female,34,Mumbai,Maharashtra,Email,2025-12-29
C01168,Customer 01168,Female,34,Bengaluru,Karnataka,Organic Search,2024-05-19
C01169,Customer 01169,Female,27,Pune,Maharashtra,Paid Search,2024-06-02
C01170,Customer 01170,Female,37,Delhi,Delhi,Direct,2025-12-24
C01171,Customer 01171,Male,26,Chennai,Tamil Nadu,Paid Search,2024-09-16
C01172,Customer 01172,Female,25,Noida,Uttar Pradesh,Social Media,2024-02-29
C01173,Customer 01173,Male,18,Delhi,Delhi,Email,2024-02-17
C01174,Customer 01174,Female,18,Coimbatore,Tamil Nadu,Organic Search,2024-11-02
C01175,Customer 01175,Female,37,Noida,Uttar Pradesh,Organic Search,2024-03-07
C01176,Customer 01176,Female,24,Bengaluru,Karnataka,Paid Search,2024-05-26
C01177,Customer 01177,Female,34,Patna,Bihar,Social Media,2025-01-09
C01178,Customer 01178,Male,21,Bhopal,Madhya Pradesh,Organic Search,2025-05-25
C01179,Customer 01179,Female,35,Ahmedabad,Gujarat,Organic Search,2024-08-28
C01180,Customer 01180,Female,20,Coimbatore,Tamil Nadu,Organic Search,2025-06-10
C01181,Customer 01181,Female,25,Gurugram,Haryana,Paid Search,2025-08-19
C01182,Customer 01182,Female,39,Surat,Gujarat,Paid Search,2024-08-05
C01183,Customer 01183,Male,31,Delhi,Delhi,Referral,2024-02-05
C01184,Customer 01184,Female,44,Kolkata,West Bengal,Paid Search,2025-08-02
C01185,Customer 01185,Female,44,Hyderabad,Telangana,Organic Search,2025-11-24
C01186,Customer 01186,Female,26,Gurugram,Haryana,Organic Search,2024-11-28
C01187,Customer 01187,Male,32,Pune,Maharashtra,Direct,2024-10-13
C01188,Customer 01188,Female,39,Bengaluru,Karnataka,Organic Search,2025-08-28
C01189,Customer 01189,Male,43,Delhi,Delhi,Social Media,2025-12-26
C01190,Customer 01190,Female,35,Pune,Maharashtra,Paid Search,2024-11-30
C01191,Customer 01191,Non-binary,18,Bhopal,Madhya Pradesh,Organic Search,2024-03-26
C01192,Customer 01192,Female,34,Hyderabad,Telangana,Organic Search,2025-09-08
C01193,Customer 01193,Male,35,Bhopal,Madhya Pradesh,Social Media,2025-04-03
C01194,Customer 01194,Female,33,Nagpur,Maharashtra,Direct,2025-01-29
C01195,Customer 01195,Female,25,Kochi,Kerala,Paid Search,2024-03-31
C01196,Customer 01196,Male,34,Hyderabad,Telangana,Direct,2025-08-27
C01197,Customer 01197,Female,37,Hyderabad,Telangana,Email,2025-08-28
C01198,Customer 01198,Female,36,Noida,Uttar Pradesh,Social Media,2024-02-12
C01199,Customer 01199,Male,31,Bengaluru,Karnataka,Paid Search,2025-10-17
C01200,Customer 01200,Male,30,Lucknow,Uttar Pradesh,Direct,2024-10-26
C01201,Customer 01201,Female,46,Bengaluru,Karnataka,Social Media,2024-10-15
C01202,Customer 01202,Female,38,Chennai,Tamil Nadu,Direct,2024-01-16
C01203,Customer 01203,Female,28,Pune,Maharashtra,Direct,2024-01-08
C01204,Customer 01204,Female,18,Pune,Maharashtra,Referral,2025-07-01
C01205,Customer 01205,Male,34,Gurugram,Haryana,Direct,2024-04-18
C01206,Customer 01206,Male,44,Bengaluru,Karnataka,Social Media,2025-12-15
C01207,Customer 01207,Female,41,Ahmedabad,Gujarat,Email,2024-04-23
C01208,Customer 01208,Male,28,Ahmedabad,Gujarat,Organic Search,2024-02-18
C01209,Customer 01209,Male,42,Gurugram,Haryana,Direct,2024-01-23
C01210,Customer 01210,Female,37,Lucknow,Uttar Pradesh,Paid Search,2024-10-28
C01211,Customer 01211,Male,24,Mumbai,Maharashtra,Organic Search,2024-07-24
C01212,Customer 01212,Male,29,Bengaluru,Karnataka,Paid Search,2025-08-12
C01213,Customer 01213,Male,43,Mumbai,Maharashtra,Email,2025-03-05
C01214,Customer 01214,Female,23,Jaipur,Rajasthan,Organic Search,2025-09-09
C01215,Customer 01215,Female,18,Pune,Maharashtra,Organic Search,2024-05-23
C01216,Customer 01216,Male,46,Kolkata,West Bengal,Paid Search,2025-10-17
C01217,Customer 01217,Female,36,Jaipur,Rajasthan,Social Media,2024-06-08
C01218,Customer 01218,Female,43,Chandigarh,Chandigarh,Social Media,2025-07-14
C01219,Customer 01219,Male,24,Indore,Madhya Pradesh,Direct,2025-03-19
C01220,Customer 01220,Male,29,Mumbai,Maharashtra,Email,2025-01-05
C01221,Customer 01221,Male,33,Delhi,Delhi,Organic Search,2025-08-07
C01222,Customer 01222,Male,44,Bengaluru,Karnataka,Direct,2024-04-13
C01223,Customer 01223,Female,28,Mumbai,Maharashtra,Direct,2025-06-01
C01224,Customer 01224,Female,34,Hyderabad,Telangana,Organic Search,2024-03-15
C01225,Customer 01225,Male,33,Bengaluru,Karnataka,Social Media,2024-12-23
C01226,Customer 01226,Female,31,Gurugram,Haryana,Social Media,2024-05-22
C01227,Customer 01227,Male,39,Jaipur,Rajasthan,Referral,2025-07-17
C01228,Customer 01228,Male,46,Kolkata,West Bengal,Paid Search,2025-01-09
C01229,Customer 01229,Female,24,Nagpur,Maharashtra,Email,2025-01-22
C01230,Customer 01230,Female,18,Pune,Maharashtra,Social Media,2025-10-20
C01231,Customer 01231,Female,18,Chennai,Tamil Nadu,Paid Search,2024-03-06
C01232,Customer 01232,Female,18,Hyderabad,Telangana,Organic Search,2024-07-24
C01233,Customer 01233,Male,18,Pune,Maharashtra,Organic Search,2025-02-23
C01234,Customer 01234,Female,38,Bhopal,Madhya Pradesh,Email,2024-07-29
C01235,Customer 01235,Male,18,Pune,Maharashtra,Direct,2025-11-20
C01236,Customer 01236,Male,38,Pune,Maharashtra,Social Media,2024-01-29
C01237,Customer 01237,Female,29,Surat,Gujarat,Social Media,2024-02-17
C01238,Customer 01238,Female,31,Chandigarh,Chandigarh,Organic Search,2024-02-14
C01239,Customer 01239,Male,34,Mumbai,Maharashtra,Referral,2025-07-22
C01240,Customer 01240,Male,36,Pune,Maharashtra,Organic Search,2025-02-07
C01241,Customer 01241,Male,21,Gurugram,Haryana,Paid Search,2025-02-24
C01242,Customer 01242,Female,32,Surat,Gujarat,Organic Search,2024-07-04
C01243,Customer 01243,Female,18,Jaipur,Rajasthan,Referral,2024-02-19
C01244,Customer 01244,Female,30,Indore,Madhya Pradesh,Paid Search,2024-10-14
C01245,Customer 01245,Female,35,Mumbai,Maharashtra,Referral,2024-09-16
C01246,Customer 01246,Male,38,Kolkata,West Bengal,Direct,2024-03-01
C01247,Customer 01247,Female,38,Indore,Madhya Pradesh,Organic Search,2025-03-22
C01248,Customer 01248,Male,35,Chennai,Tamil Nadu,Paid Search,2025-07-13
C01249,Customer 01249,Female,27,Coimbatore,Tamil Nadu,Referral,2024-11-30
C01250,Customer 01250,Female,18,Bengaluru,Karnataka,Direct,2024-04-17
C01251,Customer 01251,Female,36,Ahmedabad,Gujarat,Organic Search,2024-09-22
C01252,Customer 01252,Female,24,Kolkata,West Bengal,Direct,2025-09-13
C01253,Customer 01253,Male,19,Hyderabad,Telangana,Referral,2025-01-26
C01254,Customer 01254,Male,33,Noida,Uttar Pradesh,Organic Search,2024-11-14
C01255,Customer 01255,Female,29,Kolkata,West Bengal,Organic Search,2025-11-15
C01256,Customer 01256,Female,43,Bengaluru,Karnataka,Direct,2024-01-01
C01257,Customer 01257,Female,18,Pune,Maharashtra,Social Media,2024-10-05
C01258,Customer 01258,Female,32,Pune,Maharashtra,Organic Search,2025-01-28
C01259,Customer 01259,Female,44,Chandigarh,Chandigarh,Organic Search,2024-07-21
C01260,Customer 01260,Male,25,Indore,Madhya Pradesh,Social Media,2025-09-21
C01261,Customer 01261,Female,42,Gurugram,Haryana,Paid Search,2025-07-05
C01262,Customer 01262,Male,31,Bengaluru,Karnataka,Social Media,2024-05-22
C01263,Customer 01263,Male,18,Patna,Bihar,Referral,2024-06-05
C01264,Customer 01264,Female,30,Hyderabad,Telangana,Direct,2024-12-17
C01265,Customer 01265,Male,44,Delhi,Delhi,Email,2024-09-20
C01266,Customer 01266,Male,28,Chandigarh,Chandigarh,Paid Search,2024-07-03
C01267,Customer 01267,Female,27,Kochi,Kerala,Organic Search,2025-05-24
C01268,Customer 01268,Male,32,Bengaluru,Karnataka,Paid Search,2025-04-11
C01269,Customer 01269,Female,24,Mumbai,Maharashtra,Referral,2025-08-14
C01270,Customer 01270,Male,33,Pune,Maharashtra,Organic Search,2024-12-18
C01271,Customer 01271,Female,35,Delhi,Delhi,Referral,2024-08-31
C01272,Customer 01272,Male,35,Lucknow,Uttar Pradesh,Social Media,2024-02-06
C01273,Customer 01273,Female,45,Surat,Gujarat,Organic Search,2024-10-19
C01274,Customer 01274,Female,32,Chandigarh,Chandigarh,Organic Search,2024-04-15
C01275,Customer 01275,Male,31,Gurugram,Haryana,Paid Search,2024-07-23
C01276,Customer 01276,Female,18,Mumbai,Maharashtra,Paid Search,2025-08-14
C01277,Customer 01277,Male,36,Delhi,Delhi,Paid Search,2025-02-05
C01278,Customer 01278,Female,26,Chandigarh,Chandigarh,Social Media,2025-08-07
C01279,Customer 01279,Female,34,Mumbai,Maharashtra,Paid Search,2025-06-17
C01280,Customer 01280,Male,29,Chennai,Tamil Nadu,Organic Search,2025-08-06
C01281,Customer 01281,Male,42,Kochi,Kerala,Organic Search,2025-02-21
C01282,Customer 01282,Female,30,Ahmedabad,Gujarat,Organic Search,2025-03-27
C01283,Customer 01283,Male,47,Kolkata,West Bengal,Referral,2024-06-09
C01284,Customer 01284,Male,35,Hyderabad,Telangana,Paid Search,2024-04-19
C01285,Customer 01285,Female,28,Jaipur,Rajasthan,Organic Search,2024-02-04
C01286,Customer 01286,Male,33,Pune,Maharashtra,Direct,2025-03-05
C01287,Customer 01287,Female,34,Jaipur,Rajasthan,Referral,2024-08-30
C01288,Customer 01288,Male,34,Jaipur,Rajasthan,Direct,2025-12-29
C01289,Customer 01289,Female,23,Patna,Bihar,Organic Search,2024-04-30
C01290,Customer 01290,Male,22,Bhopal,Madhya Pradesh,Paid Search,2025-10-12
C01291,Customer 01291,Female,22,Hyderabad,Telangana,Social Media,2025-11-20
C01292,Customer 01292,Female,36,Bengaluru,Karnataka,Email,2025-01-09
C01293,Customer 01293,Male,37,Mumbai,Maharashtra,Direct,2025-07-24
C01294,Customer 01294,Male,48,Chennai,Tamil Nadu,Email,2024-05-22
C01295,Customer 01295,Male,51,Mumbai,Maharashtra,Organic Search,2024-10-04
C01296,Customer 01296,Female,27,Chandigarh,Chandigarh,Organic Search,2025-03-05
C01297,Customer 01297,Male,34,Gurugram,Haryana,Email,2025-12-08
C01298,Customer 01298,Female,35,Ahmedabad,Gujarat,Email,2024-03-22
C01299,Customer 01299,Non-binary,47,Bengaluru,Karnataka,Direct,2025-11-04
C01300,Customer 01300,Female,35,Kolkata,West Bengal,Social Media,2024-03-03
C01301,Customer 01301,Female,28,Noida,Uttar Pradesh,Direct,2024-11-19
C01302,Customer 01302,Female,39,Kolkata,West Bengal,Email,2024-04-27
C01303,Customer 01303,Female,18,Pune,Maharashtra,Paid Search,2024-10-06
C01304,Customer 01304,Non-binary,25,Kochi,Kerala,Organic Search,2025-01-03
C01305,Customer 01305,Male,41,Bengaluru,Karnataka,Social Media,2024-03-13
C01306,Customer 01306,Male,36,Chennai,Tamil Nadu,Organic Search,2025-08-01
C01307,Customer 01307,Male,29,Bengaluru,Karnataka,Social Media,2025-07-22
C01308,Customer 01308,Female,27,Delhi,Delhi,Social Media,2025-09-21
C01309,Customer 01309,Male,45,Hyderabad,Telangana,Direct,2024-11-23
C01310,Customer 01310,Female,41,Chandigarh,Chandigarh,Direct,2025-03-01
C01311,Customer 01311,Female,34,Gurugram,Haryana,Paid Search,2025-10-30
C01312,Customer 01312,Male,18,Jaipur,Rajasthan,Email,2024-03-14
C01313,Customer 01313,Male,37,Indore,Madhya Pradesh,Email,2025-05-21
C01314,Customer 01314,Female,29,Surat,Gujarat,Email,2024-02-25
C01315,Customer 01315,Female,34,Hyderabad,Telangana,Social Media,2024-06-29
C01316,Customer 01316,Male,30,Hyderabad,Telangana,Paid Search,2025-11-04
C01317,Customer 01317,Female,30,Pune,Maharashtra,Email,2025-11-24
C01318,Customer 01318,Female,42,Gurugram,Haryana,Paid Search,2024-04-04
C01319,Customer 01319,Female,24,Bengaluru,Karnataka,Paid Search,2025-12-04
C01320,Customer 01320,Female,30,Bengaluru,Karnataka,Direct,2025-07-24
C01321,Customer 01321,Female,37,Kolkata,West Bengal,Email,2025-07-15
C01322,Customer 01322,Male,30,Hyderabad,Telangana,Referral,2025-09-02
C01323,Customer 01323,Female,28,Ahmedabad,Gujarat,Paid Search,2024-01-05
C01324,Customer 01324,Female,34,Mumbai,Maharashtra,Social Media,2024-05-02
C01325,Customer 01325,Male,35,Mumbai,Maharashtra,Direct,2025-07-12
C01326,Customer 01326,Male,45,Pune,Maharashtra,Paid Search,2025-12-17
C01327,Customer 01327,Non-binary,18,Surat,Gujarat,Direct,2024-01-04
C01328,Customer 01328,Male,28,Chennai,Tamil Nadu,Organic Search,2025-08-03
C01329,Customer 01329,Female,39,Hyderabad,Telangana,Referral,2024-09-10
C01330,Customer 01330,Female,34,Pune,Maharashtra,Organic Search,2025-11-15
C01331,Customer 01331,Male,44,Mumbai,Maharashtra,Social Media,2024-04-01
C01332,Customer 01332,Male,46,Mumbai,Maharashtra,Email,2025-01-31
C01333,Customer 01333,Male,55,Jaipur,Rajasthan,Paid Search,2025-11-15
C01334,Customer 01334,Male,30,Pune,Maharashtra,Paid Search,2024-02-18
C01335,Customer 01335,Male,25,Mumbai,Maharashtra,Organic Search,2025-04-07
C01336,Customer 01336,Female,18,Bengaluru,Karnataka,Organic Search,2025-11-01
C01337,Customer 01337,Male,33,Delhi,Delhi,Organic Search,2025-06-26
C01338,Customer 01338,Male,38,Bengaluru,Karnataka,Email,2024-12-16
C01339,Customer 01339,Female,18,Kochi,Kerala,Email,2025-10-28
C01340,Customer 01340,Male,29,Mumbai,Maharashtra,Organic Search,2025-12-20
C01341,Customer 01341,Female,39,Mumbai,Maharashtra,Social Media,2025-02-28
C01342,Customer 01342,Male,20,Delhi,Delhi,Direct,2024-09-14
C01343,Customer 01343,Male,28,Bengaluru,Karnataka,Paid Search,2025-01-02
C01344,Customer 01344,Male,29,Lucknow,Uttar Pradesh,Referral,2025-07-25
C01345,Customer 01345,Male,26,Delhi,Delhi,Organic Search,2025-06-10
C01346,Customer 01346,Male,34,Delhi,Delhi,Direct,2024-05-04
C01347,Customer 01347,Non-binary,29,Noida,Uttar Pradesh,Social Media,2025-08-08
C01348,Customer 01348,Male,45,Lucknow,Uttar Pradesh,Organic Search,2025-01-02
C01349,Customer 01349,Male,36,Bengaluru,Karnataka,Organic Search,2025-12-25
C01350,Customer 01350,Male,35,Jaipur,Rajasthan,Paid Search,2025-04-21
C01351,Customer 01351,Female,29,Delhi,Delhi,Organic Search,2024-03-26
C01352,Customer 01352,Female,23,Ahmedabad,Gujarat,Paid Search,2025-05-27
C01353,Customer 01353,Female,22,Kolkata,West Bengal,Direct,2025-04-12
C01354,Customer 01354,Male,35,Lucknow,Uttar Pradesh,Social Media,2025-06-26
C01355,Customer 01355,Female,20,Patna,Bihar,Organic Search,2025-11-01
C01356,Customer 01356,Female,21,Bengaluru,Karnataka,Social Media,2025-04-11
C01357,Customer 01357,Male,18,Jaipur,Rajasthan,Social Media,2025-10-22
C01358,Customer 01358,Male,30,Coimbatore,Tamil Nadu,Direct,2024-08-07
C01359,Customer 01359,Female,37,Bengaluru,Karnataka,Paid Search,2025-08-07
C01360,Customer 01360,Male,28,Mumbai,Maharashtra,Organic Search,2024-06-01
C01361,Customer 01361,Female,36,Delhi,Delhi,Organic Search,2024-03-13
C01362,Customer 01362,Male,21,Indore,Madhya Pradesh,Direct,2025-01-07
C01363,Customer 01363,Male,34,Chennai,Tamil Nadu,Paid Search,2024-11-14
C01364,Customer 01364,Female,45,Kolkata,West Bengal,Direct,2025-07-01
C01365,Customer 01365,Male,25,Delhi,Delhi,Organic Search,2024-06-09
C01366,Customer 01366,Male,30,Mumbai,Maharashtra,Social Media,2025-01-01
C01367,Customer 01367,Male,43,Kolkata,West Bengal,Organic Search,2024-10-25
C01368,Customer 01368,Female,34,Lucknow,Uttar Pradesh,Organic Search,2024-06-17
C01369,Customer 01369,Male,24,Mumbai,Maharashtra,Organic Search,2024-10-15
C01370,Customer 01370,Female,34,Mumbai,Maharashtra,Direct,2024-10-13
C01371,Customer 01371,Female,26,Pune,Maharashtra,Referral,2024-01-12
C01372,Customer 01372,Female,27,Hyderabad,Telangana,Paid Search,2024-10-27
C01373,Customer 01373,Non-binary,20,Coimbatore,Tamil Nadu,Referral,2024-03-08
C01374,Customer 01374,Non-binary,18,Lucknow,Uttar Pradesh,Direct,2024-05-29
C01375,Customer 01375,Female,40,Hyderabad,Telangana,Email,2024-12-24
C01376,Customer 01376,Male,34,Mumbai,Maharashtra,Organic Search,2024-03-22
C01377,Customer 01377,Non-binary,32,Hyderabad,Telangana,Organic Search,2024-09-24
C01378,Customer 01378,Male,21,Mumbai,Maharashtra,Paid Search,2024-06-08
C01379,Customer 01379,Female,24,Hyderabad,Telangana,Organic Search,2024-06-23
C01380,Customer 01380,Male,18,Mumbai,Maharashtra,Paid Search,2024-11-06
C01381,Customer 01381,Female,33,Kolkata,West Bengal,Referral,2024-07-18
C01382,Customer 01382,Female,34,Surat,Gujarat,Referral,2024-05-22
C01383,Customer 01383,Male,37,Chandigarh,Chandigarh,Social Media,2025-09-16
C01384,Customer 01384,Female,18,Kolkata,West Bengal,Social Media,2025-10-22
C01385,Customer 01385,Male,27,Indore,Madhya Pradesh,Paid Search,2024-12-27
C01386,Customer 01386,Male,30,Kolkata,West Bengal,Direct,2025-06-28
C01387,Customer 01387,Male,30,Kochi,Kerala,Referral,2025-09-10
C01388,Customer 01388,Male,34,Mumbai,Maharashtra,Organic Search,2025-07-13
C01389,Customer 01389,Male,36,Mumbai,Maharashtra,Organic Search,2024-03-29
C01390,Customer 01390,Female,36,Delhi,Delhi,Direct,2024-03-20
C01391,Customer 01391,Female,29,Indore,Madhya Pradesh,Organic Search,2024-05-23
C01392,Customer 01392,Female,37,Patna,Bihar,Direct,2025-12-03
C01393,Customer 01393,Female,44,Ahmedabad,Gujarat,Direct,2024-10-04
C01394,Customer 01394,Male,31,Bengaluru,Karnataka,Organic Search,2024-07-31
C01395,Customer 01395,Male,27,Jaipur,Rajasthan,Social Media,2025-01-26
C01396,Customer 01396,Male,19,Surat,Gujarat,Social Media,2025-03-26
C01397,Customer 01397,Female,27,Kolkata,West Bengal,Referral,2024-12-21
C01398,Customer 01398,Female,27,Gurugram,Haryana,Email,2025-01-31
C01399,Customer 01399,Female,36,Chennai,Tamil Nadu,Referral,2024-10-18
C01400,Customer 01400,Male,29,Chennai,Tamil Nadu,Email,2025-12-07
C01401,Customer 01401,Male,18,Ahmedabad,Gujarat,Direct,2024-05-20
C01402,Customer 01402,Male,18,Mumbai,Maharashtra,Social Media,2025-03-24
C01403,Customer 01403,Female,18,Noida,Uttar Pradesh,Referral,2024-10-31
C01404,Customer 01404,Male,39,Kolkata,West Bengal,Social Media,2025-08-22
C01405,Customer 01405,Male,43,Pune,Maharashtra,Social Media,2025-06-27
C01406,Customer 01406,Male,28,Ahmedabad,Gujarat,Social Media,2025-08-30
C01407,Customer 01407,Female,45,Pune,Maharashtra,Social Media,2024-07-07
C01408,Customer 01408,Male,42,Gurugram,Haryana,Social Media,2025-04-03
C01409,Customer 01409,Female,32,Bengaluru,Karnataka,Social Media,2025-06-06
C01410,Customer 01410,Female,37,Hyderabad,Telangana,Organic Search,2024-08-26
C01411,Customer 01411,Male,34,Surat,Gujarat,Organic Search,2024-08-15
C01412,Customer 01412,Male,36,Bengaluru,Karnataka,Organic Search,2024-01-13
C01413,Customer 01413,Male,26,Chennai,Tamil Nadu,Email,2025-01-06
C01414,Customer 01414,Male,39,Kolkata,West Bengal,Organic Search,2024-09-23
C01415,Customer 01415,Female,37,Gurugram,Haryana,Direct,2025-07-06
C01416,Customer 01416,Female,30,Coimbatore,Tamil Nadu,Organic Search,2025-01-10
C01417,Customer 01417,Female,36,Mumbai,Maharashtra,Organic Search,2024-02-08
C01418,Customer 01418,Male,34,Chennai,Tamil Nadu,Organic Search,2025-12-28
C01419,Customer 01419,Female,19,Jaipur,Rajasthan,Organic Search,2025-08-18
C01420,Customer 01420,Female,30,Coimbatore,Tamil Nadu,Organic Search,2024-08-12
C01421,Customer 01421,Female,23,Delhi,Delhi,Paid Search,2024-11-12
C01422,Customer 01422,Male,30,Pune,Maharashtra,Referral,2024-05-21
C01423,Customer 01423,Male,37,Mumbai,Maharashtra,Referral,2025-11-24
C01424,Customer 01424,Male,35,Delhi,Delhi,Direct,2024-11-26
C01425,Customer 01425,Male,42,Chandigarh,Chandigarh,Direct,2024-04-21
C01426,Customer 01426,Female,34,Chennai,Tamil Nadu,Paid Search,2024-10-17
C01427,Customer 01427,Male,31,Chennai,Tamil Nadu,Referral,2024-03-02
C01428,Customer 01428,Male,52,Indore,Madhya Pradesh,Paid Search,2025-06-19
C01429,Customer 01429,Male,25,Bengaluru,Karnataka,Social Media,2024-05-05
C01430,Customer 01430,Male,26,Bengaluru,Karnataka,Organic Search,2025-09-20
C01431,Customer 01431,Male,26,Hyderabad,Telangana,Referral,2025-08-11
C01432,Customer 01432,Female,33,Mumbai,Maharashtra,Direct,2024-04-10
C01433,Customer 01433,Male,30,Pune,Maharashtra,Paid Search,2024-02-08
C01434,Customer 01434,Male,33,Delhi,Delhi,Organic Search,2025-11-17
C01435,Customer 01435,Male,36,Hyderabad,Telangana,Direct,2025-06-16
C01436,Customer 01436,Male,29,Nagpur,Maharashtra,Organic Search,2024-02-28
C01437,Customer 01437,Male,38,Bengaluru,Karnataka,Paid Search,2025-06-10
C01438,Customer 01438,Female,26,Pune,Maharashtra,Organic Search,2025-01-07
C01439,Customer 01439,Female,33,Kochi,Kerala,Organic Search,2024-04-29
C01440,Customer 01440,Female,25,Hyderabad,Telangana,Social Media,2024-03-29
C01441,Customer 01441,Male,27,Mumbai,Maharashtra,Social Media,2025-09-08
C01442,Customer 01442,Male,50,Chandigarh,Chandigarh,Direct,2025-04-17
C01443,Customer 01443,Female,32,Bengaluru,Karnataka,Organic Search,2024-02-28
C01444,Customer 01444,Male,22,Hyderabad,Telangana,Email,2024-11-16
C01445,Customer 01445,Female,22,Mumbai,Maharashtra,Direct,2024-08-05
C01446,Customer 01446,Male,34,Hyderabad,Telangana,Paid Search,2024-09-11
C01447,Customer 01447,Female,53,Pune,Maharashtra,Organic Search,2024-07-17
C01448,Customer 01448,Male,20,Kolkata,West Bengal,Direct,2025-11-29
C01449,Customer 01449,Male,40,Chandigarh,Chandigarh,Paid Search,2024-07-24
C01450,Customer 01450,Female,29,Gurugram,Haryana,Organic Search,2024-02-24
C01451,Customer 01451,Male,20,Pune,Maharashtra,Social Media,2024-10-02
C01452,Customer 01452,Female,36,Delhi,Delhi,Referral,2024-07-24
C01453,Customer 01453,Female,25,Chennai,Tamil Nadu,Email,2025-08-27
C01454,Customer 01454,Male,28,Chennai,Tamil Nadu,Organic Search,2024-12-19
C01455,Customer 01455,Male,45,Chennai,Tamil Nadu,Referral,2025-08-02
C01456,Customer 01456,Male,34,Noida,Uttar Pradesh,Email,2025-07-21
C01457,Customer 01457,Female,37,Hyderabad,Telangana,Direct,2025-01-30
C01458,Customer 01458,Male,31,Lucknow,Uttar Pradesh,Paid Search,2024-07-07
C01459,Customer 01459,Male,33,Chandigarh,Chandigarh,Referral,2025-11-28
C01460,Customer 01460,Female,21,Patna,Bihar,Email,2025-05-31
C01461,Customer 01461,Female,21,Bengaluru,Karnataka,Referral,2025-07-19
C01462,Customer 01462,Female,38,Chandigarh,Chandigarh,Social Media,2025-06-11
C01463,Customer 01463,Female,19,Surat,Gujarat,Direct,2024-11-24
C01464,Customer 01464,Male,31,Delhi,Delhi,Paid Search,2024-07-01
C01465,Customer 01465,Male,51,Delhi,Delhi,Social Media,2025-10-28
C01466,Customer 01466,Male,29,Mumbai,Maharashtra,Direct,2024-09-02
C01467,Customer 01467,Male,28,Chennai,Tamil Nadu,Paid Search,2025-03-24
C01468,Customer 01468,Male,42,Ahmedabad,Gujarat,Paid Search,2024-08-14
C01469,Customer 01469,Male,29,Ahmedabad,Gujarat,Social Media,2025-07-30
C01470,Customer 01470,Female,45,Bhopal,Madhya Pradesh,Social Media,2024-02-29
C01471,Customer 01471,Female,35,Ahmedabad,Gujarat,Social Media,2024-04-22
C01472,Customer 01472,Female,31,Patna,Bihar,Social Media,2024-12-04
C01473,Customer 01473,Female,22,Mumbai,Maharashtra,Email,2025-04-11
C01474,Customer 01474,Male,38,Delhi,Delhi,Direct,2025-05-16
C01475,Customer 01475,Female,52,Hyderabad,Telangana,Social Media,2025-11-07
C01476,Customer 01476,Male,28,Delhi,Delhi,Direct,2024-07-24
C01477,Customer 01477,Male,47,Chennai,Tamil Nadu,Social Media,2024-03-04
C01478,Customer 01478,Female,45,Ahmedabad,Gujarat,Direct,2024-12-28
C01479,Customer 01479,Male,18,Delhi,Delhi,Paid Search,2025-11-17
C01480,Customer 01480,Male,36,Coimbatore,Tamil Nadu,Email,2025-04-20
C01481,Customer 01481,Female,35,Lucknow,Uttar Pradesh,Email,2025-06-22
C01482,Customer 01482,Male,22,Bhopal,Madhya Pradesh,Direct,2025-03-16
C01483,Customer 01483,Female,35,Hyderabad,Telangana,Direct,2025-11-20
C01484,Customer 01484,Male,37,Mumbai,Maharashtra,Social Media,2025-12-04
C01485,Customer 01485,Male,25,Surat,Gujarat,Email,2024-04-14
C01486,Customer 01486,Male,48,Gurugram,Haryana,Referral,2024-06-05
C01487,Customer 01487,Female,32,Noida,Uttar Pradesh,Email,2024-08-24
C01488,Customer 01488,Female,42,Lucknow,Uttar Pradesh,Organic Search,2025-12-29
C01489,Customer 01489,Female,44,Ahmedabad,Gujarat,Paid Search,2025-01-26
C01490,Customer 01490,Female,51,Mumbai,Maharashtra,Social Media,2024-01-21
C01491,Customer 01491,Male,30,Indore,Madhya Pradesh,Organic Search,2025-08-30
C01492,Customer 01492,Male,39,Chennai,Tamil Nadu,Organic Search,2024-11-18
C01493,Customer 01493,Female,32,Kochi,Kerala,Email,2025-12-18
C01494,Customer 01494,Non-binary,38,Delhi,Delhi,Organic Search,2024-03-19
C01495,Customer 01495,Female,24,Lucknow,Uttar Pradesh,Email,2024-07-07
C01496,Customer 01496,Female,31,Chennai,Tamil Nadu,Direct,2025-10-04
C01497,Customer 01497,Female,30,Kolkata,West Bengal,Referral,2024-04-28
C01498,Customer 01498,Female,20,Bengaluru,Karnataka,Social Media,2024-02-25
C01499,Customer 01499,Male,35,Kolkata,West Bengal,Email,2025-05-15
C01500,Customer 01500,Male,35,Hyderabad,Telangana,Direct,2025-09-20
C01501,Customer 01501,Male,33,Coimbatore,Tamil Nadu,Organic Search,2024-06-29
C01502,Customer 01502,Male,48,Ahmedabad,Gujarat,Social Media,2025-02-05
C01503,Customer 01503,Male,48,Indore,Madhya Pradesh,Email,2025-06-26
C01504,Customer 01504,Female,21,Kolkata,West Bengal,Direct,2025-07-30
C01505,Customer 01505,Male,46,Noida,Uttar Pradesh,Social Media,2025-10-10
C01506,Customer 01506,Male,18,Jaipur,Rajasthan,Direct,2025-04-11
C01507,Customer 01507,Female,31,Coimbatore,Tamil Nadu,Social Media,2025-04-05
C01508,Customer 01508,Male,36,Pune,Maharashtra,Social Media,2025-01-24
C01509,Customer 01509,Male,43,Delhi,Delhi,Paid Search,2024-07-24
C01510,Customer 01510,Male,30,Gurugram,Haryana,Referral,2025-09-19
C01511,Customer 01511,Female,43,Delhi,Delhi,Email,2025-08-20
C01512,Customer 01512,Male,51,Chennai,Tamil Nadu,Organic Search,2025-01-13
C01513,Customer 01513,Female,37,Noida,Uttar Pradesh,Organic Search,2025-07-31
C01514,Customer 01514,Female,44,Lucknow,Uttar Pradesh,Referral,2024-01-14
C01515,Customer 01515,Female,23,Bengaluru,Karnataka,Direct,2024-04-06
C01516,Customer 01516,Female,36,Chennai,Tamil Nadu,Direct,2024-06-09
C01517,Customer 01517,Female,39,Hyderabad,Telangana,Email,2025-12-01
C01518,Customer 01518,Male,28,Nagpur,Maharashtra,Referral,2025-11-09
C01519,Customer 01519,Male,29,Bengaluru,Karnataka,Paid Search,2025-06-11
C01520,Customer 01520,Female,28,Mumbai,Maharashtra,Social Media,2025-10-25
C01521,Customer 01521,Female,29,Ahmedabad,Gujarat,Social Media,2025-10-23
C01522,Customer 01522,Male,45,Noida,Uttar Pradesh,Organic Search,2025-02-16
C01523,Customer 01523,Male,39,Hyderabad,Telangana,Social Media,2025-08-24
C01524,Customer 01524,Female,32,Bengaluru,Karnataka,Paid Search,2024-02-23
C01525,Customer 01525,Female,23,Lucknow,Uttar Pradesh,Email,2025-05-02
C01526,Customer 01526,Female,27,Surat,Gujarat,Organic Search,2025-10-26
C01527,Customer 01527,Male,30,Kochi,Kerala,Organic Search,2024-12-31
C01528,Customer 01528,Male,29,Delhi,Delhi,Social Media,2025-12-03
C01529,Customer 01529,Female,18,Bengaluru,Karnataka,Organic Search,2025-12-18
C01530,Customer 01530,Female,38,Surat,Gujarat,Direct,2025-07-29
C01531,Customer 01531,Female,42,Chennai,Tamil Nadu,Referral,2024-04-06
C01532,Customer 01532,Female,41,Delhi,Delhi,Paid Search,2025-11-14
C01533,Customer 01533,Male,27,Surat,Gujarat,Referral,2024-01-24
C01534,Customer 01534,Male,47,Indore,Madhya Pradesh,Direct,2024-03-26
C01535,Customer 01535,Female,32,Chandigarh,Chandigarh,Paid Search,2025-10-22
C01536,Customer 01536,Female,34,Chennai,Tamil Nadu,Social Media,2024-03-26
C01537,Customer 01537,Female,26,Hyderabad,Telangana,Organic Search,2025-04-21
C01538,Customer 01538,Female,38,Pune,Maharashtra,Paid Search,2024-01-22
C01539,Customer 01539,Male,50,Delhi,Delhi,Organic Search,2024-12-15
C01540,Customer 01540,Male,38,Noida,Uttar Pradesh,Social Media,2025-04-06
C01541,Customer 01541,Female,36,Delhi,Delhi,Referral,2025-11-27
C01542,Customer 01542,Female,27,Bengaluru,Karnataka,Paid Search,2025-09-19
C01543,Customer 01543,Female,28,Hyderabad,Telangana,Social Media,2024-11-02
C01544,Customer 01544,Female,39,Mumbai,Maharashtra,Organic Search,2025-10-18
C01545,Customer 01545,Male,32,Chennai,Tamil Nadu,Organic Search,2024-01-23
C01546,Customer 01546,Male,31,Hyderabad,Telangana,Paid Search,2024-09-23
C01547,Customer 01547,Male,43,Bhopal,Madhya Pradesh,Social Media,2024-10-19
C01548,Customer 01548,Male,39,Gurugram,Haryana,Organic Search,2025-12-07
C01549,Customer 01549,Male,33,Bengaluru,Karnataka,Email,2025-12-10
C01550,Customer 01550,Male,18,Patna,Bihar,Paid Search,2024-09-29
C01551,Customer 01551,Male,39,Indore,Madhya Pradesh,Organic Search,2024-12-27
C01552,Customer 01552,Female,40,Hyderabad,Telangana,Organic Search,2024-05-16
C01553,Customer 01553,Female,45,Gurugram,Haryana,Paid Search,2025-04-09
C01554,Customer 01554,Female,18,Chennai,Tamil Nadu,Organic Search,2025-02-25
C01555,Customer 01555,Male,49,Noida,Uttar Pradesh,Direct,2025-04-10
C01556,Customer 01556,Female,40,Kochi,Kerala,Social Media,2024-08-04
C01557,Customer 01557,Female,20,Kochi,Kerala,Social Media,2025-01-23
C01558,Customer 01558,Male,37,Bhopal,Madhya Pradesh,Email,2024-11-19
C01559,Customer 01559,Female,27,Mumbai,Maharashtra,Direct,2024-01-29
C01560,Customer 01560,Female,27,Bengaluru,Karnataka,Direct,2025-03-09
C01561,Customer 01561,Male,32,Surat,Gujarat,Direct,2024-04-21
C01562,Customer 01562,Male,27,Delhi,Delhi,Referral,2024-10-30
C01563,Customer 01563,Female,25,Coimbatore,Tamil Nadu,Organic Search,2025-06-04
C01564,Customer 01564,Male,42,Delhi,Delhi,Paid Search,2024-03-02
C01565,Customer 01565,Male,25,Lucknow,Uttar Pradesh,Referral,2024-08-01
C01566,Customer 01566,Male,27,Patna,Bihar,Organic Search,2025-04-04
C01567,Customer 01567,Female,22,Lucknow,Uttar Pradesh,Referral,2024-06-25
C01568,Customer 01568,Male,18,Hyderabad,Telangana,Social Media,2024-07-24
C01569,Customer 01569,Male,21,Hyderabad,Telangana,Email,2025-09-15
C01570,Customer 01570,Male,27,Bengaluru,Karnataka,Direct,2025-11-04
C01571,Customer 01571,Female,44,Delhi,Delhi,Referral,2025-01-22
C01572,Customer 01572,Female,18,Bengaluru,Karnataka,Paid Search,2025-12-12
C01573,Customer 01573,Male,53,Nagpur,Maharashtra,Email,2025-08-06
C01574,Customer 01574,Male,31,Coimbatore,Tamil Nadu,Direct,2025-01-28
C01575,Customer 01575,Female,18,Kochi,Kerala,Direct,2025-03-01
C01576,Customer 01576,Female,33,Bhopal,Madhya Pradesh,Paid Search,2024-07-02
C01577,Customer 01577,Male,18,Mumbai,Maharashtra,Social Media,2025-04-09
C01578,Customer 01578,Male,35,Pune,Maharashtra,Organic Search,2025-08-01
C01579,Customer 01579,Male,30,Bengaluru,Karnataka,Direct,2025-08-11
C01580,Customer 01580,Female,37,Pune,Maharashtra,Direct,2024-08-28
C01581,Customer 01581,Female,34,Delhi,Delhi,Direct,2025-01-08
C01582,Customer 01582,Male,47,Pune,Maharashtra,Email,2025-11-22
C01583,Customer 01583,Female,29,Surat,Gujarat,Email,2024-02-08
C01584,Customer 01584,Female,23,Lucknow,Uttar Pradesh,Paid Search,2024-05-31
C01585,Customer 01585,Male,29,Bengaluru,Karnataka,Referral,2024-09-26
C01586,Customer 01586,Female,33,Kolkata,West Bengal,Email,2025-06-01
C01587,Customer 01587,Male,35,Chennai,Tamil Nadu,Paid Search,2025-05-18
C01588,Customer 01588,Male,36,Mumbai,Maharashtra,Referral,2024-06-05
C01589,Customer 01589,Female,37,Ahmedabad,Gujarat,Organic Search,2025-01-01
C01590,Customer 01590,Male,43,Bengaluru,Karnataka,Organic Search,2024-11-13
C01591,Customer 01591,Male,31,Pune,Maharashtra,Organic Search,2025-08-06
C01592,Customer 01592,Male,34,Bengaluru,Karnataka,Referral,2024-08-23
C01593,Customer 01593,Non-binary,30,Chandigarh,Chandigarh,Direct,2024-12-09
C01594,Customer 01594,Male,33,Chandigarh,Chandigarh,Organic Search,2025-07-26
C01595,Customer 01595,Male,31,Pune,Maharashtra,Social Media,2024-12-27
C01596,Customer 01596,Male,37,Pune,Maharashtra,Organic Search,2024-10-03
C01597,Customer 01597,Female,25,Indore,Madhya Pradesh,Social Media,2024-07-12
C01598,Customer 01598,Female,31,Mumbai,Maharashtra,Email,2024-01-11
C01599,Customer 01599,Non-binary,28,Mumbai,Maharashtra,Social Media,2024-06-29
C01600,Customer 01600,Male,29,Surat,Gujarat,Referral,2024-11-01
C01601,Customer 01601,Female,31,Kolkata,West Bengal,Social Media,2024-01-07
C01602,Customer 01602,Female,36,Surat,Gujarat,Paid Search,2025-07-07
C01603,Customer 01603,Female,18,Delhi,Delhi,Organic Search,2025-08-27
C01604,Customer 01604,Male,42,Kolkata,West Bengal,Paid Search,2024-09-07
C01605,Customer 01605,Male,32,Noida,Uttar Pradesh,Referral,2025-09-24
C01606,Customer 01606,Female,31,Mumbai,Maharashtra,Email,2025-05-06
C01607,Customer 01607,Male,33,Mumbai,Maharashtra,Social Media,2024-06-05
C01608,Customer 01608,Female,44,Lucknow,Uttar Pradesh,Organic Search,2024-05-05
C01609,Customer 01609,Female,28,Patna,Bihar,Organic Search,2024-09-01
C01610,Customer 01610,Male,32,Ahmedabad,Gujarat,Paid Search,2025-10-27
C01611,Customer 01611,Male,41,Pune,Maharashtra,Organic Search,2025-10-04
C01612,Customer 01612,Male,19,Indore,Madhya Pradesh,Paid Search,2025-12-30
C01613,Customer 01613,Female,34,Delhi,Delhi,Paid Search,2024-09-03
C01614,Customer 01614,Male,25,Kolkata,West Bengal,Organic Search,2025-03-27
C01615,Customer 01615,Male,21,Bhopal,Madhya Pradesh,Email,2025-01-29
C01616,Customer 01616,Male,30,Indore,Madhya Pradesh,Organic Search,2025-03-24
C01617,Customer 01617,Male,18,Chennai,Tamil Nadu,Referral,2024-11-07
C01618,Customer 01618,Female,50,Delhi,Delhi,Organic Search,2025-06-24
C01619,Customer 01619,Female,50,Ahmedabad,Gujarat,Referral,2024-11-27
C01620,Customer 01620,Male,22,Patna,Bihar,Email,2024-09-09
C01621,Customer 01621,Male,19,Mumbai,Maharashtra,Referral,2024-09-04
C01622,Customer 01622,Male,33,Mumbai,Maharashtra,Social Media,2025-10-07
C01623,Customer 01623,Female,45,Chennai,Tamil Nadu,Referral,2024-02-25
C01624,Customer 01624,Female,25,Mumbai,Maharashtra,Paid Search,2025-10-25
C01625,Customer 01625,Male,41,Delhi,Delhi,Social Media,2025-01-19
C01626,Customer 01626,Male,37,Bhopal,Madhya Pradesh,Paid Search,2025-12-17
C01627,Customer 01627,Non-binary,39,Mumbai,Maharashtra,Paid Search,2024-09-16
C01628,Customer 01628,Female,40,Noida,Uttar Pradesh,Organic Search,2024-08-02
C01629,Customer 01629,Male,26,Delhi,Delhi,Organic Search,2025-04-25
C01630,Customer 01630,Male,32,Bengaluru,Karnataka,Referral,2025-12-29
C01631,Customer 01631,Male,27,Chandigarh,Chandigarh,Social Media,2024-09-05
C01632,Customer 01632,Female,32,Ahmedabad,Gujarat,Direct,2025-06-09
C01633,Customer 01633,Female,18,Chandigarh,Chandigarh,Organic Search,2025-06-19
C01634,Customer 01634,Male,33,Delhi,Delhi,Social Media,2025-10-08
C01635,Customer 01635,Male,29,Mumbai,Maharashtra,Referral,2025-12-20
C01636,Customer 01636,Male,23,Bengaluru,Karnataka,Email,2025-01-28
C01637,Customer 01637,Male,18,Bengaluru,Karnataka,Organic Search,2024-06-25
C01638,Customer 01638,Female,38,Hyderabad,Telangana,Organic Search,2024-03-08
C01639,Customer 01639,Male,33,Bengaluru,Karnataka,Organic Search,2024-06-15
C01640,Customer 01640,Male,33,Bengaluru,Karnataka,Organic Search,2024-11-07
C01641,Customer 01641,Female,21,Hyderabad,Telangana,Direct,2025-12-13
C01642,Customer 01642,Female,27,Delhi,Delhi,Email,2025-12-01
C01643,Customer 01643,Female,35,Kochi,Kerala,Social Media,2025-12-25
C01644,Customer 01644,Male,42,Bengaluru,Karnataka,Email,2024-01-25
C01645,Customer 01645,Female,49,Kolkata,West Bengal,Social Media,2025-03-31
C01646,Customer 01646,Female,40,Lucknow,Uttar Pradesh,Paid Search,2025-11-28
C01647,Customer 01647,Female,32,Ahmedabad,Gujarat,Direct,2024-11-17
C01648,Customer 01648,Male,35,Gurugram,Haryana,Referral,2025-01-03
C01649,Customer 01649,Male,41,Ahmedabad,Gujarat,Email,2024-02-09
C01650,Customer 01650,Female,36,Pune,Maharashtra,Email,2024-02-03
C01651,Customer 01651,Male,45,Chennai,Tamil Nadu,Referral,2024-10-03
C01652,Customer 01652,Male,35,Mumbai,Maharashtra,Referral,2025-04-29
C01653,Customer 01653,Female,40,Hyderabad,Telangana,Organic Search,2024-06-05
C01654,Customer 01654,Male,23,Lucknow,Uttar Pradesh,Organic Search,2024-09-09
C01655,Customer 01655,Female,36,Delhi,Delhi,Organic Search,2025-10-13
C01656,Customer 01656,Male,42,Chandigarh,Chandigarh,Organic Search,2025-01-09
C01657,Customer 01657,Female,28,Jaipur,Rajasthan,Direct,2025-10-11
C01658,Customer 01658,Female,37,Lucknow,Uttar Pradesh,Social Media,2025-06-03
C01659,Customer 01659,Male,34,Nagpur,Maharashtra,Social Media,2025-12-18
C01660,Customer 01660,Female,37,Delhi,Delhi,Referral,2025-03-27
C01661,Customer 01661,Female,23,Chennai,Tamil Nadu,Paid Search,2024-08-31
C01662,Customer 01662,Male,27,Kolkata,West Bengal,Social Media,2024-03-13
C01663,Customer 01663,Male,29,Pune,Maharashtra,Referral,2025-08-11
C01664,Customer 01664,Male,34,Lucknow,Uttar Pradesh,Paid Search,2025-08-02
C01665,Customer 01665,Female,18,Hyderabad,Telangana,Organic Search,2025-08-24
C01666,Customer 01666,Female,18,Ahmedabad,Gujarat,Organic Search,2025-04-10
C01667,Customer 01667,Male,39,Jaipur,Rajasthan,Referral,2024-07-03
C01668,Customer 01668,Male,29,Mumbai,Maharashtra,Organic Search,2024-05-03
C01669,Customer 01669,Male,27,Kolkata,West Bengal,Referral,2024-08-07
C01670,Customer 01670,Female,38,Hyderabad,Telangana,Direct,2025-04-10
C01671,Customer 01671,Female,36,Surat,Gujarat,Email,2024-10-14
C01672,Customer 01672,Female,21,Pune,Maharashtra,Organic Search,2024-02-10
C01673,Customer 01673,Female,35,Lucknow,Uttar Pradesh,Social Media,2025-08-28
C01674,Customer 01674,Female,44,Chandigarh,Chandigarh,Social Media,2025-06-29
C01675,Customer 01675,Female,37,Ahmedabad,Gujarat,Email,2025-11-10
C01676,Customer 01676,Female,32,Delhi,Delhi,Organic Search,2025-09-18
C01677,Customer 01677,Female,22,Coimbatore,Tamil Nadu,Email,2024-12-09
C01678,Customer 01678,Female,30,Gurugram,Haryana,Social Media,2025-06-18
C01679,Customer 01679,Female,43,Pune,Maharashtra,Social Media,2024-08-13
C01680,Customer 01680,Male,32,Bengaluru,Karnataka,Social Media,2025-11-30
C01681,Customer 01681,Male,27,Pune,Maharashtra,Paid Search,2025-08-25
C01682,Customer 01682,Male,23,Surat,Gujarat,Direct,2024-08-22
C01683,Customer 01683,Female,18,Kolkata,West Bengal,Social Media,2025-10-02
C01684,Customer 01684,Female,38,Ahmedabad,Gujarat,Paid Search,2025-11-15
C01685,Customer 01685,Male,48,Delhi,Delhi,Social Media,2025-09-27
C01686,Customer 01686,Male,24,Mumbai,Maharashtra,Referral,2025-01-03
C01687,Customer 01687,Male,29,Ahmedabad,Gujarat,Organic Search,2025-10-26
C01688,Customer 01688,Male,33,Delhi,Delhi,Email,2025-06-12
C01689,Customer 01689,Female,32,Bengaluru,Karnataka,Organic Search,2024-04-26
C01690,Customer 01690,Male,22,Ahmedabad,Gujarat,Organic Search,2025-03-12
C01691,Customer 01691,Female,36,Jaipur,Rajasthan,Email,2025-04-14
C01692,Customer 01692,Female,19,Mumbai,Maharashtra,Direct,2024-09-10
C01693,Customer 01693,Female,27,Pune,Maharashtra,Direct,2024-11-28
C01694,Customer 01694,Male,45,Nagpur,Maharashtra,Paid Search,2024-01-01
C01695,Customer 01695,Male,31,Hyderabad,Telangana,Organic Search,2025-12-14
C01696,Customer 01696,Female,36,Patna,Bihar,Direct,2025-09-16
C01697,Customer 01697,Female,25,Pune,Maharashtra,Social Media,2025-02-24
C01698,Customer 01698,Female,42,Bhopal,Madhya Pradesh,Organic Search,2024-11-02
C01699,Customer 01699,Female,48,Chennai,Tamil Nadu,Organic Search,2025-01-01
C01700,Customer 01700,Female,32,Bengaluru,Karnataka,Social Media,2025-10-19
C01701,Customer 01701,Male,37,Bengaluru,Karnataka,Paid Search,2024-04-03
C01702,Customer 01702,Female,49,Nagpur,Maharashtra,Social Media,2024-06-21
C01703,Customer 01703,Female,29,Chennai,Tamil Nadu,Social Media,2024-02-03
C01704,Customer 01704,Female,43,Pune,Maharashtra,Direct,2024-05-30
C01705,Customer 01705,Non-binary,22,Coimbatore,Tamil Nadu,Organic Search,2024-07-08
C01706,Customer 01706,Female,18,Chennai,Tamil Nadu,Organic Search,2024-06-17
C01707,Customer 01707,Male,21,Gurugram,Haryana,Organic Search,2025-04-23
C01708,Customer 01708,Female,39,Mumbai,Maharashtra,Organic Search,2024-05-19
C01709,Customer 01709,Female,26,Kolkata,West Bengal,Organic Search,2024-08-10
C01710,Customer 01710,Female,39,Jaipur,Rajasthan,Paid Search,2024-12-24
C01711,Customer 01711,Male,49,Hyderabad,Telangana,Paid Search,2024-12-21
C01712,Customer 01712,Female,34,Mumbai,Maharashtra,Social Media,2024-08-02
C01713,Customer 01713,Female,27,Noida,Uttar Pradesh,Social Media,2024-01-28
C01714,Customer 01714,Male,37,Noida,Uttar Pradesh,Organic Search,2024-05-21
C01715,Customer 01715,Male,29,Chennai,Tamil Nadu,Social Media,2025-05-30
C01716,Customer 01716,Male,30,Chandigarh,Chandigarh,Organic Search,2025-03-23
C01717,Customer 01717,Male,26,Coimbatore,Tamil Nadu,Organic Search,2024-09-08
C01718,Customer 01718,Female,25,Jaipur,Rajasthan,Direct,2025-08-22
C01719,Customer 01719,Female,22,Mumbai,Maharashtra,Referral,2024-06-14
C01720,Customer 01720,Male,22,Kolkata,West Bengal,Referral,2024-03-13
C01721,Customer 01721,Female,38,Mumbai,Maharashtra,Organic Search,2024-09-09
C01722,Customer 01722,Female,34,Pune,Maharashtra,Direct,2025-02-08
C01723,Customer 01723,Female,25,Bengaluru,Karnataka,Paid Search,2025-11-28
C01724,Customer 01724,Male,18,Hyderabad,Telangana,Paid Search,2025-06-11
C01725,Customer 01725,Female,33,Chennai,Tamil Nadu,Direct,2024-11-18
C01726,Customer 01726,Female,48,Chandigarh,Chandigarh,Paid Search,2025-11-14
C01727,Customer 01727,Female,37,Kolkata,West Bengal,Email,2024-04-02
C01728,Customer 01728,Male,38,Chennai,Tamil Nadu,Referral,2024-11-17
C01729,Customer 01729,Female,42,Jaipur,Rajasthan,Paid Search,2024-12-19
C01730,Customer 01730,Female,47,Bengaluru,Karnataka,Social Media,2024-09-27
C01731,Customer 01731,Female,24,Nagpur,Maharashtra,Organic Search,2025-06-05
C01732,Customer 01732,Female,29,Mumbai,Maharashtra,Organic Search,2024-10-09
C01733,Customer 01733,Male,30,Indore,Madhya Pradesh,Social Media,2024-05-27
C01734,Customer 01734,Female,36,Mumbai,Maharashtra,Social Media,2025-09-09
C01735,Customer 01735,Female,34,Bengaluru,Karnataka,Organic Search,2025-08-03
C01736,Customer 01736,Female,34,Bengaluru,Karnataka,Organic Search,2024-10-02
C01737,Customer 01737,Female,32,Ahmedabad,Gujarat,Paid Search,2024-05-22
C01738,Customer 01738,Male,33,Pune,Maharashtra,Social Media,2024-12-24
C01739,Customer 01739,Male,48,Bengaluru,Karnataka,Paid Search,2024-04-10
C01740,Customer 01740,Male,28,Chandigarh,Chandigarh,Referral,2024-11-25
C01741,Customer 01741,Female,35,Pune,Maharashtra,Direct,2024-09-05
C01742,Customer 01742,Female,48,Delhi,Delhi,Direct,2025-10-19
C01743,Customer 01743,Male,33,Kolkata,West Bengal,Paid Search,2024-02-07
C01744,Customer 01744,Male,18,Delhi,Delhi,Paid Search,2024-07-20
C01745,Customer 01745,Male,45,Chandigarh,Chandigarh,Social Media,2024-09-21
C01746,Customer 01746,Male,36,Kochi,Kerala,Social Media,2025-04-15
C01747,Customer 01747,Male,38,Coimbatore,Tamil Nadu,Email,2025-12-20
C01748,Customer 01748,Female,19,Kolkata,West Bengal,Organic Search,2025-10-29
C01749,Customer 01749,Female,30,Jaipur,Rajasthan,Email,2025-02-10
C01750,Customer 01750,Female,18,Ahmedabad,Gujarat,Social Media,2024-07-11
C01751,Customer 01751,Male,34,Gurugram,Haryana,Direct,2024-06-14
C01752,Customer 01752,Male,24,Chennai,Tamil Nadu,Referral,2024-05-19
C01753,Customer 01753,Male,27,Noida,Uttar Pradesh,Paid Search,2025-08-03
C01754,Customer 01754,Female,38,Delhi,Delhi,Email,2025-10-22
C01755,Customer 01755,Female,34,Bengaluru,Karnataka,Referral,2025-03-14
C01756,Customer 01756,Female,19,Patna,Bihar,Referral,2025-12-20
C01757,Customer 01757,Female,31,Indore,Madhya Pradesh,Organic Search,2025-02-05
C01758,Customer 01758,Female,42,Bengaluru,Karnataka,Email,2025-02-02
C01759,Customer 01759,Non-binary,25,Surat,Gujarat,Organic Search,2024-01-05
C01760,Customer 01760,Female,31,Bengaluru,Karnataka,Organic Search,2024-11-04
C01761,Customer 01761,Male,22,Lucknow,Uttar Pradesh,Paid Search,2025-01-31
C01762,Customer 01762,Female,30,Mumbai,Maharashtra,Social Media,2024-08-15
C01763,Customer 01763,Female,30,Hyderabad,Telangana,Organic Search,2024-02-10
C01764,Customer 01764,Female,25,Patna,Bihar,Referral,2025-10-23
C01765,Customer 01765,Male,39,Patna,Bihar,Direct,2024-02-05
C01766,Customer 01766,Female,32,Nagpur,Maharashtra,Organic Search,2024-08-11
C01767,Customer 01767,Male,34,Coimbatore,Tamil Nadu,Organic Search,2025-12-23
C01768,Customer 01768,Male,34,Kolkata,West Bengal,Email,2025-02-25
C01769,Customer 01769,Male,27,Gurugram,Haryana,Social Media,2024-04-12
C01770,Customer 01770,Female,31,Kochi,Kerala,Organic Search,2025-09-06
C01771,Customer 01771,Female,18,Jaipur,Rajasthan,Referral,2024-01-24
C01772,Customer 01772,Female,18,Mumbai,Maharashtra,Direct,2024-05-10
C01773,Customer 01773,Female,40,Bengaluru,Karnataka,Direct,2024-10-05
C01774,Customer 01774,Male,30,Chennai,Tamil Nadu,Referral,2025-03-07
C01775,Customer 01775,Female,37,Noida,Uttar Pradesh,Paid Search,2025-04-02
C01776,Customer 01776,Male,40,Bhopal,Madhya Pradesh,Referral,2024-06-17
C01777,Customer 01777,Male,18,Noida,Uttar Pradesh,Paid Search,2025-05-04
C01778,Customer 01778,Female,37,Mumbai,Maharashtra,Social Media,2024-10-16
C01779,Customer 01779,Female,31,Delhi,Delhi,Social Media,2025-02-16
C01780,Customer 01780,Female,26,Indore,Madhya Pradesh,Organic Search,2025-07-26
C01781,Customer 01781,Female,45,Mumbai,Maharashtra,Social Media,2025-11-21
C01782,Customer 01782,Male,43,Mumbai,Maharashtra,Referral,2024-03-23
C01783,Customer 01783,Male,46,Kolkata,West Bengal,Paid Search,2025-06-09
C01784,Customer 01784,Female,34,Gurugram,Haryana,Social Media,2024-09-23
C01785,Customer 01785,Female,33,Delhi,Delhi,Direct,2025-08-02
C01786,Customer 01786,Female,37,Pune,Maharashtra,Referral,2025-06-01
C01787,Customer 01787,Male,35,Pune,Maharashtra,Referral,2025-03-19
C01788,Customer 01788,Male,30,Mumbai,Maharashtra,Paid Search,2025-09-17
C01789,Customer 01789,Female,33,Bengaluru,Karnataka,Referral,2024-10-19
C01790,Customer 01790,Female,39,Pune,Maharashtra,Paid Search,2024-01-01
C01791,Customer 01791,Male,32,Delhi,Delhi,Direct,2024-09-08
C01792,Customer 01792,Female,24,Bengaluru,Karnataka,Paid Search,2025-06-03
C01793,Customer 01793,Female,25,Mumbai,Maharashtra,Organic Search,2025-08-04
C01794,Customer 01794,Non-binary,18,Noida,Uttar Pradesh,Organic Search,2024-11-19
C01795,Customer 01795,Female,41,Chennai,Tamil Nadu,Direct,2025-09-18
C01796,Customer 01796,Female,35,Kochi,Kerala,Referral,2025-12-28
C01797,Customer 01797,Male,41,Mumbai,Maharashtra,Organic Search,2025-11-24
C01798,Customer 01798,Female,18,Chandigarh,Chandigarh,Direct,2025-06-26
C01799,Customer 01799,Male,32,Bengaluru,Karnataka,Social Media,2024-07-08
C01800,Customer 01800,Female,36,Pune,Maharashtra,Referral,2024-09-12
C01801,Customer 01801,Female,25,Delhi,Delhi,Paid Search,2024-01-28
C01802,Customer 01802,Male,31,Mumbai,Maharashtra,Social Media,2025-11-07
C01803,Customer 01803,Male,19,Pune,Maharashtra,Direct,2024-06-05
C01804,Customer 01804,Male,20,Ahmedabad,Gujarat,Referral,2025-10-10
C01805,Customer 01805,Female,37,Mumbai,Maharashtra,Paid Search,2025-03-19
C01806,Customer 01806,Female,18,Gurugram,Haryana,Referral,2025-04-15
C01807,Customer 01807,Female,27,Bhopal,Madhya Pradesh,Organic Search,2025-11-14
C01808,Customer 01808,Male,37,Ahmedabad,Gujarat,Email,2024-12-10
C01809,Customer 01809,Female,23,Chennai,Tamil Nadu,Social Media,2025-08-05
C01810,Customer 01810,Male,38,Indore,Madhya Pradesh,Organic Search,2024-01-22
C01811,Customer 01811,Male,18,Kolkata,West Bengal,Organic Search,2025-04-16
C01812,Customer 01812,Female,34,Bengaluru,Karnataka,Email,2025-10-03
C01813,Customer 01813,Male,38,Delhi,Delhi,Organic Search,2025-04-30
C01814,Customer 01814,Male,30,Mumbai,Maharashtra,Referral,2025-04-09
C01815,Customer 01815,Male,46,Coimbatore,Tamil Nadu,Social Media,2024-07-31
C01816,Customer 01816,Female,37,Delhi,Delhi,Paid Search,2024-12-02
C01817,Customer 01817,Female,30,Ahmedabad,Gujarat,Email,2024-08-04
C01818,Customer 01818,Female,43,Hyderabad,Telangana,Direct,2024-05-30
C01819,Customer 01819,Non-binary,20,Lucknow,Uttar Pradesh,Organic Search,2025-01-01
C01820,Customer 01820,Female,25,Ahmedabad,Gujarat,Email,2024-04-03
C01821,Customer 01821,Female,25,Bengaluru,Karnataka,Direct,2024-04-18
C01822,Customer 01822,Male,36,Hyderabad,Telangana,Social Media,2024-11-20
C01823,Customer 01823,Male,18,Chennai,Tamil Nadu,Paid Search,2024-06-03
C01824,Customer 01824,Male,35,Mumbai,Maharashtra,Paid Search,2025-03-19
C01825,Customer 01825,Male,22,Gurugram,Haryana,Direct,2025-02-26
C01826,Customer 01826,Male,39,Jaipur,Rajasthan,Organic Search,2025-02-04
C01827,Customer 01827,Female,31,Hyderabad,Telangana,Referral,2025-06-10
C01828,Customer 01828,Female,35,Indore,Madhya Pradesh,Organic Search,2024-07-26
C01829,Customer 01829,Female,35,Pune,Maharashtra,Email,2024-11-21
C01830,Customer 01830,Female,37,Noida,Uttar Pradesh,Paid Search,2025-09-21
C01831,Customer 01831,Male,24,Lucknow,Uttar Pradesh,Organic Search,2024-06-22
C01832,Customer 01832,Male,31,Chennai,Tamil Nadu,Social Media,2025-07-07
C01833,Customer 01833,Female,30,Delhi,Delhi,Email,2024-07-30
C01834,Customer 01834,Male,37,Delhi,Delhi,Paid Search,2025-04-23
C01835,Customer 01835,Male,34,Pune,Maharashtra,Social Media,2025-10-29
C01836,Customer 01836,Male,45,Delhi,Delhi,Referral,2024-05-18
C01837,Customer 01837,Female,27,Noida,Uttar Pradesh,Direct,2024-08-07
C01838,Customer 01838,Male,24,Chennai,Tamil Nadu,Social Media,2024-03-15
C01839,Customer 01839,Female,29,Delhi,Delhi,Paid Search,2024-12-08
C01840,Customer 01840,Female,34,Delhi,Delhi,Social Media,2024-01-04
C01841,Customer 01841,Female,18,Noida,Uttar Pradesh,Direct,2025-01-10
C01842,Customer 01842,Female,34,Bengaluru,Karnataka,Email,2025-09-27
C01843,Customer 01843,Male,22,Pune,Maharashtra,Organic Search,2025-09-09
C01844,Customer 01844,Non-binary,33,Bhopal,Madhya Pradesh,Direct,2024-04-11
C01845,Customer 01845,Female,26,Noida,Uttar Pradesh,Organic Search,2025-03-04
C01846,Customer 01846,Female,26,Kolkata,West Bengal,Organic Search,2025-01-17
C01847,Customer 01847,Female,32,Bengaluru,Karnataka,Organic Search,2025-07-29
C01848,Customer 01848,Male,18,Hyderabad,Telangana,Referral,2025-09-01
C01849,Customer 01849,Male,40,Bengaluru,Karnataka,Referral,2025-12-08
C01850,Customer 01850,Male,36,Ahmedabad,Gujarat,Direct,2025-05-28
C01851,Customer 01851,Male,20,Bengaluru,Karnataka,Paid Search,2024-10-03
C01852,Customer 01852,Male,38,Delhi,Delhi,Social Media,2025-12-24
C01853,Customer 01853,Male,31,Ahmedabad,Gujarat,Paid Search,2024-08-24
C01854,Customer 01854,Female,32,Gurugram,Haryana,Paid Search,2025-12-02
C01855,Customer 01855,Female,18,Hyderabad,Telangana,Direct,2024-03-04
C01856,Customer 01856,Female,34,Pune,Maharashtra,Referral,2024-04-17
C01857,Customer 01857,Male,42,Chandigarh,Chandigarh,Direct,2024-07-17
C01858,Customer 01858,Male,32,Kochi,Kerala,Social Media,2025-04-02
C01859,Customer 01859,Male,29,Delhi,Delhi,Email,2024-08-10
C01860,Customer 01860,Female,34,Patna,Bihar,Email,2025-10-21
C01861,Customer 01861,Male,30,Lucknow,Uttar Pradesh,Email,2025-09-23
C01862,Customer 01862,Female,29,Kolkata,West Bengal,Email,2025-08-03
C01863,Customer 01863,Female,18,Ahmedabad,Gujarat,Direct,2025-05-08
C01864,Customer 01864,Female,37,Lucknow,Uttar Pradesh,Social Media,2024-12-02
C01865,Customer 01865,Female,21,Chennai,Tamil Nadu,Email,2025-02-02
C01866,Customer 01866,Female,45,Kolkata,West Bengal,Organic Search,2024-12-17
C01867,Customer 01867,Male,34,Pune,Maharashtra,Organic Search,2025-09-16
C01868,Customer 01868,Male,25,Delhi,Delhi,Social Media,2024-06-11
C01869,Customer 01869,Male,34,Jaipur,Rajasthan,Referral,2025-04-19
C01870,Customer 01870,Female,26,Jaipur,Rajasthan,Email,2025-01-21
C01871,Customer 01871,Male,43,Kolkata,West Bengal,Social Media,2024-04-15
C01872,Customer 01872,Non-binary,44,Bengaluru,Karnataka,Paid Search,2024-11-12
C01873,Customer 01873,Female,18,Mumbai,Maharashtra,Direct,2024-09-04
C01874,Customer 01874,Male,40,Delhi,Delhi,Direct,2024-10-03
C01875,Customer 01875,Female,41,Kolkata,West Bengal,Organic Search,2025-05-21
C01876,Customer 01876,Female,23,Delhi,Delhi,Organic Search,2024-05-17
C01877,Customer 01877,Male,24,Delhi,Delhi,Paid Search,2025-06-26
C01878,Customer 01878,Female,25,Hyderabad,Telangana,Direct,2025-06-27
C01879,Customer 01879,Male,40,Gurugram,Haryana,Social Media,2024-05-28
C01880,Customer 01880,Female,23,Bengaluru,Karnataka,Social Media,2024-08-14
C01881,Customer 01881,Male,19,Mumbai,Maharashtra,Referral,2024-11-24
C01882,Customer 01882,Female,19,Bengaluru,Karnataka,Social Media,2025-08-24
C01883,Customer 01883,Male,40,Bengaluru,Karnataka,Paid Search,2025-03-18
C01884,Customer 01884,Female,35,Hyderabad,Telangana,Referral,2024-09-27
C01885,Customer 01885,Male,30,Lucknow,Uttar Pradesh,Direct,2024-04-26
C01886,Customer 01886,Female,18,Hyderabad,Telangana,Organic Search,2024-11-02
C01887,Customer 01887,Female,30,Kolkata,West Bengal,Organic Search,2024-10-01
C01888,Customer 01888,Male,28,Bengaluru,Karnataka,Direct,2024-08-01
C01889,Customer 01889,Male,47,Bengaluru,Karnataka,Email,2024-02-16
C01890,Customer 01890,Male,25,Kolkata,West Bengal,Referral,2025-04-01
C01891,Customer 01891,Male,22,Pune,Maharashtra,Organic Search,2025-12-03
C01892,Customer 01892,Female,18,Chandigarh,Chandigarh,Social Media,2024-04-06
C01893,Customer 01893,Female,43,Mumbai,Maharashtra,Email,2025-10-16
C01894,Customer 01894,Male,33,Chennai,Tamil Nadu,Referral,2025-06-04
C01895,Customer 01895,Female,52,Bengaluru,Karnataka,Organic Search,2024-05-11
C01896,Customer 01896,Female,39,Noida,Uttar Pradesh,Direct,2024-05-10
C01897,Customer 01897,Male,35,Kolkata,West Bengal,Organic Search,2024-11-04
C01898,Customer 01898,Female,31,Mumbai,Maharashtra,Organic Search,2025-12-30
C01899,Customer 01899,Male,38,Kolkata,West Bengal,Organic Search,2025-01-30
C01900,Customer 01900,Female,35,Chennai,Tamil Nadu,Referral,2024-02-16
C01901,Customer 01901,Female,42,Surat,Gujarat,Referral,2024-03-12
C01902,Customer 01902,Male,36,Ahmedabad,Gujarat,Social Media,2024-03-14
C01903,Customer 01903,Female,32,Mumbai,Maharashtra,Paid Search,2025-12-17
C01904,Customer 01904,Male,33,Hyderabad,Telangana,Organic Search,2024-05-05
C01905,Customer 01905,Female,39,Pune,Maharashtra,Direct,2024-03-24
C01906,Customer 01906,Female,36,Chandigarh,Chandigarh,Organic Search,2024-07-08
C01907,Customer 01907,Female,27,Hyderabad,Telangana,Organic Search,2025-09-21
C01908,Customer 01908,Male,31,Kolkata,West Bengal,Social Media,2024-02-08
C01909,Customer 01909,Male,25,Mumbai,Maharashtra,Paid Search,2024-03-16
C01910,Customer 01910,Male,27,Ahmedabad,Gujarat,Referral,2025-07-03
C01911,Customer 01911,Male,35,Surat,Gujarat,Organic Search,2025-12-30
C01912,Customer 01912,Female,21,Bengaluru,Karnataka,Social Media,2025-02-18
C01913,Customer 01913,Female,33,Delhi,Delhi,Organic Search,2024-03-13
C01914,Customer 01914,Male,18,Delhi,Delhi,Organic Search,2024-05-26
C01915,Customer 01915,Female,29,Kochi,Kerala,Paid Search,2024-09-23
C01916,Customer 01916,Male,34,Noida,Uttar Pradesh,Social Media,2025-09-27
C01917,Customer 01917,Female,22,Hyderabad,Telangana,Direct,2025-12-09
C01918,Customer 01918,Female,25,Indore,Madhya Pradesh,Referral,2024-02-05
C01919,Customer 01919,Female,22,Ahmedabad,Gujarat,Social Media,2024-07-19
C01920,Customer 01920,Male,33,Mumbai,Maharashtra,Referral,2025-05-24
C01921,Customer 01921,Female,21,Noida,Uttar Pradesh,Social Media,2025-06-10
C01922,Customer 01922,Male,18,Jaipur,Rajasthan,Social Media,2024-11-10
C01923,Customer 01923,Female,21,Pune,Maharashtra,Organic Search,2024-06-17
C01924,Customer 01924,Male,39,Bengaluru,Karnataka,Organic Search,2025-06-06
C01925,Customer 01925,Male,22,Lucknow,Uttar Pradesh,Referral,2024-05-30
C01926,Customer 01926,Male,36,Mumbai,Maharashtra,Social Media,2025-02-18
C01927,Customer 01927,Female,18,Mumbai,Maharashtra,Direct,2025-08-22
C01928,Customer 01928,Female,18,Mumbai,Maharashtra,Direct,2025-04-01
C01929,Customer 01929,Male,32,Bengaluru,Karnataka,Social Media,2025-10-29
C01930,Customer 01930,Male,26,Ahmedabad,Gujarat,Referral,2025-03-17
C01931,Customer 01931,Male,20,Kolkata,West Bengal,Paid Search,2025-05-15
C01932,Customer 01932,Male,65,Delhi,Delhi,Organic Search,2024-07-04
C01933,Customer 01933,Male,22,Bengaluru,Karnataka,Paid Search,2025-03-30
C01934,Customer 01934,Male,28,Ahmedabad,Gujarat,Referral,2024-11-13
C01935,Customer 01935,Male,25,Bengaluru,Karnataka,Referral,2025-07-05
C01936,Customer 01936,Female,18,Bengaluru,Karnataka,Social Media,2024-03-10
C01937,Customer 01937,Male,39,Surat,Gujarat,Direct,2025-12-23
C01938,Customer 01938,Male,38,Ahmedabad,Gujarat,Social Media,2024-11-13
C01939,Customer 01939,Male,25,Jaipur,Rajasthan,Organic Search,2024-05-19
C01940,Customer 01940,Female,53,Noida,Uttar Pradesh,Referral,2025-09-18
C01941,Customer 01941,Male,45,Kochi,Kerala,Social Media,2025-01-18
C01942,Customer 01942,Male,18,Delhi,Delhi,Paid Search,2024-03-12
C01943,Customer 01943,Male,18,Coimbatore,Tamil Nadu,Paid Search,2024-06-13
C01944,Customer 01944,Female,49,Chandigarh,Chandigarh,Email,2025-03-14
C01945,Customer 01945,Male,26,Lucknow,Uttar Pradesh,Social Media,2025-05-21
C01946,Customer 01946,Female,45,Delhi,Delhi,Organic Search,2025-12-22
C01947,Customer 01947,Female,38,Jaipur,Rajasthan,Organic Search,2024-04-09
C01948,Customer 01948,Female,25,Bengaluru,Karnataka,Direct,2024-06-19
C01949,Customer 01949,Male,35,Hyderabad,Telangana,Paid Search,2025-07-30
C01950,Customer 01950,Male,34,Chennai,Tamil Nadu,Organic Search,2024-02-22
C01951,Customer 01951,Female,22,Indore,Madhya Pradesh,Email,2024-12-08
C01952,Customer 01952,Male,29,Patna,Bihar,Direct,2025-03-25
C01953,Customer 01953,Male,40,Indore,Madhya Pradesh,Direct,2024-08-01
C01954,Customer 01954,Female,37,Pune,Maharashtra,Referral,2024-11-23
C01955,Customer 01955,Male,43,Bengaluru,Karnataka,Paid Search,2024-06-02
C01956,Customer 01956,Female,33,Kolkata,West Bengal,Social Media,2024-05-07
C01957,Customer 01957,Female,40,Bengaluru,Karnataka,Organic Search,2024-10-18
C01958,Customer 01958,Female,30,Mumbai,Maharashtra,Email,2024-12-20
C01959,Customer 01959,Female,18,Ahmedabad,Gujarat,Social Media,2025-02-25
C01960,Customer 01960,Female,32,Pune,Maharashtra,Email,2025-12-28
C01961,Customer 01961,Female,39,Indore,Madhya Pradesh,Referral,2025-04-09
C01962,Customer 01962,Male,53,Hyderabad,Telangana,Direct,2024-11-12
C01963,Customer 01963,Female,31,Mumbai,Maharashtra,Paid Search,2025-05-29
C01964,Customer 01964,Male,30,Hyderabad,Telangana,Organic Search,2024-10-07
C01965,Customer 01965,Female,18,Noida,Uttar Pradesh,Direct,2025-10-18
C01966,Customer 01966,Male,26,Hyderabad,Telangana,Email,2025-08-09
C01967,Customer 01967,Male,22,Ahmedabad,Gujarat,Organic Search,2024-05-12
C01968,Customer 01968,Male,37,Kochi,Kerala,Referral,2024-07-03
C01969,Customer 01969,Male,22,Pune,Maharashtra,Paid Search,2025-09-23
C01970,Customer 01970,Female,40,Mumbai,Maharashtra,Organic Search,2024-01-13
C01971,Customer 01971,Male,23,Kochi,Kerala,Organic Search,2024-12-06
C01972,Customer 01972,Male,35,Mumbai,Maharashtra,Organic Search,2024-12-15
C01973,Customer 01973,Male,47,Hyderabad,Telangana,Referral,2025-07-05
C01974,Customer 01974,Male,34,Gurugram,Haryana,Social Media,2024-09-17
C01975,Customer 01975,Male,37,Delhi,Delhi,Social Media,2024-01-18
C01976,Customer 01976,Male,54,Jaipur,Rajasthan,Organic Search,2025-02-02
C01977,Customer 01977,Male,45,Gurugram,Haryana,Direct,2024-11-28
C01978,Customer 01978,Male,18,Mumbai,Maharashtra,Social Media,2025-01-22
C01979,Customer 01979,Male,24,Pune,Maharashtra,Social Media,2024-02-02
C01980,Customer 01980,Male,60,Bengaluru,Karnataka,Direct,2025-08-27
C01981,Customer 01981,Female,41,Pune,Maharashtra,Paid Search,2025-03-16
C01982,Customer 01982,Male,30,Surat,Gujarat,Direct,2024-07-30
C01983,Customer 01983,Male,51,Noida,Uttar Pradesh,Organic Search,2025-02-06
C01984,Customer 01984,Female,21,Chennai,Tamil Nadu,Paid Search,2025-02-15
C01985,Customer 01985,Female,29,Pune,Maharashtra,Social Media,2024-07-25
C01986,Customer 01986,Male,40,Bhopal,Madhya Pradesh,Social Media,2025-10-26
C01987,Customer 01987,Non-binary,40,Chandigarh,Chandigarh,Email,2025-10-04
C01988,Customer 01988,Female,39,Delhi,Delhi,Organic Search,2025-07-19
C01989,Customer 01989,Male,33,Bengaluru,Karnataka,Social Media,2025-07-02
C01990,Customer 01990,Male,42,Delhi,Delhi,Paid Search,2024-08-11
C01991,Customer 01991,Male,30,Kolkata,West Bengal,Paid Search,2025-02-23
C01992,Customer 01992,Male,36,Kochi,Kerala,Email,2025-07-04
C01993,Customer 01993,Female,51,Mumbai,Maharashtra,Referral,2025-09-30
C01994,Customer 01994,Male,42,Delhi,Delhi,Organic Search,2024-02-13
C01995,Customer 01995,Female,25,Delhi,Delhi,Paid Search,2025-05-25
C01996,Customer 01996,Female,35,Lucknow,Uttar Pradesh,Direct,2025-09-17
C01997,Customer 01997,Male,36,Pune,Maharashtra,Paid Search,2024-05-04
C01998,Customer 01998,Male,32,Chennai,Tamil Nadu,Organic Search,2024-03-26
C01999,Customer 01999,Male,40,Kolkata,West Bengal,Paid Search,2025-11-27
C02000,Customer 02000,Female,18,Chennai,Tamil Nadu,Email,2025-05-12
C02001,Customer 02001,Female,32,Chennai,Tamil Nadu,Direct,2024-06-18
C02002,Customer 02002,Male,18,Delhi,Delhi,Referral,2025-03-26
C02003,Customer 02003,Female,46,Bengaluru,Karnataka,Paid Search,2024-04-06
C02004,Customer 02004,Male,37,Pune,Maharashtra,Referral,2024-10-27
C02005,Customer 02005,Female,48,Mumbai,Maharashtra,Social Media,2024-04-27
C02006,Customer 02006,Male,43,Ahmedabad,Gujarat,Direct,2025-09-15
C02007,Customer 02007,Female,30,Delhi,Delhi,Referral,2025-08-20
C02008,Customer 02008,Male,18,Mumbai,Maharashtra,Organic Search,2025-02-20
C02009,Customer 02009,Female,30,Bengaluru,Karnataka,Email,2025-01-05
C02010,Customer 02010,Male,39,Bengaluru,Karnataka,Referral,2025-07-17
C02011,Customer 02011,Male,36,Mumbai,Maharashtra,Paid Search,2024-08-01
C02012,Customer 02012,Male,35,Chandigarh,Chandigarh,Paid Search,2025-03-19
C02013,Customer 02013,Female,26,Coimbatore,Tamil Nadu,Referral,2024-10-25
C02014,Customer 02014,Female,30,Kolkata,West Bengal,Email,2025-07-16
C02015,Customer 02015,Female,18,Kolkata,West Bengal,Social Media,2024-01-14
C02016,Customer 02016,Female,48,Gurugram,Haryana,Organic Search,2025-07-28
C02017,Customer 02017,Female,42,Delhi,Delhi,Paid Search,2024-08-12
C02018,Customer 02018,Female,18,Coimbatore,Tamil Nadu,Organic Search,2025-08-06
C02019,Customer 02019,Male,20,Bengaluru,Karnataka,Direct,2025-03-15
C02020,Customer 02020,Male,35,Indore,Madhya Pradesh,Email,2025-11-14
C02021,Customer 02021,Female,23,Lucknow,Uttar Pradesh,Referral,2024-03-21
C02022,Customer 02022,Female,28,Kochi,Kerala,Referral,2024-07-16
C02023,Customer 02023,Male,56,Mumbai,Maharashtra,Organic Search,2024-01-07
C02024,Customer 02024,Female,32,Delhi,Delhi,Paid Search,2025-11-05
C02025,Customer 02025,Male,23,Jaipur,Rajasthan,Direct,2025-12-05
C02026,Customer 02026,Female,46,Gurugram,Haryana,Organic Search,2024-03-02
C02027,Customer 02027,Female,29,Pune,Maharashtra,Social Media,2025-06-05
C02028,Customer 02028,Male,21,Surat,Gujarat,Direct,2025-12-04
C02029,Customer 02029,Male,51,Gurugram,Haryana,Paid Search,2025-05-30
C02030,Customer 02030,Male,45,Mumbai,Maharashtra,Direct,2024-08-30
C02031,Customer 02031,Female,32,Delhi,Delhi,Direct,2025-08-02
C02032,Customer 02032,Male,34,Patna,Bihar,Direct,2024-04-26
C02033,Customer 02033,Female,32,Lucknow,Uttar Pradesh,Organic Search,2025-10-02
C02034,Customer 02034,Female,49,Bengaluru,Karnataka,Organic Search,2024-11-23
C02035,Customer 02035,Non-binary,25,Noida,Uttar Pradesh,Paid Search,2024-09-19
C02036,Customer 02036,Male,24,Lucknow,Uttar Pradesh,Organic Search,2024-11-22
C02037,Customer 02037,Male,27,Delhi,Delhi,Social Media,2025-10-27
C02038,Customer 02038,Male,35,Bengaluru,Karnataka,Referral,2025-03-25
C02039,Customer 02039,Male,44,Chennai,Tamil Nadu,Direct,2024-03-13
C02040,Customer 02040,Female,30,Pune,Maharashtra,Organic Search,2025-03-21
C02041,Customer 02041,Male,25,Kolkata,West Bengal,Referral,2024-09-18
C02042,Customer 02042,Male,36,Nagpur,Maharashtra,Organic Search,2024-08-14
C02043,Customer 02043,Male,35,Hyderabad,Telangana,Paid Search,2024-10-08
C02044,Customer 02044,Male,35,Kochi,Kerala,Social Media,2025-05-13
C02045,Customer 02045,Male,43,Bengaluru,Karnataka,Direct,2024-05-31
C02046,Customer 02046,Male,31,Mumbai,Maharashtra,Email,2025-02-17
C02047,Customer 02047,Male,38,Bengaluru,Karnataka,Social Media,2024-07-30
C02048,Customer 02048,Female,42,Pune,Maharashtra,Paid Search,2024-06-25
C02049,Customer 02049,Female,31,Ahmedabad,Gujarat,Organic Search,2025-09-12
C02050,Customer 02050,Female,31,Gurugram,Haryana,Organic Search,2025-10-23
C02051,Customer 02051,Male,31,Bengaluru,Karnataka,Social Media,2025-07-23
C02052,Customer 02052,Male,43,Surat,Gujarat,Paid Search,2024-07-26
C02053,Customer 02053,Male,27,Ahmedabad,Gujarat,Referral,2024-06-12
C02054,Customer 02054,Female,25,Chandigarh,Chandigarh,Direct,2025-12-19
C02055,Customer 02055,Female,30,Lucknow,Uttar Pradesh,Social Media,2024-07-17
C02056,Customer 02056,Female,35,Lucknow,Uttar Pradesh,Paid Search,2025-09-25
C02057,Customer 02057,Female,41,Indore,Madhya Pradesh,Direct,2024-10-13
C02058,Customer 02058,Male,28,Bengaluru,Karnataka,Paid Search,2025-09-28
C02059,Customer 02059,Male,37,Jaipur,Rajasthan,Organic Search,2025-11-06
C02060,Customer 02060,Female,23,Mumbai,Maharashtra,Organic Search,2025-02-12
C02061,Customer 02061,Female,23,Delhi,Delhi,Email,2025-08-23
C02062,Customer 02062,Female,26,Pune,Maharashtra,Email,2025-11-07
C02063,Customer 02063,Male,32,Delhi,Delhi,Direct,2025-05-23
C02064,Customer 02064,Male,40,Jaipur,Rajasthan,Organic Search,2025-05-23
C02065,Customer 02065,Female,21,Delhi,Delhi,Referral,2024-03-21
C02066,Customer 02066,Female,34,Lucknow,Uttar Pradesh,Social Media,2025-11-08
C02067,Customer 02067,Male,28,Ahmedabad,Gujarat,Email,2025-02-20
C02068,Customer 02068,Female,31,Mumbai,Maharashtra,Social Media,2025-03-28
C02069,Customer 02069,Male,20,Pune,Maharashtra,Organic Search,2024-11-14
C02070,Customer 02070,Female,43,Lucknow,Uttar Pradesh,Social Media,2024-03-15
C02071,Customer 02071,Female,18,Nagpur,Maharashtra,Paid Search,2025-05-04
C02072,Customer 02072,Female,30,Mumbai,Maharashtra,Organic Search,2024-08-12
C02073,Customer 02073,Female,46,Pune,Maharashtra,Organic Search,2024-04-14
C02074,Customer 02074,Male,22,Chennai,Tamil Nadu,Social Media,2025-12-27
C02075,Customer 02075,Female,45,Mumbai,Maharashtra,Organic Search,2024-12-18
C02076,Customer 02076,Female,24,Hyderabad,Telangana,Email,2025-03-01
C02077,Customer 02077,Male,53,Surat,Gujarat,Referral,2024-01-20
C02078,Customer 02078,Male,35,Patna,Bihar,Referral,2024-01-28
C02079,Customer 02079,Male,28,Ahmedabad,Gujarat,Referral,2025-08-11
C02080,Customer 02080,Male,31,Delhi,Delhi,Paid Search,2024-11-19
C02081,Customer 02081,Male,49,Delhi,Delhi,Organic Search,2025-05-25
C02082,Customer 02082,Male,49,Pune,Maharashtra,Social Media,2024-06-19
C02083,Customer 02083,Female,18,Delhi,Delhi,Organic Search,2024-06-02
C02084,Customer 02084,Male,33,Ahmedabad,Gujarat,Organic Search,2025-03-23
C02085,Customer 02085,Female,32,Delhi,Delhi,Organic Search,2024-02-01
C02086,Customer 02086,Female,31,Mumbai,Maharashtra,Email,2024-10-01
C02087,Customer 02087,Female,22,Bhopal,Madhya Pradesh,Organic Search,2025-04-11
C02088,Customer 02088,Male,18,Indore,Madhya Pradesh,Paid Search,2025-01-13
C02089,Customer 02089,Male,28,Kolkata,West Bengal,Referral,2025-10-19
C02090,Customer 02090,Female,30,Noida,Uttar Pradesh,Social Media,2025-02-04
C02091,Customer 02091,Female,24,Hyderabad,Telangana,Social Media,2025-03-28
C02092,Customer 02092,Male,32,Kochi,Kerala,Referral,2024-08-04
C02093,Customer 02093,Male,39,Hyderabad,Telangana,Organic Search,2024-02-17
C02094,Customer 02094,Female,39,Mumbai,Maharashtra,Social Media,2024-06-01
C02095,Customer 02095,Male,26,Kochi,Kerala,Social Media,2025-02-23
C02096,Customer 02096,Female,42,Delhi,Delhi,Paid Search,2024-11-08
C02097,Customer 02097,Male,18,Kolkata,West Bengal,Organic Search,2025-04-19
C02098,Customer 02098,Male,45,Mumbai,Maharashtra,Direct,2024-07-12
C02099,Customer 02099,Female,38,Chennai,Tamil Nadu,Organic Search,2025-02-15
C02100,Customer 02100,Male,39,Bengaluru,Karnataka,Organic Search,2025-02-10
C02101,Customer 02101,Male,34,Pune,Maharashtra,Referral,2025-01-16
C02102,Customer 02102,Female,39,Delhi,Delhi,Organic Search,2025-01-01
C02103,Customer 02103,Male,32,Mumbai,Maharashtra,Social Media,2024-03-03
C02104,Customer 02104,Female,46,Delhi,Delhi,Referral,2025-07-13
C02105,Customer 02105,Female,40,Ahmedabad,Gujarat,Social Media,2025-07-20
C02106,Customer 02106,Female,27,Bengaluru,Karnataka,Organic Search,2024-11-09
C02107,Customer 02107,Male,30,Mumbai,Maharashtra,Paid Search,2025-09-18
C02108,Customer 02108,Female,27,Delhi,Delhi,Referral,2024-05-01
C02109,Customer 02109,Female,36,Chennai,Tamil Nadu,Email,2025-06-07
C02110,Customer 02110,Male,21,Patna,Bihar,Social Media,2025-05-31
C02111,Customer 02111,Male,43,Noida,Uttar Pradesh,Direct,2025-11-18
C02112,Customer 02112,Female,30,Lucknow,Uttar Pradesh,Paid Search,2025-06-17
C02113,Customer 02113,Male,41,Kolkata,West Bengal,Social Media,2025-09-20
C02114,Customer 02114,Female,33,Kolkata,West Bengal,Organic Search,2024-07-11
C02115,Customer 02115,Female,30,Kochi,Kerala,Paid Search,2025-01-02
C02116,Customer 02116,Female,45,Mumbai,Maharashtra,Organic Search,2025-05-03
C02117,Customer 02117,Male,37,Lucknow,Uttar Pradesh,Social Media,2024-07-06
C02118,Customer 02118,Female,18,Bengaluru,Karnataka,Organic Search,2025-04-01
C02119,Customer 02119,Male,18,Hyderabad,Telangana,Social Media,2025-02-03
C02120,Customer 02120,Female,30,Surat,Gujarat,Direct,2024-03-10
C02121,Customer 02121,Male,41,Bengaluru,Karnataka,Paid Search,2025-03-16
C02122,Customer 02122,Female,28,Surat,Gujarat,Email,2024-01-19
C02123,Customer 02123,Male,35,Pune,Maharashtra,Organic Search,2025-06-19
C02124,Customer 02124,Male,41,Kolkata,West Bengal,Organic Search,2024-09-29
C02125,Customer 02125,Female,25,Delhi,Delhi,Email,2025-12-11
C02126,Customer 02126,Non-binary,27,Delhi,Delhi,Organic Search,2024-10-15
C02127,Customer 02127,Male,38,Bengaluru,Karnataka,Direct,2025-03-10
C02128,Customer 02128,Female,27,Bhopal,Madhya Pradesh,Social Media,2025-03-10
C02129,Customer 02129,Female,32,Ahmedabad,Gujarat,Social Media,2025-11-30
C02130,Customer 02130,Female,30,Noida,Uttar Pradesh,Social Media,2025-07-26
C02131,Customer 02131,Male,42,Bhopal,Madhya Pradesh,Email,2024-04-24
C02132,Customer 02132,Male,54,Noida,Uttar Pradesh,Social Media,2024-02-18
C02133,Customer 02133,Male,18,Bengaluru,Karnataka,Organic Search,2025-06-26
C02134,Customer 02134,Female,46,Coimbatore,Tamil Nadu,Referral,2024-08-13
C02135,Customer 02135,Male,26,Chennai,Tamil Nadu,Referral,2025-04-17
C02136,Customer 02136,Female,35,Hyderabad,Telangana,Organic Search,2024-05-09
C02137,Customer 02137,Male,41,Delhi,Delhi,Paid Search,2024-11-14
C02138,Customer 02138,Female,33,Bengaluru,Karnataka,Social Media,2024-02-29
C02139,Customer 02139,Male,50,Mumbai,Maharashtra,Referral,2024-01-20
C02140,Customer 02140,Male,41,Kolkata,West Bengal,Social Media,2025-05-22
C02141,Customer 02141,Male,27,Chennai,Tamil Nadu,Organic Search,2024-11-17
C02142,Customer 02142,Male,32,Bengaluru,Karnataka,Social Media,2024-06-04
C02143,Customer 02143,Male,33,Kochi,Kerala,Social Media,2024-02-27
C02144,Customer 02144,Female,25,Jaipur,Rajasthan,Email,2025-12-26
C02145,Customer 02145,Female,33,Gurugram,Haryana,Direct,2025-05-15
C02146,Customer 02146,Male,20,Mumbai,Maharashtra,Email,2025-03-12
C02147,Customer 02147,Female,33,Chennai,Tamil Nadu,Organic Search,2024-09-08
C02148,Customer 02148,Male,37,Delhi,Delhi,Referral,2024-07-05
C02149,Customer 02149,Female,30,Kochi,Kerala,Direct,2024-08-31
C02150,Customer 02150,Female,25,Noida,Uttar Pradesh,Organic Search,2025-11-04
C02151,Customer 02151,Female,35,Pune,Maharashtra,Social Media,2025-08-24
C02152,Customer 02152,Female,24,Hyderabad,Telangana,Email,2024-11-14
C02153,Customer 02153,Female,36,Ahmedabad,Gujarat,Direct,2024-05-29
C02154,Customer 02154,Male,20,Mumbai,Maharashtra,Email,2025-05-07
C02155,Customer 02155,Female,21,Mumbai,Maharashtra,Referral,2025-05-14
C02156,Customer 02156,Female,30,Chennai,Tamil Nadu,Paid Search,2025-01-29
C02157,Customer 02157,Male,29,Mumbai,Maharashtra,Email,2025-09-22
C02158,Customer 02158,Male,27,Jaipur,Rajasthan,Paid Search,2024-04-28
C02159,Customer 02159,Female,28,Mumbai,Maharashtra,Paid Search,2024-03-21
C02160,Customer 02160,Male,28,Bengaluru,Karnataka,Paid Search,2025-02-10
C02161,Customer 02161,Female,40,Hyderabad,Telangana,Social Media,2025-08-30
C02162,Customer 02162,Female,32,Mumbai,Maharashtra,Email,2025-02-18
C02163,Customer 02163,Male,31,Coimbatore,Tamil Nadu,Referral,2024-05-30
C02164,Customer 02164,Male,32,Ahmedabad,Gujarat,Referral,2024-01-13
C02165,Customer 02165,Female,22,Kochi,Kerala,Social Media,2025-12-25
C02166,Customer 02166,Female,18,Ahmedabad,Gujarat,Referral,2025-12-25
C02167,Customer 02167,Female,33,Ahmedabad,Gujarat,Social Media,2024-12-26
C02168,Customer 02168,Male,37,Delhi,Delhi,Organic Search,2024-12-09
C02169,Customer 02169,Female,42,Jaipur,Rajasthan,Paid Search,2025-01-03
C02170,Customer 02170,Female,18,Noida,Uttar Pradesh,Social Media,2025-09-22
C02171,Customer 02171,Female,19,Hyderabad,Telangana,Organic Search,2025-04-05
C02172,Customer 02172,Female,37,Chennai,Tamil Nadu,Organic Search,2024-11-17
C02173,Customer 02173,Male,29,Chennai,Tamil Nadu,Organic Search,2024-09-12
C02174,Customer 02174,Male,48,Lucknow,Uttar Pradesh,Email,2024-11-04
C02175,Customer 02175,Female,24,Ahmedabad,Gujarat,Organic Search,2025-06-12
C02176,Customer 02176,Female,18,Pune,Maharashtra,Referral,2024-05-13
C02177,Customer 02177,Female,32,Bengaluru,Karnataka,Direct,2024-03-17
C02178,Customer 02178,Female,27,Mumbai,Maharashtra,Referral,2024-08-15
C02179,Customer 02179,Female,37,Ahmedabad,Gujarat,Direct,2024-11-23
C02180,Customer 02180,Male,28,Gurugram,Haryana,Social Media,2025-08-18
C02181,Customer 02181,Male,24,Chennai,Tamil Nadu,Social Media,2024-07-15
C02182,Customer 02182,Female,22,Bengaluru,Karnataka,Organic Search,2025-01-04
C02183,Customer 02183,Male,21,Pune,Maharashtra,Organic Search,2025-09-19
C02184,Customer 02184,Female,35,Delhi,Delhi,Organic Search,2024-05-30
C02185,Customer 02185,Male,42,Hyderabad,Telangana,Direct,2024-10-26
C02186,Customer 02186,Female,18,Bengaluru,Karnataka,Organic Search,2025-01-18
C02187,Customer 02187,Female,23,Jaipur,Rajasthan,Organic Search,2024-01-01
C02188,Customer 02188,Female,35,Pune,Maharashtra,Email,2025-08-30
C02189,Customer 02189,Female,42,Bengaluru,Karnataka,Paid Search,2024-08-06
C02190,Customer 02190,Male,31,Chennai,Tamil Nadu,Paid Search,2024-07-14
C02191,Customer 02191,Male,35,Pune,Maharashtra,Direct,2024-05-10
C02192,Customer 02192,Female,43,Ahmedabad,Gujarat,Email,2025-01-15
C02193,Customer 02193,Female,21,Mumbai,Maharashtra,Referral,2024-12-17
C02194,Customer 02194,Male,36,Delhi,Delhi,Referral,2024-05-09
C02195,Customer 02195,Male,36,Ahmedabad,Gujarat,Referral,2024-02-15
C02196,Customer 02196,Male,43,Mumbai,Maharashtra,Referral,2025-03-25
C02197,Customer 02197,Female,36,Kochi,Kerala,Email,2024-12-31
C02198,Customer 02198,Male,19,Kolkata,West Bengal,Paid Search,2025-06-25
C02199,Customer 02199,Male,40,Bengaluru,Karnataka,Social Media,2024-01-10
C02200,Customer 02200,Male,45,Noida,Uttar Pradesh,Email,2025-10-10
C02201,Customer 02201,Female,31,Gurugram,Haryana,Organic Search,2025-02-08
C02202,Customer 02202,Male,18,Noida,Uttar Pradesh,Organic Search,2025-07-30
C02203,Customer 02203,Female,23,Pune,Maharashtra,Direct,2025-07-18
C02204,Customer 02204,Female,33,Chennai,Tamil Nadu,Organic Search,2025-02-09
C02205,Customer 02205,Male,26,Coimbatore,Tamil Nadu,Email,2025-09-28
C02206,Customer 02206,Female,18,Chennai,Tamil Nadu,Referral,2024-07-06
C02207,Customer 02207,Male,38,Noida,Uttar Pradesh,Direct,2024-11-28
C02208,Customer 02208,Non-binary,33,Mumbai,Maharashtra,Direct,2024-05-22
C02209,Customer 02209,Male,19,Mumbai,Maharashtra,Social Media,2024-09-13
C02210,Customer 02210,Female,30,Delhi,Delhi,Organic Search,2025-12-23
C02211,Customer 02211,Male,29,Indore,Madhya Pradesh,Social Media,2024-08-15
C02212,Customer 02212,Male,21,Delhi,Delhi,Referral,2025-08-23
C02213,Customer 02213,Male,55,Ahmedabad,Gujarat,Social Media,2025-06-19
C02214,Customer 02214,Male,37,Jaipur,Rajasthan,Organic Search,2025-07-12
C02215,Customer 02215,Female,28,Surat,Gujarat,Direct,2025-04-16
C02216,Customer 02216,Female,31,Coimbatore,Tamil Nadu,Organic Search,2025-04-27
C02217,Customer 02217,Male,33,Delhi,Delhi,Paid Search,2024-06-15
C02218,Customer 02218,Female,30,Bengaluru,Karnataka,Email,2024-03-16
C02219,Customer 02219,Female,20,Ahmedabad,Gujarat,Paid Search,2025-06-16
C02220,Customer 02220,Female,36,Ahmedabad,Gujarat,Direct,2025-01-01
C02221,Customer 02221,Female,27,Gurugram,Haryana,Organic Search,2024-02-16
C02222,Customer 02222,Male,29,Kolkata,West Bengal,Organic Search,2025-07-11
C02223,Customer 02223,Male,20,Hyderabad,Telangana,Referral,2024-05-24
C02224,Customer 02224,Male,39,Delhi,Delhi,Organic Search,2025-07-19
C02225,Customer 02225,Female,36,Chennai,Tamil Nadu,Social Media,2025-06-19
C02226,Customer 02226,Male,18,Mumbai,Maharashtra,Referral,2024-02-14
C02227,Customer 02227,Female,48,Chennai,Tamil Nadu,Direct,2024-05-27
C02228,Customer 02228,Male,36,Patna,Bihar,Referral,2024-10-31
C02229,Customer 02229,Female,26,Gurugram,Haryana,Direct,2025-02-12
C02230,Customer 02230,Male,28,Kolkata,West Bengal,Email,2025-04-22
C02231,Customer 02231,Non-binary,37,Gurugram,Haryana,Social Media,2025-07-02
C02232,Customer 02232,Female,43,Delhi,Delhi,Organic Search,2024-06-13
C02233,Customer 02233,Male,32,Mumbai,Maharashtra,Social Media,2024-04-09
C02234,Customer 02234,Male,37,Bengaluru,Karnataka,Organic Search,2025-06-29
C02235,Customer 02235,Male,38,Kochi,Kerala,Social Media,2024-09-19
C02236,Customer 02236,Female,21,Hyderabad,Telangana,Referral,2024-08-19
C02237,Customer 02237,Male,18,Jaipur,Rajasthan,Social Media,2025-10-26
C02238,Customer 02238,Female,30,Nagpur,Maharashtra,Direct,2025-05-20
C02239,Customer 02239,Male,52,Ahmedabad,Gujarat,Paid Search,2025-10-06
C02240,Customer 02240,Female,36,Chennai,Tamil Nadu,Referral,2025-06-03
C02241,Customer 02241,Male,31,Delhi,Delhi,Organic Search,2024-01-01
C02242,Customer 02242,Male,25,Hyderabad,Telangana,Organic Search,2025-10-31
C02243,Customer 02243,Female,21,Chennai,Tamil Nadu,Direct,2025-11-06
C02244,Customer 02244,Male,52,Pune,Maharashtra,Direct,2024-08-23
C02245,Customer 02245,Female,25,Indore,Madhya Pradesh,Direct,2024-02-26
C02246,Customer 02246,Female,21,Hyderabad,Telangana,Direct,2025-04-24
C02247,Customer 02247,Female,25,Delhi,Delhi,Social Media,2024-02-02
C02248,Customer 02248,Female,18,Jaipur,Rajasthan,Social Media,2025-07-04
C02249,Customer 02249,Female,29,Mumbai,Maharashtra,Social Media,2024-10-16
C02250,Customer 02250,Female,35,Indore,Madhya Pradesh,Direct,2025-02-25
C02251,Customer 02251,Male,31,Pune,Maharashtra,Organic Search,2024-02-03
C02252,Customer 02252,Female,39,Delhi,Delhi,Organic Search,2025-07-13
C02253,Customer 02253,Male,27,Hyderabad,Telangana,Referral,2024-02-11
C02254,Customer 02254,Female,18,Pune,Maharashtra,Social Media,2025-02-19
C02255,Customer 02255,Male,24,Delhi,Delhi,Referral,2024-01-19
C02256,Customer 02256,Male,18,Lucknow,Uttar Pradesh,Social Media,2025-07-18
C02257,Customer 02257,Female,52,Kolkata,West Bengal,Referral,2024-10-31
C02258,Customer 02258,Female,31,Hyderabad,Telangana,Email,2025-01-23
C02259,Customer 02259,Male,41,Bengaluru,Karnataka,Organic Search,2025-05-11
C02260,Customer 02260,Male,39,Kolkata,West Bengal,Direct,2024-01-12
C02261,Customer 02261,Female,37,Bengaluru,Karnataka,Organic Search,2025-04-23
C02262,Customer 02262,Female,24,Jaipur,Rajasthan,Direct,2025-04-14
C02263,Customer 02263,Male,30,Hyderabad,Telangana,Direct,2024-12-09
C02264,Customer 02264,Male,18,Bhopal,Madhya Pradesh,Direct,2024-09-16
C02265,Customer 02265,Male,32,Delhi,Delhi,Organic Search,2024-06-07
C02266,Customer 02266,Male,19,Bengaluru,Karnataka,Paid Search,2025-04-05
C02267,Customer 02267,Male,34,Hyderabad,Telangana,Referral,2024-09-22
C02268,Customer 02268,Female,26,Mumbai,Maharashtra,Referral,2024-12-30
C02269,Customer 02269,Male,31,Bengaluru,Karnataka,Organic Search,2025-11-12
C02270,Customer 02270,Male,27,Indore,Madhya Pradesh,Paid Search,2025-03-12
C02271,Customer 02271,Female,24,Chennai,Tamil Nadu,Organic Search,2025-07-03
C02272,Customer 02272,Male,30,Ahmedabad,Gujarat,Referral,2024-07-27
C02273,Customer 02273,Male,25,Chandigarh,Chandigarh,Paid Search,2024-05-07
C02274,Customer 02274,Male,28,Coimbatore,Tamil Nadu,Email,2024-04-17
C02275,Customer 02275,Female,42,Coimbatore,Tamil Nadu,Direct,2024-02-22
C02276,Customer 02276,Male,28,Hyderabad,Telangana,Direct,2025-11-17
C02277,Customer 02277,Male,34,Ahmedabad,Gujarat,Referral,2025-11-09
C02278,Customer 02278,Female,22,Pune,Maharashtra,Email,2024-07-18
C02279,Customer 02279,Female,30,Pune,Maharashtra,Referral,2025-10-11
C02280,Customer 02280,Male,37,Pune,Maharashtra,Social Media,2025-11-30
C02281,Customer 02281,Male,23,Bhopal,Madhya Pradesh,Paid Search,2025-12-29
C02282,Customer 02282,Male,18,Surat,Gujarat,Social Media,2024-10-06
C02283,Customer 02283,Female,30,Delhi,Delhi,Referral,2024-11-17
C02284,Customer 02284,Male,36,Nagpur,Maharashtra,Email,2025-10-22
C02285,Customer 02285,Male,18,Delhi,Delhi,Organic Search,2025-11-16
C02286,Customer 02286,Female,34,Mumbai,Maharashtra,Organic Search,2025-09-08
C02287,Customer 02287,Male,18,Kochi,Kerala,Organic Search,2025-08-19
C02288,Customer 02288,Female,30,Pune,Maharashtra,Paid Search,2024-07-05
C02289,Customer 02289,Female,20,Mumbai,Maharashtra,Social Media,2024-03-13
C02290,Customer 02290,Female,33,Kolkata,West Bengal,Organic Search,2025-03-08
C02291,Customer 02291,Male,18,Pune,Maharashtra,Paid Search,2024-06-25
C02292,Customer 02292,Male,32,Hyderabad,Telangana,Referral,2024-07-10
C02293,Customer 02293,Female,21,Hyderabad,Telangana,Referral,2024-08-16
C02294,Customer 02294,Male,21,Bengaluru,Karnataka,Organic Search,2024-12-06
C02295,Customer 02295,Male,32,Kolkata,West Bengal,Email,2025-03-01
C02296,Customer 02296,Male,25,Ahmedabad,Gujarat,Paid Search,2024-06-22
C02297,Customer 02297,Female,26,Nagpur,Maharashtra,Paid Search,2025-08-29
C02298,Customer 02298,Female,24,Bengaluru,Karnataka,Referral,2025-03-03
C02299,Customer 02299,Female,36,Gurugram,Haryana,Social Media,2024-10-31
C02300,Customer 02300,Male,40,Delhi,Delhi,Social Media,2025-09-04
C02301,Customer 02301,Female,37,Kolkata,West Bengal,Direct,2025-06-15
C02302,Customer 02302,Female,29,Mumbai,Maharashtra,Paid Search,2024-06-19
C02303,Customer 02303,Female,31,Kolkata,West Bengal,Organic Search,2025-05-08
C02304,Customer 02304,Male,43,Mumbai,Maharashtra,Organic Search,2024-09-14
C02305,Customer 02305,Female,33,Pune,Maharashtra,Referral,2024-04-05
C02306,Customer 02306,Female,31,Delhi,Delhi,Email,2025-07-10
C02307,Customer 02307,Female,31,Chennai,Tamil Nadu,Paid Search,2025-03-15
C02308,Customer 02308,Male,32,Kochi,Kerala,Direct,2024-10-09
C02309,Customer 02309,Female,19,Pune,Maharashtra,Social Media,2025-02-03
C02310,Customer 02310,Male,24,Jaipur,Rajasthan,Organic Search,2025-01-29
C02311,Customer 02311,Male,40,Kolkata,West Bengal,Organic Search,2024-10-07
C02312,Customer 02312,Female,30,Patna,Bihar,Organic Search,2024-10-07
C02313,Customer 02313,Male,38,Mumbai,Maharashtra,Direct,2025-10-07
C02314,Customer 02314,Male,40,Bengaluru,Karnataka,Paid Search,2024-12-11
C02315,Customer 02315,Female,28,Gurugram,Haryana,Social Media,2025-06-29
C02316,Customer 02316,Male,30,Hyderabad,Telangana,Referral,2025-09-24
C02317,Customer 02317,Female,29,Lucknow,Uttar Pradesh,Paid Search,2024-05-21
C02318,Customer 02318,Female,23,Kolkata,West Bengal,Email,2025-06-10
C02319,Customer 02319,Male,19,Kolkata,West Bengal,Organic Search,2024-05-17
C02320,Customer 02320,Female,52,Gurugram,Haryana,Social Media,2025-03-18
C02321,Customer 02321,Female,42,Jaipur,Rajasthan,Social Media,2024-09-05
C02322,Customer 02322,Female,18,Mumbai,Maharashtra,Organic Search,2024-02-08
C02323,Customer 02323,Male,25,Coimbatore,Tamil Nadu,Organic Search,2025-02-14
C02324,Customer 02324,Male,37,Hyderabad,Telangana,Direct,2025-12-21
C02325,Customer 02325,Female,31,Coimbatore,Tamil Nadu,Referral,2024-08-22
C02326,Customer 02326,Female,34,Kolkata,West Bengal,Paid Search,2024-11-26
C02327,Customer 02327,Female,44,Bengaluru,Karnataka,Organic Search,2025-09-29
C02328,Customer 02328,Male,36,Kolkata,West Bengal,Email,2024-02-15
C02329,Customer 02329,Male,30,Mumbai,Maharashtra,Social Media,2025-01-19
C02330,Customer 02330,Female,30,Bengaluru,Karnataka,Referral,2025-10-26
C02331,Customer 02331,Male,31,Mumbai,Maharashtra,Direct,2025-04-01
C02332,Customer 02332,Male,31,Bengaluru,Karnataka,Paid Search,2024-11-20
C02333,Customer 02333,Female,26,Ahmedabad,Gujarat,Social Media,2024-12-24
C02334,Customer 02334,Male,41,Kolkata,West Bengal,Email,2024-08-25
C02335,Customer 02335,Female,33,Kolkata,West Bengal,Direct,2025-09-15
C02336,Customer 02336,Male,26,Delhi,Delhi,Email,2025-09-18
C02337,Customer 02337,Female,49,Bengaluru,Karnataka,Referral,2025-01-19
C02338,Customer 02338,Female,34,Ahmedabad,Gujarat,Paid Search,2025-08-31
C02339,Customer 02339,Female,32,Hyderabad,Telangana,Organic Search,2025-01-05
C02340,Customer 02340,Male,23,Kolkata,West Bengal,Organic Search,2024-02-26
C02341,Customer 02341,Male,29,Ahmedabad,Gujarat,Social Media,2024-03-09
C02342,Customer 02342,Female,45,Chennai,Tamil Nadu,Social Media,2024-05-01
C02343,Customer 02343,Male,31,Noida,Uttar Pradesh,Social Media,2025-01-29
C02344,Customer 02344,Male,31,Bengaluru,Karnataka,Email,2025-09-29
C02345,Customer 02345,Male,23,Hyderabad,Telangana,Paid Search,2025-02-11
C02346,Customer 02346,Male,26,Delhi,Delhi,Organic Search,2024-11-03
C02347,Customer 02347,Female,43,Delhi,Delhi,Paid Search,2025-03-06
C02348,Customer 02348,Male,29,Chennai,Tamil Nadu,Referral,2024-12-07
C02349,Customer 02349,Male,28,Ahmedabad,Gujarat,Paid Search,2025-03-15
C02350,Customer 02350,Female,43,Pune,Maharashtra,Email,2024-08-01
C02351,Customer 02351,Female,46,Mumbai,Maharashtra,Social Media,2025-06-26
C02352,Customer 02352,Male,29,Mumbai,Maharashtra,Referral,2024-12-26
C02353,Customer 02353,Female,35,Ahmedabad,Gujarat,Organic Search,2024-04-24
C02354,Customer 02354,Female,28,Kolkata,West Bengal,Social Media,2024-06-06
C02355,Customer 02355,Female,26,Hyderabad,Telangana,Paid Search,2025-06-13
C02356,Customer 02356,Male,27,Mumbai,Maharashtra,Paid Search,2025-07-03
C02357,Customer 02357,Female,31,Kolkata,West Bengal,Organic Search,2025-01-11
C02358,Customer 02358,Female,37,Jaipur,Rajasthan,Referral,2025-12-27
C02359,Customer 02359,Female,37,Ahmedabad,Gujarat,Organic Search,2025-11-29
C02360,Customer 02360,Male,23,Kolkata,West Bengal,Referral,2024-06-03
C02361,Customer 02361,Female,38,Delhi,Delhi,Social Media,2024-10-05
C02362,Customer 02362,Non-binary,33,Pune,Maharashtra,Paid Search,2024-07-30
C02363,Customer 02363,Female,41,Gurugram,Haryana,Direct,2024-01-10
C02364,Customer 02364,Female,39,Hyderabad,Telangana,Organic Search,2025-10-18
C02365,Customer 02365,Male,24,Mumbai,Maharashtra,Social Media,2025-04-07
C02366,Customer 02366,Female,18,Nagpur,Maharashtra,Organic Search,2024-09-28
C02367,Customer 02367,Male,47,Bengaluru,Karnataka,Email,2024-07-21
C02368,Customer 02368,Male,32,Delhi,Delhi,Paid Search,2025-05-03
C02369,Customer 02369,Male,41,Nagpur,Maharashtra,Paid Search,2025-03-07
C02370,Customer 02370,Male,26,Surat,Gujarat,Direct,2024-10-20
C02371,Customer 02371,Female,26,Chennai,Tamil Nadu,Organic Search,2025-02-17
C02372,Customer 02372,Female,33,Ahmedabad,Gujarat,Social Media,2024-10-11
C02373,Customer 02373,Male,32,Kochi,Kerala,Social Media,2025-01-12
C02374,Customer 02374,Male,28,Delhi,Delhi,Referral,2025-03-17
C02375,Customer 02375,Male,28,Pune,Maharashtra,Direct,2025-06-30
C02376,Customer 02376,Female,23,Patna,Bihar,Paid Search,2024-04-16
C02377,Customer 02377,Female,43,Mumbai,Maharashtra,Paid Search,2025-03-06
C02378,Customer 02378,Female,38,Pune,Maharashtra,Social Media,2024-04-06
C02379,Customer 02379,Female,36,Hyderabad,Telangana,Email,2024-08-03
C02380,Customer 02380,Female,41,Jaipur,Rajasthan,Organic Search,2024-05-15
C02381,Customer 02381,Female,33,Hyderabad,Telangana,Organic Search,2024-09-16
C02382,Customer 02382,Female,22,Surat,Gujarat,Direct,2024-03-24
C02383,Customer 02383,Male,42,Bhopal,Madhya Pradesh,Organic Search,2024-12-13
C02384,Customer 02384,Male,25,Chandigarh,Chandigarh,Referral,2024-01-27
C02385,Customer 02385,Female,32,Chennai,Tamil Nadu,Social Media,2024-05-02
C02386,Customer 02386,Female,28,Mumbai,Maharashtra,Organic Search,2024-07-28
C02387,Customer 02387,Female,34,Bengaluru,Karnataka,Organic Search,2024-10-27
C02388,Customer 02388,Female,41,Pune,Maharashtra,Organic Search,2025-03-17
C02389,Customer 02389,Female,31,Chennai,Tamil Nadu,Paid Search,2025-06-03
C02390,Customer 02390,Female,32,Delhi,Delhi,Email,2025-11-25
C02391,Customer 02391,Male,18,Pune,Maharashtra,Organic Search,2024-02-28
C02392,Customer 02392,Female,23,Delhi,Delhi,Direct,2025-08-16
C02393,Customer 02393,Female,22,Patna,Bihar,Email,2025-08-19
C02394,Customer 02394,Male,51,Gurugram,Haryana,Paid Search,2025-08-26
C02395,Customer 02395,Female,25,Chennai,Tamil Nadu,Direct,2025-06-08
C02396,Customer 02396,Non-binary,28,Pune,Maharashtra,Referral,2025-07-16
C02397,Customer 02397,Female,38,Jaipur,Rajasthan,Social Media,2024-07-24
C02398,Customer 02398,Female,24,Chandigarh,Chandigarh,Direct,2025-12-06
C02399,Customer 02399,Female,47,Pune,Maharashtra,Organic Search,2025-07-05
C02400,Customer 02400,Male,50,Surat,Gujarat,Paid Search,2025-10-12
C02401,Customer 02401,Female,28,Chennai,Tamil Nadu,Paid Search,2025-12-15
C02402,Customer 02402,Male,28,Bengaluru,Karnataka,Social Media,2024-12-29
C02403,Customer 02403,Female,37,Chennai,Tamil Nadu,Referral,2025-05-20
C02404,Customer 02404,Female,18,Delhi,Delhi,Referral,2025-02-14
C02405,Customer 02405,Male,34,Pune,Maharashtra,Direct,2025-09-19
C02406,Customer 02406,Male,36,Indore,Madhya Pradesh,Social Media,2024-12-12
C02407,Customer 02407,Male,29,Patna,Bihar,Organic Search,2025-09-07
C02408,Customer 02408,Male,32,Gurugram,Haryana,Social Media,2024-06-28
C02409,Customer 02409,Female,41,Mumbai,Maharashtra,Social Media,2025-10-16
C02410,Customer 02410,Female,18,Surat,Gujarat,Paid Search,2024-03-29
C02411,Customer 02411,Male,24,Mumbai,Maharashtra,Social Media,2024-07-10
C02412,Customer 02412,Male,22,Surat,Gujarat,Organic Search,2024-08-11
C02413,Customer 02413,Male,26,Chennai,Tamil Nadu,Social Media,2024-10-22
C02414,Customer 02414,Female,22,Delhi,Delhi,Referral,2024-03-03
C02415,Customer 02415,Male,20,Coimbatore,Tamil Nadu,Social Media,2024-04-16
C02416,Customer 02416,Female,40,Chandigarh,Chandigarh,Paid Search,2025-12-21
C02417,Customer 02417,Female,28,Chennai,Tamil Nadu,Organic Search,2025-11-04
C02418,Customer 02418,Female,40,Bengaluru,Karnataka,Paid Search,2024-10-06
C02419,Customer 02419,Female,35,Ahmedabad,Gujarat,Paid Search,2025-10-16
C02420,Customer 02420,Male,44,Nagpur,Maharashtra,Referral,2024-10-30
C02421,Customer 02421,Male,38,Patna,Bihar,Paid Search,2025-08-12
C02422,Customer 02422,Non-binary,18,Kolkata,West Bengal,Paid Search,2025-02-27
C02423,Customer 02423,Male,29,Chennai,Tamil Nadu,Organic Search,2024-04-09
C02424,Customer 02424,Male,40,Pune,Maharashtra,Paid Search,2024-08-29
C02425,Customer 02425,Female,41,Mumbai,Maharashtra,Email,2025-02-05
C02426,Customer 02426,Male,22,Kochi,Kerala,Paid Search,2024-02-08
C02427,Customer 02427,Male,32,Hyderabad,Telangana,Organic Search,2025-11-23
C02428,Customer 02428,Male,32,Gurugram,Haryana,Referral,2024-12-31
C02429,Customer 02429,Male,39,Bengaluru,Karnataka,Direct,2024-06-03
C02430,Customer 02430,Female,33,Chennai,Tamil Nadu,Direct,2025-11-15
C02431,Customer 02431,Male,30,Bengaluru,Karnataka,Email,2025-05-21
C02432,Customer 02432,Female,41,Chennai,Tamil Nadu,Social Media,2024-06-28
C02433,Customer 02433,Male,43,Delhi,Delhi,Social Media,2025-01-09
C02434,Customer 02434,Male,18,Jaipur,Rajasthan,Social Media,2024-09-29
C02435,Customer 02435,Male,36,Chennai,Tamil Nadu,Organic Search,2025-12-09
C02436,Customer 02436,Male,46,Pune,Maharashtra,Social Media,2025-09-26
C02437,Customer 02437,Male,29,Chennai,Tamil Nadu,Email,2025-10-31
C02438,Customer 02438,Male,52,Pune,Maharashtra,Referral,2025-06-03
C02439,Customer 02439,Female,34,Kochi,Kerala,Email,2024-05-26
C02440,Customer 02440,Female,19,Bhopal,Madhya Pradesh,Organic Search,2024-10-13
C02441,Customer 02441,Female,19,Mumbai,Maharashtra,Direct,2025-11-02
C02442,Customer 02442,Female,33,Delhi,Delhi,Email,2025-02-24
C02443,Customer 02443,Male,35,Delhi,Delhi,Paid Search,2025-09-17
C02444,Customer 02444,Female,18,Mumbai,Maharashtra,Email,2024-07-14
C02445,Customer 02445,Female,29,Hyderabad,Telangana,Organic Search,2024-05-04
C02446,Customer 02446,Female,44,Bengaluru,Karnataka,Organic Search,2025-10-11
C02447,Customer 02447,Female,30,Surat,Gujarat,Organic Search,2024-02-21
C02448,Customer 02448,Female,27,Bhopal,Madhya Pradesh,Organic Search,2025-04-21
C02449,Customer 02449,Female,19,Jaipur,Rajasthan,Referral,2024-11-03
C02450,Customer 02450,Male,30,Pune,Maharashtra,Social Media,2024-12-28
C02451,Customer 02451,Female,32,Gurugram,Haryana,Direct,2025-06-17
C02452,Customer 02452,Female,20,Bengaluru,Karnataka,Referral,2025-07-05
C02453,Customer 02453,Male,44,Patna,Bihar,Social Media,2025-10-13
C02454,Customer 02454,Female,31,Nagpur,Maharashtra,Paid Search,2024-07-11
C02455,Customer 02455,Female,39,Pune,Maharashtra,Email,2024-10-07
C02456,Customer 02456,Female,19,Delhi,Delhi,Organic Search,2025-01-17
C02457,Customer 02457,Female,23,Chennai,Tamil Nadu,Direct,2025-04-02
C02458,Customer 02458,Female,28,Kolkata,West Bengal,Referral,2025-03-01
C02459,Customer 02459,Female,39,Nagpur,Maharashtra,Paid Search,2025-01-29
C02460,Customer 02460,Female,19,Gurugram,Haryana,Organic Search,2025-04-03
C02461,Customer 02461,Male,38,Pune,Maharashtra,Paid Search,2025-11-03
C02462,Customer 02462,Male,25,Gurugram,Haryana,Paid Search,2025-10-11
C02463,Customer 02463,Female,38,Kolkata,West Bengal,Direct,2024-02-18
C02464,Customer 02464,Female,32,Jaipur,Rajasthan,Organic Search,2025-08-04
C02465,Customer 02465,Male,25,Ahmedabad,Gujarat,Social Media,2024-04-24
C02466,Customer 02466,Female,34,Lucknow,Uttar Pradesh,Direct,2025-11-21
C02467,Customer 02467,Female,18,Delhi,Delhi,Organic Search,2024-03-25
C02468,Customer 02468,Male,42,Delhi,Delhi,Direct,2025-11-22
C02469,Customer 02469,Male,22,Kolkata,West Bengal,Paid Search,2025-09-15
C02470,Customer 02470,Female,33,Jaipur,Rajasthan,Referral,2025-09-29
C02471,Customer 02471,Female,18,Delhi,Delhi,Direct,2025-11-15
C02472,Customer 02472,Male,37,Coimbatore,Tamil Nadu,Social Media,2024-05-13
C02473,Customer 02473,Male,29,Pune,Maharashtra,Direct,2025-01-17
C02474,Customer 02474,Female,18,Mumbai,Maharashtra,Organic Search,2024-08-18
C02475,Customer 02475,Female,35,Mumbai,Maharashtra,Paid Search,2025-03-08
C02476,Customer 02476,Female,40,Coimbatore,Tamil Nadu,Direct,2024-12-09
C02477,Customer 02477,Female,37,Delhi,Delhi,Referral,2025-02-05
C02478,Customer 02478,Female,35,Delhi,Delhi,Direct,2025-03-04
C02479,Customer 02479,Female,23,Nagpur,Maharashtra,Social Media,2024-03-10
C02480,Customer 02480,Male,43,Mumbai,Maharashtra,Referral,2025-06-29
C02481,Customer 02481,Male,21,Gurugram,Haryana,Paid Search,2025-01-03
C02482,Customer 02482,Male,45,Patna,Bihar,Social Media,2024-04-27
C02483,Customer 02483,Female,21,Jaipur,Rajasthan,Direct,2025-01-31
C02484,Customer 02484,Male,50,Nagpur,Maharashtra,Paid Search,2024-11-30
C02485,Customer 02485,Female,28,Jaipur,Rajasthan,Organic Search,2024-08-20
C02486,Customer 02486,Male,36,Ahmedabad,Gujarat,Email,2024-03-12
C02487,Customer 02487,Male,27,Mumbai,Maharashtra,Organic Search,2025-06-26
C02488,Customer 02488,Female,36,Ahmedabad,Gujarat,Organic Search,2025-01-26
C02489,Customer 02489,Male,32,Kolkata,West Bengal,Referral,2024-02-01
C02490,Customer 02490,Female,27,Delhi,Delhi,Paid Search,2025-01-24
C02491,Customer 02491,Male,53,Lucknow,Uttar Pradesh,Referral,2024-03-20
C02492,Customer 02492,Male,26,Kochi,Kerala,Organic Search,2024-03-26
C02493,Customer 02493,Male,28,Mumbai,Maharashtra,Email,2025-12-22
C02494,Customer 02494,Male,29,Kochi,Kerala,Social Media,2025-08-27
C02495,Customer 02495,Female,29,Mumbai,Maharashtra,Referral,2024-06-25
C02496,Customer 02496,Female,24,Kochi,Kerala,Organic Search,2025-08-20
C02497,Customer 02497,Female,38,Hyderabad,Telangana,Referral,2024-07-11
C02498,Customer 02498,Non-binary,36,Coimbatore,Tamil Nadu,Referral,2025-06-10
C02499,Customer 02499,Male,54,Nagpur,Maharashtra,Paid Search,2024-09-18
C02500,Customer 02500,Female,34,Delhi,Delhi,Organic Search,2025-08-18
C02501,Customer 02501,Male,30,Chandigarh,Chandigarh,Email,2024-01-23
C02502,Customer 02502,Female,23,Pune,Maharashtra,Organic Search,2025-01-14
C02503,Customer 02503,Female,55,Surat,Gujarat,Organic Search,2024-01-09
C02504,Customer 02504,Female,18,Coimbatore,Tamil Nadu,Paid Search,2024-10-02
C02505,Customer 02505,Female,39,Delhi,Delhi,Paid Search,2024-12-23
C02506,Customer 02506,Male,31,Delhi,Delhi,Email,2025-07-04
C02507,Customer 02507,Female,31,Coimbatore,Tamil Nadu,Paid Search,2024-05-04
C02508,Customer 02508,Male,43,Bhopal,Madhya Pradesh,Organic Search,2025-09-07
C02509,Customer 02509,Male,28,Mumbai,Maharashtra,Referral,2024-02-25
C02510,Customer 02510,Male,18,Kochi,Kerala,Direct,2025-08-14
C02511,Customer 02511,Male,30,Nagpur,Maharashtra,Referral,2024-05-16
C02512,Customer 02512,Female,40,Hyderabad,Telangana,Direct,2025-05-28
C02513,Customer 02513,Female,27,Bengaluru,Karnataka,Direct,2024-11-17
C02514,Customer 02514,Female,31,Indore,Madhya Pradesh,Social Media,2024-04-02
C02515,Customer 02515,Male,24,Surat,Gujarat,Social Media,2024-12-21
C02516,Customer 02516,Female,23,Hyderabad,Telangana,Referral,2024-12-28
C02517,Customer 02517,Female,30,Mumbai,Maharashtra,Organic Search,2025-01-28
C02518,Customer 02518,Female,38,Mumbai,Maharashtra,Social Media,2024-02-08
C02519,Customer 02519,Female,40,Patna,Bihar,Paid Search,2025-03-30
C02520,Customer 02520,Male,36,Surat,Gujarat,Organic Search,2024-07-16
C02521,Customer 02521,Female,32,Delhi,Delhi,Organic Search,2025-06-25
C02522,Customer 02522,Female,29,Bengaluru,Karnataka,Direct,2025-11-17
C02523,Customer 02523,Female,38,Mumbai,Maharashtra,Social Media,2025-05-09
C02524,Customer 02524,Male,24,Delhi,Delhi,Direct,2025-06-12
C02525,Customer 02525,Female,29,Kolkata,West Bengal,Email,2025-11-23
C02526,Customer 02526,Non-binary,20,Bengaluru,Karnataka,Paid Search,2024-06-19
C02527,Customer 02527,Female,29,Mumbai,Maharashtra,Social Media,2024-12-26
C02528,Customer 02528,Male,35,Kochi,Kerala,Referral,2024-07-28
C02529,Customer 02529,Male,31,Coimbatore,Tamil Nadu,Social Media,2025-11-29
C02530,Customer 02530,Female,27,Bengaluru,Karnataka,Paid Search,2025-07-18
C02531,Customer 02531,Female,27,Bengaluru,Karnataka,Email,2025-10-16
C02532,Customer 02532,Female,37,Lucknow,Uttar Pradesh,Organic Search,2025-07-08
C02533,Customer 02533,Male,34,Kolkata,West Bengal,Paid Search,2025-12-10
C02534,Customer 02534,Male,36,Mumbai,Maharashtra,Referral,2024-12-05
C02535,Customer 02535,Female,25,Chennai,Tamil Nadu,Direct,2024-10-01
C02536,Customer 02536,Female,31,Chennai,Tamil Nadu,Email,2024-07-27
C02537,Customer 02537,Female,21,Hyderabad,Telangana,Social Media,2025-12-06
C02538,Customer 02538,Female,39,Delhi,Delhi,Paid Search,2025-12-02
C02539,Customer 02539,Male,35,Bengaluru,Karnataka,Paid Search,2024-01-24
C02540,Customer 02540,Male,23,Chandigarh,Chandigarh,Organic Search,2024-09-15
C02541,Customer 02541,Male,21,Kolkata,West Bengal,Email,2024-06-02
C02542,Customer 02542,Female,37,Gurugram,Haryana,Direct,2025-07-20
C02543,Customer 02543,Female,37,Hyderabad,Telangana,Referral,2025-02-28
C02544,Customer 02544,Male,34,Chennai,Tamil Nadu,Referral,2025-07-02
C02545,Customer 02545,Female,18,Lucknow,Uttar Pradesh,Referral,2025-12-21
C02546,Customer 02546,Male,18,Lucknow,Uttar Pradesh,Referral,2024-05-01
C02547,Customer 02547,Female,42,Mumbai,Maharashtra,Organic Search,2024-07-18
C02548,Customer 02548,Male,18,Mumbai,Maharashtra,Paid Search,2024-10-04
C02549,Customer 02549,Male,26,Bengaluru,Karnataka,Direct,2024-11-05
C02550,Customer 02550,Male,30,Lucknow,Uttar Pradesh,Paid Search,2024-01-30
C02551,Customer 02551,Female,21,Hyderabad,Telangana,Referral,2024-11-21
C02552,Customer 02552,Male,21,Mumbai,Maharashtra,Direct,2024-06-10
C02553,Customer 02553,Male,26,Indore,Madhya Pradesh,Social Media,2024-04-20
C02554,Customer 02554,Male,36,Lucknow,Uttar Pradesh,Organic Search,2025-09-07
C02555,Customer 02555,Female,20,Noida,Uttar Pradesh,Social Media,2024-03-16
C02556,Customer 02556,Female,24,Ahmedabad,Gujarat,Paid Search,2025-06-12
C02557,Customer 02557,Male,38,Mumbai,Maharashtra,Referral,2025-12-31
C02558,Customer 02558,Male,40,Jaipur,Rajasthan,Paid Search,2024-03-27
C02559,Customer 02559,Male,44,Mumbai,Maharashtra,Paid Search,2025-10-13
C02560,Customer 02560,Male,23,Bengaluru,Karnataka,Paid Search,2024-02-24
C02561,Customer 02561,Female,32,Nagpur,Maharashtra,Social Media,2024-08-27
C02562,Customer 02562,Female,39,Delhi,Delhi,Email,2024-09-30
C02563,Customer 02563,Female,18,Bengaluru,Karnataka,Social Media,2025-02-17
C02564,Customer 02564,Female,34,Bengaluru,Karnataka,Paid Search,2024-04-14
C02565,Customer 02565,Male,23,Kochi,Kerala,Email,2024-09-04
C02566,Customer 02566,Male,33,Hyderabad,Telangana,Social Media,2025-01-07
C02567,Customer 02567,Male,23,Mumbai,Maharashtra,Direct,2024-11-26
C02568,Customer 02568,Male,30,Chandigarh,Chandigarh,Organic Search,2025-05-30
C02569,Customer 02569,Male,19,Bengaluru,Karnataka,Paid Search,2024-06-16
C02570,Customer 02570,Female,22,Mumbai,Maharashtra,Referral,2024-04-22
C02571,Customer 02571,Female,32,Mumbai,Maharashtra,Email,2024-08-13
C02572,Customer 02572,Female,53,Noida,Uttar Pradesh,Direct,2024-02-15
C02573,Customer 02573,Male,26,Coimbatore,Tamil Nadu,Referral,2024-09-07
C02574,Customer 02574,Female,26,Indore,Madhya Pradesh,Email,2024-09-06
C02575,Customer 02575,Male,35,Surat,Gujarat,Direct,2025-12-18
C02576,Customer 02576,Male,26,Mumbai,Maharashtra,Referral,2024-12-02
C02577,Customer 02577,Female,33,Nagpur,Maharashtra,Referral,2024-11-20
C02578,Customer 02578,Female,40,Indore,Madhya Pradesh,Social Media,2025-09-20
C02579,Customer 02579,Male,32,Gurugram,Haryana,Social Media,2025-11-09
C02580,Customer 02580,Male,29,Mumbai,Maharashtra,Social Media,2024-12-03
C02581,Customer 02581,Female,27,Nagpur,Maharashtra,Organic Search,2024-08-19
C02582,Customer 02582,Male,39,Delhi,Delhi,Paid Search,2024-08-11
C02583,Customer 02583,Female,37,Bengaluru,Karnataka,Paid Search,2024-01-14
C02584,Customer 02584,Male,32,Jaipur,Rajasthan,Email,2024-07-17
C02585,Customer 02585,Female,43,Hyderabad,Telangana,Paid Search,2024-10-03
C02586,Customer 02586,Non-binary,36,Surat,Gujarat,Organic Search,2025-10-11
C02587,Customer 02587,Female,38,Hyderabad,Telangana,Social Media,2025-09-18
C02588,Customer 02588,Female,38,Nagpur,Maharashtra,Organic Search,2025-03-07
C02589,Customer 02589,Female,39,Kolkata,West Bengal,Social Media,2025-12-03
C02590,Customer 02590,Male,23,Pune,Maharashtra,Paid Search,2024-03-31
C02591,Customer 02591,Male,44,Chennai,Tamil Nadu,Social Media,2025-05-19
C02592,Customer 02592,Female,33,Ahmedabad,Gujarat,Social Media,2025-11-03
C02593,Customer 02593,Male,42,Chennai,Tamil Nadu,Social Media,2025-07-29
C02594,Customer 02594,Female,37,Gurugram,Haryana,Organic Search,2024-02-24
C02595,Customer 02595,Female,20,Mumbai,Maharashtra,Paid Search,2024-12-11
C02596,Customer 02596,Non-binary,18,Hyderabad,Telangana,Direct,2024-05-23
C02597,Customer 02597,Female,42,Surat,Gujarat,Organic Search,2025-07-14
C02598,Customer 02598,Female,18,Mumbai,Maharashtra,Paid Search,2024-12-19
C02599,Customer 02599,Male,31,Delhi,Delhi,Social Media,2025-06-22
C02600,Customer 02600,Male,22,Delhi,Delhi,Email,2024-09-20
C02601,Customer 02601,Male,35,Pune,Maharashtra,Organic Search,2024-09-09
C02602,Customer 02602,Female,35,Hyderabad,Telangana,Direct,2024-03-12
C02603,Customer 02603,Male,29,Kochi,Kerala,Organic Search,2025-07-02
C02604,Customer 02604,Male,44,Hyderabad,Telangana,Organic Search,2024-03-03
C02605,Customer 02605,Female,27,Chennai,Tamil Nadu,Social Media,2025-08-23
C02606,Customer 02606,Male,28,Bengaluru,Karnataka,Direct,2025-08-20
C02607,Customer 02607,Male,39,Delhi,Delhi,Direct,2024-03-25
C02608,Customer 02608,Female,21,Ahmedabad,Gujarat,Email,2024-02-06
C02609,Customer 02609,Male,31,Pune,Maharashtra,Social Media,2024-11-09
C02610,Customer 02610,Female,18,Bengaluru,Karnataka,Paid Search,2025-08-22
C02611,Customer 02611,Male,24,Pune,Maharashtra,Social Media,2024-03-25
C02612,Customer 02612,Male,30,Surat,Gujarat,Paid Search,2024-05-26
C02613,Customer 02613,Female,37,Patna,Bihar,Referral,2025-05-15
C02614,Customer 02614,Female,34,Chandigarh,Chandigarh,Email,2025-06-15
C02615,Customer 02615,Male,26,Pune,Maharashtra,Social Media,2024-09-15
C02616,Customer 02616,Male,32,Kochi,Kerala,Organic Search,2025-08-14
C02617,Customer 02617,Male,30,Hyderabad,Telangana,Organic Search,2024-11-05
C02618,Customer 02618,Male,18,Mumbai,Maharashtra,Email,2024-08-20
C02619,Customer 02619,Female,44,Jaipur,Rajasthan,Paid Search,2025-03-15
C02620,Customer 02620,Female,18,Kolkata,West Bengal,Organic Search,2025-06-26
C02621,Customer 02621,Female,34,Gurugram,Haryana,Paid Search,2024-06-02
C02622,Customer 02622,Male,26,Pune,Maharashtra,Referral,2025-09-22
C02623,Customer 02623,Female,22,Surat,Gujarat,Direct,2024-04-01
C02624,Customer 02624,Male,29,Gurugram,Haryana,Referral,2024-06-22
C02625,Customer 02625,Male,27,Delhi,Delhi,Direct,2024-03-24
C02626,Customer 02626,Female,18,Bengaluru,Karnataka,Direct,2025-04-07
C02627,Customer 02627,Male,20,Jaipur,Rajasthan,Paid Search,2024-09-06
C02628,Customer 02628,Male,27,Mumbai,Maharashtra,Direct,2025-11-29
C02629,Customer 02629,Female,32,Coimbatore,Tamil Nadu,Organic Search,2025-01-13
C02630,Customer 02630,Female,18,Jaipur,Rajasthan,Organic Search,2025-02-11
C02631,Customer 02631,Female,24,Jaipur,Rajasthan,Paid Search,2025-07-12
C02632,Customer 02632,Female,45,Lucknow,Uttar Pradesh,Referral,2024-05-04
C02633,Customer 02633,Female,18,Chennai,Tamil Nadu,Referral,2024-08-23
C02634,Customer 02634,Male,27,Delhi,Delhi,Direct,2025-07-13
C02635,Customer 02635,Male,36,Lucknow,Uttar Pradesh,Direct,2024-10-13
C02636,Customer 02636,Female,51,Bengaluru,Karnataka,Social Media,2025-11-11
C02637,Customer 02637,Female,42,Hyderabad,Telangana,Referral,2024-09-06
C02638,Customer 02638,Female,26,Delhi,Delhi,Direct,2024-03-19
C02639,Customer 02639,Male,32,Kolkata,West Bengal,Direct,2024-02-05
C02640,Customer 02640,Male,33,Noida,Uttar Pradesh,Email,2025-02-22
C02641,Customer 02641,Female,34,Kolkata,West Bengal,Referral,2025-01-30
C02642,Customer 02642,Male,21,Noida,Uttar Pradesh,Email,2025-03-24
C02643,Customer 02643,Female,20,Kochi,Kerala,Social Media,2024-01-17
C02644,Customer 02644,Male,22,Chennai,Tamil Nadu,Paid Search,2024-03-29
C02645,Customer 02645,Male,27,Bengaluru,Karnataka,Social Media,2025-07-12
C02646,Customer 02646,Male,26,Mumbai,Maharashtra,Paid Search,2024-03-11
C02647,Customer 02647,Female,42,Bhopal,Madhya Pradesh,Organic Search,2024-05-04
C02648,Customer 02648,Female,21,Delhi,Delhi,Organic Search,2024-02-19
C02649,Customer 02649,Male,31,Bengaluru,Karnataka,Organic Search,2024-09-30
C02650,Customer 02650,Male,28,Noida,Uttar Pradesh,Paid Search,2025-07-14
C02651,Customer 02651,Female,18,Mumbai,Maharashtra,Social Media,2024-11-18
C02652,Customer 02652,Male,34,Surat,Gujarat,Direct,2024-07-17
C02653,Customer 02653,Male,21,Gurugram,Haryana,Social Media,2025-09-19
C02654,Customer 02654,Female,34,Hyderabad,Telangana,Organic Search,2025-02-12
C02655,Customer 02655,Female,18,Mumbai,Maharashtra,Paid Search,2024-01-26
C02656,Customer 02656,Male,34,Delhi,Delhi,Paid Search,2024-08-04
C02657,Customer 02657,Male,25,Bengaluru,Karnataka,Paid Search,2024-06-24
C02658,Customer 02658,Male,46,Mumbai,Maharashtra,Direct,2025-05-20
C02659,Customer 02659,Male,27,Bengaluru,Karnataka,Direct,2025-07-08
C02660,Customer 02660,Female,36,Chandigarh,Chandigarh,Direct,2024-01-08
C02661,Customer 02661,Female,31,Coimbatore,Tamil Nadu,Paid Search,2025-08-13
C02662,Customer 02662,Female,18,Mumbai,Maharashtra,Organic Search,2024-11-24
C02663,Customer 02663,Female,28,Mumbai,Maharashtra,Social Media,2025-11-06
C02664,Customer 02664,Female,36,Ahmedabad,Gujarat,Social Media,2025-06-11
C02665,Customer 02665,Female,43,Hyderabad,Telangana,Email,2024-10-03
C02666,Customer 02666,Female,37,Delhi,Delhi,Social Media,2024-06-11
C02667,Customer 02667,Male,32,Lucknow,Uttar Pradesh,Organic Search,2025-01-13
C02668,Customer 02668,Male,28,Chennai,Tamil Nadu,Organic Search,2024-10-23
C02669,Customer 02669,Male,22,Bengaluru,Karnataka,Direct,2024-09-03
C02670,Customer 02670,Female,27,Mumbai,Maharashtra,Direct,2024-09-21
C02671,Customer 02671,Female,35,Lucknow,Uttar Pradesh,Paid Search,2024-10-20
C02672,Customer 02672,Female,24,Mumbai,Maharashtra,Organic Search,2025-01-01
C02673,Customer 02673,Male,29,Delhi,Delhi,Social Media,2025-01-04
C02674,Customer 02674,Male,33,Patna,Bihar,Social Media,2025-08-09
C02675,Customer 02675,Male,26,Kochi,Kerala,Referral,2024-04-16
C02676,Customer 02676,Female,38,Hyderabad,Telangana,Email,2025-02-28
C02677,Customer 02677,Male,30,Mumbai,Maharashtra,Organic Search,2025-12-29
C02678,Customer 02678,Female,36,Hyderabad,Telangana,Social Media,2025-10-24
C02679,Customer 02679,Male,42,Kolkata,West Bengal,Direct,2025-11-03
C02680,Customer 02680,Male,40,Jaipur,Rajasthan,Social Media,2024-12-19
C02681,Customer 02681,Female,38,Mumbai,Maharashtra,Organic Search,2024-01-04
C02682,Customer 02682,Male,34,Hyderabad,Telangana,Social Media,2024-12-17
C02683,Customer 02683,Female,25,Bengaluru,Karnataka,Social Media,2025-08-27
C02684,Customer 02684,Female,34,Bhopal,Madhya Pradesh,Referral,2024-02-02
C02685,Customer 02685,Male,23,Kolkata,West Bengal,Organic Search,2024-06-13
C02686,Customer 02686,Female,21,Lucknow,Uttar Pradesh,Organic Search,2024-02-03
C02687,Customer 02687,Male,36,Bengaluru,Karnataka,Paid Search,2024-08-20
C02688,Customer 02688,Male,25,Kolkata,West Bengal,Referral,2025-01-27
C02689,Customer 02689,Female,36,Surat,Gujarat,Direct,2024-02-17
C02690,Customer 02690,Male,39,Hyderabad,Telangana,Organic Search,2024-07-14
C02691,Customer 02691,Male,36,Delhi,Delhi,Social Media,2025-12-11
C02692,Customer 02692,Male,30,Mumbai,Maharashtra,Direct,2024-01-25
C02693,Customer 02693,Female,22,Chennai,Tamil Nadu,Paid Search,2024-05-29
C02694,Customer 02694,Female,25,Mumbai,Maharashtra,Social Media,2024-08-21
C02695,Customer 02695,Female,28,Bhopal,Madhya Pradesh,Email,2024-08-22
C02696,Customer 02696,Female,31,Hyderabad,Telangana,Social Media,2025-01-09
C02697,Customer 02697,Male,37,Chennai,Tamil Nadu,Paid Search,2025-04-21
C02698,Customer 02698,Female,27,Mumbai,Maharashtra,Referral,2025-12-08
C02699,Customer 02699,Male,18,Mumbai,Maharashtra,Paid Search,2025-11-03
C02700,Customer 02700,Male,28,Surat,Gujarat,Referral,2024-07-14
C02701,Customer 02701,Male,30,Pune,Maharashtra,Email,2024-11-10
C02702,Customer 02702,Female,47,Jaipur,Rajasthan,Social Media,2025-09-14
C02703,Customer 02703,Male,33,Noida,Uttar Pradesh,Paid Search,2024-09-25
C02704,Customer 02704,Male,26,Kolkata,West Bengal,Paid Search,2024-01-02
C02705,Customer 02705,Female,36,Delhi,Delhi,Social Media,2025-02-12
C02706,Customer 02706,Male,36,Bengaluru,Karnataka,Social Media,2025-08-08
C02707,Customer 02707,Female,27,Delhi,Delhi,Referral,2024-10-05
C02708,Customer 02708,Male,29,Bengaluru,Karnataka,Organic Search,2025-03-17
C02709,Customer 02709,Female,43,Gurugram,Haryana,Paid Search,2024-11-13
C02710,Customer 02710,Female,32,Hyderabad,Telangana,Social Media,2025-05-30
C02711,Customer 02711,Male,23,Kolkata,West Bengal,Paid Search,2024-10-22
C02712,Customer 02712,Female,32,Surat,Gujarat,Organic Search,2025-06-11
C02713,Customer 02713,Male,46,Noida,Uttar Pradesh,Direct,2024-11-16
C02714,Customer 02714,Female,18,Hyderabad,Telangana,Direct,2025-08-06
C02715,Customer 02715,Male,23,Gurugram,Haryana,Paid Search,2025-09-03
C02716,Customer 02716,Male,36,Delhi,Delhi,Referral,2025-05-26
C02717,Customer 02717,Male,35,Nagpur,Maharashtra,Social Media,2024-01-20
C02718,Customer 02718,Female,43,Hyderabad,Telangana,Organic Search,2024-06-23
C02719,Customer 02719,Male,29,Lucknow,Uttar Pradesh,Referral,2024-11-13
C02720,Customer 02720,Male,43,Surat,Gujarat,Paid Search,2024-09-23
C02721,Customer 02721,Female,18,Pune,Maharashtra,Social Media,2024-07-15
C02722,Customer 02722,Female,26,Noida,Uttar Pradesh,Email,2024-08-11
C02723,Customer 02723,Female,29,Pune,Maharashtra,Paid Search,2024-01-15
C02724,Customer 02724,Non-binary,38,Noida,Uttar Pradesh,Social Media,2024-07-23
C02725,Customer 02725,Male,21,Lucknow,Uttar Pradesh,Referral,2024-11-07
C02726,Customer 02726,Female,38,Chennai,Tamil Nadu,Direct,2024-02-29
C02727,Customer 02727,Male,20,Ahmedabad,Gujarat,Social Media,2024-03-22
C02728,Customer 02728,Male,29,Kolkata,West Bengal,Organic Search,2025-02-07
C02729,Customer 02729,Male,26,Hyderabad,Telangana,Direct,2024-11-18
C02730,Customer 02730,Male,51,Surat,Gujarat,Paid Search,2024-01-08
C02731,Customer 02731,Male,31,Lucknow,Uttar Pradesh,Organic Search,2025-05-19
C02732,Customer 02732,Male,24,Pune,Maharashtra,Organic Search,2025-04-30
C02733,Customer 02733,Female,18,Coimbatore,Tamil Nadu,Paid Search,2025-04-03
C02734,Customer 02734,Male,32,Chennai,Tamil Nadu,Social Media,2024-07-09
C02735,Customer 02735,Female,18,Bengaluru,Karnataka,Direct,2025-11-26
C02736,Customer 02736,Male,18,Chennai,Tamil Nadu,Social Media,2025-06-23
C02737,Customer 02737,Male,41,Bengaluru,Karnataka,Social Media,2025-02-12
C02738,Customer 02738,Female,19,Kolkata,West Bengal,Direct,2024-04-12
C02739,Customer 02739,Female,18,Surat,Gujarat,Direct,2025-05-05
C02740,Customer 02740,Male,18,Mumbai,Maharashtra,Referral,2025-03-16
C02741,Customer 02741,Male,32,Pune,Maharashtra,Email,2025-05-09
C02742,Customer 02742,Female,32,Patna,Bihar,Organic Search,2025-03-13
C02743,Customer 02743,Male,42,Kolkata,West Bengal,Referral,2025-12-26
C02744,Customer 02744,Female,18,Pune,Maharashtra,Paid Search,2025-12-08
C02745,Customer 02745,Female,50,Bengaluru,Karnataka,Organic Search,2024-08-28
C02746,Customer 02746,Female,29,Delhi,Delhi,Organic Search,2024-11-07
C02747,Customer 02747,Male,51,Mumbai,Maharashtra,Referral,2024-05-01
C02748,Customer 02748,Female,28,Indore,Madhya Pradesh,Organic Search,2025-10-24
C02749,Customer 02749,Male,49,Delhi,Delhi,Social Media,2025-03-08
C02750,Customer 02750,Female,25,Chennai,Tamil Nadu,Organic Search,2025-10-26
C02751,Customer 02751,Female,32,Pune,Maharashtra,Email,2024-07-23
C02752,Customer 02752,Female,26,Noida,Uttar Pradesh,Social Media,2024-12-01
C02753,Customer 02753,Male,43,Noida,Uttar Pradesh,Email,2025-07-13
C02754,Customer 02754,Female,48,Gurugram,Haryana,Organic Search,2024-10-27
C02755,Customer 02755,Female,32,Kochi,Kerala,Referral,2024-12-23
C02756,Customer 02756,Female,42,Chennai,Tamil Nadu,Paid Search,2025-03-09
C02757,Customer 02757,Female,36,Indore,Madhya Pradesh,Organic Search,2024-11-20
C02758,Customer 02758,Female,33,Delhi,Delhi,Referral,2024-10-31
C02759,Customer 02759,Male,18,Mumbai,Maharashtra,Referral,2024-09-10
C02760,Customer 02760,Female,31,Surat,Gujarat,Paid Search,2025-06-24
C02761,Customer 02761,Female,33,Pune,Maharashtra,Paid Search,2025-01-22
C02762,Customer 02762,Female,22,Kolkata,West Bengal,Email,2024-10-20
C02763,Customer 02763,Male,32,Pune,Maharashtra,Direct,2024-05-21
C02764,Customer 02764,Female,47,Mumbai,Maharashtra,Organic Search,2025-08-18
C02765,Customer 02765,Male,25,Pune,Maharashtra,Organic Search,2025-01-06
C02766,Customer 02766,Female,36,Hyderabad,Telangana,Social Media,2024-12-04
C02767,Customer 02767,Female,20,Ahmedabad,Gujarat,Paid Search,2024-03-22
C02768,Customer 02768,Female,46,Ahmedabad,Gujarat,Paid Search,2025-08-16
C02769,Customer 02769,Male,43,Chennai,Tamil Nadu,Direct,2025-11-20
C02770,Customer 02770,Female,43,Hyderabad,Telangana,Social Media,2025-02-03
C02771,Customer 02771,Female,27,Kochi,Kerala,Referral,2025-12-17
C02772,Customer 02772,Female,51,Bengaluru,Karnataka,Email,2024-02-18
C02773,Customer 02773,Male,28,Mumbai,Maharashtra,Organic Search,2025-04-17
C02774,Customer 02774,Male,32,Jaipur,Rajasthan,Organic Search,2025-06-07
C02775,Customer 02775,Male,28,Kochi,Kerala,Social Media,2025-05-30
C02776,Customer 02776,Male,21,Gurugram,Haryana,Referral,2025-07-14
C02777,Customer 02777,Female,36,Bengaluru,Karnataka,Organic Search,2025-07-24
C02778,Customer 02778,Male,32,Pune,Maharashtra,Paid Search,2024-07-17
C02779,Customer 02779,Female,22,Mumbai,Maharashtra,Direct,2024-08-05
C02780,Customer 02780,Female,37,Chennai,Tamil Nadu,Organic Search,2024-09-09
C02781,Customer 02781,Male,45,Pune,Maharashtra,Social Media,2025-03-10
C02782,Customer 02782,Male,33,Chennai,Tamil Nadu,Social Media,2024-04-10
C02783,Customer 02783,Female,28,Chandigarh,Chandigarh,Paid Search,2024-05-17
C02784,Customer 02784,Female,18,Mumbai,Maharashtra,Referral,2024-07-15
C02785,Customer 02785,Female,43,Mumbai,Maharashtra,Organic Search,2025-02-27
C02786,Customer 02786,Male,36,Bhopal,Madhya Pradesh,Social Media,2024-11-17
C02787,Customer 02787,Male,18,Chandigarh,Chandigarh,Paid Search,2025-10-02
C02788,Customer 02788,Female,49,Kochi,Kerala,Paid Search,2024-10-22
C02789,Customer 02789,Female,26,Mumbai,Maharashtra,Direct,2025-11-18
C02790,Customer 02790,Female,34,Kochi,Kerala,Paid Search,2025-01-18
C02791,Customer 02791,Male,18,Kolkata,West Bengal,Direct,2024-10-16
C02792,Customer 02792,Female,47,Mumbai,Maharashtra,Organic Search,2024-05-13
C02793,Customer 02793,Female,34,Kochi,Kerala,Organic Search,2025-12-02
C02794,Customer 02794,Female,50,Hyderabad,Telangana,Paid Search,2024-03-10
C02795,Customer 02795,Female,25,Nagpur,Maharashtra,Direct,2024-11-11
C02796,Customer 02796,Male,22,Ahmedabad,Gujarat,Organic Search,2025-09-18
C02797,Customer 02797,Male,37,Delhi,Delhi,Organic Search,2024-02-11
C02798,Customer 02798,Male,41,Pune,Maharashtra,Social Media,2024-08-15
C02799,Customer 02799,Male,39,Patna,Bihar,Organic Search,2024-07-16
C02800,Customer 02800,Female,40,Kolkata,West Bengal,Email,2024-09-28
C02801,Customer 02801,Female,33,Pune,Maharashtra,Organic Search,2025-09-16
C02802,Customer 02802,Male,30,Bengaluru,Karnataka,Email,2024-11-08
C02803,Customer 02803,Female,33,Chennai,Tamil Nadu,Social Media,2024-07-26
C02804,Customer 02804,Female,33,Bengaluru,Karnataka,Email,2024-11-05
C02805,Customer 02805,Female,37,Pune,Maharashtra,Paid Search,2024-05-07
C02806,Customer 02806,Female,32,Gurugram,Haryana,Direct,2024-09-24
C02807,Customer 02807,Female,28,Delhi,Delhi,Social Media,2024-03-16
C02808,Customer 02808,Female,31,Mumbai,Maharashtra,Direct,2024-10-04
C02809,Customer 02809,Male,33,Indore,Madhya Pradesh,Direct,2025-12-23
C02810,Customer 02810,Non-binary,45,Hyderabad,Telangana,Organic Search,2024-05-04
C02811,Customer 02811,Male,43,Bengaluru,Karnataka,Paid Search,2025-10-19
C02812,Customer 02812,Male,26,Bengaluru,Karnataka,Direct,2024-01-02
C02813,Customer 02813,Female,21,Surat,Gujarat,Organic Search,2025-01-13
C02814,Customer 02814,Male,24,Bengaluru,Karnataka,Direct,2024-11-30
C02815,Customer 02815,Female,22,Lucknow,Uttar Pradesh,Paid Search,2025-12-10
C02816,Customer 02816,Male,35,Mumbai,Maharashtra,Organic Search,2025-12-11
C02817,Customer 02817,Male,36,Bengaluru,Karnataka,Organic Search,2024-10-24
C02818,Customer 02818,Male,27,Hyderabad,Telangana,Social Media,2024-03-14
C02819,Customer 02819,Male,34,Patna,Bihar,Direct,2024-04-06
C02820,Customer 02820,Female,40,Chennai,Tamil Nadu,Organic Search,2025-06-14
C02821,Customer 02821,Female,19,Chandigarh,Chandigarh,Organic Search,2024-03-31
C02822,Customer 02822,Male,23,Kolkata,West Bengal,Email,2024-03-01
C02823,Customer 02823,Male,25,Jaipur,Rajasthan,Social Media,2024-07-19
C02824,Customer 02824,Female,31,Mumbai,Maharashtra,Organic Search,2024-06-12
C02825,Customer 02825,Female,39,Hyderabad,Telangana,Paid Search,2025-12-21
C02826,Customer 02826,Male,33,Hyderabad,Telangana,Paid Search,2024-01-03
C02827,Customer 02827,Female,30,Chennai,Tamil Nadu,Organic Search,2025-11-11
C02828,Customer 02828,Male,26,Bengaluru,Karnataka,Paid Search,2025-02-06
C02829,Customer 02829,Male,20,Chennai,Tamil Nadu,Direct,2024-09-09
C02830,Customer 02830,Female,20,Ahmedabad,Gujarat,Referral,2024-11-30
C02831,Customer 02831,Female,18,Surat,Gujarat,Organic Search,2024-06-13
C02832,Customer 02832,Female,31,Mumbai,Maharashtra,Social Media,2025-09-27
C02833,Customer 02833,Male,30,Indore,Madhya Pradesh,Social Media,2024-09-26
C02834,Customer 02834,Male,47,Bengaluru,Karnataka,Organic Search,2025-09-19
C02835,Customer 02835,Female,28,Kolkata,West Bengal,Email,2025-09-11
C02836,Customer 02836,Male,42,Ahmedabad,Gujarat,Organic Search,2025-10-01
C02837,Customer 02837,Male,29,Kochi,Kerala,Social Media,2025-04-09
C02838,Customer 02838,Male,33,Delhi,Delhi,Email,2024-06-30
C02839,Customer 02839,Male,26,Delhi,Delhi,Paid Search,2025-05-21
C02840,Customer 02840,Male,44,Delhi,Delhi,Paid Search,2024-11-26
C02841,Customer 02841,Female,27,Mumbai,Maharashtra,Direct,2024-06-27
C02842,Customer 02842,Female,39,Jaipur,Rajasthan,Referral,2025-04-29
C02843,Customer 02843,Female,26,Gurugram,Haryana,Paid Search,2024-05-25
C02844,Customer 02844,Male,18,Delhi,Delhi,Direct,2024-10-03
C02845,Customer 02845,Male,18,Lucknow,Uttar Pradesh,Email,2024-05-07
C02846,Customer 02846,Male,39,Coimbatore,Tamil Nadu,Email,2025-11-03
C02847,Customer 02847,Male,35,Chennai,Tamil Nadu,Direct,2025-09-26
C02848,Customer 02848,Male,39,Bengaluru,Karnataka,Social Media,2025-08-04
C02849,Customer 02849,Male,31,Delhi,Delhi,Direct,2024-03-31
C02850,Customer 02850,Male,34,Delhi,Delhi,Direct,2025-05-03
C02851,Customer 02851,Male,24,Chennai,Tamil Nadu,Social Media,2025-10-12
C02852,Customer 02852,Male,37,Pune,Maharashtra,Referral,2025-12-07
C02853,Customer 02853,Male,36,Mumbai,Maharashtra,Organic Search,2025-09-30
C02854,Customer 02854,Female,40,Pune,Maharashtra,Organic Search,2025-11-25
C02855,Customer 02855,Male,19,Bengaluru,Karnataka,Organic Search,2024-05-29
C02856,Customer 02856,Female,42,Mumbai,Maharashtra,Paid Search,2024-12-11
C02857,Customer 02857,Male,29,Hyderabad,Telangana,Organic Search,2025-01-10
C02858,Customer 02858,Female,35,Gurugram,Haryana,Paid Search,2025-03-01
C02859,Customer 02859,Female,39,Delhi,Delhi,Organic Search,2025-09-16
C02860,Customer 02860,Male,31,Kolkata,West Bengal,Paid Search,2024-03-02
C02861,Customer 02861,Male,18,Ahmedabad,Gujarat,Organic Search,2025-02-14
C02862,Customer 02862,Female,45,Noida,Uttar Pradesh,Referral,2025-05-17
C02863,Customer 02863,Male,29,Lucknow,Uttar Pradesh,Direct,2024-02-24
C02864,Customer 02864,Female,24,Bengaluru,Karnataka,Organic Search,2025-08-09
C02865,Customer 02865,Female,28,Chennai,Tamil Nadu,Paid Search,2025-09-19
C02866,Customer 02866,Female,42,Patna,Bihar,Organic Search,2024-06-15
C02867,Customer 02867,Male,37,Ahmedabad,Gujarat,Referral,2025-07-04
C02868,Customer 02868,Female,21,Ahmedabad,Gujarat,Paid Search,2025-05-24
C02869,Customer 02869,Male,31,Jaipur,Rajasthan,Social Media,2025-08-13
C02870,Customer 02870,Female,25,Kolkata,West Bengal,Direct,2025-03-10
C02871,Customer 02871,Male,29,Indore,Madhya Pradesh,Social Media,2025-03-05
C02872,Customer 02872,Female,25,Kolkata,West Bengal,Direct,2024-01-18
C02873,Customer 02873,Female,35,Delhi,Delhi,Social Media,2025-06-21
C02874,Customer 02874,Male,32,Delhi,Delhi,Direct,2025-03-23
C02875,Customer 02875,Female,30,Chennai,Tamil Nadu,Paid Search,2024-08-16
C02876,Customer 02876,Male,37,Delhi,Delhi,Direct,2025-03-31
C02877,Customer 02877,Male,33,Ahmedabad,Gujarat,Referral,2025-06-03
C02878,Customer 02878,Male,35,Lucknow,Uttar Pradesh,Direct,2025-09-22
C02879,Customer 02879,Male,28,Jaipur,Rajasthan,Organic Search,2024-08-03
C02880,Customer 02880,Female,18,Chennai,Tamil Nadu,Email,2024-04-24
C02881,Customer 02881,Male,46,Pune,Maharashtra,Paid Search,2024-06-25
C02882,Customer 02882,Male,34,Noida,Uttar Pradesh,Direct,2024-11-16
C02883,Customer 02883,Male,45,Lucknow,Uttar Pradesh,Direct,2024-01-29
C02884,Customer 02884,Male,26,Coimbatore,Tamil Nadu,Direct,2024-01-30
C02885,Customer 02885,Male,24,Mumbai,Maharashtra,Organic Search,2025-02-12
C02886,Customer 02886,Female,34,Hyderabad,Telangana,Direct,2024-06-03
C02887,Customer 02887,Male,32,Delhi,Delhi,Direct,2025-03-28
C02888,Customer 02888,Female,23,Mumbai,Maharashtra,Organic Search,2024-07-18
C02889,Customer 02889,Male,42,Gurugram,Haryana,Paid Search,2025-05-13
C02890,Customer 02890,Male,28,Mumbai,Maharashtra,Organic Search,2024-12-12
C02891,Customer 02891,Female,30,Pune,Maharashtra,Direct,2024-05-27
C02892,Customer 02892,Male,41,Lucknow,Uttar Pradesh,Organic Search,2024-02-28
C02893,Customer 02893,Male,35,Kolkata,West Bengal,Organic Search,2024-04-18
C02894,Customer 02894,Male,32,Delhi,Delhi,Organic Search,2025-02-17
C02895,Customer 02895,Female,33,Delhi,Delhi,Organic Search,2025-02-17
C02896,Customer 02896,Female,44,Bengaluru,Karnataka,Referral,2025-09-07
C02897,Customer 02897,Female,25,Chennai,Tamil Nadu,Organic Search,2025-10-26
C02898,Customer 02898,Female,39,Noida,Uttar Pradesh,Paid Search,2024-10-28
C02899,Customer 02899,Female,23,Bengaluru,Karnataka,Organic Search,2025-04-19
C02900,Customer 02900,Female,18,Nagpur,Maharashtra,Paid Search,2024-05-20
C02901,Customer 02901,Female,19,Mumbai,Maharashtra,Organic Search,2024-04-11
C02902,Customer 02902,Male,21,Gurugram,Haryana,Paid Search,2024-10-05
C02903,Customer 02903,Male,18,Patna,Bihar,Email,2025-08-03
C02904,Customer 02904,Male,30,Nagpur,Maharashtra,Direct,2025-07-04
C02905,Customer 02905,Female,18,Surat,Gujarat,Paid Search,2024-11-04
C02906,Customer 02906,Male,33,Kochi,Kerala,Social Media,2025-06-10
C02907,Customer 02907,Male,22,Chandigarh,Chandigarh,Organic Search,2025-12-30
C02908,Customer 02908,Female,38,Kolkata,West Bengal,Social Media,2024-11-22
C02909,Customer 02909,Female,37,Bhopal,Madhya Pradesh,Direct,2025-01-12
C02910,Customer 02910,Female,20,Mumbai,Maharashtra,Direct,2025-12-21
C02911,Customer 02911,Male,37,Bengaluru,Karnataka,Direct,2025-01-29
C02912,Customer 02912,Male,29,Pune,Maharashtra,Paid Search,2025-09-07
C02913,Customer 02913,Male,28,Bengaluru,Karnataka,Paid Search,2024-06-28
C02914,Customer 02914,Male,23,Jaipur,Rajasthan,Organic Search,2025-02-24
C02915,Customer 02915,Male,22,Kochi,Kerala,Organic Search,2025-03-28
C02916,Customer 02916,Male,35,Noida,Uttar Pradesh,Direct,2025-12-24
C02917,Customer 02917,Male,34,Pune,Maharashtra,Referral,2024-09-23
C02918,Customer 02918,Male,38,Chennai,Tamil Nadu,Paid Search,2025-07-19
C02919,Customer 02919,Male,36,Gurugram,Haryana,Email,2024-05-30
C02920,Customer 02920,Female,41,Bengaluru,Karnataka,Organic Search,2025-01-24
C02921,Customer 02921,Male,32,Gurugram,Haryana,Paid Search,2025-10-17
C02922,Customer 02922,Female,36,Pune,Maharashtra,Referral,2024-12-18
C02923,Customer 02923,Male,46,Patna,Bihar,Social Media,2025-04-12
C02924,Customer 02924,Female,40,Delhi,Delhi,Organic Search,2024-05-12
C02925,Customer 02925,Female,22,Hyderabad,Telangana,Social Media,2025-09-08
C02926,Customer 02926,Female,29,Chennai,Tamil Nadu,Paid Search,2024-03-22
C02927,Customer 02927,Non-binary,30,Kolkata,West Bengal,Direct,2024-09-29
C02928,Customer 02928,Male,47,Surat,Gujarat,Organic Search,2025-12-29
C02929,Customer 02929,Female,41,Pune,Maharashtra,Social Media,2025-06-21
C02930,Customer 02930,Female,31,Mumbai,Maharashtra,Organic Search,2025-10-22
C02931,Customer 02931,Male,24,Surat,Gujarat,Email,2025-02-06
C02932,Customer 02932,Female,25,Pune,Maharashtra,Organic Search,2025-01-05
C02933,Customer 02933,Female,18,Pune,Maharashtra,Referral,2024-05-22
C02934,Customer 02934,Female,34,Noida,Uttar Pradesh,Organic Search,2024-11-11
C02935,Customer 02935,Female,22,Mumbai,Maharashtra,Direct,2025-04-08
C02936,Customer 02936,Female,30,Patna,Bihar,Organic Search,2025-11-08
C02937,Customer 02937,Female,39,Hyderabad,Telangana,Referral,2024-12-10
C02938,Customer 02938,Female,38,Kolkata,West Bengal,Email,2024-07-06
C02939,Customer 02939,Male,28,Chennai,Tamil Nadu,Direct,2025-06-29
C02940,Customer 02940,Female,28,Pune,Maharashtra,Organic Search,2024-09-25
C02941,Customer 02941,Female,40,Bengaluru,Karnataka,Direct,2024-12-13
C02942,Customer 02942,Female,27,Hyderabad,Telangana,Email,2025-07-12
C02943,Customer 02943,Female,33,Kolkata,West Bengal,Email,2025-03-05
C02944,Customer 02944,Male,26,Delhi,Delhi,Referral,2024-09-10
C02945,Customer 02945,Male,25,Chennai,Tamil Nadu,Organic Search,2024-06-22
C02946,Customer 02946,Male,39,Kolkata,West Bengal,Social Media,2024-03-08
C02947,Customer 02947,Female,26,Delhi,Delhi,Social Media,2025-02-15
C02948,Customer 02948,Female,28,Indore,Madhya Pradesh,Paid Search,2024-09-29
C02949,Customer 02949,Male,39,Hyderabad,Telangana,Paid Search,2024-01-16
C02950,Customer 02950,Male,45,Kolkata,West Bengal,Paid Search,2024-07-22
C02951,Customer 02951,Male,25,Pune,Maharashtra,Social Media,2024-10-01
C02952,Customer 02952,Male,36,Delhi,Delhi,Organic Search,2024-02-21
C02953,Customer 02953,Male,49,Ahmedabad,Gujarat,Organic Search,2025-07-05
C02954,Customer 02954,Male,36,Chennai,Tamil Nadu,Organic Search,2024-01-01
C02955,Customer 02955,Male,29,Ahmedabad,Gujarat,Direct,2025-11-27
C02956,Customer 02956,Male,33,Bengaluru,Karnataka,Organic Search,2024-04-26
C02957,Customer 02957,Male,28,Mumbai,Maharashtra,Paid Search,2024-09-03
C02958,Customer 02958,Male,42,Ahmedabad,Gujarat,Organic Search,2025-11-02
C02959,Customer 02959,Female,40,Jaipur,Rajasthan,Direct,2025-10-20
C02960,Customer 02960,Male,20,Mumbai,Maharashtra,Social Media,2024-01-02
C02961,Customer 02961,Male,23,Kochi,Kerala,Direct,2025-08-02
C02962,Customer 02962,Male,25,Kolkata,West Bengal,Direct,2024-08-30
C02963,Customer 02963,Female,26,Patna,Bihar,Social Media,2024-11-04
C02964,Customer 02964,Female,31,Coimbatore,Tamil Nadu,Social Media,2024-07-05
C02965,Customer 02965,Female,33,Lucknow,Uttar Pradesh,Paid Search,2025-11-19
C02966,Customer 02966,Female,22,Pune,Maharashtra,Organic Search,2024-10-08
C02967,Customer 02967,Male,23,Hyderabad,Telangana,Paid Search,2025-08-13
C02968,Customer 02968,Male,27,Ahmedabad,Gujarat,Direct,2024-05-21
C02969,Customer 02969,Female,33,Indore,Madhya Pradesh,Direct,2025-08-29
C02970,Customer 02970,Male,20,Chennai,Tamil Nadu,Organic Search,2024-10-13
C02971,Customer 02971,Female,42,Jaipur,Rajasthan,Organic Search,2024-12-07
C02972,Customer 02972,Female,27,Chennai,Tamil Nadu,Organic Search,2024-05-03
C02973,Customer 02973,Male,25,Patna,Bihar,Organic Search,2025-09-17
C02974,Customer 02974,Male,36,Delhi,Delhi,Social Media,2025-06-12
C02975,Customer 02975,Male,21,Chennai,Tamil Nadu,Direct,2025-07-23
C02976,Customer 02976,Female,34,Coimbatore,Tamil Nadu,Paid Search,2024-04-11
C02977,Customer 02977,Male,50,Surat,Gujarat,Paid Search,2025-08-01
C02978,Customer 02978,Male,36,Bengaluru,Karnataka,Organic Search,2024-01-06
C02979,Customer 02979,Male,30,Surat,Gujarat,Social Media,2025-11-03
C02980,Customer 02980,Non-binary,28,Bengaluru,Karnataka,Paid Search,2025-01-27
C02981,Customer 02981,Non-binary,31,Bengaluru,Karnataka,Direct,2024-11-04
C02982,Customer 02982,Male,44,Bengaluru,Karnataka,Email,2024-02-17
C02983,Customer 02983,Female,39,Gurugram,Haryana,Referral,2024-03-11
C02984,Customer 02984,Female,20,Bengaluru,Karnataka,Organic Search,2025-07-21
C02985,Customer 02985,Male,28,Bhopal,Madhya Pradesh,Referral,2025-07-19
C02986,Customer 02986,Female,34,Hyderabad,Telangana,Referral,2024-10-15
C02987,Customer 02987,Male,18,Pune,Maharashtra,Paid Search,2024-12-03
C02988,Customer 02988,Female,28,Coimbatore,Tamil Nadu,Organic Search,2025-07-19
C02989,Customer 02989,Female,37,Ahmedabad,Gujarat,Direct,2025-04-24
C02990,Customer 02990,Male,32,Kolkata,West Bengal,Social Media,2024-07-28
C02991,Customer 02991,Male,36,Bengaluru,Karnataka,Direct,2025-05-22
C02992,Customer 02992,Female,18,Hyderabad,Telangana,Paid Search,2024-03-24
C02993,Customer 02993,Male,22,Nagpur,Maharashtra,Paid Search,2025-01-15
C02994,Customer 02994,Female,42,Pune,Maharashtra,Direct,2025-04-22
C02995,Customer 02995,Female,45,Delhi,Delhi,Paid Search,2025-06-16
C02996,Customer 02996,Male,32,Lucknow,Uttar Pradesh,Paid Search,2025-01-31
C02997,Customer 02997,Female,35,Mumbai,Maharashtra,Paid Search,2025-11-09
C02998,Customer 02998,Female,36,Hyderabad,Telangana,Paid Search,2024-11-07
C02999,Customer 02999,Male,29,Mumbai,Maharashtra,Organic Search,2024-08-22
C03000,Customer 03000,Female,30,Hyderabad,Telangana,Referral,2024-01-29
C03001,Customer 03001,Male,39,Kochi,Kerala,Organic Search,2025-03-07
C03002,Customer 03002,Female,37,Delhi,Delhi,Referral,2024-10-24
C03003,Customer 03003,Male,19,Coimbatore,Tamil Nadu,Social Media,2024-03-30
C03004,Customer 03004,Female,39,Surat,Gujarat,Social Media,2024-11-18
C03005,Customer 03005,Male,38,Mumbai,Maharashtra,Referral,2024-04-12
C03006,Customer 03006,Female,24,Hyderabad,Telangana,Direct,2024-11-15
C03007,Customer 03007,Male,29,Surat,Gujarat,Organic Search,2025-12-17
C03008,Customer 03008,Non-binary,36,Pune,Maharashtra,Paid Search,2025-02-27
C03009,Customer 03009,Male,26,Mumbai,Maharashtra,Referral,2024-10-01
C03010,Customer 03010,Female,33,Bengaluru,Karnataka,Organic Search,2025-12-07
C03011,Customer 03011,Female,24,Ahmedabad,Gujarat,Referral,2024-08-22
C03012,Customer 03012,Male,43,Chennai,Tamil Nadu,Paid Search,2025-02-03
C03013,Customer 03013,Male,22,Ahmedabad,Gujarat,Direct,2024-01-07
C03014,Customer 03014,Male,35,Ahmedabad,Gujarat,Social Media,2024-06-27
C03015,Customer 03015,Female,20,Hyderabad,Telangana,Paid Search,2025-01-09
C03016,Customer 03016,Male,43,Mumbai,Maharashtra,Social Media,2025-12-14
C03017,Customer 03017,Female,28,Hyderabad,Telangana,Referral,2025-04-18
C03018,Customer 03018,Female,38,Pune,Maharashtra,Organic Search,2025-04-27
C03019,Customer 03019,Female,39,Mumbai,Maharashtra,Organic Search,2025-12-02
C03020,Customer 03020,Male,34,Delhi,Delhi,Organic Search,2024-11-18
C03021,Customer 03021,Female,30,Lucknow,Uttar Pradesh,Referral,2024-04-29
C03022,Customer 03022,Female,28,Coimbatore,Tamil Nadu,Organic Search,2025-10-23
C03023,Customer 03023,Female,18,Bengaluru,Karnataka,Referral,2024-10-07
C03024,Customer 03024,Male,30,Delhi,Delhi,Organic Search,2025-01-13
C03025,Customer 03025,Male,19,Pune,Maharashtra,Referral,2025-04-20
C03026,Customer 03026,Male,38,Pune,Maharashtra,Social Media,2025-12-07
C03027,Customer 03027,Male,18,Ahmedabad,Gujarat,Direct,2024-10-27
C03028,Customer 03028,Female,37,Pune,Maharashtra,Direct,2024-01-13
C03029,Customer 03029,Female,34,Hyderabad,Telangana,Email,2024-07-11
C03030,Customer 03030,Male,18,Noida,Uttar Pradesh,Social Media,2025-11-20
C03031,Customer 03031,Female,28,Chennai,Tamil Nadu,Paid Search,2025-04-17
C03032,Customer 03032,Female,27,Hyderabad,Telangana,Direct,2025-05-11
C03033,Customer 03033,Male,35,Mumbai,Maharashtra,Paid Search,2025-03-31
C03034,Customer 03034,Male,22,Coimbatore,Tamil Nadu,Social Media,2025-02-01
C03035,Customer 03035,Female,22,Chandigarh,Chandigarh,Social Media,2025-09-23
C03036,Customer 03036,Female,35,Mumbai,Maharashtra,Direct,2024-02-29
C03037,Customer 03037,Female,18,Kochi,Kerala,Referral,2025-10-17
C03038,Customer 03038,Female,26,Ahmedabad,Gujarat,Paid Search,2025-10-15
C03039,Customer 03039,Female,23,Chennai,Tamil Nadu,Referral,2025-07-31
C03040,Customer 03040,Female,31,Jaipur,Rajasthan,Organic Search,2024-09-07
C03041,Customer 03041,Male,27,Gurugram,Haryana,Direct,2024-08-21
C03042,Customer 03042,Female,18,Delhi,Delhi,Organic Search,2025-04-19
C03043,Customer 03043,Male,31,Hyderabad,Telangana,Organic Search,2024-05-10
C03044,Customer 03044,Male,22,Delhi,Delhi,Paid Search,2025-06-23
C03045,Customer 03045,Male,27,Gurugram,Haryana,Social Media,2024-11-23
C03046,Customer 03046,Male,35,Delhi,Delhi,Social Media,2025-01-23
C03047,Customer 03047,Female,25,Hyderabad,Telangana,Direct,2025-05-09
C03048,Customer 03048,Female,53,Jaipur,Rajasthan,Paid Search,2024-03-20
C03049,Customer 03049,Male,25,Chennai,Tamil Nadu,Social Media,2024-06-30
C03050,Customer 03050,Male,18,Mumbai,Maharashtra,Organic Search,2024-12-29
C03051,Customer 03051,Female,28,Bengaluru,Karnataka,Social Media,2024-11-05
C03052,Customer 03052,Female,27,Bengaluru,Karnataka,Organic Search,2025-12-06
C03053,Customer 03053,Male,40,Indore,Madhya Pradesh,Paid Search,2025-07-02
C03054,Customer 03054,Female,26,Bhopal,Madhya Pradesh,Email,2025-12-19
C03055,Customer 03055,Female,20,Gurugram,Haryana,Referral,2024-04-12
C03056,Customer 03056,Male,32,Pune,Maharashtra,Email,2024-09-27
C03057,Customer 03057,Male,25,Delhi,Delhi,Organic Search,2025-08-11
C03058,Customer 03058,Female,26,Mumbai,Maharashtra,Direct,2024-06-21
C03059,Customer 03059,Male,32,Chandigarh,Chandigarh,Organic Search,2024-08-28
C03060,Customer 03060,Female,28,Hyderabad,Telangana,Social Media,2025-04-14
C03061,Customer 03061,Male,21,Chennai,Tamil Nadu,Organic Search,2024-05-08
C03062,Customer 03062,Male,43,Pune,Maharashtra,Direct,2024-08-28
C03063,Customer 03063,Male,20,Delhi,Delhi,Referral,2024-07-07
C03064,Customer 03064,Male,32,Indore,Madhya Pradesh,Organic Search,2025-09-10
C03065,Customer 03065,Male,28,Mumbai,Maharashtra,Social Media,2024-03-02
C03066,Customer 03066,Male,32,Lucknow,Uttar Pradesh,Paid Search,2024-09-28
C03067,Customer 03067,Male,36,Chennai,Tamil Nadu,Organic Search,2024-04-30
C03068,Customer 03068,Male,18,Mumbai,Maharashtra,Direct,2024-06-09
C03069,Customer 03069,Female,39,Mumbai,Maharashtra,Direct,2025-02-14
C03070,Customer 03070,Male,20,Bengaluru,Karnataka,Social Media,2024-02-08
C03071,Customer 03071,Male,31,Lucknow,Uttar Pradesh,Paid Search,2025-10-16
C03072,Customer 03072,Female,45,Lucknow,Uttar Pradesh,Email,2024-02-24
C03073,Customer 03073,Female,36,Chennai,Tamil Nadu,Organic Search,2025-11-06
C03074,Customer 03074,Male,28,Mumbai,Maharashtra,Organic Search,2024-02-17
C03075,Customer 03075,Female,38,Pune,Maharashtra,Social Media,2024-07-04
C03076,Customer 03076,Male,29,Patna,Bihar,Email,2025-07-06
C03077,Customer 03077,Female,21,Chennai,Tamil Nadu,Direct,2024-01-12
C03078,Customer 03078,Male,31,Noida,Uttar Pradesh,Organic Search,2024-01-03
C03079,Customer 03079,Female,19,Lucknow,Uttar Pradesh,Social Media,2024-06-29
C03080,Customer 03080,Female,41,Nagpur,Maharashtra,Email,2025-05-05
C03081,Customer 03081,Female,30,Delhi,Delhi,Organic Search,2025-03-03
C03082,Customer 03082,Female,41,Hyderabad,Telangana,Referral,2025-12-25
C03083,Customer 03083,Female,19,Lucknow,Uttar Pradesh,Social Media,2024-05-03
C03084,Customer 03084,Male,31,Surat,Gujarat,Social Media,2024-02-23
C03085,Customer 03085,Female,22,Chennai,Tamil Nadu,Social Media,2025-09-07
C03086,Customer 03086,Female,33,Pune,Maharashtra,Paid Search,2024-12-16
C03087,Customer 03087,Female,25,Chennai,Tamil Nadu,Email,2024-10-22
C03088,Customer 03088,Male,28,Hyderabad,Telangana,Referral,2024-11-13
C03089,Customer 03089,Female,23,Pune,Maharashtra,Direct,2024-02-17
C03090,Customer 03090,Female,31,Coimbatore,Tamil Nadu,Email,2024-05-09
C03091,Customer 03091,Male,37,Bengaluru,Karnataka,Organic Search,2025-05-24
C03092,Customer 03092,Female,34,Indore,Madhya Pradesh,Organic Search,2025-02-13
C03093,Customer 03093,Female,24,Delhi,Delhi,Social Media,2025-03-14
C03094,Customer 03094,Female,32,Hyderabad,Telangana,Social Media,2024-07-22
C03095,Customer 03095,Male,40,Bengaluru,Karnataka,Direct,2025-06-02
C03096,Customer 03096,Female,18,Delhi,Delhi,Organic Search,2024-03-03
C03097,Customer 03097,Female,28,Mumbai,Maharashtra,Referral,2024-03-21
C03098,Customer 03098,Male,18,Mumbai,Maharashtra,Organic Search,2025-11-22
C03099,Customer 03099,Male,40,Noida,Uttar Pradesh,Direct,2025-03-09
C03100,Customer 03100,Female,19,Surat,Gujarat,Organic Search,2024-07-04
C03101,Customer 03101,Female,42,Chennai,Tamil Nadu,Social Media,2024-02-20
C03102,Customer 03102,Male,29,Jaipur,Rajasthan,Social Media,2024-11-12
C03103,Customer 03103,Male,41,Bengaluru,Karnataka,Email,2024-03-16
C03104,Customer 03104,Male,29,Mumbai,Maharashtra,Direct,2024-05-12
C03105,Customer 03105,Non-binary,26,Kolkata,West Bengal,Paid Search,2025-01-15
C03106,Customer 03106,Female,25,Hyderabad,Telangana,Direct,2025-08-09
C03107,Customer 03107,Female,24,Jaipur,Rajasthan,Referral,2024-09-26
C03108,Customer 03108,Female,26,Kochi,Kerala,Organic Search,2025-09-14
C03109,Customer 03109,Non-binary,19,Kochi,Kerala,Social Media,2025-01-18
C03110,Customer 03110,Female,32,Chandigarh,Chandigarh,Direct,2024-04-26
C03111,Customer 03111,Male,28,Mumbai,Maharashtra,Referral,2024-02-22
C03112,Customer 03112,Male,21,Mumbai,Maharashtra,Organic Search,2024-12-09
C03113,Customer 03113,Female,23,Kolkata,West Bengal,Paid Search,2024-03-06
C03114,Customer 03114,Male,40,Kochi,Kerala,Referral,2025-09-12
C03115,Customer 03115,Male,26,Delhi,Delhi,Organic Search,2024-05-08
C03116,Customer 03116,Male,39,Delhi,Delhi,Organic Search,2025-01-31
C03117,Customer 03117,Female,36,Lucknow,Uttar Pradesh,Social Media,2024-10-23
C03118,Customer 03118,Male,29,Surat,Gujarat,Referral,2024-03-24
C03119,Customer 03119,Female,44,Bengaluru,Karnataka,Direct,2024-05-01
C03120,Customer 03120,Male,35,Chennai,Tamil Nadu,Organic Search,2024-10-31
C03121,Customer 03121,Female,36,Bengaluru,Karnataka,Paid Search,2024-06-13
C03122,Customer 03122,Female,35,Pune,Maharashtra,Social Media,2025-12-22
C03123,Customer 03123,Male,30,Delhi,Delhi,Referral,2025-07-07
C03124,Customer 03124,Male,35,Mumbai,Maharashtra,Email,2025-10-04
C03125,Customer 03125,Male,36,Jaipur,Rajasthan,Organic Search,2024-04-17
C03126,Customer 03126,Male,22,Pune,Maharashtra,Email,2024-09-17
C03127,Customer 03127,Female,41,Jaipur,Rajasthan,Email,2024-10-20
C03128,Customer 03128,Female,30,Bengaluru,Karnataka,Paid Search,2025-08-17
C03129,Customer 03129,Female,36,Ahmedabad,Gujarat,Referral,2025-07-03
C03130,Customer 03130,Male,38,Bengaluru,Karnataka,Paid Search,2024-10-16
C03131,Customer 03131,Male,31,Mumbai,Maharashtra,Social Media,2025-09-06
C03132,Customer 03132,Female,26,Delhi,Delhi,Organic Search,2025-11-14
C03133,Customer 03133,Female,41,Patna,Bihar,Paid Search,2025-09-10
C03134,Customer 03134,Male,33,Mumbai,Maharashtra,Direct,2024-03-13
C03135,Customer 03135,Male,26,Bengaluru,Karnataka,Organic Search,2025-03-12
C03136,Customer 03136,Male,36,Pune,Maharashtra,Organic Search,2024-05-16
C03137,Customer 03137,Male,37,Kochi,Kerala,Organic Search,2025-04-14
C03138,Customer 03138,Male,21,Pune,Maharashtra,Social Media,2025-06-16
C03139,Customer 03139,Female,38,Bengaluru,Karnataka,Social Media,2025-12-17
C03140,Customer 03140,Male,30,Chennai,Tamil Nadu,Referral,2024-05-01
C03141,Customer 03141,Male,22,Lucknow,Uttar Pradesh,Email,2025-01-11
C03142,Customer 03142,Female,26,Kolkata,West Bengal,Referral,2024-12-27
C03143,Customer 03143,Female,37,Ahmedabad,Gujarat,Paid Search,2024-03-26
C03144,Customer 03144,Female,35,Gurugram,Haryana,Email,2025-11-15
C03145,Customer 03145,Male,33,Coimbatore,Tamil Nadu,Direct,2025-06-22
C03146,Customer 03146,Male,27,Chennai,Tamil Nadu,Organic Search,2024-12-28
C03147,Customer 03147,Male,37,Hyderabad,Telangana,Organic Search,2024-07-23
C03148,Customer 03148,Female,26,Delhi,Delhi,Referral,2025-10-29
C03149,Customer 03149,Female,37,Chandigarh,Chandigarh,Organic Search,2024-02-11
C03150,Customer 03150,Male,23,Ahmedabad,Gujarat,Social Media,2025-06-05
C03151,Customer 03151,Female,21,Delhi,Delhi,Paid Search,2025-03-27
C03152,Customer 03152,Male,25,Hyderabad,Telangana,Paid Search,2024-04-29
C03153,Customer 03153,Female,27,Lucknow,Uttar Pradesh,Social Media,2024-02-18
C03154,Customer 03154,Female,35,Pune,Maharashtra,Paid Search,2024-04-04
C03155,Customer 03155,Male,37,Bengaluru,Karnataka,Direct,2024-10-05
C03156,Customer 03156,Female,31,Delhi,Delhi,Email,2025-05-23
C03157,Customer 03157,Female,30,Kochi,Kerala,Social Media,2024-04-29
C03158,Customer 03158,Female,31,Bengaluru,Karnataka,Social Media,2025-09-16
C03159,Customer 03159,Male,18,Ahmedabad,Gujarat,Paid Search,2025-05-03
C03160,Customer 03160,Female,34,Mumbai,Maharashtra,Social Media,2025-08-13
C03161,Customer 03161,Female,30,Pune,Maharashtra,Direct,2025-04-07
C03162,Customer 03162,Male,45,Chennai,Tamil Nadu,Organic Search,2025-02-15
C03163,Customer 03163,Male,33,Pune,Maharashtra,Referral,2025-03-30
C03164,Customer 03164,Female,54,Chennai,Tamil Nadu,Referral,2025-05-18
C03165,Customer 03165,Female,20,Mumbai,Maharashtra,Referral,2024-05-10
C03166,Customer 03166,Female,34,Bengaluru,Karnataka,Organic Search,2024-03-26
C03167,Customer 03167,Female,42,Mumbai,Maharashtra,Social Media,2024-03-19
C03168,Customer 03168,Male,41,Ahmedabad,Gujarat,Direct,2025-12-22
C03169,Customer 03169,Male,29,Coimbatore,Tamil Nadu,Social Media,2024-11-20
C03170,Customer 03170,Male,31,Delhi,Delhi,Organic Search,2025-11-15
C03171,Customer 03171,Male,27,Bengaluru,Karnataka,Paid Search,2025-10-10
C03172,Customer 03172,Female,33,Kochi,Kerala,Direct,2024-05-10
C03173,Customer 03173,Female,42,Hyderabad,Telangana,Email,2025-03-16
C03174,Customer 03174,Male,34,Noida,Uttar Pradesh,Social Media,2024-01-30
C03175,Customer 03175,Female,24,Mumbai,Maharashtra,Organic Search,2024-08-18
C03176,Customer 03176,Female,42,Bengaluru,Karnataka,Social Media,2024-05-23
C03177,Customer 03177,Male,20,Delhi,Delhi,Organic Search,2024-03-22
C03178,Customer 03178,Male,18,Kolkata,West Bengal,Social Media,2025-11-26
C03179,Customer 03179,Female,20,Noida,Uttar Pradesh,Social Media,2025-06-03
C03180,Customer 03180,Male,29,Kochi,Kerala,Paid Search,2025-05-17
C03181,Customer 03181,Male,23,Lucknow,Uttar Pradesh,Email,2025-05-02
C03182,Customer 03182,Female,21,Noida,Uttar Pradesh,Paid Search,2024-07-25
C03183,Customer 03183,Female,36,Chennai,Tamil Nadu,Paid Search,2025-04-03
C03184,Customer 03184,Male,38,Delhi,Delhi,Organic Search,2024-05-27
C03185,Customer 03185,Female,25,Pune,Maharashtra,Paid Search,2024-09-06
C03186,Customer 03186,Male,23,Ahmedabad,Gujarat,Paid Search,2024-10-31
C03187,Customer 03187,Female,23,Delhi,Delhi,Organic Search,2025-04-19
C03188,Customer 03188,Female,18,Hyderabad,Telangana,Referral,2025-08-03
C03189,Customer 03189,Female,47,Pune,Maharashtra,Referral,2025-07-26
C03190,Customer 03190,Male,27,Pune,Maharashtra,Paid Search,2025-06-26
C03191,Customer 03191,Male,32,Delhi,Delhi,Organic Search,2025-01-01
C03192,Customer 03192,Female,36,Hyderabad,Telangana,Direct,2024-10-23
C03193,Customer 03193,Male,38,Noida,Uttar Pradesh,Referral,2025-07-04
C03194,Customer 03194,Male,29,Kolkata,West Bengal,Organic Search,2025-11-17
C03195,Customer 03195,Female,45,Ahmedabad,Gujarat,Organic Search,2024-09-23
C03196,Customer 03196,Male,20,Kolkata,West Bengal,Direct,2025-04-30
C03197,Customer 03197,Male,45,Delhi,Delhi,Paid Search,2025-02-11
C03198,Customer 03198,Female,27,Noida,Uttar Pradesh,Organic Search,2025-07-14
C03199,Customer 03199,Male,36,Delhi,Delhi,Referral,2024-03-26
C03200,Customer 03200,Male,26,Bengaluru,Karnataka,Paid Search,2024-06-16
C03201,Customer 03201,Male,29,Chennai,Tamil Nadu,Organic Search,2025-12-08
C03202,Customer 03202,Male,32,Bengaluru,Karnataka,Organic Search,2025-12-28
C03203,Customer 03203,Female,35,Gurugram,Haryana,Social Media,2024-07-06
C03204,Customer 03204,Female,40,Jaipur,Rajasthan,Direct,2025-05-14
C03205,Customer 03205,Male,28,Chandigarh,Chandigarh,Direct,2025-09-17
C03206,Customer 03206,Male,18,Surat,Gujarat,Social Media,2025-12-14
C03207,Customer 03207,Female,30,Ahmedabad,Gujarat,Organic Search,2025-06-19
C03208,Customer 03208,Female,25,Bengaluru,Karnataka,Social Media,2025-10-23
C03209,Customer 03209,Male,23,Delhi,Delhi,Social Media,2025-04-17
C03210,Customer 03210,Female,53,Mumbai,Maharashtra,Organic Search,2024-08-18
C03211,Customer 03211,Female,22,Pune,Maharashtra,Organic Search,2024-03-15
C03212,Customer 03212,Male,27,Chennai,Tamil Nadu,Paid Search,2024-03-10
C03213,Customer 03213,Female,40,Gurugram,Haryana,Social Media,2025-02-19
C03214,Customer 03214,Female,28,Gurugram,Haryana,Paid Search,2025-06-18
C03215,Customer 03215,Female,22,Gurugram,Haryana,Social Media,2025-01-05
C03216,Customer 03216,Female,21,Delhi,Delhi,Referral,2024-10-10
C03217,Customer 03217,Male,27,Lucknow,Uttar Pradesh,Paid Search,2024-09-27
C03218,Customer 03218,Male,36,Patna,Bihar,Social Media,2024-07-06
C03219,Customer 03219,Female,38,Chennai,Tamil Nadu,Social Media,2024-03-14
C03220,Customer 03220,Male,42,Bhopal,Madhya Pradesh,Referral,2025-05-22
C03221,Customer 03221,Male,22,Delhi,Delhi,Direct,2025-04-17
C03222,Customer 03222,Male,27,Chennai,Tamil Nadu,Paid Search,2024-12-24
C03223,Customer 03223,Male,24,Hyderabad,Telangana,Organic Search,2024-06-16
C03224,Customer 03224,Female,29,Pune,Maharashtra,Organic Search,2024-07-13
C03225,Customer 03225,Male,35,Hyderabad,Telangana,Paid Search,2024-04-13
C03226,Customer 03226,Female,37,Delhi,Delhi,Email,2025-01-23
C03227,Customer 03227,Female,18,Gurugram,Haryana,Social Media,2025-05-08
C03228,Customer 03228,Male,30,Mumbai,Maharashtra,Social Media,2024-09-07
C03229,Customer 03229,Male,37,Kolkata,West Bengal,Direct,2025-11-28
C03230,Customer 03230,Male,33,Mumbai,Maharashtra,Direct,2025-12-14
C03231,Customer 03231,Female,23,Noida,Uttar Pradesh,Email,2024-08-14
C03232,Customer 03232,Female,39,Pune,Maharashtra,Social Media,2024-02-16
C03233,Customer 03233,Male,38,Chennai,Tamil Nadu,Organic Search,2024-04-27
C03234,Customer 03234,Male,27,Delhi,Delhi,Organic Search,2024-05-15
C03235,Customer 03235,Female,38,Mumbai,Maharashtra,Organic Search,2024-12-26
C03236,Customer 03236,Male,44,Hyderabad,Telangana,Social Media,2025-06-20
C03237,Customer 03237,Male,39,Hyderabad,Telangana,Paid Search,2025-07-06
C03238,Customer 03238,Male,29,Hyderabad,Telangana,Email,2024-05-04
C03239,Customer 03239,Male,24,Kochi,Kerala,Email,2024-01-01
C03240,Customer 03240,Male,40,Mumbai,Maharashtra,Paid Search,2024-10-15
C03241,Customer 03241,Female,27,Kolkata,West Bengal,Paid Search,2025-11-17
C03242,Customer 03242,Male,29,Gurugram,Haryana,Direct,2024-08-18
C03243,Customer 03243,Female,23,Delhi,Delhi,Social Media,2025-09-06
C03244,Customer 03244,Female,55,Jaipur,Rajasthan,Organic Search,2024-08-27
C03245,Customer 03245,Female,32,Pune,Maharashtra,Organic Search,2024-06-21
C03246,Customer 03246,Female,39,Chandigarh,Chandigarh,Social Media,2024-04-20
C03247,Customer 03247,Male,25,Mumbai,Maharashtra,Social Media,2024-01-05
C03248,Customer 03248,Male,21,Chennai,Tamil Nadu,Organic Search,2024-06-20
C03249,Customer 03249,Female,43,Surat,Gujarat,Direct,2024-09-26
C03250,Customer 03250,Male,18,Kochi,Kerala,Referral,2024-09-07
C03251,Customer 03251,Female,22,Delhi,Delhi,Social Media,2025-03-31
C03252,Customer 03252,Female,29,Chennai,Tamil Nadu,Paid Search,2025-08-04
C03253,Customer 03253,Female,23,Patna,Bihar,Email,2025-01-15
C03254,Customer 03254,Male,21,Lucknow,Uttar Pradesh,Paid Search,2025-07-25
C03255,Customer 03255,Female,35,Hyderabad,Telangana,Social Media,2024-07-15
C03256,Customer 03256,Male,43,Bengaluru,Karnataka,Referral,2025-06-05
C03257,Customer 03257,Male,25,Ahmedabad,Gujarat,Paid Search,2024-05-12
C03258,Customer 03258,Male,20,Pune,Maharashtra,Organic Search,2024-03-24
C03259,Customer 03259,Male,50,Lucknow,Uttar Pradesh,Social Media,2025-01-16
C03260,Customer 03260,Female,41,Ahmedabad,Gujarat,Referral,2024-04-09
C03261,Customer 03261,Male,20,Hyderabad,Telangana,Direct,2024-11-22
C03262,Customer 03262,Male,18,Bengaluru,Karnataka,Organic Search,2025-04-05
C03263,Customer 03263,Male,35,Mumbai,Maharashtra,Referral,2025-07-10
C03264,Customer 03264,Female,24,Lucknow,Uttar Pradesh,Organic Search,2025-04-10
C03265,Customer 03265,Male,24,Surat,Gujarat,Social Media,2025-08-16
C03266,Customer 03266,Male,20,Delhi,Delhi,Paid Search,2025-09-14
C03267,Customer 03267,Male,32,Kochi,Kerala,Referral,2025-06-10
C03268,Customer 03268,Male,40,Patna,Bihar,Direct,2025-07-08
C03269,Customer 03269,Female,25,Mumbai,Maharashtra,Email,2024-09-17
C03270,Customer 03270,Female,29,Jaipur,Rajasthan,Direct,2025-06-25
C03271,Customer 03271,Female,31,Delhi,Delhi,Direct,2025-06-04
C03272,Customer 03272,Male,41,Hyderabad,Telangana,Paid Search,2025-12-27
C03273,Customer 03273,Male,36,Lucknow,Uttar Pradesh,Direct,2025-05-04
C03274,Customer 03274,Female,40,Hyderabad,Telangana,Paid Search,2024-07-27
C03275,Customer 03275,Male,32,Bengaluru,Karnataka,Paid Search,2025-07-30
C03276,Customer 03276,Male,41,Jaipur,Rajasthan,Organic Search,2025-10-30
C03277,Customer 03277,Male,29,Delhi,Delhi,Direct,2025-12-29
C03278,Customer 03278,Female,18,Patna,Bihar,Paid Search,2025-06-14
C03279,Customer 03279,Female,32,Jaipur,Rajasthan,Organic Search,2024-06-03
C03280,Customer 03280,Male,38,Delhi,Delhi,Paid Search,2025-11-06
C03281,Customer 03281,Male,29,Hyderabad,Telangana,Paid Search,2025-05-23
C03282,Customer 03282,Female,18,Mumbai,Maharashtra,Email,2025-05-20
C03283,Customer 03283,Female,32,Pune,Maharashtra,Social Media,2024-12-16
C03284,Customer 03284,Female,26,Delhi,Delhi,Social Media,2025-08-17
C03285,Customer 03285,Female,23,Kochi,Kerala,Organic Search,2024-01-28
C03286,Customer 03286,Female,33,Mumbai,Maharashtra,Social Media,2024-02-21
C03287,Customer 03287,Female,32,Pune,Maharashtra,Social Media,2025-02-05
C03288,Customer 03288,Male,24,Pune,Maharashtra,Social Media,2025-04-18
C03289,Customer 03289,Male,45,Chandigarh,Chandigarh,Email,2025-08-30
C03290,Customer 03290,Male,33,Bengaluru,Karnataka,Organic Search,2024-07-13
C03291,Customer 03291,Female,18,Delhi,Delhi,Organic Search,2025-01-17
C03292,Customer 03292,Male,28,Mumbai,Maharashtra,Email,2024-12-13
C03293,Customer 03293,Male,36,Mumbai,Maharashtra,Paid Search,2024-09-27
C03294,Customer 03294,Male,26,Delhi,Delhi,Organic Search,2025-08-09
C03295,Customer 03295,Male,18,Delhi,Delhi,Social Media,2024-08-20
C03296,Customer 03296,Male,27,Jaipur,Rajasthan,Referral,2024-10-01
C03297,Customer 03297,Male,32,Bengaluru,Karnataka,Direct,2024-04-25
C03298,Customer 03298,Female,36,Delhi,Delhi,Organic Search,2025-08-13
C03299,Customer 03299,Female,46,Delhi,Delhi,Direct,2025-06-17
C03300,Customer 03300,Male,33,Bengaluru,Karnataka,Social Media,2025-12-29
C03301,Customer 03301,Male,24,Gurugram,Haryana,Organic Search,2024-10-19
C03302,Customer 03302,Male,27,Kochi,Kerala,Organic Search,2024-06-09
C03303,Customer 03303,Female,32,Coimbatore,Tamil Nadu,Organic Search,2024-01-06
C03304,Customer 03304,Female,22,Hyderabad,Telangana,Social Media,2024-07-03
C03305,Customer 03305,Female,24,Kolkata,West Bengal,Organic Search,2024-12-07
C03306,Customer 03306,Male,42,Ahmedabad,Gujarat,Email,2024-03-09
C03307,Customer 03307,Female,18,Mumbai,Maharashtra,Direct,2025-04-27
C03308,Customer 03308,Male,20,Pune,Maharashtra,Email,2024-01-10
C03309,Customer 03309,Female,34,Ahmedabad,Gujarat,Paid Search,2025-09-26
C03310,Customer 03310,Male,43,Gurugram,Haryana,Organic Search,2025-09-30
C03311,Customer 03311,Female,21,Chennai,Tamil Nadu,Direct,2024-03-22
C03312,Customer 03312,Male,34,Kochi,Kerala,Referral,2025-08-12
C03313,Customer 03313,Male,32,Kolkata,West Bengal,Social Media,2025-09-29
C03314,Customer 03314,Female,48,Chennai,Tamil Nadu,Organic Search,2024-12-08
C03315,Customer 03315,Male,20,Ahmedabad,Gujarat,Direct,2025-11-28
C03316,Customer 03316,Female,18,Chennai,Tamil Nadu,Paid Search,2025-03-06
C03317,Customer 03317,Female,49,Hyderabad,Telangana,Organic Search,2024-03-05
C03318,Customer 03318,Female,33,Delhi,Delhi,Direct,2025-03-07
C03319,Customer 03319,Male,30,Kolkata,West Bengal,Referral,2025-10-14
C03320,Customer 03320,Male,46,Indore,Madhya Pradesh,Email,2024-10-11
C03321,Customer 03321,Female,36,Kolkata,West Bengal,Direct,2024-08-12
C03322,Customer 03322,Female,32,Pune,Maharashtra,Email,2025-11-22
C03323,Customer 03323,Male,21,Bhopal,Madhya Pradesh,Organic Search,2024-05-08
C03324,Customer 03324,Male,33,Bengaluru,Karnataka,Social Media,2025-04-20
C03325,Customer 03325,Male,32,Pune,Maharashtra,Paid Search,2025-01-24
C03326,Customer 03326,Female,18,Bhopal,Madhya Pradesh,Organic Search,2024-06-24
C03327,Customer 03327,Male,33,Mumbai,Maharashtra,Referral,2024-05-13
C03328,Customer 03328,Male,25,Kolkata,West Bengal,Social Media,2024-02-22
C03329,Customer 03329,Male,29,Jaipur,Rajasthan,Organic Search,2024-11-18
C03330,Customer 03330,Female,57,Kolkata,West Bengal,Paid Search,2024-04-21
C03331,Customer 03331,Male,24,Pune,Maharashtra,Organic Search,2024-04-28
C03332,Customer 03332,Female,20,Bengaluru,Karnataka,Social Media,2024-04-23
C03333,Customer 03333,Male,18,Jaipur,Rajasthan,Paid Search,2025-05-24
C03334,Customer 03334,Non-binary,22,Pune,Maharashtra,Organic Search,2024-02-02
C03335,Customer 03335,Male,51,Bengaluru,Karnataka,Direct,2025-11-30
C03336,Customer 03336,Female,32,Kolkata,West Bengal,Direct,2024-07-10
C03337,Customer 03337,Female,44,Jaipur,Rajasthan,Paid Search,2024-10-26
C03338,Customer 03338,Female,28,Surat,Gujarat,Organic Search,2025-09-29
C03339,Customer 03339,Female,38,Mumbai,Maharashtra,Organic Search,2025-05-22
C03340,Customer 03340,Female,31,Mumbai,Maharashtra,Organic Search,2024-08-30
C03341,Customer 03341,Male,24,Jaipur,Rajasthan,Organic Search,2025-02-01
C03342,Customer 03342,Female,18,Coimbatore,Tamil Nadu,Paid Search,2024-08-09
C03343,Customer 03343,Male,34,Ahmedabad,Gujarat,Direct,2024-12-31
C03344,Customer 03344,Non-binary,38,Mumbai,Maharashtra,Organic Search,2025-10-28
C03345,Customer 03345,Male,45,Bengaluru,Karnataka,Email,2024-04-23
C03346,Customer 03346,Female,56,Bhopal,Madhya Pradesh,Social Media,2025-05-10
C03347,Customer 03347,Male,31,Ahmedabad,Gujarat,Email,2025-01-07
C03348,Customer 03348,Male,25,Delhi,Delhi,Organic Search,2024-05-09
C03349,Customer 03349,Female,39,Chandigarh,Chandigarh,Direct,2024-03-27
C03350,Customer 03350,Male,36,Noida,Uttar Pradesh,Organic Search,2025-07-15
C03351,Customer 03351,Male,36,Hyderabad,Telangana,Organic Search,2025-05-05
C03352,Customer 03352,Female,33,Hyderabad,Telangana,Referral,2024-09-14
C03353,Customer 03353,Male,33,Indore,Madhya Pradesh,Organic Search,2024-11-29
C03354,Customer 03354,Male,20,Lucknow,Uttar Pradesh,Direct,2025-08-16
C03355,Customer 03355,Male,29,Noida,Uttar Pradesh,Paid Search,2024-02-14
C03356,Customer 03356,Male,29,Coimbatore,Tamil Nadu,Direct,2024-08-08
C03357,Customer 03357,Male,45,Kolkata,West Bengal,Organic Search,2025-03-20
C03358,Customer 03358,Female,39,Gurugram,Haryana,Social Media,2025-04-01
C03359,Customer 03359,Male,27,Noida,Uttar Pradesh,Organic Search,2025-12-01
C03360,Customer 03360,Male,48,Patna,Bihar,Organic Search,2024-08-17
C03361,Customer 03361,Male,37,Delhi,Delhi,Direct,2025-02-13
C03362,Customer 03362,Male,27,Chennai,Tamil Nadu,Direct,2025-02-28
C03363,Customer 03363,Male,36,Jaipur,Rajasthan,Organic Search,2024-10-05
C03364,Customer 03364,Female,22,Bengaluru,Karnataka,Paid Search,2024-01-26
C03365,Customer 03365,Female,38,Indore,Madhya Pradesh,Direct,2024-11-24
C03366,Customer 03366,Female,29,Bengaluru,Karnataka,Direct,2025-09-14
C03367,Customer 03367,Female,25,Lucknow,Uttar Pradesh,Organic Search,2024-04-02
C03368,Customer 03368,Male,23,Hyderabad,Telangana,Organic Search,2024-08-24
C03369,Customer 03369,Male,23,Delhi,Delhi,Social Media,2025-01-05
C03370,Customer 03370,Female,42,Surat,Gujarat,Organic Search,2024-06-26
C03371,Customer 03371,Male,23,Gurugram,Haryana,Direct,2024-09-20
C03372,Customer 03372,Female,25,Hyderabad,Telangana,Paid Search,2024-12-30
C03373,Customer 03373,Male,29,Ahmedabad,Gujarat,Paid Search,2024-11-11
C03374,Customer 03374,Male,43,Hyderabad,Telangana,Direct,2025-03-11
C03375,Customer 03375,Female,30,Hyderabad,Telangana,Organic Search,2024-03-12
C03376,Customer 03376,Male,35,Patna,Bihar,Paid Search,2024-02-14
C03377,Customer 03377,Female,46,Delhi,Delhi,Social Media,2024-02-23
C03378,Customer 03378,Male,46,Delhi,Delhi,Social Media,2024-06-05
C03379,Customer 03379,Male,41,Delhi,Delhi,Direct,2024-09-22
C03380,Customer 03380,Male,41,Bengaluru,Karnataka,Direct,2024-04-17
C03381,Customer 03381,Male,38,Hyderabad,Telangana,Email,2025-12-03
C03382,Customer 03382,Female,29,Indore,Madhya Pradesh,Email,2024-01-05
C03383,Customer 03383,Male,29,Lucknow,Uttar Pradesh,Direct,2025-03-15
C03384,Customer 03384,Male,34,Ahmedabad,Gujarat,Paid Search,2024-10-13
C03385,Customer 03385,Female,29,Ahmedabad,Gujarat,Paid Search,2024-08-23
C03386,Customer 03386,Male,24,Surat,Gujarat,Organic Search,2025-09-06
C03387,Customer 03387,Male,22,Bengaluru,Karnataka,Paid Search,2024-05-08
C03388,Customer 03388,Male,26,Delhi,Delhi,Organic Search,2024-01-01
C03389,Customer 03389,Male,42,Delhi,Delhi,Social Media,2025-03-18
C03390,Customer 03390,Female,18,Mumbai,Maharashtra,Paid Search,2024-01-02
C03391,Customer 03391,Male,51,Noida,Uttar Pradesh,Paid Search,2025-02-15
C03392,Customer 03392,Male,37,Kolkata,West Bengal,Paid Search,2025-03-19
C03393,Customer 03393,Female,33,Lucknow,Uttar Pradesh,Email,2024-02-26
C03394,Customer 03394,Female,35,Kochi,Kerala,Referral,2024-04-19
C03395,Customer 03395,Female,37,Delhi,Delhi,Paid Search,2025-12-28
C03396,Customer 03396,Male,26,Delhi,Delhi,Paid Search,2024-03-25
C03397,Customer 03397,Male,35,Hyderabad,Telangana,Direct,2025-08-12
C03398,Customer 03398,Female,34,Kolkata,West Bengal,Paid Search,2024-11-25
C03399,Customer 03399,Female,26,Delhi,Delhi,Paid Search,2025-03-25
C03400,Customer 03400,Female,18,Ahmedabad,Gujarat,Organic Search,2025-05-26
C03401,Customer 03401,Male,24,Gurugram,Haryana,Organic Search,2025-01-21
C03402,Customer 03402,Female,50,Bhopal,Madhya Pradesh,Direct,2025-12-21
C03403,Customer 03403,Male,32,Bengaluru,Karnataka,Referral,2024-01-11
C03404,Customer 03404,Female,23,Ahmedabad,Gujarat,Paid Search,2024-08-25
C03405,Customer 03405,Male,18,Surat,Gujarat,Social Media,2024-03-17
C03406,Customer 03406,Female,38,Hyderabad,Telangana,Direct,2024-07-01
C03407,Customer 03407,Non-binary,33,Bengaluru,Karnataka,Paid Search,2024-05-17
C03408,Customer 03408,Female,32,Nagpur,Maharashtra,Direct,2025-04-03
C03409,Customer 03409,Female,20,Ahmedabad,Gujarat,Referral,2025-07-21
C03410,Customer 03410,Female,33,Lucknow,Uttar Pradesh,Direct,2024-07-20
C03411,Customer 03411,Female,28,Noida,Uttar Pradesh,Organic Search,2024-01-28
C03412,Customer 03412,Male,40,Noida,Uttar Pradesh,Social Media,2025-06-22
C03413,Customer 03413,Female,34,Delhi,Delhi,Social Media,2024-07-27
C03414,Customer 03414,Female,26,Bhopal,Madhya Pradesh,Organic Search,2024-09-28
C03415,Customer 03415,Male,25,Mumbai,Maharashtra,Referral,2024-09-23
C03416,Customer 03416,Male,39,Chennai,Tamil Nadu,Social Media,2025-07-03
C03417,Customer 03417,Female,25,Lucknow,Uttar Pradesh,Social Media,2025-04-26
C03418,Customer 03418,Female,30,Delhi,Delhi,Direct,2025-11-10
C03419,Customer 03419,Male,33,Delhi,Delhi,Organic Search,2025-05-04
C03420,Customer 03420,Female,29,Ahmedabad,Gujarat,Email,2025-04-09
C03421,Customer 03421,Female,25,Ahmedabad,Gujarat,Social Media,2024-05-24
C03422,Customer 03422,Male,42,Patna,Bihar,Email,2025-06-25
C03423,Customer 03423,Female,25,Mumbai,Maharashtra,Organic Search,2024-07-11
C03424,Customer 03424,Male,36,Jaipur,Rajasthan,Social Media,2025-06-13
C03425,Customer 03425,Female,44,Kolkata,West Bengal,Referral,2025-12-09
C03426,Customer 03426,Female,37,Bengaluru,Karnataka,Organic Search,2025-10-26
C03427,Customer 03427,Male,21,Kolkata,West Bengal,Paid Search,2025-11-18
C03428,Customer 03428,Non-binary,18,Ahmedabad,Gujarat,Organic Search,2024-10-09
C03429,Customer 03429,Female,24,Hyderabad,Telangana,Organic Search,2025-12-24
C03430,Customer 03430,Female,34,Kolkata,West Bengal,Direct,2025-10-20
C03431,Customer 03431,Male,28,Coimbatore,Tamil Nadu,Organic Search,2024-01-18
C03432,Customer 03432,Male,40,Mumbai,Maharashtra,Email,2024-06-27
C03433,Customer 03433,Female,26,Bengaluru,Karnataka,Direct,2025-03-15
C03434,Customer 03434,Male,26,Kochi,Kerala,Paid Search,2025-10-27
C03435,Customer 03435,Male,20,Bengaluru,Karnataka,Organic Search,2025-09-10
C03436,Customer 03436,Female,32,Lucknow,Uttar Pradesh,Organic Search,2024-03-09
C03437,Customer 03437,Male,42,Mumbai,Maharashtra,Paid Search,2025-03-13
C03438,Customer 03438,Female,35,Kolkata,West Bengal,Direct,2025-02-15
C03439,Customer 03439,Female,34,Bengaluru,Karnataka,Paid Search,2025-12-16
C03440,Customer 03440,Female,42,Kochi,Kerala,Social Media,2025-09-09
C03441,Customer 03441,Female,32,Mumbai,Maharashtra,Organic Search,2025-03-12
C03442,Customer 03442,Male,40,Hyderabad,Telangana,Organic Search,2024-08-11
C03443,Customer 03443,Female,30,Mumbai,Maharashtra,Email,2025-03-24
C03444,Customer 03444,Male,18,Gurugram,Haryana,Referral,2024-03-17
C03445,Customer 03445,Female,41,Delhi,Delhi,Organic Search,2024-07-06
C03446,Customer 03446,Male,30,Chandigarh,Chandigarh,Social Media,2025-02-15
C03447,Customer 03447,Male,18,Kochi,Kerala,Social Media,2025-01-14
C03448,Customer 03448,Female,31,Pune,Maharashtra,Social Media,2024-12-09
C03449,Customer 03449,Male,47,Noida,Uttar Pradesh,Email,2024-04-17
C03450,Customer 03450,Female,33,Bhopal,Madhya Pradesh,Referral,2025-11-23
C03451,Customer 03451,Male,27,Lucknow,Uttar Pradesh,Direct,2025-11-02
C03452,Customer 03452,Male,35,Delhi,Delhi,Referral,2024-08-12
C03453,Customer 03453,Male,27,Ahmedabad,Gujarat,Direct,2024-09-04
C03454,Customer 03454,Male,42,Chennai,Tamil Nadu,Email,2025-06-08
C03455,Customer 03455,Male,22,Kolkata,West Bengal,Direct,2025-07-06
C03456,Customer 03456,Non-binary,30,Pune,Maharashtra,Direct,2024-01-05
C03457,Customer 03457,Male,21,Noida,Uttar Pradesh,Organic Search,2024-05-17
C03458,Customer 03458,Female,29,Noida,Uttar Pradesh,Social Media,2025-12-11
C03459,Customer 03459,Female,41,Jaipur,Rajasthan,Organic Search,2024-09-02
C03460,Customer 03460,Male,42,Lucknow,Uttar Pradesh,Direct,2024-01-21
C03461,Customer 03461,Female,23,Chennai,Tamil Nadu,Direct,2024-07-06
C03462,Customer 03462,Male,23,Bhopal,Madhya Pradesh,Referral,2025-10-18
C03463,Customer 03463,Female,34,Bengaluru,Karnataka,Social Media,2024-05-31
C03464,Customer 03464,Female,41,Jaipur,Rajasthan,Referral,2024-04-05
C03465,Customer 03465,Male,32,Chennai,Tamil Nadu,Organic Search,2024-11-08
C03466,Customer 03466,Female,39,Jaipur,Rajasthan,Organic Search,2025-03-25
C03467,Customer 03467,Male,25,Bengaluru,Karnataka,Organic Search,2025-08-21
C03468,Customer 03468,Male,34,Kochi,Kerala,Direct,2025-04-20
C03469,Customer 03469,Male,23,Surat,Gujarat,Social Media,2024-03-27
C03470,Customer 03470,Female,25,Chennai,Tamil Nadu,Organic Search,2024-04-08
C03471,Customer 03471,Female,31,Gurugram,Haryana,Social Media,2025-04-08
C03472,Customer 03472,Female,25,Ahmedabad,Gujarat,Paid Search,2024-05-01
C03473,Customer 03473,Male,33,Kolkata,West Bengal,Paid Search,2024-09-18
C03474,Customer 03474,Male,30,Kolkata,West Bengal,Organic Search,2025-12-31
C03475,Customer 03475,Male,55,Mumbai,Maharashtra,Email,2024-08-02
C03476,Customer 03476,Male,33,Pune,Maharashtra,Organic Search,2024-11-04
C03477,Customer 03477,Female,34,Hyderabad,Telangana,Referral,2025-05-30
C03478,Customer 03478,Female,43,Bengaluru,Karnataka,Direct,2025-11-18
C03479,Customer 03479,Male,22,Kolkata,West Bengal,Organic Search,2025-03-01
C03480,Customer 03480,Male,42,Pune,Maharashtra,Direct,2024-08-29
C03481,Customer 03481,Male,35,Ahmedabad,Gujarat,Social Media,2025-03-02
C03482,Customer 03482,Female,49,Bengaluru,Karnataka,Organic Search,2025-07-31
C03483,Customer 03483,Male,31,Ahmedabad,Gujarat,Direct,2024-08-17
C03484,Customer 03484,Male,23,Delhi,Delhi,Referral,2025-01-31
C03485,Customer 03485,Female,24,Surat,Gujarat,Social Media,2024-07-13
C03486,Customer 03486,Female,43,Bengaluru,Karnataka,Social Media,2024-05-11
C03487,Customer 03487,Female,34,Delhi,Delhi,Organic Search,2024-04-22
C03488,Customer 03488,Male,35,Surat,Gujarat,Organic Search,2024-01-27
C03489,Customer 03489,Male,25,Hyderabad,Telangana,Referral,2024-12-23
C03490,Customer 03490,Female,39,Indore,Madhya Pradesh,Paid Search,2025-11-30
C03491,Customer 03491,Female,37,Bengaluru,Karnataka,Social Media,2025-06-12
C03492,Customer 03492,Female,25,Indore,Madhya Pradesh,Paid Search,2024-05-24
C03493,Customer 03493,Female,29,Ahmedabad,Gujarat,Paid Search,2024-11-29
C03494,Customer 03494,Female,24,Delhi,Delhi,Direct,2025-05-21
C03495,Customer 03495,Male,34,Kolkata,West Bengal,Referral,2024-08-11
C03496,Customer 03496,Female,28,Patna,Bihar,Social Media,2025-12-05
C03497,Customer 03497,Male,32,Surat,Gujarat,Paid Search,2024-08-22
C03498,Customer 03498,Male,36,Bengaluru,Karnataka,Email,2024-01-09
C03499,Customer 03499,Male,25,Kolkata,West Bengal,Direct,2024-11-13
C03500,Customer 03500,Male,18,Mumbai,Maharashtra,Social Media,2024-07-22
C03501,Customer 03501,Male,34,Delhi,Delhi,Social Media,2024-12-22
C03502,Customer 03502,Female,27,Mumbai,Maharashtra,Paid Search,2025-09-26
C03503,Customer 03503,Female,42,Mumbai,Maharashtra,Social Media,2025-03-10
C03504,Customer 03504,Male,33,Hyderabad,Telangana,Paid Search,2024-11-04
C03505,Customer 03505,Female,27,Chennai,Tamil Nadu,Direct,2024-07-06
C03506,Customer 03506,Male,34,Lucknow,Uttar Pradesh,Paid Search,2025-03-12
C03507,Customer 03507,Female,35,Ahmedabad,Gujarat,Organic Search,2025-02-21
C03508,Customer 03508,Male,37,Surat,Gujarat,Organic Search,2024-12-31
C03509,Customer 03509,Male,32,Hyderabad,Telangana,Organic Search,2024-09-24
C03510,Customer 03510,Male,18,Kolkata,West Bengal,Email,2025-12-28
C03511,Customer 03511,Male,41,Lucknow,Uttar Pradesh,Paid Search,2024-05-24
C03512,Customer 03512,Male,35,Bengaluru,Karnataka,Direct,2025-11-12
C03513,Customer 03513,Male,28,Indore,Madhya Pradesh,Organic Search,2024-01-01
C03514,Customer 03514,Female,29,Kolkata,West Bengal,Organic Search,2025-04-25
C03515,Customer 03515,Male,37,Bengaluru,Karnataka,Referral,2025-01-13
C03516,Customer 03516,Female,33,Chennai,Tamil Nadu,Direct,2025-01-11
C03517,Customer 03517,Male,29,Chennai,Tamil Nadu,Social Media,2024-07-28
C03518,Customer 03518,Female,25,Delhi,Delhi,Paid Search,2024-08-31
C03519,Customer 03519,Male,24,Kochi,Kerala,Direct,2024-06-19
C03520,Customer 03520,Female,28,Kolkata,West Bengal,Organic Search,2024-07-07
C03521,Customer 03521,Male,43,Ahmedabad,Gujarat,Organic Search,2024-03-02
C03522,Customer 03522,Female,31,Chennai,Tamil Nadu,Social Media,2024-11-30
C03523,Customer 03523,Male,32,Mumbai,Maharashtra,Direct,2025-07-18
C03524,Customer 03524,Male,32,Surat,Gujarat,Direct,2024-08-23
C03525,Customer 03525,Male,39,Kochi,Kerala,Paid Search,2024-05-23
C03526,Customer 03526,Non-binary,28,Kochi,Kerala,Paid Search,2025-09-30
C03527,Customer 03527,Female,26,Bengaluru,Karnataka,Organic Search,2025-03-06
C03528,Customer 03528,Female,35,Jaipur,Rajasthan,Social Media,2025-02-19
C03529,Customer 03529,Male,36,Surat,Gujarat,Organic Search,2025-04-21
C03530,Customer 03530,Male,38,Hyderabad,Telangana,Paid Search,2025-08-25
C03531,Customer 03531,Female,28,Lucknow,Uttar Pradesh,Paid Search,2025-06-28
C03532,Customer 03532,Female,33,Nagpur,Maharashtra,Social Media,2024-03-29
C03533,Customer 03533,Male,38,Hyderabad,Telangana,Organic Search,2025-04-07
C03534,Customer 03534,Male,24,Kochi,Kerala,Paid Search,2024-09-12
C03535,Customer 03535,Male,22,Chennai,Tamil Nadu,Social Media,2024-01-08
C03536,Customer 03536,Male,22,Bengaluru,Karnataka,Referral,2024-09-29
C03537,Customer 03537,Male,35,Noida,Uttar Pradesh,Social Media,2025-08-29
C03538,Customer 03538,Male,35,Mumbai,Maharashtra,Organic Search,2025-03-02
C03539,Customer 03539,Male,22,Delhi,Delhi,Social Media,2025-07-31
C03540,Customer 03540,Male,34,Gurugram,Haryana,Organic Search,2025-03-17
C03541,Customer 03541,Female,41,Bengaluru,Karnataka,Paid Search,2025-06-13
C03542,Customer 03542,Female,46,Surat,Gujarat,Paid Search,2025-09-03
C03543,Customer 03543,Female,33,Bengaluru,Karnataka,Paid Search,2025-09-16
C03544,Customer 03544,Female,22,Surat,Gujarat,Organic Search,2024-12-20
C03545,Customer 03545,Non-binary,38,Delhi,Delhi,Social Media,2024-12-24
C03546,Customer 03546,Female,22,Hyderabad,Telangana,Referral,2025-05-10
C03547,Customer 03547,Male,34,Kolkata,West Bengal,Social Media,2024-01-16
C03548,Customer 03548,Male,18,Pune,Maharashtra,Social Media,2025-10-16
C03549,Customer 03549,Female,50,Mumbai,Maharashtra,Social Media,2024-06-19
C03550,Customer 03550,Male,18,Patna,Bihar,Email,2025-02-19
C03551,Customer 03551,Male,35,Bengaluru,Karnataka,Paid Search,2025-01-31
C03552,Customer 03552,Female,31,Patna,Bihar,Referral,2025-04-18
C03553,Customer 03553,Female,30,Surat,Gujarat,Organic Search,2024-09-25
C03554,Customer 03554,Male,26,Chennai,Tamil Nadu,Organic Search,2025-03-11
C03555,Customer 03555,Female,29,Lucknow,Uttar Pradesh,Direct,2024-04-28
C03556,Customer 03556,Female,32,Ahmedabad,Gujarat,Email,2025-06-03
C03557,Customer 03557,Male,36,Noida,Uttar Pradesh,Direct,2024-07-16
C03558,Customer 03558,Male,51,Indore,Madhya Pradesh,Social Media,2025-11-06
C03559,Customer 03559,Male,39,Mumbai,Maharashtra,Referral,2024-08-02
C03560,Customer 03560,Male,40,Bhopal,Madhya Pradesh,Referral,2024-04-10
C03561,Customer 03561,Male,45,Coimbatore,Tamil Nadu,Email,2025-06-22
C03562,Customer 03562,Female,34,Pune,Maharashtra,Email,2024-06-10
C03563,Customer 03563,Female,24,Bengaluru,Karnataka,Organic Search,2025-07-05
C03564,Customer 03564,Male,41,Mumbai,Maharashtra,Referral,2024-02-07
C03565,Customer 03565,Female,36,Delhi,Delhi,Paid Search,2025-12-05
C03566,Customer 03566,Male,28,Hyderabad,Telangana,Organic Search,2025-03-14
C03567,Customer 03567,Male,27,Bengaluru,Karnataka,Direct,2024-10-23
C03568,Customer 03568,Male,20,Kochi,Kerala,Direct,2025-09-02
C03569,Customer 03569,Male,35,Surat,Gujarat,Organic Search,2025-07-21
C03570,Customer 03570,Female,21,Delhi,Delhi,Paid Search,2025-01-11
C03571,Customer 03571,Female,32,Bengaluru,Karnataka,Social Media,2024-11-23
C03572,Customer 03572,Male,35,Kochi,Kerala,Direct,2024-10-08
C03573,Customer 03573,Female,18,Surat,Gujarat,Paid Search,2025-12-31
C03574,Customer 03574,Female,23,Bengaluru,Karnataka,Organic Search,2025-05-08
C03575,Customer 03575,Male,28,Noida,Uttar Pradesh,Paid Search,2025-06-17
C03576,Customer 03576,Female,47,Surat,Gujarat,Paid Search,2025-11-03
C03577,Customer 03577,Female,34,Hyderabad,Telangana,Paid Search,2025-12-25
C03578,Customer 03578,Male,36,Surat,Gujarat,Social Media,2025-01-12
C03579,Customer 03579,Male,32,Mumbai,Maharashtra,Organic Search,2025-03-03
C03580,Customer 03580,Male,29,Lucknow,Uttar Pradesh,Organic Search,2025-02-16
C03581,Customer 03581,Female,28,Jaipur,Rajasthan,Referral,2025-04-15
C03582,Customer 03582,Male,31,Bengaluru,Karnataka,Social Media,2024-11-03
C03583,Customer 03583,Male,22,Gurugram,Haryana,Direct,2025-05-09
C03584,Customer 03584,Female,28,Bengaluru,Karnataka,Paid Search,2024-08-20
C03585,Customer 03585,Male,42,Kolkata,West Bengal,Direct,2025-12-20
C03586,Customer 03586,Female,18,Bengaluru,Karnataka,Organic Search,2025-11-15
C03587,Customer 03587,Female,29,Ahmedabad,Gujarat,Social Media,2025-10-01
C03588,Customer 03588,Female,34,Kochi,Kerala,Organic Search,2025-04-23
C03589,Customer 03589,Male,47,Mumbai,Maharashtra,Social Media,2025-10-23
C03590,Customer 03590,Female,35,Delhi,Delhi,Social Media,2024-07-26
C03591,Customer 03591,Female,34,Delhi,Delhi,Referral,2025-06-11
C03592,Customer 03592,Female,26,Hyderabad,Telangana,Direct,2025-02-17
C03593,Customer 03593,Male,33,Patna,Bihar,Organic Search,2024-03-02
C03594,Customer 03594,Female,24,Jaipur,Rajasthan,Direct,2024-01-28
C03595,Customer 03595,Male,33,Mumbai,Maharashtra,Referral,2025-12-11
C03596,Customer 03596,Male,32,Gurugram,Haryana,Email,2024-12-11
C03597,Customer 03597,Male,35,Bengaluru,Karnataka,Organic Search,2025-10-06
C03598,Customer 03598,Male,29,Bengaluru,Karnataka,Paid Search,2024-10-31
C03599,Customer 03599,Male,24,Nagpur,Maharashtra,Organic Search,2025-12-21
C03600,Customer 03600,Male,42,Bengaluru,Karnataka,Referral,2024-06-28
C03601,Customer 03601,Male,35,Hyderabad,Telangana,Paid Search,2024-09-12
C03602,Customer 03602,Female,40,Delhi,Delhi,Social Media,2025-08-11
C03603,Customer 03603,Female,28,Kolkata,West Bengal,Email,2024-07-28
C03604,Customer 03604,Male,21,Ahmedabad,Gujarat,Organic Search,2025-04-02
C03605,Customer 03605,Female,33,Surat,Gujarat,Direct,2024-10-26
C03606,Customer 03606,Male,24,Chandigarh,Chandigarh,Referral,2025-11-22
C03607,Customer 03607,Female,28,Jaipur,Rajasthan,Organic Search,2024-11-05
C03608,Customer 03608,Female,34,Kolkata,West Bengal,Social Media,2025-06-07
C03609,Customer 03609,Female,40,Surat,Gujarat,Social Media,2025-05-10
C03610,Customer 03610,Male,20,Kolkata,West Bengal,Paid Search,2025-12-21
C03611,Customer 03611,Male,18,Bengaluru,Karnataka,Social Media,2024-09-07
C03612,Customer 03612,Male,25,Delhi,Delhi,Paid Search,2025-09-12
C03613,Customer 03613,Female,39,Indore,Madhya Pradesh,Paid Search,2024-04-06
C03614,Customer 03614,Female,24,Hyderabad,Telangana,Direct,2025-11-21
C03615,Customer 03615,Female,26,Kolkata,West Bengal,Email,2024-01-22
C03616,Customer 03616,Female,36,Hyderabad,Telangana,Referral,2025-06-08
C03617,Customer 03617,Female,28,Mumbai,Maharashtra,Social Media,2025-08-25
C03618,Customer 03618,Male,29,Nagpur,Maharashtra,Organic Search,2025-03-14
C03619,Customer 03619,Female,48,Surat,Gujarat,Social Media,2024-01-27
C03620,Customer 03620,Male,28,Mumbai,Maharashtra,Organic Search,2025-08-15
C03621,Customer 03621,Female,34,Chennai,Tamil Nadu,Referral,2024-11-24
C03622,Customer 03622,Non-binary,22,Chennai,Tamil Nadu,Paid Search,2025-02-16
C03623,Customer 03623,Male,19,Delhi,Delhi,Direct,2024-08-03
C03624,Customer 03624,Male,34,Lucknow,Uttar Pradesh,Direct,2024-05-29
C03625,Customer 03625,Female,34,Mumbai,Maharashtra,Organic Search,2025-11-10
C03626,Customer 03626,Female,28,Delhi,Delhi,Organic Search,2025-04-30
C03627,Customer 03627,Male,18,Delhi,Delhi,Paid Search,2025-06-14
C03628,Customer 03628,Female,27,Mumbai,Maharashtra,Social Media,2024-02-27
C03629,Customer 03629,Male,41,Coimbatore,Tamil Nadu,Social Media,2025-04-21
C03630,Customer 03630,Female,31,Mumbai,Maharashtra,Paid Search,2024-08-26
C03631,Customer 03631,Female,51,Delhi,Delhi,Email,2024-03-05
C03632,Customer 03632,Male,31,Delhi,Delhi,Organic Search,2024-12-17
C03633,Customer 03633,Male,31,Mumbai,Maharashtra,Organic Search,2024-05-29
C03634,Customer 03634,Male,32,Mumbai,Maharashtra,Social Media,2025-08-03
C03635,Customer 03635,Male,50,Delhi,Delhi,Social Media,2024-04-26
C03636,Customer 03636,Female,31,Ahmedabad,Gujarat,Organic Search,2025-11-12
C03637,Customer 03637,Male,28,Delhi,Delhi,Direct,2025-02-25
C03638,Customer 03638,Male,35,Kolkata,West Bengal,Paid Search,2024-09-29
C03639,Customer 03639,Female,52,Delhi,Delhi,Social Media,2025-07-12
C03640,Customer 03640,Male,26,Surat,Gujarat,Organic Search,2025-10-17
C03641,Customer 03641,Female,43,Hyderabad,Telangana,Direct,2025-10-29
C03642,Customer 03642,Female,18,Chandigarh,Chandigarh,Direct,2025-11-06
C03643,Customer 03643,Female,24,Bhopal,Madhya Pradesh,Social Media,2025-10-24
C03644,Customer 03644,Female,18,Chennai,Tamil Nadu,Organic Search,2024-07-15
C03645,Customer 03645,Female,38,Gurugram,Haryana,Referral,2025-07-18
C03646,Customer 03646,Female,26,Ahmedabad,Gujarat,Social Media,2025-01-26
C03647,Customer 03647,Female,28,Pune,Maharashtra,Paid Search,2024-10-15
C03648,Customer 03648,Female,42,Delhi,Delhi,Social Media,2025-08-03
C03649,Customer 03649,Male,18,Ahmedabad,Gujarat,Paid Search,2025-02-07
C03650,Customer 03650,Male,21,Hyderabad,Telangana,Referral,2024-06-14
C03651,Customer 03651,Female,27,Chandigarh,Chandigarh,Social Media,2025-02-24
C03652,Customer 03652,Male,21,Bengaluru,Karnataka,Organic Search,2025-06-07
C03653,Customer 03653,Female,22,Ahmedabad,Gujarat,Organic Search,2024-01-08
C03654,Customer 03654,Male,33,Jaipur,Rajasthan,Social Media,2025-07-07
C03655,Customer 03655,Female,18,Hyderabad,Telangana,Email,2025-08-12
C03656,Customer 03656,Female,33,Kolkata,West Bengal,Paid Search,2024-02-08
C03657,Customer 03657,Male,39,Kolkata,West Bengal,Organic Search,2024-03-29
C03658,Customer 03658,Female,49,Coimbatore,Tamil Nadu,Paid Search,2025-05-15
C03659,Customer 03659,Female,40,Hyderabad,Telangana,Social Media,2024-01-24
C03660,Customer 03660,Male,56,Hyderabad,Telangana,Social Media,2024-02-02
C03661,Customer 03661,Male,25,Gurugram,Haryana,Direct,2025-07-28
C03662,Customer 03662,Female,18,Ahmedabad,Gujarat,Organic Search,2024-05-30
C03663,Customer 03663,Male,37,Hyderabad,Telangana,Social Media,2024-12-04
C03664,Customer 03664,Female,38,Chennai,Tamil Nadu,Paid Search,2025-12-12
C03665,Customer 03665,Female,26,Pune,Maharashtra,Paid Search,2024-09-24
C03666,Customer 03666,Female,28,Delhi,Delhi,Direct,2025-11-28
C03667,Customer 03667,Female,18,Kolkata,West Bengal,Paid Search,2024-11-28
C03668,Customer 03668,Female,29,Delhi,Delhi,Organic Search,2025-01-26
C03669,Customer 03669,Male,21,Delhi,Delhi,Social Media,2025-04-06
C03670,Customer 03670,Female,35,Pune,Maharashtra,Referral,2024-12-10
C03671,Customer 03671,Female,33,Jaipur,Rajasthan,Direct,2025-03-17
C03672,Customer 03672,Female,30,Hyderabad,Telangana,Social Media,2025-10-06
C03673,Customer 03673,Male,37,Kochi,Kerala,Social Media,2025-07-19
C03674,Customer 03674,Male,41,Chennai,Tamil Nadu,Direct,2024-02-07
C03675,Customer 03675,Female,29,Noida,Uttar Pradesh,Direct,2025-05-19
C03676,Customer 03676,Male,28,Delhi,Delhi,Paid Search,2025-11-18
C03677,Customer 03677,Female,35,Delhi,Delhi,Referral,2025-09-16
C03678,Customer 03678,Male,43,Noida,Uttar Pradesh,Organic Search,2025-01-11
C03679,Customer 03679,Female,26,Kolkata,West Bengal,Paid Search,2024-08-14
C03680,Customer 03680,Male,36,Delhi,Delhi,Organic Search,2025-11-01
C03681,Customer 03681,Non-binary,18,Jaipur,Rajasthan,Organic Search,2024-03-06
C03682,Customer 03682,Female,41,Kochi,Kerala,Direct,2025-08-06
C03683,Customer 03683,Male,40,Bengaluru,Karnataka,Direct,2024-06-29
C03684,Customer 03684,Female,49,Kolkata,West Bengal,Social Media,2024-04-12
C03685,Customer 03685,Female,18,Gurugram,Haryana,Social Media,2025-06-20
C03686,Customer 03686,Female,21,Coimbatore,Tamil Nadu,Organic Search,2024-09-20
C03687,Customer 03687,Female,38,Mumbai,Maharashtra,Organic Search,2025-05-21
C03688,Customer 03688,Male,26,Delhi,Delhi,Organic Search,2024-06-02
C03689,Customer 03689,Female,36,Hyderabad,Telangana,Paid Search,2025-11-26
C03690,Customer 03690,Non-binary,38,Chennai,Tamil Nadu,Referral,2024-05-18
C03691,Customer 03691,Male,31,Delhi,Delhi,Referral,2025-04-11
C03692,Customer 03692,Male,40,Mumbai,Maharashtra,Email,2024-01-26
C03693,Customer 03693,Female,29,Hyderabad,Telangana,Direct,2024-12-23
C03694,Customer 03694,Male,42,Delhi,Delhi,Referral,2024-07-04
C03695,Customer 03695,Non-binary,43,Bengaluru,Karnataka,Social Media,2025-07-19
C03696,Customer 03696,Male,36,Pune,Maharashtra,Direct,2025-05-01
C03697,Customer 03697,Female,27,Ahmedabad,Gujarat,Social Media,2025-02-08
C03698,Customer 03698,Male,39,Lucknow,Uttar Pradesh,Paid Search,2024-09-05
C03699,Customer 03699,Female,34,Bengaluru,Karnataka,Referral,2025-05-30
C03700,Customer 03700,Female,49,Ahmedabad,Gujarat,Direct,2024-03-11
C03701,Customer 03701,Female,20,Bhopal,Madhya Pradesh,Paid Search,2024-06-02
C03702,Customer 03702,Male,41,Indore,Madhya Pradesh,Paid Search,2024-08-12
C03703,Customer 03703,Male,41,Chennai,Tamil Nadu,Referral,2025-10-13
C03704,Customer 03704,Male,33,Kolkata,West Bengal,Paid Search,2025-09-05
C03705,Customer 03705,Male,32,Hyderabad,Telangana,Organic Search,2025-07-02
C03706,Customer 03706,Male,32,Coimbatore,Tamil Nadu,Email,2025-09-15
C03707,Customer 03707,Female,31,Chandigarh,Chandigarh,Social Media,2024-12-10
C03708,Customer 03708,Female,36,Hyderabad,Telangana,Paid Search,2024-05-20
C03709,Customer 03709,Female,18,Chennai,Tamil Nadu,Organic Search,2025-10-13
C03710,Customer 03710,Female,35,Hyderabad,Telangana,Organic Search,2024-03-12
C03711,Customer 03711,Male,27,Kolkata,West Bengal,Referral,2025-04-29
C03712,Customer 03712,Female,32,Chandigarh,Chandigarh,Paid Search,2025-06-25
C03713,Customer 03713,Female,37,Nagpur,Maharashtra,Referral,2024-06-10
C03714,Customer 03714,Female,33,Hyderabad,Telangana,Referral,2025-03-17
C03715,Customer 03715,Male,18,Surat,Gujarat,Paid Search,2025-09-17
C03716,Customer 03716,Male,31,Mumbai,Maharashtra,Direct,2025-11-15
C03717,Customer 03717,Male,39,Pune,Maharashtra,Email,2024-08-14
C03718,Customer 03718,Male,29,Delhi,Delhi,Direct,2024-08-03
C03719,Customer 03719,Male,27,Chandigarh,Chandigarh,Referral,2024-07-31
C03720,Customer 03720,Male,32,Delhi,Delhi,Organic Search,2025-01-10
C03721,Customer 03721,Male,26,Kochi,Kerala,Paid Search,2025-12-18
C03722,Customer 03722,Female,34,Noida,Uttar Pradesh,Social Media,2025-03-12
C03723,Customer 03723,Female,38,Lucknow,Uttar Pradesh,Referral,2024-05-26
C03724,Customer 03724,Female,26,Chandigarh,Chandigarh,Organic Search,2024-12-21
C03725,Customer 03725,Male,37,Bengaluru,Karnataka,Organic Search,2025-10-15
C03726,Customer 03726,Male,38,Chennai,Tamil Nadu,Organic Search,2025-08-17
C03727,Customer 03727,Female,18,Kochi,Kerala,Organic Search,2025-08-28
C03728,Customer 03728,Female,43,Noida,Uttar Pradesh,Social Media,2024-05-09
C03729,Customer 03729,Female,34,Delhi,Delhi,Organic Search,2024-03-10
C03730,Customer 03730,Female,21,Bengaluru,Karnataka,Organic Search,2024-02-03
C03731,Customer 03731,Male,36,Hyderabad,Telangana,Social Media,2025-12-28
C03732,Customer 03732,Female,18,Noida,Uttar Pradesh,Paid Search,2025-09-27
C03733,Customer 03733,Male,46,Bengaluru,Karnataka,Direct,2025-05-09
C03734,Customer 03734,Male,37,Hyderabad,Telangana,Organic Search,2024-06-13
C03735,Customer 03735,Male,48,Mumbai,Maharashtra,Organic Search,2024-03-20
C03736,Customer 03736,Male,25,Bengaluru,Karnataka,Organic Search,2025-07-21
C03737,Customer 03737,Female,20,Pune,Maharashtra,Direct,2024-07-14
C03738,Customer 03738,Male,28,Nagpur,Maharashtra,Organic Search,2024-07-10
C03739,Customer 03739,Male,26,Bhopal,Madhya Pradesh,Paid Search,2024-07-31
C03740,Customer 03740,Female,41,Delhi,Delhi,Referral,2025-05-28
C03741,Customer 03741,Male,22,Delhi,Delhi,Organic Search,2024-10-05
C03742,Customer 03742,Female,31,Ahmedabad,Gujarat,Organic Search,2025-11-17
C03743,Customer 03743,Female,48,Mumbai,Maharashtra,Referral,2024-08-21
C03744,Customer 03744,Female,36,Indore,Madhya Pradesh,Referral,2025-11-08
C03745,Customer 03745,Male,27,Lucknow,Uttar Pradesh,Social Media,2025-04-08
C03746,Customer 03746,Male,29,Nagpur,Maharashtra,Social Media,2024-10-16
C03747,Customer 03747,Male,28,Mumbai,Maharashtra,Email,2025-12-29
C03748,Customer 03748,Male,40,Kolkata,West Bengal,Referral,2024-08-08
C03749,Customer 03749,Female,30,Kochi,Kerala,Organic Search,2024-10-11
C03750,Customer 03750,Male,18,Bengaluru,Karnataka,Organic Search,2025-03-20
C03751,Customer 03751,Female,25,Bengaluru,Karnataka,Social Media,2025-01-16
C03752,Customer 03752,Female,21,Bhopal,Madhya Pradesh,Paid Search,2025-08-31
C03753,Customer 03753,Female,21,Chennai,Tamil Nadu,Referral,2024-08-25
C03754,Customer 03754,Male,32,Delhi,Delhi,Direct,2024-12-19
C03755,Customer 03755,Male,22,Gurugram,Haryana,Organic Search,2024-04-18
C03756,Customer 03756,Female,29,Gurugram,Haryana,Social Media,2024-08-07
C03757,Customer 03757,Male,23,Hyderabad,Telangana,Organic Search,2025-08-14
C03758,Customer 03758,Male,37,Chandigarh,Chandigarh,Referral,2024-02-10
C03759,Customer 03759,Male,30,Bengaluru,Karnataka,Paid Search,2024-02-07
C03760,Customer 03760,Male,18,Delhi,Delhi,Organic Search,2024-07-06
C03761,Customer 03761,Female,38,Bengaluru,Karnataka,Organic Search,2024-12-29
C03762,Customer 03762,Non-binary,29,Bhopal,Madhya Pradesh,Paid Search,2025-06-25
C03763,Customer 03763,Female,24,Hyderabad,Telangana,Organic Search,2025-10-04
C03764,Customer 03764,Male,34,Kochi,Kerala,Organic Search,2025-08-16
C03765,Customer 03765,Female,48,Delhi,Delhi,Social Media,2024-10-21
C03766,Customer 03766,Female,30,Hyderabad,Telangana,Direct,2024-09-04
C03767,Customer 03767,Female,31,Indore,Madhya Pradesh,Direct,2024-02-03
C03768,Customer 03768,Female,31,Mumbai,Maharashtra,Paid Search,2024-04-11
C03769,Customer 03769,Male,29,Delhi,Delhi,Direct,2025-03-15
C03770,Customer 03770,Female,34,Pune,Maharashtra,Social Media,2024-07-07
C03771,Customer 03771,Female,44,Kolkata,West Bengal,Social Media,2025-11-20
C03772,Customer 03772,Male,18,Kochi,Kerala,Social Media,2024-12-20
C03773,Customer 03773,Female,42,Ahmedabad,Gujarat,Organic Search,2024-10-22
C03774,Customer 03774,Female,39,Kolkata,West Bengal,Referral,2025-10-10
C03775,Customer 03775,Female,22,Gurugram,Haryana,Social Media,2025-02-10
C03776,Customer 03776,Female,20,Mumbai,Maharashtra,Direct,2025-06-12
C03777,Customer 03777,Male,19,Lucknow,Uttar Pradesh,Referral,2025-09-29
C03778,Customer 03778,Female,32,Hyderabad,Telangana,Referral,2024-09-09
C03779,Customer 03779,Male,54,Bhopal,Madhya Pradesh,Email,2025-01-19
C03780,Customer 03780,Female,41,Jaipur,Rajasthan,Paid Search,2025-02-25
C03781,Customer 03781,Male,30,Ahmedabad,Gujarat,Direct,2024-05-04
C03782,Customer 03782,Female,26,Bhopal,Madhya Pradesh,Organic Search,2024-07-28
C03783,Customer 03783,Female,34,Chennai,Tamil Nadu,Paid Search,2024-11-17
C03784,Customer 03784,Male,46,Kolkata,West Bengal,Direct,2025-05-01
C03785,Customer 03785,Female,18,Delhi,Delhi,Social Media,2025-10-14
C03786,Customer 03786,Female,21,Ahmedabad,Gujarat,Organic Search,2025-10-28
C03787,Customer 03787,Male,24,Hyderabad,Telangana,Organic Search,2024-09-24
C03788,Customer 03788,Male,48,Noida,Uttar Pradesh,Direct,2024-02-10
C03789,Customer 03789,Male,32,Ahmedabad,Gujarat,Referral,2024-06-26
C03790,Customer 03790,Female,33,Mumbai,Maharashtra,Social Media,2025-09-28
C03791,Customer 03791,Female,38,Patna,Bihar,Social Media,2024-01-20
C03792,Customer 03792,Male,18,Kolkata,West Bengal,Direct,2025-10-21
C03793,Customer 03793,Female,20,Kolkata,West Bengal,Social Media,2024-09-28
C03794,Customer 03794,Female,41,Pune,Maharashtra,Direct,2024-03-05
C03795,Customer 03795,Male,38,Noida,Uttar Pradesh,Email,2024-04-18
C03796,Customer 03796,Female,35,Chennai,Tamil Nadu,Organic Search,2024-08-17
C03797,Customer 03797,Male,42,Mumbai,Maharashtra,Paid Search,2025-08-07
C03798,Customer 03798,Female,18,Hyderabad,Telangana,Email,2025-06-06
C03799,Customer 03799,Male,27,Kolkata,West Bengal,Paid Search,2024-11-03
C03800,Customer 03800,Male,30,Delhi,Delhi,Referral,2024-09-09
C03801,Customer 03801,Non-binary,28,Bengaluru,Karnataka,Paid Search,2024-05-28
C03802,Customer 03802,Female,18,Bengaluru,Karnataka,Direct,2025-11-04
C03803,Customer 03803,Male,41,Kolkata,West Bengal,Direct,2025-03-22
C03804,Customer 03804,Female,27,Delhi,Delhi,Referral,2024-07-20
C03805,Customer 03805,Male,41,Kochi,Kerala,Direct,2025-08-18
C03806,Customer 03806,Male,23,Bengaluru,Karnataka,Direct,2024-08-24
C03807,Customer 03807,Male,36,Gurugram,Haryana,Paid Search,2025-06-04
C03808,Customer 03808,Female,34,Bengaluru,Karnataka,Direct,2024-10-05
C03809,Customer 03809,Male,27,Gurugram,Haryana,Email,2025-08-16
C03810,Customer 03810,Male,33,Hyderabad,Telangana,Organic Search,2024-07-08
C03811,Customer 03811,Female,37,Bhopal,Madhya Pradesh,Paid Search,2024-01-30
C03812,Customer 03812,Male,38,Noida,Uttar Pradesh,Organic Search,2025-06-22
C03813,Customer 03813,Female,33,Hyderabad,Telangana,Paid Search,2025-09-06
C03814,Customer 03814,Female,28,Coimbatore,Tamil Nadu,Organic Search,2025-02-26
C03815,Customer 03815,Male,39,Delhi,Delhi,Direct,2024-07-13
C03816,Customer 03816,Non-binary,20,Chennai,Tamil Nadu,Social Media,2025-01-22
C03817,Customer 03817,Male,36,Hyderabad,Telangana,Direct,2024-05-30
C03818,Customer 03818,Female,39,Hyderabad,Telangana,Social Media,2024-01-31
C03819,Customer 03819,Female,32,Mumbai,Maharashtra,Organic Search,2024-12-17
C03820,Customer 03820,Male,53,Lucknow,Uttar Pradesh,Referral,2025-02-22
C03821,Customer 03821,Female,44,Nagpur,Maharashtra,Paid Search,2025-05-10
C03822,Customer 03822,Male,20,Delhi,Delhi,Organic Search,2025-12-17
C03823,Customer 03823,Female,20,Mumbai,Maharashtra,Social Media,2025-08-26
C03824,Customer 03824,Male,51,Chandigarh,Chandigarh,Social Media,2024-03-07
C03825,Customer 03825,Female,30,Pune,Maharashtra,Direct,2024-12-28
C03826,Customer 03826,Female,22,Hyderabad,Telangana,Referral,2025-08-24
C03827,Customer 03827,Male,41,Delhi,Delhi,Organic Search,2024-08-12
C03828,Customer 03828,Male,35,Noida,Uttar Pradesh,Social Media,2025-11-30
C03829,Customer 03829,Female,29,Delhi,Delhi,Social Media,2024-09-30
C03830,Customer 03830,Male,23,Bengaluru,Karnataka,Direct,2024-01-13
C03831,Customer 03831,Male,38,Lucknow,Uttar Pradesh,Social Media,2024-10-31
C03832,Customer 03832,Male,35,Nagpur,Maharashtra,Direct,2025-05-26
C03833,Customer 03833,Female,23,Bengaluru,Karnataka,Referral,2024-11-16
C03834,Customer 03834,Male,32,Ahmedabad,Gujarat,Direct,2025-02-02
C03835,Customer 03835,Female,21,Indore,Madhya Pradesh,Social Media,2024-06-09
C03836,Customer 03836,Male,18,Ahmedabad,Gujarat,Email,2025-10-08
C03837,Customer 03837,Female,31,Mumbai,Maharashtra,Paid Search,2025-02-12
C03838,Customer 03838,Male,30,Pune,Maharashtra,Referral,2024-04-23
C03839,Customer 03839,Female,42,Noida,Uttar Pradesh,Paid Search,2025-06-01
C03840,Customer 03840,Male,34,Mumbai,Maharashtra,Referral,2025-08-07
C03841,Customer 03841,Female,30,Gurugram,Haryana,Organic Search,2024-09-29
C03842,Customer 03842,Female,20,Chennai,Tamil Nadu,Direct,2025-12-06
C03843,Customer 03843,Female,18,Mumbai,Maharashtra,Social Media,2025-02-02
C03844,Customer 03844,Male,24,Surat,Gujarat,Referral,2025-09-28
C03845,Customer 03845,Male,46,Bengaluru,Karnataka,Paid Search,2024-06-22
C03846,Customer 03846,Female,47,Kolkata,West Bengal,Social Media,2024-03-08
C03847,Customer 03847,Male,18,Coimbatore,Tamil Nadu,Organic Search,2024-04-18
C03848,Customer 03848,Female,22,Chennai,Tamil Nadu,Paid Search,2025-06-30
C03849,Customer 03849,Male,30,Gurugram,Haryana,Paid Search,2024-12-25
C03850,Customer 03850,Female,45,Gurugram,Haryana,Organic Search,2024-04-17
C03851,Customer 03851,Male,21,Bengaluru,Karnataka,Paid Search,2024-07-07
C03852,Customer 03852,Male,22,Hyderabad,Telangana,Direct,2025-03-21
C03853,Customer 03853,Male,25,Gurugram,Haryana,Organic Search,2024-11-03
C03854,Customer 03854,Female,35,Delhi,Delhi,Email,2025-07-06
C03855,Customer 03855,Female,38,Pune,Maharashtra,Social Media,2024-09-25
C03856,Customer 03856,Female,27,Chandigarh,Chandigarh,Organic Search,2025-02-18
C03857,Customer 03857,Male,36,Pune,Maharashtra,Email,2024-03-03
C03858,Customer 03858,Non-binary,38,Surat,Gujarat,Social Media,2024-07-07
C03859,Customer 03859,Male,30,Hyderabad,Telangana,Referral,2024-12-18
C03860,Customer 03860,Male,42,Ahmedabad,Gujarat,Email,2024-01-30
C03861,Customer 03861,Female,29,Jaipur,Rajasthan,Paid Search,2025-04-04
C03862,Customer 03862,Male,32,Bengaluru,Karnataka,Referral,2024-04-25
C03863,Customer 03863,Female,40,Coimbatore,Tamil Nadu,Social Media,2024-12-05
C03864,Customer 03864,Male,29,Coimbatore,Tamil Nadu,Social Media,2025-04-13
C03865,Customer 03865,Male,37,Mumbai,Maharashtra,Referral,2025-04-14
C03866,Customer 03866,Female,45,Kolkata,West Bengal,Direct,2025-04-27
C03867,Customer 03867,Female,36,Pune,Maharashtra,Social Media,2024-11-16
C03868,Customer 03868,Male,18,Noida,Uttar Pradesh,Organic Search,2025-08-07
C03869,Customer 03869,Male,39,Mumbai,Maharashtra,Email,2025-11-12
C03870,Customer 03870,Male,34,Hyderabad,Telangana,Direct,2025-07-14
C03871,Customer 03871,Male,18,Kochi,Kerala,Organic Search,2024-11-25
C03872,Customer 03872,Female,48,Mumbai,Maharashtra,Direct,2024-05-25
C03873,Customer 03873,Female,35,Nagpur,Maharashtra,Referral,2024-02-26
C03874,Customer 03874,Male,20,Patna,Bihar,Paid Search,2025-06-19
C03875,Customer 03875,Male,29,Patna,Bihar,Direct,2025-04-06
C03876,Customer 03876,Female,45,Jaipur,Rajasthan,Direct,2025-07-20
C03877,Customer 03877,Female,40,Pune,Maharashtra,Organic Search,2025-02-22
C03878,Customer 03878,Male,39,Surat,Gujarat,Direct,2024-04-06
C03879,Customer 03879,Female,43,Nagpur,Maharashtra,Paid Search,2024-12-30
C03880,Customer 03880,Male,26,Hyderabad,Telangana,Paid Search,2024-04-01
C03881,Customer 03881,Male,33,Kolkata,West Bengal,Organic Search,2024-08-26
C03882,Customer 03882,Male,44,Mumbai,Maharashtra,Paid Search,2025-07-06
C03883,Customer 03883,Female,35,Pune,Maharashtra,Social Media,2024-02-17
C03884,Customer 03884,Female,18,Chandigarh,Chandigarh,Organic Search,2025-03-24
C03885,Customer 03885,Female,37,Hyderabad,Telangana,Direct,2025-12-19
C03886,Customer 03886,Male,43,Nagpur,Maharashtra,Organic Search,2025-02-28
C03887,Customer 03887,Male,18,Chandigarh,Chandigarh,Paid Search,2024-12-29
C03888,Customer 03888,Male,18,Chandigarh,Chandigarh,Social Media,2025-06-06
C03889,Customer 03889,Male,18,Delhi,Delhi,Social Media,2024-12-29
C03890,Customer 03890,Female,35,Lucknow,Uttar Pradesh,Organic Search,2025-05-11
C03891,Customer 03891,Male,40,Indore,Madhya Pradesh,Social Media,2024-11-17
C03892,Customer 03892,Female,24,Mumbai,Maharashtra,Social Media,2024-11-03
C03893,Customer 03893,Female,18,Bengaluru,Karnataka,Paid Search,2025-12-01
C03894,Customer 03894,Female,35,Hyderabad,Telangana,Social Media,2024-04-05
C03895,Customer 03895,Non-binary,45,Hyderabad,Telangana,Organic Search,2025-10-19
C03896,Customer 03896,Female,39,Kolkata,West Bengal,Direct,2024-11-14
C03897,Customer 03897,Male,33,Kochi,Kerala,Direct,2025-06-28
C03898,Customer 03898,Female,38,Hyderabad,Telangana,Direct,2024-03-21
C03899,Customer 03899,Male,36,Pune,Maharashtra,Direct,2025-08-03
C03900,Customer 03900,Female,29,Hyderabad,Telangana,Direct,2025-01-03
C03901,Customer 03901,Male,18,Jaipur,Rajasthan,Social Media,2025-02-03
C03902,Customer 03902,Female,30,Indore,Madhya Pradesh,Email,2025-05-21
C03903,Customer 03903,Male,33,Delhi,Delhi,Email,2024-11-27
C03904,Customer 03904,Male,35,Lucknow,Uttar Pradesh,Organic Search,2025-05-15
C03905,Customer 03905,Male,49,Kochi,Kerala,Referral,2025-08-11
C03906,Customer 03906,Male,41,Ahmedabad,Gujarat,Organic Search,2024-05-08
C03907,Customer 03907,Female,41,Surat,Gujarat,Referral,2024-12-02
C03908,Customer 03908,Female,33,Chennai,Tamil Nadu,Social Media,2024-05-25
C03909,Customer 03909,Female,21,Chandigarh,Chandigarh,Direct,2024-06-07
C03910,Customer 03910,Female,29,Mumbai,Maharashtra,Social Media,2025-07-11
C03911,Customer 03911,Female,26,Lucknow,Uttar Pradesh,Organic Search,2025-11-26
C03912,Customer 03912,Male,28,Noida,Uttar Pradesh,Email,2025-10-01
C03913,Customer 03913,Male,33,Mumbai,Maharashtra,Direct,2025-07-14
C03914,Customer 03914,Male,28,Hyderabad,Telangana,Organic Search,2024-07-16
C03915,Customer 03915,Non-binary,37,Kochi,Kerala,Email,2024-03-06
C03916,Customer 03916,Male,53,Bengaluru,Karnataka,Organic Search,2025-12-13
C03917,Customer 03917,Female,39,Kochi,Kerala,Direct,2025-12-20
C03918,Customer 03918,Female,28,Bengaluru,Karnataka,Organic Search,2025-02-10
C03919,Customer 03919,Male,42,Bengaluru,Karnataka,Paid Search,2024-04-15
C03920,Customer 03920,Male,32,Surat,Gujarat,Direct,2024-02-18
C03921,Customer 03921,Female,30,Pune,Maharashtra,Direct,2024-08-14
C03922,Customer 03922,Female,26,Delhi,Delhi,Social Media,2024-05-19
C03923,Customer 03923,Non-binary,48,Kolkata,West Bengal,Social Media,2024-10-08
C03924,Customer 03924,Female,34,Ahmedabad,Gujarat,Organic Search,2024-06-14
C03925,Customer 03925,Male,37,Kolkata,West Bengal,Paid Search,2024-11-02
C03926,Customer 03926,Male,35,Chennai,Tamil Nadu,Direct,2024-05-22
C03927,Customer 03927,Female,23,Lucknow,Uttar Pradesh,Social Media,2025-02-22
C03928,Customer 03928,Male,32,Noida,Uttar Pradesh,Direct,2024-10-17
C03929,Customer 03929,Male,18,Mumbai,Maharashtra,Email,2024-03-20
C03930,Customer 03930,Male,35,Surat,Gujarat,Referral,2024-05-05
C03931,Customer 03931,Male,18,Lucknow,Uttar Pradesh,Direct,2024-02-24
C03932,Customer 03932,Non-binary,35,Pune,Maharashtra,Paid Search,2025-06-26
C03933,Customer 03933,Male,22,Delhi,Delhi,Organic Search,2025-05-31
C03934,Customer 03934,Male,18,Delhi,Delhi,Referral,2024-02-23
C03935,Customer 03935,Male,35,Ahmedabad,Gujarat,Referral,2024-09-20
C03936,Customer 03936,Female,44,Mumbai,Maharashtra,Direct,2025-06-16
C03937,Customer 03937,Female,30,Noida,Uttar Pradesh,Direct,2025-02-06
C03938,Customer 03938,Male,29,Gurugram,Haryana,Organic Search,2025-11-11
C03939,Customer 03939,Male,45,Lucknow,Uttar Pradesh,Paid Search,2025-09-08
C03940,Customer 03940,Male,37,Bengaluru,Karnataka,Paid Search,2024-09-22
C03941,Customer 03941,Male,36,Surat,Gujarat,Paid Search,2024-11-08
C03942,Customer 03942,Male,42,Lucknow,Uttar Pradesh,Organic Search,2024-01-02
C03943,Customer 03943,Female,31,Hyderabad,Telangana,Email,2024-03-12
C03944,Customer 03944,Male,28,Mumbai,Maharashtra,Direct,2024-08-10
C03945,Customer 03945,Male,30,Noida,Uttar Pradesh,Organic Search,2025-11-10
C03946,Customer 03946,Female,34,Delhi,Delhi,Direct,2024-03-14
C03947,Customer 03947,Male,26,Delhi,Delhi,Social Media,2025-11-01
C03948,Customer 03948,Female,31,Bengaluru,Karnataka,Social Media,2024-12-13
C03949,Customer 03949,Male,32,Delhi,Delhi,Organic Search,2024-04-23
C03950,Customer 03950,Female,40,Chandigarh,Chandigarh,Direct,2024-01-07
C03951,Customer 03951,Male,25,Chennai,Tamil Nadu,Direct,2024-08-24
C03952,Customer 03952,Female,30,Chandigarh,Chandigarh,Referral,2025-06-21
C03953,Customer 03953,Female,32,Chennai,Tamil Nadu,Referral,2025-10-14
C03954,Customer 03954,Male,18,Ahmedabad,Gujarat,Direct,2024-11-01
C03955,Customer 03955,Female,37,Coimbatore,Tamil Nadu,Email,2024-08-03
C03956,Customer 03956,Male,52,Bengaluru,Karnataka,Paid Search,2024-05-27
C03957,Customer 03957,Male,22,Gurugram,Haryana,Social Media,2024-04-26
C03958,Customer 03958,Female,31,Kochi,Kerala,Direct,2025-02-06
C03959,Customer 03959,Male,27,Bengaluru,Karnataka,Organic Search,2025-09-25
C03960,Customer 03960,Male,31,Chandigarh,Chandigarh,Organic Search,2024-07-27
C03961,Customer 03961,Male,43,Bengaluru,Karnataka,Email,2025-07-21
C03962,Customer 03962,Female,18,Pune,Maharashtra,Social Media,2024-05-31
C03963,Customer 03963,Male,34,Indore,Madhya Pradesh,Social Media,2025-08-07
C03964,Customer 03964,Female,31,Lucknow,Uttar Pradesh,Direct,2025-08-24
C03965,Customer 03965,Female,32,Surat,Gujarat,Social Media,2024-02-17
C03966,Customer 03966,Male,25,Mumbai,Maharashtra,Paid Search,2024-12-19
C03967,Customer 03967,Male,19,Bengaluru,Karnataka,Organic Search,2025-03-04
C03968,Customer 03968,Female,27,Lucknow,Uttar Pradesh,Direct,2025-03-12
C03969,Customer 03969,Male,45,Gurugram,Haryana,Organic Search,2025-07-21
C03970,Customer 03970,Male,39,Delhi,Delhi,Organic Search,2024-12-25
C03971,Customer 03971,Female,28,Mumbai,Maharashtra,Social Media,2025-04-08
C03972,Customer 03972,Female,33,Hyderabad,Telangana,Paid Search,2024-08-11
C03973,Customer 03973,Female,19,Pune,Maharashtra,Organic Search,2024-04-22
C03974,Customer 03974,Male,23,Gurugram,Haryana,Email,2024-11-21
C03975,Customer 03975,Male,25,Pune,Maharashtra,Direct,2025-07-25
C03976,Customer 03976,Male,18,Bengaluru,Karnataka,Social Media,2024-05-03
C03977,Customer 03977,Male,32,Chennai,Tamil Nadu,Referral,2025-07-09
C03978,Customer 03978,Male,25,Ahmedabad,Gujarat,Paid Search,2024-07-26
C03979,Customer 03979,Non-binary,55,Kolkata,West Bengal,Organic Search,2024-09-17
C03980,Customer 03980,Male,36,Chennai,Tamil Nadu,Email,2024-06-06
C03981,Customer 03981,Male,35,Lucknow,Uttar Pradesh,Referral,2025-03-11
C03982,Customer 03982,Female,18,Chennai,Tamil Nadu,Email,2024-06-13
C03983,Customer 03983,Male,43,Delhi,Delhi,Social Media,2025-03-25
C03984,Customer 03984,Male,29,Bhopal,Madhya Pradesh,Direct,2025-04-06
C03985,Customer 03985,Female,21,Mumbai,Maharashtra,Organic Search,2024-07-08
C03986,Customer 03986,Female,39,Delhi,Delhi,Social Media,2025-01-16
C03987,Customer 03987,Male,37,Surat,Gujarat,Paid Search,2025-03-11
C03988,Customer 03988,Female,40,Jaipur,Rajasthan,Direct,2024-10-13
C03989,Customer 03989,Male,31,Bengaluru,Karnataka,Email,2025-04-17
C03990,Customer 03990,Male,45,Ahmedabad,Gujarat,Email,2025-01-08
C03991,Customer 03991,Male,24,Kochi,Kerala,Social Media,2025-08-09
C03992,Customer 03992,Female,53,Pune,Maharashtra,Social Media,2025-04-12
C03993,Customer 03993,Female,47,Patna,Bihar,Direct,2025-12-10
C03994,Customer 03994,Male,40,Gurugram,Haryana,Direct,2024-11-04
C03995,Customer 03995,Male,37,Pune,Maharashtra,Referral,2024-12-02
C03996,Customer 03996,Female,22,Ahmedabad,Gujarat,Paid Search,2025-09-30
C03997,Customer 03997,Male,33,Ahmedabad,Gujarat,Social Media,2025-05-24
C03998,Customer 03998,Male,31,Mumbai,Maharashtra,Organic Search,2025-08-04
C03999,Customer 03999,Male,32,Ahmedabad,Gujarat,Paid Search,2024-07-22
C04000,Customer 04000,Male,31,Delhi,Delhi,Paid Search,2024-05-06
C04001,Customer 04001,Female,44,Gurugram,Haryana,Social Media,2024-04-19
C04002,Customer 04002,Male,22,Kochi,Kerala,Social Media,2024-03-14
C04003,Customer 04003,Male,29,Delhi,Delhi,Social Media,2024-03-16
C04004,Customer 04004,Female,20,Jaipur,Rajasthan,Paid Search,2025-03-30
C04005,Customer 04005,Female,45,Lucknow,Uttar Pradesh,Social Media,2024-01-28
C04006,Customer 04006,Male,25,Mumbai,Maharashtra,Paid Search,2025-06-17
C04007,Customer 04007,Male,35,Jaipur,Rajasthan,Social Media,2025-06-19
C04008,Customer 04008,Female,27,Patna,Bihar,Referral,2025-04-26
C04009,Customer 04009,Female,42,Kochi,Kerala,Organic Search,2025-03-31
C04010,Customer 04010,Male,29,Hyderabad,Telangana,Organic Search,2025-03-11
C04011,Customer 04011,Female,33,Delhi,Delhi,Direct,2024-01-07
C04012,Customer 04012,Male,33,Delhi,Delhi,Organic Search,2024-07-07
C04013,Customer 04013,Female,22,Mumbai,Maharashtra,Social Media,2025-07-09
C04014,Customer 04014,Male,40,Pune,Maharashtra,Email,2024-03-24
C04015,Customer 04015,Female,35,Delhi,Delhi,Referral,2025-09-07
C04016,Customer 04016,Female,31,Hyderabad,Telangana,Paid Search,2024-10-12
C04017,Customer 04017,Male,43,Mumbai,Maharashtra,Organic Search,2024-02-20
C04018,Customer 04018,Female,42,Hyderabad,Telangana,Social Media,2025-08-11
C04019,Customer 04019,Male,28,Ahmedabad,Gujarat,Paid Search,2024-05-23
C04020,Customer 04020,Male,33,Ahmedabad,Gujarat,Organic Search,2025-04-20
C04021,Customer 04021,Female,27,Pune,Maharashtra,Organic Search,2025-08-15
C04022,Customer 04022,Male,18,Lucknow,Uttar Pradesh,Organic Search,2024-06-08
C04023,Customer 04023,Female,24,Gurugram,Haryana,Direct,2024-04-14
C04024,Customer 04024,Male,33,Mumbai,Maharashtra,Referral,2024-10-24
C04025,Customer 04025,Male,18,Mumbai,Maharashtra,Direct,2024-04-30
C04026,Customer 04026,Female,33,Mumbai,Maharashtra,Referral,2025-03-23
C04027,Customer 04027,Male,30,Chennai,Tamil Nadu,Paid Search,2024-06-07
C04028,Customer 04028,Male,34,Surat,Gujarat,Direct,2024-07-17
C04029,Customer 04029,Male,44,Bengaluru,Karnataka,Organic Search,2024-10-19
C04030,Customer 04030,Male,23,Delhi,Delhi,Paid Search,2024-10-23
C04031,Customer 04031,Female,44,Chandigarh,Chandigarh,Social Media,2025-01-18
C04032,Customer 04032,Male,43,Hyderabad,Telangana,Paid Search,2025-02-19
C04033,Customer 04033,Female,18,Mumbai,Maharashtra,Paid Search,2024-01-07
C04034,Customer 04034,Female,31,Chandigarh,Chandigarh,Paid Search,2025-05-29
C04035,Customer 04035,Male,32,Surat,Gujarat,Direct,2024-09-17
C04036,Customer 04036,Male,29,Noida,Uttar Pradesh,Paid Search,2025-11-26
C04037,Customer 04037,Female,32,Ahmedabad,Gujarat,Organic Search,2025-12-22
C04038,Customer 04038,Male,23,Gurugram,Haryana,Email,2024-09-21
C04039,Customer 04039,Male,39,Jaipur,Rajasthan,Social Media,2024-01-11
C04040,Customer 04040,Female,18,Jaipur,Rajasthan,Referral,2024-11-28
C04041,Customer 04041,Female,18,Jaipur,Rajasthan,Direct,2025-04-22
C04042,Customer 04042,Female,39,Delhi,Delhi,Paid Search,2025-12-24
C04043,Customer 04043,Female,29,Gurugram,Haryana,Organic Search,2025-03-09
C04044,Customer 04044,Female,32,Pune,Maharashtra,Email,2024-01-03
C04045,Customer 04045,Male,32,Surat,Gujarat,Direct,2024-04-27
C04046,Customer 04046,Male,26,Pune,Maharashtra,Direct,2024-09-18
C04047,Customer 04047,Female,37,Gurugram,Haryana,Organic Search,2024-12-06
C04048,Customer 04048,Male,53,Indore,Madhya Pradesh,Organic Search,2024-04-18
C04049,Customer 04049,Female,18,Surat,Gujarat,Organic Search,2024-08-13
C04050,Customer 04050,Non-binary,40,Chandigarh,Chandigarh,Direct,2025-01-30
C04051,Customer 04051,Female,18,Jaipur,Rajasthan,Organic Search,2025-05-22
C04052,Customer 04052,Female,18,Hyderabad,Telangana,Email,2025-07-14
C04053,Customer 04053,Male,52,Surat,Gujarat,Paid Search,2024-11-08
C04054,Customer 04054,Female,41,Chennai,Tamil Nadu,Organic Search,2024-04-11
C04055,Customer 04055,Female,19,Delhi,Delhi,Social Media,2024-01-15
C04056,Customer 04056,Male,35,Chandigarh,Chandigarh,Organic Search,2025-09-09
C04057,Customer 04057,Female,23,Delhi,Delhi,Email,2025-09-05
C04058,Customer 04058,Female,24,Hyderabad,Telangana,Direct,2025-12-09
C04059,Customer 04059,Male,26,Bengaluru,Karnataka,Social Media,2024-08-18
C04060,Customer 04060,Male,21,Chennai,Tamil Nadu,Paid Search,2025-09-03
C04061,Customer 04061,Male,36,Pune,Maharashtra,Paid Search,2025-08-20
C04062,Customer 04062,Female,40,Hyderabad,Telangana,Email,2024-01-27
C04063,Customer 04063,Female,21,Chennai,Tamil Nadu,Organic Search,2024-01-05
C04064,Customer 04064,Female,25,Hyderabad,Telangana,Social Media,2025-07-03
C04065,Customer 04065,Male,47,Nagpur,Maharashtra,Referral,2024-06-10
C04066,Customer 04066,Male,42,Gurugram,Haryana,Direct,2024-05-26
C04067,Customer 04067,Male,41,Mumbai,Maharashtra,Organic Search,2024-02-12
C04068,Customer 04068,Male,18,Chennai,Tamil Nadu,Organic Search,2024-10-15
C04069,Customer 04069,Male,42,Bengaluru,Karnataka,Referral,2025-08-13
C04070,Customer 04070,Female,23,Noida,Uttar Pradesh,Paid Search,2024-09-23
C04071,Customer 04071,Male,41,Chandigarh,Chandigarh,Paid Search,2025-02-11
C04072,Customer 04072,Male,20,Chandigarh,Chandigarh,Paid Search,2025-07-02
C04073,Customer 04073,Male,33,Jaipur,Rajasthan,Paid Search,2025-12-02
C04074,Customer 04074,Male,18,Chennai,Tamil Nadu,Direct,2025-06-19
C04075,Customer 04075,Male,27,Bengaluru,Karnataka,Organic Search,2025-06-15
C04076,Customer 04076,Female,29,Chennai,Tamil Nadu,Referral,2024-06-21
C04077,Customer 04077,Female,36,Gurugram,Haryana,Email,2025-08-07
C04078,Customer 04078,Non-binary,34,Kolkata,West Bengal,Direct,2025-12-02
C04079,Customer 04079,Female,28,Indore,Madhya Pradesh,Social Media,2024-09-25
C04080,Customer 04080,Female,32,Lucknow,Uttar Pradesh,Social Media,2024-01-26
C04081,Customer 04081,Female,44,Hyderabad,Telangana,Social Media,2025-06-01
C04082,Customer 04082,Female,22,Chennai,Tamil Nadu,Email,2025-07-30
C04083,Customer 04083,Male,32,Nagpur,Maharashtra,Paid Search,2025-09-18
C04084,Customer 04084,Female,44,Hyderabad,Telangana,Social Media,2025-12-04
C04085,Customer 04085,Female,45,Bengaluru,Karnataka,Organic Search,2025-06-28
C04086,Customer 04086,Female,38,Kochi,Kerala,Referral,2024-08-23
C04087,Customer 04087,Female,33,Surat,Gujarat,Organic Search,2024-02-06
C04088,Customer 04088,Female,34,Mumbai,Maharashtra,Organic Search,2024-02-04
C04089,Customer 04089,Male,28,Mumbai,Maharashtra,Social Media,2025-04-18
C04090,Customer 04090,Non-binary,39,Jaipur,Rajasthan,Organic Search,2025-06-29
C04091,Customer 04091,Female,18,Mumbai,Maharashtra,Social Media,2024-01-13
C04092,Customer 04092,Male,24,Ahmedabad,Gujarat,Organic Search,2025-11-26
C04093,Customer 04093,Male,32,Jaipur,Rajasthan,Referral,2025-08-08
C04094,Customer 04094,Female,28,Delhi,Delhi,Organic Search,2024-06-17
C04095,Customer 04095,Male,36,Ahmedabad,Gujarat,Organic Search,2025-01-06
C04096,Customer 04096,Male,18,Hyderabad,Telangana,Organic Search,2024-12-31
C04097,Customer 04097,Male,32,Delhi,Delhi,Paid Search,2024-05-11
C04098,Customer 04098,Male,35,Hyderabad,Telangana,Email,2025-11-02
C04099,Customer 04099,Female,50,Kolkata,West Bengal,Paid Search,2025-04-25
C04100,Customer 04100,Male,33,Ahmedabad,Gujarat,Direct,2025-06-29
C04101,Customer 04101,Male,36,Noida,Uttar Pradesh,Referral,2025-02-16
C04102,Customer 04102,Male,34,Delhi,Delhi,Direct,2025-03-13
C04103,Customer 04103,Male,32,Lucknow,Uttar Pradesh,Direct,2025-11-01
C04104,Customer 04104,Female,33,Mumbai,Maharashtra,Email,2025-02-14
C04105,Customer 04105,Female,18,Indore,Madhya Pradesh,Direct,2024-06-07
C04106,Customer 04106,Female,44,Noida,Uttar Pradesh,Social Media,2025-03-07
C04107,Customer 04107,Female,30,Bengaluru,Karnataka,Paid Search,2024-03-23
C04108,Customer 04108,Male,39,Nagpur,Maharashtra,Social Media,2024-07-24
C04109,Customer 04109,Female,28,Pune,Maharashtra,Direct,2025-08-07
C04110,Customer 04110,Male,28,Delhi,Delhi,Organic Search,2025-09-14
C04111,Customer 04111,Male,31,Mumbai,Maharashtra,Organic Search,2024-03-22
C04112,Customer 04112,Male,36,Noida,Uttar Pradesh,Paid Search,2024-11-05
C04113,Customer 04113,Male,38,Kolkata,West Bengal,Direct,2025-07-29
C04114,Customer 04114,Female,44,Patna,Bihar,Email,2024-11-15
C04115,Customer 04115,Female,39,Noida,Uttar Pradesh,Organic Search,2025-08-25
C04116,Customer 04116,Female,33,Chennai,Tamil Nadu,Paid Search,2025-05-12
C04117,Customer 04117,Female,44,Indore,Madhya Pradesh,Social Media,2025-10-10
C04118,Customer 04118,Female,32,Mumbai,Maharashtra,Direct,2025-09-03
C04119,Customer 04119,Female,18,Chennai,Tamil Nadu,Organic Search,2025-06-03
C04120,Customer 04120,Male,44,Kolkata,West Bengal,Referral,2024-10-08
C04121,Customer 04121,Male,18,Delhi,Delhi,Social Media,2024-09-24
C04122,Customer 04122,Male,30,Surat,Gujarat,Email,2025-01-24
C04123,Customer 04123,Female,32,Kochi,Kerala,Social Media,2025-11-29
C04124,Customer 04124,Female,30,Kolkata,West Bengal,Organic Search,2024-03-24
C04125,Customer 04125,Male,24,Ahmedabad,Gujarat,Email,2024-02-28
C04126,Customer 04126,Female,37,Pune,Maharashtra,Email,2024-12-09
C04127,Customer 04127,Male,34,Indore,Madhya Pradesh,Social Media,2024-10-15
C04128,Customer 04128,Female,32,Kolkata,West Bengal,Organic Search,2024-10-05
C04129,Customer 04129,Female,29,Chennai,Tamil Nadu,Organic Search,2024-11-09
C04130,Customer 04130,Female,33,Chennai,Tamil Nadu,Social Media,2024-11-20
C04131,Customer 04131,Male,34,Surat,Gujarat,Organic Search,2025-07-30
C04132,Customer 04132,Female,23,Lucknow,Uttar Pradesh,Organic Search,2025-07-06
C04133,Customer 04133,Female,22,Chandigarh,Chandigarh,Organic Search,2024-09-30
C04134,Customer 04134,Female,34,Mumbai,Maharashtra,Email,2025-04-12
C04135,Customer 04135,Female,18,Bengaluru,Karnataka,Paid Search,2025-04-21
C04136,Customer 04136,Female,38,Bengaluru,Karnataka,Organic Search,2025-05-25
C04137,Customer 04137,Female,47,Delhi,Delhi,Organic Search,2025-11-30
C04138,Customer 04138,Female,18,Lucknow,Uttar Pradesh,Paid Search,2024-07-06
C04139,Customer 04139,Female,42,Ahmedabad,Gujarat,Paid Search,2024-12-31
C04140,Customer 04140,Female,18,Gurugram,Haryana,Social Media,2024-02-13
C04141,Customer 04141,Male,33,Mumbai,Maharashtra,Referral,2025-06-26
C04142,Customer 04142,Male,47,Pune,Maharashtra,Social Media,2025-10-20
C04143,Customer 04143,Female,26,Kochi,Kerala,Paid Search,2025-11-23
C04144,Customer 04144,Male,25,Delhi,Delhi,Organic Search,2025-01-02
C04145,Customer 04145,Male,20,Jaipur,Rajasthan,Paid Search,2025-08-08
C04146,Customer 04146,Female,41,Pune,Maharashtra,Email,2024-11-14
C04147,Customer 04147,Non-binary,28,Kolkata,West Bengal,Social Media,2024-04-14
C04148,Customer 04148,Male,29,Bengaluru,Karnataka,Paid Search,2025-01-26
C04149,Customer 04149,Female,32,Bengaluru,Karnataka,Referral,2024-12-07
C04150,Customer 04150,Male,34,Kolkata,West Bengal,Email,2024-04-08
C04151,Customer 04151,Non-binary,27,Noida,Uttar Pradesh,Paid Search,2024-11-11
C04152,Customer 04152,Female,29,Lucknow,Uttar Pradesh,Social Media,2024-06-05
C04153,Customer 04153,Male,48,Mumbai,Maharashtra,Paid Search,2025-12-07
C04154,Customer 04154,Female,45,Pune,Maharashtra,Social Media,2024-06-30
C04155,Customer 04155,Female,28,Lucknow,Uttar Pradesh,Social Media,2025-11-18
C04156,Customer 04156,Male,37,Chandigarh,Chandigarh,Email,2025-10-04
C04157,Customer 04157,Male,25,Kolkata,West Bengal,Social Media,2024-05-28
C04158,Customer 04158,Female,41,Delhi,Delhi,Organic Search,2025-02-03
C04159,Customer 04159,Male,25,Kolkata,West Bengal,Referral,2024-03-03
C04160,Customer 04160,Female,32,Delhi,Delhi,Referral,2024-11-16
C04161,Customer 04161,Male,30,Kolkata,West Bengal,Referral,2025-08-03
C04162,Customer 04162,Male,30,Kochi,Kerala,Email,2024-05-14
C04163,Customer 04163,Female,23,Ahmedabad,Gujarat,Paid Search,2025-12-14
C04164,Customer 04164,Male,36,Kolkata,West Bengal,Direct,2024-05-18
C04165,Customer 04165,Non-binary,35,Kolkata,West Bengal,Referral,2025-01-20
C04166,Customer 04166,Male,34,Ahmedabad,Gujarat,Email,2024-09-01
C04167,Customer 04167,Male,27,Kochi,Kerala,Organic Search,2024-05-15
C04168,Customer 04168,Female,41,Bengaluru,Karnataka,Email,2024-11-07
C04169,Customer 04169,Female,21,Surat,Gujarat,Organic Search,2024-11-18
C04170,Customer 04170,Non-binary,25,Hyderabad,Telangana,Social Media,2024-10-17
C04171,Customer 04171,Female,32,Kochi,Kerala,Paid Search,2025-05-23
C04172,Customer 04172,Male,31,Ahmedabad,Gujarat,Referral,2025-05-29
C04173,Customer 04173,Male,37,Kolkata,West Bengal,Social Media,2025-09-13
C04174,Customer 04174,Female,31,Mumbai,Maharashtra,Email,2024-03-07
C04175,Customer 04175,Female,35,Gurugram,Haryana,Paid Search,2024-04-28
C04176,Customer 04176,Male,21,Noida,Uttar Pradesh,Organic Search,2024-06-24
C04177,Customer 04177,Male,24,Mumbai,Maharashtra,Email,2025-02-15
C04178,Customer 04178,Female,37,Delhi,Delhi,Organic Search,2024-01-01
C04179,Customer 04179,Female,18,Kolkata,West Bengal,Paid Search,2025-11-05
C04180,Customer 04180,Female,30,Noida,Uttar Pradesh,Email,2024-04-22
C04181,Customer 04181,Male,30,Kolkata,West Bengal,Organic Search,2025-06-01
C04182,Customer 04182,Male,35,Chennai,Tamil Nadu,Social Media,2025-06-13
C04183,Customer 04183,Male,43,Lucknow,Uttar Pradesh,Paid Search,2025-03-08
C04184,Customer 04184,Female,23,Bengaluru,Karnataka,Paid Search,2024-01-10
C04185,Customer 04185,Male,26,Hyderabad,Telangana,Paid Search,2025-02-04
C04186,Customer 04186,Female,29,Mumbai,Maharashtra,Social Media,2025-01-10
C04187,Customer 04187,Female,30,Hyderabad,Telangana,Social Media,2025-04-19
C04188,Customer 04188,Female,31,Hyderabad,Telangana,Referral,2025-05-26
C04189,Customer 04189,Male,33,Kolkata,West Bengal,Social Media,2024-01-28
C04190,Customer 04190,Male,36,Delhi,Delhi,Paid Search,2025-06-10
C04191,Customer 04191,Female,39,Chennai,Tamil Nadu,Email,2024-05-30
C04192,Customer 04192,Female,25,Pune,Maharashtra,Organic Search,2024-08-28
C04193,Customer 04193,Female,28,Delhi,Delhi,Paid Search,2025-05-21
C04194,Customer 04194,Male,29,Delhi,Delhi,Social Media,2024-08-25
C04195,Customer 04195,Female,30,Delhi,Delhi,Email,2024-10-26
C04196,Customer 04196,Female,26,Bengaluru,Karnataka,Direct,2025-06-13
C04197,Customer 04197,Female,38,Lucknow,Uttar Pradesh,Paid Search,2024-09-19
C04198,Customer 04198,Female,36,Mumbai,Maharashtra,Email,2024-02-26
C04199,Customer 04199,Female,18,Lucknow,Uttar Pradesh,Direct,2024-06-11
C04200,Customer 04200,Female,28,Ahmedabad,Gujarat,Direct,2025-03-08
C04201,Customer 04201,Male,33,Chennai,Tamil Nadu,Direct,2024-05-01
C04202,Customer 04202,Female,18,Chennai,Tamil Nadu,Email,2025-05-21
C04203,Customer 04203,Female,27,Kochi,Kerala,Organic Search,2024-06-03
C04204,Customer 04204,Male,18,Ahmedabad,Gujarat,Email,2024-02-11
C04205,Customer 04205,Male,32,Kochi,Kerala,Paid Search,2025-10-21
C04206,Customer 04206,Female,39,Delhi,Delhi,Organic Search,2024-04-03
C04207,Customer 04207,Female,30,Lucknow,Uttar Pradesh,Social Media,2024-05-03
C04208,Customer 04208,Male,40,Pune,Maharashtra,Organic Search,2024-11-24
C04209,Customer 04209,Male,39,Noida,Uttar Pradesh,Paid Search,2024-04-23
C04210,Customer 04210,Male,31,Patna,Bihar,Social Media,2024-11-09
C04211,Customer 04211,Female,24,Surat,Gujarat,Social Media,2025-10-02
C04212,Customer 04212,Female,38,Mumbai,Maharashtra,Organic Search,2024-09-09
C04213,Customer 04213,Non-binary,30,Lucknow,Uttar Pradesh,Social Media,2024-07-31
C04214,Customer 04214,Male,28,Coimbatore,Tamil Nadu,Social Media,2025-03-31
C04215,Customer 04215,Female,44,Bengaluru,Karnataka,Social Media,2025-09-13
C04216,Customer 04216,Male,40,Surat,Gujarat,Organic Search,2025-12-19
C04217,Customer 04217,Female,46,Chennai,Tamil Nadu,Organic Search,2024-11-04
C04218,Customer 04218,Female,26,Gurugram,Haryana,Social Media,2025-06-08
C04219,Customer 04219,Female,18,Bengaluru,Karnataka,Referral,2024-12-14
C04220,Customer 04220,Male,35,Pune,Maharashtra,Referral,2025-12-22
C04221,Customer 04221,Male,43,Gurugram,Haryana,Organic Search,2024-04-20
C04222,Customer 04222,Male,44,Lucknow,Uttar Pradesh,Paid Search,2025-02-10
C04223,Customer 04223,Female,35,Lucknow,Uttar Pradesh,Social Media,2025-08-16
C04224,Customer 04224,Male,37,Hyderabad,Telangana,Direct,2024-03-28
C04225,Customer 04225,Female,33,Noida,Uttar Pradesh,Paid Search,2024-04-04
C04226,Customer 04226,Female,27,Chandigarh,Chandigarh,Social Media,2025-02-17
C04227,Customer 04227,Non-binary,24,Delhi,Delhi,Direct,2024-01-22
C04228,Customer 04228,Female,33,Patna,Bihar,Referral,2025-04-09
C04229,Customer 04229,Female,36,Jaipur,Rajasthan,Paid Search,2025-12-18
C04230,Customer 04230,Female,49,Chennai,Tamil Nadu,Referral,2025-09-18
C04231,Customer 04231,Male,34,Chennai,Tamil Nadu,Social Media,2024-05-11
C04232,Customer 04232,Female,36,Hyderabad,Telangana,Referral,2024-04-23
C04233,Customer 04233,Male,30,Chandigarh,Chandigarh,Organic Search,2024-02-21
C04234,Customer 04234,Male,42,Surat,Gujarat,Email,2025-09-10
C04235,Customer 04235,Male,27,Pune,Maharashtra,Paid Search,2024-06-08
C04236,Customer 04236,Female,39,Delhi,Delhi,Referral,2025-09-07
C04237,Customer 04237,Male,18,Gurugram,Haryana,Paid Search,2024-11-12
C04238,Customer 04238,Male,26,Kolkata,West Bengal,Organic Search,2024-05-16
C04239,Customer 04239,Male,39,Bhopal,Madhya Pradesh,Paid Search,2025-02-28
C04240,Customer 04240,Male,18,Mumbai,Maharashtra,Organic Search,2025-08-14
C04241,Customer 04241,Female,32,Pune,Maharashtra,Social Media,2024-10-14
C04242,Customer 04242,Male,38,Pune,Maharashtra,Social Media,2025-02-23
C04243,Customer 04243,Male,21,Ahmedabad,Gujarat,Social Media,2025-06-17
C04244,Customer 04244,Female,33,Mumbai,Maharashtra,Social Media,2025-02-16
C04245,Customer 04245,Female,18,Noida,Uttar Pradesh,Referral,2025-07-29
C04246,Customer 04246,Male,26,Chennai,Tamil Nadu,Direct,2024-11-16
C04247,Customer 04247,Male,42,Nagpur,Maharashtra,Paid Search,2025-08-11
C04248,Customer 04248,Male,38,Hyderabad,Telangana,Organic Search,2025-04-16
C04249,Customer 04249,Male,20,Gurugram,Haryana,Social Media,2024-02-07
C04250,Customer 04250,Female,23,Chennai,Tamil Nadu,Paid Search,2024-04-13
C04251,Customer 04251,Female,24,Noida,Uttar Pradesh,Organic Search,2025-05-31
C04252,Customer 04252,Female,19,Delhi,Delhi,Email,2024-02-08
C04253,Customer 04253,Male,20,Delhi,Delhi,Referral,2024-08-27
C04254,Customer 04254,Female,18,Chennai,Tamil Nadu,Social Media,2024-09-27
C04255,Customer 04255,Male,28,Kolkata,West Bengal,Organic Search,2024-10-20
C04256,Customer 04256,Female,31,Noida,Uttar Pradesh,Paid Search,2025-07-20
C04257,Customer 04257,Male,47,Delhi,Delhi,Paid Search,2025-05-17
C04258,Customer 04258,Male,26,Gurugram,Haryana,Organic Search,2024-02-02
C04259,Customer 04259,Male,18,Jaipur,Rajasthan,Paid Search,2024-02-05
C04260,Customer 04260,Male,35,Gurugram,Haryana,Social Media,2024-08-19
C04261,Customer 04261,Female,21,Hyderabad,Telangana,Direct,2024-08-22
C04262,Customer 04262,Male,32,Ahmedabad,Gujarat,Social Media,2025-08-27
C04263,Customer 04263,Male,18,Delhi,Delhi,Direct,2024-11-13
C04264,Customer 04264,Male,26,Pune,Maharashtra,Referral,2025-07-06
C04265,Customer 04265,Male,40,Bengaluru,Karnataka,Organic Search,2025-11-12
C04266,Customer 04266,Female,35,Pune,Maharashtra,Referral,2024-12-22
C04267,Customer 04267,Male,37,Lucknow,Uttar Pradesh,Social Media,2025-11-13
C04268,Customer 04268,Male,26,Delhi,Delhi,Referral,2025-08-14
C04269,Customer 04269,Male,27,Jaipur,Rajasthan,Organic Search,2025-04-25
C04270,Customer 04270,Male,30,Chennai,Tamil Nadu,Referral,2024-12-27
C04271,Customer 04271,Male,29,Chennai,Tamil Nadu,Social Media,2025-03-26
C04272,Customer 04272,Male,31,Delhi,Delhi,Referral,2025-09-01
C04273,Customer 04273,Male,18,Bengaluru,Karnataka,Paid Search,2024-04-08
C04274,Customer 04274,Male,37,Jaipur,Rajasthan,Email,2025-01-03
C04275,Customer 04275,Female,19,Chennai,Tamil Nadu,Direct,2025-12-31
C04276,Customer 04276,Male,42,Ahmedabad,Gujarat,Email,2024-11-03
C04277,Customer 04277,Female,26,Delhi,Delhi,Referral,2025-05-01
C04278,Customer 04278,Male,18,Indore,Madhya Pradesh,Referral,2025-12-11
C04279,Customer 04279,Male,18,Delhi,Delhi,Direct,2024-04-17
C04280,Customer 04280,Non-binary,32,Lucknow,Uttar Pradesh,Social Media,2024-11-10
C04281,Customer 04281,Female,28,Ahmedabad,Gujarat,Organic Search,2024-12-26
C04282,Customer 04282,Male,22,Kolkata,West Bengal,Social Media,2025-05-01
C04283,Customer 04283,Female,37,Indore,Madhya Pradesh,Paid Search,2024-09-16
C04284,Customer 04284,Female,28,Delhi,Delhi,Email,2024-08-29
C04285,Customer 04285,Male,22,Jaipur,Rajasthan,Social Media,2025-03-06
C04286,Customer 04286,Male,23,Patna,Bihar,Direct,2024-01-20
C04287,Customer 04287,Female,47,Coimbatore,Tamil Nadu,Organic Search,2025-09-07
C04288,Customer 04288,Female,26,Bengaluru,Karnataka,Paid Search,2024-05-01
C04289,Customer 04289,Male,32,Bhopal,Madhya Pradesh,Paid Search,2024-11-24
C04290,Customer 04290,Male,36,Surat,Gujarat,Direct,2024-01-25
C04291,Customer 04291,Male,44,Pune,Maharashtra,Referral,2025-04-08
C04292,Customer 04292,Male,30,Ahmedabad,Gujarat,Organic Search,2024-07-22
C04293,Customer 04293,Male,49,Chennai,Tamil Nadu,Organic Search,2025-09-20
C04294,Customer 04294,Female,51,Ahmedabad,Gujarat,Direct,2024-06-04
C04295,Customer 04295,Female,27,Kolkata,West Bengal,Direct,2025-12-05
C04296,Customer 04296,Female,26,Bengaluru,Karnataka,Referral,2024-07-21
C04297,Customer 04297,Female,47,Lucknow,Uttar Pradesh,Organic Search,2024-04-05
C04298,Customer 04298,Male,21,Bengaluru,Karnataka,Paid Search,2025-04-18
C04299,Customer 04299,Male,29,Coimbatore,Tamil Nadu,Paid Search,2024-06-09
C04300,Customer 04300,Female,32,Pune,Maharashtra,Social Media,2025-08-13
C04301,Customer 04301,Male,37,Delhi,Delhi,Social Media,2024-04-12
C04302,Customer 04302,Male,40,Kochi,Kerala,Email,2024-12-02
C04303,Customer 04303,Male,24,Kolkata,West Bengal,Organic Search,2024-04-30
C04304,Customer 04304,Male,38,Ahmedabad,Gujarat,Direct,2024-07-08
C04305,Customer 04305,Male,23,Hyderabad,Telangana,Referral,2024-05-02
C04306,Customer 04306,Female,37,Ahmedabad,Gujarat,Direct,2025-11-30
C04307,Customer 04307,Male,33,Pune,Maharashtra,Social Media,2025-01-14
C04308,Customer 04308,Male,39,Pune,Maharashtra,Paid Search,2024-12-16
C04309,Customer 04309,Female,37,Delhi,Delhi,Direct,2025-05-30
C04310,Customer 04310,Female,29,Patna,Bihar,Direct,2024-04-16
C04311,Customer 04311,Male,18,Chandigarh,Chandigarh,Organic Search,2024-08-12
C04312,Customer 04312,Male,27,Mumbai,Maharashtra,Organic Search,2025-08-30
C04313,Customer 04313,Female,27,Lucknow,Uttar Pradesh,Social Media,2025-04-10
C04314,Customer 04314,Female,25,Bengaluru,Karnataka,Paid Search,2025-04-12
C04315,Customer 04315,Male,27,Jaipur,Rajasthan,Referral,2024-09-18
C04316,Customer 04316,Male,31,Kolkata,West Bengal,Social Media,2025-05-16
C04317,Customer 04317,Female,22,Delhi,Delhi,Referral,2025-01-01
C04318,Customer 04318,Female,25,Mumbai,Maharashtra,Direct,2025-08-10
C04319,Customer 04319,Female,40,Ahmedabad,Gujarat,Direct,2024-04-05
C04320,Customer 04320,Male,48,Bengaluru,Karnataka,Direct,2025-03-12
C04321,Customer 04321,Female,30,Pune,Maharashtra,Paid Search,2024-09-12
C04322,Customer 04322,Female,40,Gurugram,Haryana,Direct,2025-03-23
C04323,Customer 04323,Male,30,Patna,Bihar,Social Media,2025-03-04
C04324,Customer 04324,Male,38,Indore,Madhya Pradesh,Paid Search,2024-10-14
C04325,Customer 04325,Male,32,Chennai,Tamil Nadu,Social Media,2024-09-27
C04326,Customer 04326,Male,25,Hyderabad,Telangana,Organic Search,2024-03-02
C04327,Customer 04327,Male,34,Pune,Maharashtra,Organic Search,2025-10-20
C04328,Customer 04328,Male,31,Delhi,Delhi,Paid Search,2024-08-01
C04329,Customer 04329,Female,22,Bengaluru,Karnataka,Direct,2025-07-12
C04330,Customer 04330,Male,29,Gurugram,Haryana,Paid Search,2025-01-13
C04331,Customer 04331,Male,36,Coimbatore,Tamil Nadu,Email,2024-12-30
C04332,Customer 04332,Female,39,Patna,Bihar,Paid Search,2025-08-20
C04333,Customer 04333,Male,34,Bengaluru,Karnataka,Direct,2024-02-16
C04334,Customer 04334,Male,22,Delhi,Delhi,Social Media,2024-09-30
C04335,Customer 04335,Female,20,Bhopal,Madhya Pradesh,Referral,2024-12-04
C04336,Customer 04336,Female,34,Delhi,Delhi,Email,2025-12-31
C04337,Customer 04337,Female,18,Bengaluru,Karnataka,Paid Search,2025-11-10
C04338,Customer 04338,Female,37,Surat,Gujarat,Referral,2025-12-19
C04339,Customer 04339,Male,32,Nagpur,Maharashtra,Organic Search,2024-01-15
C04340,Customer 04340,Male,30,Indore,Madhya Pradesh,Organic Search,2025-02-24
C04341,Customer 04341,Male,46,Delhi,Delhi,Referral,2025-06-13
C04342,Customer 04342,Male,33,Hyderabad,Telangana,Paid Search,2025-05-30
C04343,Customer 04343,Female,21,Noida,Uttar Pradesh,Referral,2024-07-27
C04344,Customer 04344,Female,41,Noida,Uttar Pradesh,Organic Search,2025-01-13
C04345,Customer 04345,Female,25,Jaipur,Rajasthan,Social Media,2025-02-10
C04346,Customer 04346,Female,48,Chennai,Tamil Nadu,Direct,2025-07-26
C04347,Customer 04347,Male,18,Noida,Uttar Pradesh,Paid Search,2025-10-17
C04348,Customer 04348,Male,20,Lucknow,Uttar Pradesh,Social Media,2025-11-05
C04349,Customer 04349,Female,37,Delhi,Delhi,Social Media,2025-04-05
C04350,Customer 04350,Female,54,Bengaluru,Karnataka,Paid Search,2025-02-28
C04351,Customer 04351,Male,38,Lucknow,Uttar Pradesh,Direct,2025-05-02
C04352,Customer 04352,Male,30,Bengaluru,Karnataka,Organic Search,2025-12-17
C04353,Customer 04353,Female,19,Surat,Gujarat,Organic Search,2024-08-03
C04354,Customer 04354,Female,28,Hyderabad,Telangana,Social Media,2025-07-29
C04355,Customer 04355,Male,29,Chennai,Tamil Nadu,Organic Search,2025-08-21
C04356,Customer 04356,Female,31,Hyderabad,Telangana,Email,2024-10-14
C04357,Customer 04357,Male,39,Surat,Gujarat,Organic Search,2024-12-24
C04358,Customer 04358,Male,30,Noida,Uttar Pradesh,Referral,2024-03-31
C04359,Customer 04359,Male,38,Kolkata,West Bengal,Social Media,2024-02-26
C04360,Customer 04360,Male,38,Pune,Maharashtra,Social Media,2024-06-02
C04361,Customer 04361,Male,45,Delhi,Delhi,Paid Search,2024-07-05
C04362,Customer 04362,Female,47,Mumbai,Maharashtra,Organic Search,2025-04-11
C04363,Customer 04363,Male,18,Ahmedabad,Gujarat,Referral,2024-04-19
C04364,Customer 04364,Female,30,Chennai,Tamil Nadu,Paid Search,2024-12-04
C04365,Customer 04365,Male,33,Indore,Madhya Pradesh,Direct,2024-02-17
C04366,Customer 04366,Male,42,Delhi,Delhi,Social Media,2024-10-26
C04367,Customer 04367,Female,40,Hyderabad,Telangana,Direct,2025-02-12
C04368,Customer 04368,Female,29,Noida,Uttar Pradesh,Social Media,2025-05-12
C04369,Customer 04369,Female,26,Gurugram,Haryana,Organic Search,2024-11-08
C04370,Customer 04370,Female,26,Noida,Uttar Pradesh,Organic Search,2024-04-02
C04371,Customer 04371,Female,24,Bengaluru,Karnataka,Direct,2025-11-22
C04372,Customer 04372,Male,29,Kolkata,West Bengal,Email,2024-09-22
C04373,Customer 04373,Male,25,Delhi,Delhi,Organic Search,2024-03-10
C04374,Customer 04374,Male,32,Chennai,Tamil Nadu,Paid Search,2025-07-17
C04375,Customer 04375,Female,38,Kolkata,West Bengal,Organic Search,2025-05-25
C04376,Customer 04376,Female,32,Bengaluru,Karnataka,Organic Search,2024-03-12
C04377,Customer 04377,Female,24,Mumbai,Maharashtra,Paid Search,2025-08-23
C04378,Customer 04378,Female,25,Kolkata,West Bengal,Paid Search,2025-01-06
C04379,Customer 04379,Female,34,Nagpur,Maharashtra,Referral,2025-04-11
C04380,Customer 04380,Female,29,Kolkata,West Bengal,Social Media,2024-04-26
C04381,Customer 04381,Male,29,Ahmedabad,Gujarat,Referral,2025-01-05
C04382,Customer 04382,Female,49,Kochi,Kerala,Organic Search,2025-03-06
C04383,Customer 04383,Male,39,Surat,Gujarat,Organic Search,2025-04-06
C04384,Customer 04384,Female,36,Hyderabad,Telangana,Paid Search,2025-04-03
C04385,Customer 04385,Female,33,Bengaluru,Karnataka,Organic Search,2025-10-09
C04386,Customer 04386,Female,36,Jaipur,Rajasthan,Email,2025-12-06
C04387,Customer 04387,Male,33,Gurugram,Haryana,Organic Search,2024-04-17
C04388,Customer 04388,Male,33,Ahmedabad,Gujarat,Paid Search,2025-03-14
C04389,Customer 04389,Female,28,Gurugram,Haryana,Organic Search,2025-10-18
C04390,Customer 04390,Female,34,Bhopal,Madhya Pradesh,Direct,2024-02-03
C04391,Customer 04391,Male,31,Bengaluru,Karnataka,Direct,2024-04-18
C04392,Customer 04392,Female,18,Pune,Maharashtra,Paid Search,2024-09-20
C04393,Customer 04393,Male,18,Hyderabad,Telangana,Organic Search,2025-09-13
C04394,Customer 04394,Male,43,Chennai,Tamil Nadu,Organic Search,2025-01-14
C04395,Customer 04395,Female,42,Noida,Uttar Pradesh,Direct,2025-12-19
C04396,Customer 04396,Female,42,Mumbai,Maharashtra,Social Media,2025-05-17
C04397,Customer 04397,Male,36,Ahmedabad,Gujarat,Organic Search,2024-08-02
C04398,Customer 04398,Female,38,Chennai,Tamil Nadu,Organic Search,2024-07-04
C04399,Customer 04399,Male,34,Delhi,Delhi,Organic Search,2024-10-28
C04400,Customer 04400,Female,32,Chandigarh,Chandigarh,Paid Search,2025-04-05
C04401,Customer 04401,Female,33,Pune,Maharashtra,Paid Search,2025-10-03
C04402,Customer 04402,Male,36,Lucknow,Uttar Pradesh,Organic Search,2024-02-23
C04403,Customer 04403,Male,37,Patna,Bihar,Email,2024-05-28
C04404,Customer 04404,Female,31,Lucknow,Uttar Pradesh,Email,2025-08-30
C04405,Customer 04405,Male,46,Kochi,Kerala,Paid Search,2024-02-22
C04406,Customer 04406,Male,30,Lucknow,Uttar Pradesh,Referral,2024-08-24
C04407,Customer 04407,Female,25,Chennai,Tamil Nadu,Organic Search,2025-08-09
C04408,Customer 04408,Male,34,Pune,Maharashtra,Paid Search,2025-03-26
C04409,Customer 04409,Male,45,Mumbai,Maharashtra,Social Media,2025-07-13
C04410,Customer 04410,Female,19,Delhi,Delhi,Social Media,2025-07-16
C04411,Customer 04411,Male,35,Chennai,Tamil Nadu,Social Media,2024-07-25
C04412,Customer 04412,Male,41,Lucknow,Uttar Pradesh,Referral,2024-11-05
C04413,Customer 04413,Male,33,Mumbai,Maharashtra,Email,2024-08-19
C04414,Customer 04414,Male,32,Jaipur,Rajasthan,Email,2025-02-08
C04415,Customer 04415,Male,25,Bengaluru,Karnataka,Organic Search,2024-11-21
C04416,Customer 04416,Female,35,Ahmedabad,Gujarat,Referral,2025-10-02
C04417,Customer 04417,Male,39,Ahmedabad,Gujarat,Email,2024-08-08
C04418,Customer 04418,Female,34,Pune,Maharashtra,Email,2024-05-02
C04419,Customer 04419,Male,18,Bhopal,Madhya Pradesh,Social Media,2024-06-03
C04420,Customer 04420,Female,18,Delhi,Delhi,Referral,2025-11-20
C04421,Customer 04421,Male,37,Bengaluru,Karnataka,Referral,2025-07-12
C04422,Customer 04422,Male,48,Hyderabad,Telangana,Paid Search,2025-09-05
C04423,Customer 04423,Female,31,Ahmedabad,Gujarat,Social Media,2024-03-03
C04424,Customer 04424,Female,44,Delhi,Delhi,Email,2024-08-27
C04425,Customer 04425,Male,18,Noida,Uttar Pradesh,Social Media,2024-12-01
C04426,Customer 04426,Male,50,Lucknow,Uttar Pradesh,Paid Search,2025-04-08
C04427,Customer 04427,Female,35,Noida,Uttar Pradesh,Direct,2024-07-19
C04428,Customer 04428,Male,27,Mumbai,Maharashtra,Email,2025-06-16
C04429,Customer 04429,Female,41,Hyderabad,Telangana,Organic Search,2025-12-03
C04430,Customer 04430,Female,36,Noida,Uttar Pradesh,Referral,2024-07-14
C04431,Customer 04431,Male,20,Ahmedabad,Gujarat,Referral,2024-08-09
C04432,Customer 04432,Female,33,Bengaluru,Karnataka,Referral,2025-09-08
C04433,Customer 04433,Male,43,Delhi,Delhi,Paid Search,2025-01-14
C04434,Customer 04434,Non-binary,23,Kochi,Kerala,Organic Search,2024-01-28
C04435,Customer 04435,Female,35,Ahmedabad,Gujarat,Referral,2024-04-20
C04436,Customer 04436,Male,32,Mumbai,Maharashtra,Referral,2025-12-09
C04437,Customer 04437,Female,41,Mumbai,Maharashtra,Social Media,2025-12-06
C04438,Customer 04438,Male,27,Chandigarh,Chandigarh,Direct,2024-05-03
C04439,Customer 04439,Female,45,Hyderabad,Telangana,Direct,2025-05-22
C04440,Customer 04440,Female,38,Mumbai,Maharashtra,Organic Search,2024-08-15
C04441,Customer 04441,Male,36,Jaipur,Rajasthan,Organic Search,2025-01-06
C04442,Customer 04442,Male,39,Patna,Bihar,Organic Search,2024-04-09
C04443,Customer 04443,Female,53,Kochi,Kerala,Paid Search,2025-11-18
C04444,Customer 04444,Female,24,Bengaluru,Karnataka,Organic Search,2024-01-28
C04445,Customer 04445,Male,18,Bengaluru,Karnataka,Social Media,2024-05-23
C04446,Customer 04446,Male,25,Gurugram,Haryana,Paid Search,2024-11-24
C04447,Customer 04447,Male,41,Kolkata,West Bengal,Referral,2024-04-07
C04448,Customer 04448,Male,30,Noida,Uttar Pradesh,Social Media,2025-08-06
C04449,Customer 04449,Female,18,Mumbai,Maharashtra,Referral,2024-03-06
C04450,Customer 04450,Female,43,Mumbai,Maharashtra,Paid Search,2024-04-15
C04451,Customer 04451,Female,40,Nagpur,Maharashtra,Paid Search,2024-01-12
C04452,Customer 04452,Male,18,Hyderabad,Telangana,Referral,2025-11-21
C04453,Customer 04453,Female,23,Noida,Uttar Pradesh,Organic Search,2025-06-10
C04454,Customer 04454,Male,24,Kolkata,West Bengal,Organic Search,2025-02-24
C04455,Customer 04455,Female,31,Lucknow,Uttar Pradesh,Organic Search,2024-07-31
C04456,Customer 04456,Female,43,Bengaluru,Karnataka,Email,2025-01-16
C04457,Customer 04457,Female,48,Pune,Maharashtra,Organic Search,2024-10-18
C04458,Customer 04458,Male,30,Delhi,Delhi,Email,2024-07-28
C04459,Customer 04459,Female,24,Hyderabad,Telangana,Email,2025-05-01
C04460,Customer 04460,Female,25,Chennai,Tamil Nadu,Paid Search,2025-01-08
C04461,Customer 04461,Male,33,Pune,Maharashtra,Referral,2024-07-28
C04462,Customer 04462,Female,34,Jaipur,Rajasthan,Referral,2025-12-22
C04463,Customer 04463,Male,41,Delhi,Delhi,Organic Search,2024-12-19
C04464,Customer 04464,Female,39,Chandigarh,Chandigarh,Organic Search,2024-01-08
C04465,Customer 04465,Female,36,Delhi,Delhi,Organic Search,2025-06-01
C04466,Customer 04466,Male,24,Chandigarh,Chandigarh,Organic Search,2025-05-27
C04467,Customer 04467,Male,45,Mumbai,Maharashtra,Direct,2024-12-06
C04468,Customer 04468,Male,32,Chennai,Tamil Nadu,Organic Search,2024-07-12
C04469,Customer 04469,Female,27,Kochi,Kerala,Paid Search,2024-07-05
C04470,Customer 04470,Male,24,Mumbai,Maharashtra,Organic Search,2025-10-04
C04471,Customer 04471,Male,18,Delhi,Delhi,Direct,2025-05-14
C04472,Customer 04472,Male,34,Hyderabad,Telangana,Organic Search,2025-05-23
C04473,Customer 04473,Non-binary,32,Delhi,Delhi,Direct,2024-07-15
C04474,Customer 04474,Male,38,Pune,Maharashtra,Organic Search,2025-06-08
C04475,Customer 04475,Female,23,Lucknow,Uttar Pradesh,Organic Search,2025-12-09
C04476,Customer 04476,Female,31,Patna,Bihar,Organic Search,2025-11-02
C04477,Customer 04477,Male,33,Bengaluru,Karnataka,Organic Search,2024-08-09
C04478,Customer 04478,Male,28,Mumbai,Maharashtra,Referral,2025-03-06
C04479,Customer 04479,Non-binary,48,Mumbai,Maharashtra,Organic Search,2024-08-25
C04480,Customer 04480,Male,29,Coimbatore,Tamil Nadu,Organic Search,2025-10-03
C04481,Customer 04481,Male,31,Mumbai,Maharashtra,Paid Search,2025-08-13
C04482,Customer 04482,Male,20,Noida,Uttar Pradesh,Organic Search,2024-08-04
C04483,Customer 04483,Female,29,Surat,Gujarat,Social Media,2024-10-07
C04484,Customer 04484,Male,26,Kolkata,West Bengal,Paid Search,2025-10-07
C04485,Customer 04485,Female,42,Pune,Maharashtra,Direct,2025-10-15
C04486,Customer 04486,Female,41,Nagpur,Maharashtra,Social Media,2024-06-17
C04487,Customer 04487,Female,51,Patna,Bihar,Direct,2025-04-25
C04488,Customer 04488,Male,37,Surat,Gujarat,Social Media,2024-06-22
C04489,Customer 04489,Male,23,Lucknow,Uttar Pradesh,Direct,2025-01-20
C04490,Customer 04490,Female,29,Gurugram,Haryana,Organic Search,2024-04-14
C04491,Customer 04491,Non-binary,35,Delhi,Delhi,Social Media,2025-09-13
C04492,Customer 04492,Female,18,Delhi,Delhi,Social Media,2024-12-15
C04493,Customer 04493,Female,44,Hyderabad,Telangana,Organic Search,2024-07-31
C04494,Customer 04494,Female,27,Chennai,Tamil Nadu,Direct,2025-06-15
C04495,Customer 04495,Female,41,Pune,Maharashtra,Organic Search,2024-12-04
C04496,Customer 04496,Female,26,Chandigarh,Chandigarh,Organic Search,2024-11-22
C04497,Customer 04497,Male,22,Chennai,Tamil Nadu,Organic Search,2025-03-31
C04498,Customer 04498,Female,39,Delhi,Delhi,Social Media,2025-08-13
C04499,Customer 04499,Male,18,Kochi,Kerala,Paid Search,2024-06-01
C04500,Customer 04500,Female,40,Delhi,Delhi,Social Media,2024-12-23
C04501,Customer 04501,Female,39,Chennai,Tamil Nadu,Organic Search,2025-01-18
C04502,Customer 04502,Male,25,Kochi,Kerala,Paid Search,2025-08-13
C04503,Customer 04503,Male,29,Noida,Uttar Pradesh,Email,2024-06-26
C04504,Customer 04504,Female,32,Patna,Bihar,Organic Search,2024-02-07
C04505,Customer 04505,Female,27,Mumbai,Maharashtra,Email,2025-02-11
C04506,Customer 04506,Male,25,Ahmedabad,Gujarat,Social Media,2024-06-18
C04507,Customer 04507,Female,35,Surat,Gujarat,Email,2025-02-11
C04508,Customer 04508,Male,31,Bengaluru,Karnataka,Organic Search,2025-03-05
C04509,Customer 04509,Female,60,Bengaluru,Karnataka,Social Media,2025-06-11
C04510,Customer 04510,Female,42,Bengaluru,Karnataka,Organic Search,2024-11-27
C04511,Customer 04511,Male,26,Hyderabad,Telangana,Organic Search,2025-09-26
C04512,Customer 04512,Male,46,Delhi,Delhi,Social Media,2025-06-07
C04513,Customer 04513,Female,33,Mumbai,Maharashtra,Social Media,2025-06-06
C04514,Customer 04514,Female,27,Ahmedabad,Gujarat,Organic Search,2024-09-03
C04515,Customer 04515,Female,21,Delhi,Delhi,Paid Search,2025-04-20
C04516,Customer 04516,Male,21,Pune,Maharashtra,Social Media,2025-06-29
C04517,Customer 04517,Male,29,Hyderabad,Telangana,Paid Search,2025-02-11
C04518,Customer 04518,Male,27,Bengaluru,Karnataka,Social Media,2024-03-23
C04519,Customer 04519,Male,40,Patna,Bihar,Social Media,2024-11-20
C04520,Customer 04520,Male,18,Delhi,Delhi,Organic Search,2024-08-13
C04521,Customer 04521,Female,32,Mumbai,Maharashtra,Paid Search,2024-05-30
C04522,Customer 04522,Female,51,Bengaluru,Karnataka,Direct,2024-02-10
C04523,Customer 04523,Female,28,Kochi,Kerala,Social Media,2024-11-25
C04524,Customer 04524,Female,33,Pune,Maharashtra,Paid Search,2025-06-28
C04525,Customer 04525,Female,31,Pune,Maharashtra,Paid Search,2025-04-04
C04526,Customer 04526,Female,38,Mumbai,Maharashtra,Referral,2024-11-27
C04527,Customer 04527,Male,28,Surat,Gujarat,Paid Search,2024-06-01
C04528,Customer 04528,Female,35,Surat,Gujarat,Organic Search,2025-08-28
C04529,Customer 04529,Female,18,Bengaluru,Karnataka,Organic Search,2025-09-14
C04530,Customer 04530,Female,35,Coimbatore,Tamil Nadu,Organic Search,2025-03-07
C04531,Customer 04531,Female,29,Delhi,Delhi,Email,2025-02-20
C04532,Customer 04532,Female,20,Delhi,Delhi,Social Media,2025-06-21
C04533,Customer 04533,Male,41,Ahmedabad,Gujarat,Organic Search,2024-09-23
C04534,Customer 04534,Male,31,Kolkata,West Bengal,Direct,2024-03-16
C04535,Customer 04535,Male,30,Pune,Maharashtra,Paid Search,2024-05-07
C04536,Customer 04536,Male,28,Hyderabad,Telangana,Referral,2024-10-23
C04537,Customer 04537,Female,22,Kolkata,West Bengal,Social Media,2025-03-06
C04538,Customer 04538,Female,27,Chennai,Tamil Nadu,Paid Search,2025-01-31
C04539,Customer 04539,Male,46,Surat,Gujarat,Email,2025-09-25
C04540,Customer 04540,Female,24,Mumbai,Maharashtra,Email,2024-04-02
C04541,Customer 04541,Male,34,Bengaluru,Karnataka,Referral,2024-09-15
C04542,Customer 04542,Male,23,Pune,Maharashtra,Paid Search,2025-02-05
C04543,Customer 04543,Male,54,Bengaluru,Karnataka,Paid Search,2024-12-19
C04544,Customer 04544,Female,20,Hyderabad,Telangana,Paid Search,2024-10-23
C04545,Customer 04545,Female,29,Delhi,Delhi,Paid Search,2024-09-17
C04546,Customer 04546,Female,31,Delhi,Delhi,Paid Search,2024-06-16
C04547,Customer 04547,Male,24,Hyderabad,Telangana,Organic Search,2024-11-12
C04548,Customer 04548,Male,32,Surat,Gujarat,Social Media,2025-12-13
C04549,Customer 04549,Male,38,Bengaluru,Karnataka,Email,2025-04-07
C04550,Customer 04550,Female,32,Mumbai,Maharashtra,Organic Search,2025-03-13
C04551,Customer 04551,Male,36,Hyderabad,Telangana,Direct,2025-12-17
C04552,Customer 04552,Non-binary,29,Lucknow,Uttar Pradesh,Paid Search,2025-04-15
C04553,Customer 04553,Non-binary,34,Jaipur,Rajasthan,Social Media,2025-11-12
C04554,Customer 04554,Female,36,Kolkata,West Bengal,Social Media,2024-06-30
C04555,Customer 04555,Female,41,Mumbai,Maharashtra,Direct,2024-09-17
C04556,Customer 04556,Female,20,Bengaluru,Karnataka,Social Media,2024-02-21
C04557,Customer 04557,Male,18,Pune,Maharashtra,Social Media,2025-04-23
C04558,Customer 04558,Female,21,Mumbai,Maharashtra,Paid Search,2025-05-19
C04559,Customer 04559,Male,39,Mumbai,Maharashtra,Referral,2024-07-08
C04560,Customer 04560,Male,18,Lucknow,Uttar Pradesh,Email,2025-06-01
C04561,Customer 04561,Non-binary,36,Bengaluru,Karnataka,Organic Search,2024-10-09
C04562,Customer 04562,Male,23,Pune,Maharashtra,Direct,2025-03-27
C04563,Customer 04563,Male,33,Surat,Gujarat,Paid Search,2025-10-06
C04564,Customer 04564,Male,22,Bengaluru,Karnataka,Social Media,2024-08-05
C04565,Customer 04565,Female,37,Delhi,Delhi,Paid Search,2025-12-15
C04566,Customer 04566,Female,47,Mumbai,Maharashtra,Direct,2025-07-11
C04567,Customer 04567,Female,32,Bengaluru,Karnataka,Paid Search,2024-06-21
C04568,Customer 04568,Male,32,Pune,Maharashtra,Organic Search,2025-08-19
C04569,Customer 04569,Male,23,Kolkata,West Bengal,Social Media,2024-11-04
C04570,Customer 04570,Female,42,Kolkata,West Bengal,Social Media,2024-12-27
C04571,Customer 04571,Female,37,Delhi,Delhi,Organic Search,2025-06-13
C04572,Customer 04572,Female,44,Ahmedabad,Gujarat,Email,2025-10-26
C04573,Customer 04573,Female,19,Bengaluru,Karnataka,Social Media,2025-07-07
C04574,Customer 04574,Female,32,Patna,Bihar,Social Media,2024-12-18
C04575,Customer 04575,Male,31,Bengaluru,Karnataka,Paid Search,2024-10-04
C04576,Customer 04576,Male,26,Pune,Maharashtra,Organic Search,2025-02-07
C04577,Customer 04577,Female,25,Delhi,Delhi,Email,2024-10-05
C04578,Customer 04578,Female,18,Hyderabad,Telangana,Organic Search,2025-06-28
C04579,Customer 04579,Male,21,Lucknow,Uttar Pradesh,Email,2025-07-14
C04580,Customer 04580,Female,30,Gurugram,Haryana,Referral,2025-04-28
C04581,Customer 04581,Male,33,Kochi,Kerala,Organic Search,2025-09-08
C04582,Customer 04582,Male,29,Jaipur,Rajasthan,Social Media,2025-06-30
C04583,Customer 04583,Female,40,Bengaluru,Karnataka,Direct,2024-05-07
C04584,Customer 04584,Female,40,Bhopal,Madhya Pradesh,Referral,2025-03-30
C04585,Customer 04585,Female,27,Pune,Maharashtra,Organic Search,2024-07-04
C04586,Customer 04586,Female,32,Mumbai,Maharashtra,Paid Search,2025-03-15
C04587,Customer 04587,Male,36,Patna,Bihar,Email,2024-01-28
C04588,Customer 04588,Female,30,Noida,Uttar Pradesh,Email,2025-02-21
C04589,Customer 04589,Female,21,Kolkata,West Bengal,Referral,2024-08-11
C04590,Customer 04590,Male,40,Surat,Gujarat,Paid Search,2024-02-22
C04591,Customer 04591,Male,28,Mumbai,Maharashtra,Referral,2024-02-02
C04592,Customer 04592,Male,31,Hyderabad,Telangana,Referral,2024-11-25
C04593,Customer 04593,Male,34,Lucknow,Uttar Pradesh,Paid Search,2025-12-15
C04594,Customer 04594,Female,46,Chandigarh,Chandigarh,Referral,2025-08-06
C04595,Customer 04595,Male,35,Bengaluru,Karnataka,Referral,2025-10-27
C04596,Customer 04596,Female,36,Bengaluru,Karnataka,Social Media,2024-03-23
C04597,Customer 04597,Non-binary,40,Bengaluru,Karnataka,Social Media,2025-06-26
C04598,Customer 04598,Male,22,Patna,Bihar,Referral,2024-06-17
C04599,Customer 04599,Female,28,Mumbai,Maharashtra,Paid Search,2025-03-20
C04600,Customer 04600,Female,27,Bengaluru,Karnataka,Email,2025-02-02
C04601,Customer 04601,Female,33,Jaipur,Rajasthan,Paid Search,2025-10-11
C04602,Customer 04602,Male,19,Hyderabad,Telangana,Direct,2025-04-04
C04603,Customer 04603,Male,24,Delhi,Delhi,Social Media,2024-06-15
C04604,Customer 04604,Female,18,Mumbai,Maharashtra,Organic Search,2025-04-25
C04605,Customer 04605,Male,28,Noida,Uttar Pradesh,Email,2025-03-29
C04606,Customer 04606,Male,40,Delhi,Delhi,Social Media,2025-10-01
C04607,Customer 04607,Male,44,Mumbai,Maharashtra,Organic Search,2024-08-29
C04608,Customer 04608,Female,44,Mumbai,Maharashtra,Direct,2024-10-17
C04609,Customer 04609,Female,20,Hyderabad,Telangana,Organic Search,2025-02-18
C04610,Customer 04610,Male,25,Pune,Maharashtra,Organic Search,2024-01-12
C04611,Customer 04611,Female,32,Lucknow,Uttar Pradesh,Email,2024-01-08
C04612,Customer 04612,Female,23,Nagpur,Maharashtra,Organic Search,2024-12-26
C04613,Customer 04613,Male,33,Hyderabad,Telangana,Social Media,2024-08-08
C04614,Customer 04614,Male,28,Kochi,Kerala,Social Media,2024-04-16
C04615,Customer 04615,Female,37,Bengaluru,Karnataka,Organic Search,2024-01-16
C04616,Customer 04616,Female,34,Ahmedabad,Gujarat,Social Media,2025-12-19
C04617,Customer 04617,Male,31,Patna,Bihar,Referral,2025-02-25
C04618,Customer 04618,Female,33,Pune,Maharashtra,Direct,2024-06-06
C04619,Customer 04619,Male,31,Bhopal,Madhya Pradesh,Organic Search,2025-02-01
C04620,Customer 04620,Female,43,Bengaluru,Karnataka,Social Media,2024-01-17
C04621,Customer 04621,Female,18,Chennai,Tamil Nadu,Referral,2024-06-01
C04622,Customer 04622,Male,36,Ahmedabad,Gujarat,Social Media,2024-05-07
C04623,Customer 04623,Male,36,Delhi,Delhi,Paid Search,2024-02-04
C04624,Customer 04624,Male,24,Bengaluru,Karnataka,Direct,2024-06-19
C04625,Customer 04625,Male,33,Mumbai,Maharashtra,Direct,2025-06-11
C04626,Customer 04626,Male,21,Gurugram,Haryana,Paid Search,2024-03-23
C04627,Customer 04627,Male,25,Kolkata,West Bengal,Referral,2024-08-10
C04628,Customer 04628,Female,32,Gurugram,Haryana,Direct,2024-03-02
C04629,Customer 04629,Male,38,Chennai,Tamil Nadu,Paid Search,2024-05-05
C04630,Customer 04630,Male,44,Hyderabad,Telangana,Direct,2025-03-11
C04631,Customer 04631,Male,27,Delhi,Delhi,Email,2024-11-28
C04632,Customer 04632,Female,29,Ahmedabad,Gujarat,Organic Search,2024-07-12
C04633,Customer 04633,Female,18,Noida,Uttar Pradesh,Referral,2025-12-18
C04634,Customer 04634,Female,38,Jaipur,Rajasthan,Referral,2024-04-11
C04635,Customer 04635,Female,42,Delhi,Delhi,Organic Search,2025-02-15
C04636,Customer 04636,Female,37,Mumbai,Maharashtra,Direct,2024-12-28
C04637,Customer 04637,Male,35,Delhi,Delhi,Referral,2025-01-26
C04638,Customer 04638,Male,18,Delhi,Delhi,Referral,2024-12-21
C04639,Customer 04639,Male,36,Bhopal,Madhya Pradesh,Paid Search,2024-04-14
C04640,Customer 04640,Female,31,Bhopal,Madhya Pradesh,Organic Search,2025-03-29
C04641,Customer 04641,Male,19,Surat,Gujarat,Social Media,2025-07-20
C04642,Customer 04642,Male,24,Chennai,Tamil Nadu,Social Media,2024-02-07
C04643,Customer 04643,Female,41,Mumbai,Maharashtra,Social Media,2024-12-26
C04644,Customer 04644,Female,18,Mumbai,Maharashtra,Social Media,2024-03-11
C04645,Customer 04645,Male,18,Mumbai,Maharashtra,Paid Search,2024-05-09
C04646,Customer 04646,Male,25,Delhi,Delhi,Paid Search,2024-07-24
C04647,Customer 04647,Female,41,Kochi,Kerala,Email,2024-04-16
C04648,Customer 04648,Male,37,Mumbai,Maharashtra,Referral,2025-08-24
C04649,Customer 04649,Male,43,Mumbai,Maharashtra,Social Media,2024-08-19
C04650,Customer 04650,Male,42,Delhi,Delhi,Email,2025-07-07
C04651,Customer 04651,Female,30,Hyderabad,Telangana,Social Media,2025-06-30
C04652,Customer 04652,Male,32,Kolkata,West Bengal,Organic Search,2025-09-01
C04653,Customer 04653,Male,26,Delhi,Delhi,Paid Search,2025-07-21
C04654,Customer 04654,Male,35,Mumbai,Maharashtra,Organic Search,2025-03-20
C04655,Customer 04655,Female,35,Chennai,Tamil Nadu,Direct,2025-01-09
C04656,Customer 04656,Male,28,Mumbai,Maharashtra,Organic Search,2024-12-09
C04657,Customer 04657,Male,26,Indore,Madhya Pradesh,Organic Search,2025-03-14
C04658,Customer 04658,Female,32,Gurugram,Haryana,Email,2024-05-19
C04659,Customer 04659,Male,44,Noida,Uttar Pradesh,Organic Search,2025-04-23
C04660,Customer 04660,Female,36,Bengaluru,Karnataka,Organic Search,2024-09-10
C04661,Customer 04661,Male,38,Bhopal,Madhya Pradesh,Organic Search,2024-01-17
C04662,Customer 04662,Female,36,Bengaluru,Karnataka,Email,2025-07-04
C04663,Customer 04663,Female,18,Surat,Gujarat,Social Media,2024-10-16
C04664,Customer 04664,Female,34,Bhopal,Madhya Pradesh,Organic Search,2025-11-10
C04665,Customer 04665,Female,37,Indore,Madhya Pradesh,Organic Search,2024-01-28
C04666,Customer 04666,Male,19,Chennai,Tamil Nadu,Email,2025-12-12
C04667,Customer 04667,Female,39,Chennai,Tamil Nadu,Referral,2025-12-18
C04668,Customer 04668,Male,41,Surat,Gujarat,Email,2024-08-02
C04669,Customer 04669,Female,30,Noida,Uttar Pradesh,Referral,2024-09-15
C04670,Customer 04670,Female,18,Indore,Madhya Pradesh,Organic Search,2024-11-17
C04671,Customer 04671,Male,49,Bengaluru,Karnataka,Social Media,2024-01-30
C04672,Customer 04672,Male,27,Mumbai,Maharashtra,Social Media,2024-02-10
C04673,Customer 04673,Female,18,Jaipur,Rajasthan,Paid Search,2025-07-25
C04674,Customer 04674,Male,45,Indore,Madhya Pradesh,Direct,2024-12-21
C04675,Customer 04675,Male,38,Ahmedabad,Gujarat,Email,2024-11-23
C04676,Customer 04676,Male,25,Patna,Bihar,Social Media,2024-12-10
C04677,Customer 04677,Female,18,Kochi,Kerala,Direct,2025-05-16
C04678,Customer 04678,Female,36,Delhi,Delhi,Referral,2025-01-29
C04679,Customer 04679,Male,30,Pune,Maharashtra,Paid Search,2025-04-05
C04680,Customer 04680,Male,34,Chandigarh,Chandigarh,Organic Search,2024-10-10
C04681,Customer 04681,Male,28,Indore,Madhya Pradesh,Email,2024-11-22
C04682,Customer 04682,Female,47,Patna,Bihar,Organic Search,2025-11-26
C04683,Customer 04683,Male,30,Chandigarh,Chandigarh,Social Media,2025-03-03
C04684,Customer 04684,Male,27,Nagpur,Maharashtra,Paid Search,2024-11-16
C04685,Customer 04685,Female,36,Indore,Madhya Pradesh,Direct,2025-08-22
C04686,Customer 04686,Female,45,Ahmedabad,Gujarat,Social Media,2024-10-10
C04687,Customer 04687,Female,40,Ahmedabad,Gujarat,Direct,2025-01-02
C04688,Customer 04688,Male,23,Mumbai,Maharashtra,Social Media,2025-12-01
C04689,Customer 04689,Female,30,Ahmedabad,Gujarat,Social Media,2024-02-07
C04690,Customer 04690,Male,29,Noida,Uttar Pradesh,Paid Search,2024-03-09
C04691,Customer 04691,Male,40,Chennai,Tamil Nadu,Direct,2025-04-11
C04692,Customer 04692,Female,18,Bengaluru,Karnataka,Organic Search,2024-06-30
C04693,Customer 04693,Male,23,Lucknow,Uttar Pradesh,Social Media,2024-01-27
C04694,Customer 04694,Female,36,Indore,Madhya Pradesh,Paid Search,2024-06-07
C04695,Customer 04695,Female,23,Indore,Madhya Pradesh,Paid Search,2024-08-01
C04696,Customer 04696,Male,31,Gurugram,Haryana,Social Media,2024-07-30
C04697,Customer 04697,Male,18,Noida,Uttar Pradesh,Direct,2025-05-31
C04698,Customer 04698,Female,37,Coimbatore,Tamil Nadu,Direct,2024-10-29
C04699,Customer 04699,Female,19,Ahmedabad,Gujarat,Organic Search,2024-04-15
C04700,Customer 04700,Female,39,Kolkata,West Bengal,Referral,2024-07-25
C04701,Customer 04701,Female,36,Ahmedabad,Gujarat,Paid Search,2025-04-03
C04702,Customer 04702,Male,44,Jaipur,Rajasthan,Email,2025-02-10
C04703,Customer 04703,Female,37,Jaipur,Rajasthan,Organic Search,2025-11-23
C04704,Customer 04704,Male,23,Hyderabad,Telangana,Organic Search,2024-06-25
C04705,Customer 04705,Female,19,Chennai,Tamil Nadu,Referral,2024-06-29
C04706,Customer 04706,Female,25,Kolkata,West Bengal,Direct,2024-07-19
C04707,Customer 04707,Female,28,Hyderabad,Telangana,Organic Search,2025-09-24
C04708,Customer 04708,Female,28,Kolkata,West Bengal,Email,2024-02-16
C04709,Customer 04709,Male,24,Bengaluru,Karnataka,Direct,2024-01-22
C04710,Customer 04710,Female,24,Patna,Bihar,Organic Search,2025-10-05
C04711,Customer 04711,Male,20,Mumbai,Maharashtra,Email,2024-04-30
C04712,Customer 04712,Female,36,Pune,Maharashtra,Social Media,2025-02-02
C04713,Customer 04713,Female,18,Noida,Uttar Pradesh,Referral,2024-07-05
C04714,Customer 04714,Male,23,Kolkata,West Bengal,Direct,2024-05-14
C04715,Customer 04715,Female,42,Ahmedabad,Gujarat,Direct,2024-10-21
C04716,Customer 04716,Female,19,Chandigarh,Chandigarh,Email,2025-06-23
C04717,Customer 04717,Female,33,Mumbai,Maharashtra,Referral,2025-10-15
C04718,Customer 04718,Female,32,Chennai,Tamil Nadu,Paid Search,2024-06-19
C04719,Customer 04719,Male,38,Noida,Uttar Pradesh,Organic Search,2025-11-08
C04720,Customer 04720,Female,26,Jaipur,Rajasthan,Organic Search,2024-07-13
C04721,Customer 04721,Male,39,Indore,Madhya Pradesh,Social Media,2025-02-18
C04722,Customer 04722,Male,20,Kolkata,West Bengal,Social Media,2025-12-10
C04723,Customer 04723,Male,40,Coimbatore,Tamil Nadu,Paid Search,2025-05-05
C04724,Customer 04724,Male,39,Delhi,Delhi,Email,2024-02-29
C04725,Customer 04725,Male,23,Hyderabad,Telangana,Email,2024-03-26
C04726,Customer 04726,Male,37,Delhi,Delhi,Direct,2025-03-12
C04727,Customer 04727,Male,34,Mumbai,Maharashtra,Organic Search,2025-04-13
C04728,Customer 04728,Female,18,Kolkata,West Bengal,Email,2025-07-30
C04729,Customer 04729,Female,34,Patna,Bihar,Direct,2025-05-02
C04730,Customer 04730,Female,40,Lucknow,Uttar Pradesh,Organic Search,2024-07-01
C04731,Customer 04731,Female,42,Delhi,Delhi,Social Media,2024-07-01
C04732,Customer 04732,Female,45,Coimbatore,Tamil Nadu,Organic Search,2024-07-14
C04733,Customer 04733,Female,34,Surat,Gujarat,Direct,2025-05-14
C04734,Customer 04734,Male,34,Jaipur,Rajasthan,Social Media,2025-07-03
C04735,Customer 04735,Male,27,Delhi,Delhi,Organic Search,2025-08-05
C04736,Customer 04736,Female,23,Surat,Gujarat,Referral,2024-01-22
C04737,Customer 04737,Male,18,Chennai,Tamil Nadu,Organic Search,2025-07-29
C04738,Customer 04738,Female,36,Ahmedabad,Gujarat,Social Media,2025-08-24
C04739,Customer 04739,Male,20,Mumbai,Maharashtra,Direct,2025-06-09
C04740,Customer 04740,Female,41,Mumbai,Maharashtra,Organic Search,2025-05-01
C04741,Customer 04741,Female,34,Noida,Uttar Pradesh,Paid Search,2024-10-23
C04742,Customer 04742,Female,29,Pune,Maharashtra,Email,2025-10-29
C04743,Customer 04743,Female,38,Kochi,Kerala,Organic Search,2024-11-12
C04744,Customer 04744,Male,28,Hyderabad,Telangana,Social Media,2024-02-23
C04745,Customer 04745,Female,42,Noida,Uttar Pradesh,Direct,2025-03-20
C04746,Customer 04746,Male,38,Pune,Maharashtra,Paid Search,2025-03-14
C04747,Customer 04747,Female,27,Lucknow,Uttar Pradesh,Social Media,2024-09-01
C04748,Customer 04748,Male,43,Hyderabad,Telangana,Organic Search,2024-07-02
C04749,Customer 04749,Male,19,Bengaluru,Karnataka,Email,2025-09-19
C04750,Customer 04750,Female,27,Mumbai,Maharashtra,Direct,2025-10-09
C04751,Customer 04751,Female,18,Chennai,Tamil Nadu,Organic Search,2025-02-16
C04752,Customer 04752,Male,48,Ahmedabad,Gujarat,Direct,2024-09-25
C04753,Customer 04753,Female,38,Gurugram,Haryana,Paid Search,2025-06-08
C04754,Customer 04754,Female,21,Bengaluru,Karnataka,Direct,2025-02-01
C04755,Customer 04755,Female,31,Mumbai,Maharashtra,Email,2025-07-12
C04756,Customer 04756,Female,18,Pune,Maharashtra,Email,2025-10-12
C04757,Customer 04757,Female,40,Mumbai,Maharashtra,Social Media,2024-02-05
C04758,Customer 04758,Female,26,Patna,Bihar,Email,2024-01-15
C04759,Customer 04759,Male,52,Delhi,Delhi,Organic Search,2024-02-11
C04760,Customer 04760,Male,32,Noida,Uttar Pradesh,Direct,2024-11-21
C04761,Customer 04761,Female,30,Nagpur,Maharashtra,Email,2024-05-08
C04762,Customer 04762,Female,30,Bengaluru,Karnataka,Direct,2024-02-22
C04763,Customer 04763,Male,39,Gurugram,Haryana,Organic Search,2025-05-08
C04764,Customer 04764,Female,35,Patna,Bihar,Direct,2025-12-11
C04765,Customer 04765,Male,39,Pune,Maharashtra,Organic Search,2025-09-23
C04766,Customer 04766,Female,25,Mumbai,Maharashtra,Organic Search,2025-04-15
C04767,Customer 04767,Female,19,Ahmedabad,Gujarat,Social Media,2024-04-14
C04768,Customer 04768,Female,25,Bengaluru,Karnataka,Email,2025-01-30
C04769,Customer 04769,Non-binary,27,Mumbai,Maharashtra,Direct,2024-12-04
C04770,Customer 04770,Male,38,Indore,Madhya Pradesh,Direct,2025-11-27
C04771,Customer 04771,Female,27,Delhi,Delhi,Organic Search,2024-03-20
C04772,Customer 04772,Male,36,Hyderabad,Telangana,Referral,2024-02-03
C04773,Customer 04773,Male,38,Mumbai,Maharashtra,Paid Search,2024-09-11
C04774,Customer 04774,Male,23,Bhopal,Madhya Pradesh,Referral,2024-02-28
C04775,Customer 04775,Male,24,Gurugram,Haryana,Referral,2025-07-08
C04776,Customer 04776,Male,24,Delhi,Delhi,Referral,2024-09-17
C04777,Customer 04777,Male,18,Kochi,Kerala,Direct,2024-06-04
C04778,Customer 04778,Male,24,Delhi,Delhi,Social Media,2025-10-28
C04779,Customer 04779,Non-binary,27,Mumbai,Maharashtra,Paid Search,2025-06-14
C04780,Customer 04780,Male,52,Chennai,Tamil Nadu,Organic Search,2024-05-08
C04781,Customer 04781,Female,29,Kochi,Kerala,Direct,2024-05-22
C04782,Customer 04782,Female,32,Noida,Uttar Pradesh,Email,2025-10-04
C04783,Customer 04783,Male,32,Kolkata,West Bengal,Direct,2025-04-16
C04784,Customer 04784,Female,30,Bengaluru,Karnataka,Referral,2024-05-18
C04785,Customer 04785,Female,39,Hyderabad,Telangana,Direct,2024-09-21
C04786,Customer 04786,Male,18,Mumbai,Maharashtra,Email,2025-10-05
C04787,Customer 04787,Female,25,Jaipur,Rajasthan,Referral,2024-10-21
C04788,Customer 04788,Male,24,Kolkata,West Bengal,Direct,2025-03-10
C04789,Customer 04789,Male,20,Delhi,Delhi,Social Media,2025-01-22
C04790,Customer 04790,Female,41,Chennai,Tamil Nadu,Referral,2025-02-28
C04791,Customer 04791,Female,31,Delhi,Delhi,Organic Search,2025-08-18
C04792,Customer 04792,Male,40,Ahmedabad,Gujarat,Social Media,2024-05-11
C04793,Customer 04793,Female,36,Hyderabad,Telangana,Referral,2025-09-19
C04794,Customer 04794,Female,39,Coimbatore,Tamil Nadu,Paid Search,2025-03-01
C04795,Customer 04795,Female,24,Coimbatore,Tamil Nadu,Direct,2025-12-08
C04796,Customer 04796,Male,33,Surat,Gujarat,Organic Search,2024-12-18
C04797,Customer 04797,Male,31,Pune,Maharashtra,Email,2024-02-18
C04798,Customer 04798,Male,28,Pune,Maharashtra,Organic Search,2025-03-05
C04799,Customer 04799,Male,34,Delhi,Delhi,Direct,2025-09-25
C04800,Customer 04800,Male,25,Hyderabad,Telangana,Paid Search,2024-08-30
C04801,Customer 04801,Male,33,Pune,Maharashtra,Social Media,2024-05-06
C04802,Customer 04802,Female,35,Bengaluru,Karnataka,Direct,2024-06-25
C04803,Customer 04803,Female,26,Delhi,Delhi,Organic Search,2024-07-20
C04804,Customer 04804,Female,36,Delhi,Delhi,Direct,2024-01-02
C04805,Customer 04805,Female,22,Coimbatore,Tamil Nadu,Referral,2024-11-24
C04806,Customer 04806,Female,23,Pune,Maharashtra,Organic Search,2024-11-10
C04807,Customer 04807,Male,35,Chennai,Tamil Nadu,Email,2024-07-12
C04808,Customer 04808,Female,39,Bhopal,Madhya Pradesh,Paid Search,2024-06-30
C04809,Customer 04809,Female,25,Ahmedabad,Gujarat,Social Media,2025-01-05
C04810,Customer 04810,Female,21,Noida,Uttar Pradesh,Social Media,2024-04-06
C04811,Customer 04811,Female,56,Delhi,Delhi,Organic Search,2024-09-08
C04812,Customer 04812,Male,42,Chandigarh,Chandigarh,Social Media,2025-05-16
C04813,Customer 04813,Male,38,Mumbai,Maharashtra,Paid Search,2025-06-10
C04814,Customer 04814,Male,26,Lucknow,Uttar Pradesh,Social Media,2025-10-14
C04815,Customer 04815,Male,35,Chandigarh,Chandigarh,Email,2024-04-14
C04816,Customer 04816,Female,31,Mumbai,Maharashtra,Direct,2025-10-26
C04817,Customer 04817,Male,38,Jaipur,Rajasthan,Referral,2024-05-28
C04818,Customer 04818,Male,38,Chennai,Tamil Nadu,Referral,2025-10-25
C04819,Customer 04819,Male,33,Chennai,Tamil Nadu,Email,2024-12-25
C04820,Customer 04820,Female,37,Mumbai,Maharashtra,Direct,2025-04-16
C04821,Customer 04821,Male,35,Coimbatore,Tamil Nadu,Organic Search,2024-12-22
C04822,Customer 04822,Male,25,Mumbai,Maharashtra,Paid Search,2024-09-04
C04823,Customer 04823,Female,22,Surat,Gujarat,Email,2025-09-12
C04824,Customer 04824,Female,34,Pune,Maharashtra,Social Media,2025-08-13
C04825,Customer 04825,Non-binary,27,Bengaluru,Karnataka,Organic Search,2025-12-15
C04826,Customer 04826,Female,41,Pune,Maharashtra,Direct,2024-01-20
C04827,Customer 04827,Male,32,Mumbai,Maharashtra,Referral,2024-08-08
C04828,Customer 04828,Male,36,Bhopal,Madhya Pradesh,Referral,2025-11-27
C04829,Customer 04829,Male,42,Mumbai,Maharashtra,Organic Search,2024-10-27
C04830,Customer 04830,Male,21,Gurugram,Haryana,Referral,2025-07-07
C04831,Customer 04831,Female,41,Gurugram,Haryana,Paid Search,2024-06-29
C04832,Customer 04832,Male,47,Pune,Maharashtra,Referral,2024-04-01
C04833,Customer 04833,Female,64,Lucknow,Uttar Pradesh,Organic Search,2025-07-30
C04834,Customer 04834,Female,18,Ahmedabad,Gujarat,Organic Search,2024-06-09
C04835,Customer 04835,Male,21,Ahmedabad,Gujarat,Organic Search,2024-08-30
C04836,Customer 04836,Female,22,Mumbai,Maharashtra,Organic Search,2024-06-15
C04837,Customer 04837,Female,35,Ahmedabad,Gujarat,Social Media,2025-03-21
C04838,Customer 04838,Female,18,Delhi,Delhi,Organic Search,2025-12-17
C04839,Customer 04839,Female,28,Chennai,Tamil Nadu,Social Media,2024-08-16
C04840,Customer 04840,Male,27,Gurugram,Haryana,Organic Search,2024-09-19
C04841,Customer 04841,Female,45,Kolkata,West Bengal,Organic Search,2024-03-13
C04842,Customer 04842,Male,49,Bengaluru,Karnataka,Paid Search,2025-03-30
C04843,Customer 04843,Male,22,Delhi,Delhi,Social Media,2025-09-14
C04844,Customer 04844,Female,32,Chennai,Tamil Nadu,Social Media,2025-02-13
C04845,Customer 04845,Male,43,Pune,Maharashtra,Organic Search,2024-01-07
C04846,Customer 04846,Female,31,Patna,Bihar,Organic Search,2025-09-30
C04847,Customer 04847,Female,31,Noida,Uttar Pradesh,Email,2025-11-17
C04848,Customer 04848,Male,34,Bengaluru,Karnataka,Email,2024-10-22
C04849,Customer 04849,Male,44,Kochi,Kerala,Referral,2024-02-22
C04850,Customer 04850,Male,30,Kochi,Kerala,Direct,2024-03-23
C04851,Customer 04851,Female,33,Bengaluru,Karnataka,Organic Search,2025-11-12
C04852,Customer 04852,Female,27,Kolkata,West Bengal,Paid Search,2024-07-08
C04853,Customer 04853,Male,28,Delhi,Delhi,Direct,2024-02-03
C04854,Customer 04854,Female,25,Ahmedabad,Gujarat,Email,2024-08-19
C04855,Customer 04855,Male,44,Surat,Gujarat,Social Media,2024-07-04
C04856,Customer 04856,Male,18,Hyderabad,Telangana,Referral,2024-10-04
C04857,Customer 04857,Male,26,Mumbai,Maharashtra,Social Media,2024-01-15
C04858,Customer 04858,Female,48,Bengaluru,Karnataka,Referral,2024-04-29
C04859,Customer 04859,Female,24,Nagpur,Maharashtra,Organic Search,2024-08-15
C04860,Customer 04860,Female,32,Pune,Maharashtra,Social Media,2024-03-11
C04861,Customer 04861,Female,25,Noida,Uttar Pradesh,Email,2025-05-24
C04862,Customer 04862,Female,47,Mumbai,Maharashtra,Organic Search,2024-05-23
C04863,Customer 04863,Female,25,Bengaluru,Karnataka,Paid Search,2025-09-25
C04864,Customer 04864,Female,28,Mumbai,Maharashtra,Referral,2024-08-13
C04865,Customer 04865,Female,25,Nagpur,Maharashtra,Social Media,2024-03-06
C04866,Customer 04866,Male,33,Noida,Uttar Pradesh,Social Media,2025-04-21
C04867,Customer 04867,Male,18,Hyderabad,Telangana,Paid Search,2025-04-20
C04868,Customer 04868,Female,38,Mumbai,Maharashtra,Social Media,2025-05-10
C04869,Customer 04869,Male,38,Bengaluru,Karnataka,Referral,2024-10-04
C04870,Customer 04870,Male,27,Pune,Maharashtra,Referral,2025-03-24
C04871,Customer 04871,Female,20,Indore,Madhya Pradesh,Referral,2024-07-05
C04872,Customer 04872,Female,46,Jaipur,Rajasthan,Organic Search,2025-05-13
C04873,Customer 04873,Female,40,Bhopal,Madhya Pradesh,Organic Search,2024-09-25
C04874,Customer 04874,Female,31,Mumbai,Maharashtra,Direct,2024-10-18
C04875,Customer 04875,Male,30,Delhi,Delhi,Social Media,2025-08-03
C04876,Customer 04876,Female,42,Kochi,Kerala,Direct,2025-08-05
C04877,Customer 04877,Male,31,Noida,Uttar Pradesh,Direct,2025-10-07
C04878,Customer 04878,Male,22,Bengaluru,Karnataka,Organic Search,2024-11-06
C04879,Customer 04879,Female,23,Bhopal,Madhya Pradesh,Referral,2025-03-08
C04880,Customer 04880,Male,36,Surat,Gujarat,Paid Search,2024-05-11
C04881,Customer 04881,Female,43,Noida,Uttar Pradesh,Direct,2024-03-31
C04882,Customer 04882,Male,18,Surat,Gujarat,Referral,2025-10-29
C04883,Customer 04883,Male,26,Mumbai,Maharashtra,Paid Search,2024-08-04
C04884,Customer 04884,Female,30,Patna,Bihar,Social Media,2025-01-06
C04885,Customer 04885,Female,28,Chennai,Tamil Nadu,Social Media,2024-12-21
C04886,Customer 04886,Female,35,Ahmedabad,Gujarat,Paid Search,2024-03-08
C04887,Customer 04887,Female,18,Indore,Madhya Pradesh,Social Media,2025-11-13
C04888,Customer 04888,Female,47,Chennai,Tamil Nadu,Organic Search,2025-02-17
C04889,Customer 04889,Female,28,Chennai,Tamil Nadu,Direct,2024-06-02
C04890,Customer 04890,Male,29,Bengaluru,Karnataka,Social Media,2025-05-02
C04891,Customer 04891,Male,31,Ahmedabad,Gujarat,Paid Search,2025-10-03
C04892,Customer 04892,Male,19,Chandigarh,Chandigarh,Direct,2024-10-09
C04893,Customer 04893,Female,42,Delhi,Delhi,Social Media,2024-02-02
C04894,Customer 04894,Male,44,Pune,Maharashtra,Referral,2024-06-16
C04895,Customer 04895,Male,28,Bengaluru,Karnataka,Organic Search,2024-06-12
C04896,Customer 04896,Male,40,Mumbai,Maharashtra,Paid Search,2024-02-19
C04897,Customer 04897,Male,29,Mumbai,Maharashtra,Referral,2024-05-02
C04898,Customer 04898,Male,25,Chandigarh,Chandigarh,Email,2025-04-19
C04899,Customer 04899,Female,18,Noida,Uttar Pradesh,Direct,2025-01-23
C04900,Customer 04900,Female,29,Gurugram,Haryana,Email,2024-07-09
C04901,Customer 04901,Female,35,Jaipur,Rajasthan,Email,2025-02-24
C04902,Customer 04902,Male,28,Lucknow,Uttar Pradesh,Organic Search,2025-11-24
C04903,Customer 04903,Female,36,Bhopal,Madhya Pradesh,Organic Search,2024-03-04
C04904,Customer 04904,Female,25,Delhi,Delhi,Organic Search,2024-08-25
C04905,Customer 04905,Male,38,Mumbai,Maharashtra,Direct,2024-09-26
C04906,Customer 04906,Female,41,Surat,Gujarat,Social Media,2024-06-23
C04907,Customer 04907,Male,42,Mumbai,Maharashtra,Direct,2025-11-28
C04908,Customer 04908,Female,18,Delhi,Delhi,Paid Search,2024-07-16
C04909,Customer 04909,Female,30,Hyderabad,Telangana,Direct,2024-08-30
C04910,Customer 04910,Female,28,Surat,Gujarat,Paid Search,2024-10-10
C04911,Customer 04911,Female,38,Noida,Uttar Pradesh,Social Media,2024-03-06
C04912,Customer 04912,Female,21,Chennai,Tamil Nadu,Organic Search,2024-10-01
C04913,Customer 04913,Male,23,Mumbai,Maharashtra,Organic Search,2024-04-26
C04914,Customer 04914,Female,28,Gurugram,Haryana,Paid Search,2024-06-25
C04915,Customer 04915,Male,27,Surat,Gujarat,Direct,2024-08-28
C04916,Customer 04916,Female,28,Chennai,Tamil Nadu,Organic Search,2025-01-24
C04917,Customer 04917,Male,25,Mumbai,Maharashtra,Paid Search,2024-03-03
C04918,Customer 04918,Female,23,Hyderabad,Telangana,Paid Search,2025-11-11
C04919,Customer 04919,Male,19,Hyderabad,Telangana,Organic Search,2024-03-13
C04920,Customer 04920,Female,31,Indore,Madhya Pradesh,Email,2024-06-07
C04921,Customer 04921,Female,36,Mumbai,Maharashtra,Direct,2024-02-21
C04922,Customer 04922,Female,23,Kochi,Kerala,Direct,2024-10-21
C04923,Customer 04923,Female,32,Pune,Maharashtra,Organic Search,2024-11-25
C04924,Customer 04924,Male,20,Bengaluru,Karnataka,Organic Search,2024-12-23
C04925,Customer 04925,Male,18,Chennai,Tamil Nadu,Social Media,2025-09-06
C04926,Customer 04926,Female,19,Mumbai,Maharashtra,Organic Search,2024-08-17
C04927,Customer 04927,Male,37,Ahmedabad,Gujarat,Paid Search,2025-05-02
C04928,Customer 04928,Male,24,Hyderabad,Telangana,Direct,2025-02-12
C04929,Customer 04929,Female,47,Delhi,Delhi,Organic Search,2025-06-17
C04930,Customer 04930,Male,33,Bengaluru,Karnataka,Organic Search,2025-08-03
C04931,Customer 04931,Male,32,Bhopal,Madhya Pradesh,Organic Search,2025-03-24
C04932,Customer 04932,Male,40,Lucknow,Uttar Pradesh,Organic Search,2025-03-23
C04933,Customer 04933,Male,33,Noida,Uttar Pradesh,Organic Search,2025-02-22
C04934,Customer 04934,Female,29,Surat,Gujarat,Social Media,2025-02-01
C04935,Customer 04935,Female,39,Ahmedabad,Gujarat,Referral,2025-09-10
C04936,Customer 04936,Male,43,Bengaluru,Karnataka,Paid Search,2024-07-05
C04937,Customer 04937,Female,27,Chennai,Tamil Nadu,Referral,2024-08-26
C04938,Customer 04938,Female,18,Bhopal,Madhya Pradesh,Paid Search,2025-06-11
C04939,Customer 04939,Non-binary,22,Pune,Maharashtra,Referral,2024-10-02
C04940,Customer 04940,Female,39,Chennai,Tamil Nadu,Referral,2024-12-20
C04941,Customer 04941,Male,21,Hyderabad,Telangana,Direct,2025-07-10
C04942,Customer 04942,Male,33,Chennai,Tamil Nadu,Organic Search,2025-09-10
C04943,Customer 04943,Female,25,Chennai,Tamil Nadu,Paid Search,2025-04-04
C04944,Customer 04944,Female,37,Gurugram,Haryana,Paid Search,2024-05-22
C04945,Customer 04945,Male,27,Gurugram,Haryana,Social Media,2024-01-10
C04946,Customer 04946,Male,47,Ahmedabad,Gujarat,Direct,2025-06-21
C04947,Customer 04947,Male,24,Lucknow,Uttar Pradesh,Email,2025-01-18
C04948,Customer 04948,Male,25,Ahmedabad,Gujarat,Direct,2024-07-11
C04949,Customer 04949,Male,33,Coimbatore,Tamil Nadu,Organic Search,2025-02-02
C04950,Customer 04950,Male,22,Pune,Maharashtra,Referral,2025-07-27
C04951,Customer 04951,Male,30,Hyderabad,Telangana,Paid Search,2024-12-27
C04952,Customer 04952,Male,22,Indore,Madhya Pradesh,Social Media,2025-09-30
C04953,Customer 04953,Female,47,Ahmedabad,Gujarat,Social Media,2025-05-25
C04954,Customer 04954,Male,27,Mumbai,Maharashtra,Social Media,2025-05-27
C04955,Customer 04955,Male,40,Chennai,Tamil Nadu,Organic Search,2024-04-21
C04956,Customer 04956,Male,35,Hyderabad,Telangana,Organic Search,2025-11-29
C04957,Customer 04957,Female,28,Bengaluru,Karnataka,Organic Search,2024-09-06
C04958,Customer 04958,Female,41,Kochi,Kerala,Email,2024-02-18
C04959,Customer 04959,Male,55,Bengaluru,Karnataka,Social Media,2024-12-12
C04960,Customer 04960,Female,32,Mumbai,Maharashtra,Social Media,2024-05-19
C04961,Customer 04961,Male,18,Delhi,Delhi,Organic Search,2025-10-29
C04962,Customer 04962,Female,22,Surat,Gujarat,Social Media,2024-11-02
C04963,Customer 04963,Male,23,Chennai,Tamil Nadu,Direct,2025-01-03
C04964,Customer 04964,Male,18,Kolkata,West Bengal,Direct,2025-01-11
C04965,Customer 04965,Male,36,Mumbai,Maharashtra,Organic Search,2024-04-22
C04966,Customer 04966,Male,42,Delhi,Delhi,Referral,2024-05-24
C04967,Customer 04967,Female,18,Chandigarh,Chandigarh,Direct,2025-05-11
C04968,Customer 04968,Male,18,Mumbai,Maharashtra,Paid Search,2024-02-09
C04969,Customer 04969,Female,30,Kolkata,West Bengal,Organic Search,2024-07-31
C04970,Customer 04970,Female,22,Gurugram,Haryana,Social Media,2025-02-24
C04971,Customer 04971,Female,33,Coimbatore,Tamil Nadu,Social Media,2025-11-29
C04972,Customer 04972,Male,21,Pune,Maharashtra,Email,2025-02-02
C04973,Customer 04973,Female,21,Ahmedabad,Gujarat,Organic Search,2024-09-19
C04974,Customer 04974,Female,23,Kolkata,West Bengal,Email,2025-09-23
C04975,Customer 04975,Male,34,Hyderabad,Telangana,Email,2024-06-21
C04976,Customer 04976,Male,26,Bengaluru,Karnataka,Organic Search,2024-08-02
C04977,Customer 04977,Male,21,Kolkata,West Bengal,Social Media,2025-05-06
C04978,Customer 04978,Male,41,Indore,Madhya Pradesh,Social Media,2025-06-19
C04979,Customer 04979,Female,32,Hyderabad,Telangana,Organic Search,2024-06-09
C04980,Customer 04980,Female,39,Kolkata,West Bengal,Referral,2025-01-10
C04981,Customer 04981,Female,26,Chennai,Tamil Nadu,Referral,2024-10-12
C04982,Customer 04982,Male,36,Mumbai,Maharashtra,Social Media,2025-09-14
C04983,Customer 04983,Female,51,Kolkata,West Bengal,Social Media,2024-10-17
C04984,Customer 04984,Male,34,Mumbai,Maharashtra,Email,2024-09-09
C04985,Customer 04985,Non-binary,19,Ahmedabad,Gujarat,Organic Search,2024-01-12
C04986,Customer 04986,Male,23,Ahmedabad,Gujarat,Email,2024-12-07
C04987,Customer 04987,Male,26,Kolkata,West Bengal,Direct,2025-08-26
C04988,Customer 04988,Male,42,Pune,Maharashtra,Referral,2024-12-31
C04989,Customer 04989,Female,23,Hyderabad,Telangana,Organic Search,2024-06-29
C04990,Customer 04990,Male,34,Pune,Maharashtra,Organic Search,2025-09-12
C04991,Customer 04991,Male,27,Bengaluru,Karnataka,Organic Search,2024-11-20
C04992,Customer 04992,Male,39,Delhi,Delhi,Social Media,2025-02-07
C04993,Customer 04993,Male,34,Hyderabad,Telangana,Organic Search,2024-04-25
C04994,Customer 04994,Male,30,Kolkata,West Bengal,Referral,2025-12-06
C04995,Customer 04995,Male,26,Hyderabad,Telangana,Paid Search,2025-01-29
C04996,Customer 04996,Male,26,Delhi,Delhi,Social Media,2024-05-12
C04997,Customer 04997,Male,34,Hyderabad,Telangana,Direct,2024-01-03
C04998,Customer 04998,Male,41,Chennai,Tamil Nadu,Organic Search,2024-05-19
C04999,Customer 04999,Female,45,Jaipur,Rajasthan,Referral,2025-06-07
C05000,Customer 05000,Male,41,Bengaluru,Karnataka,Email,2025-08-16
C05001,Customer 05001,Male,42,Mumbai,Maharashtra,Direct,2024-10-12
C05002,Customer 05002,Female,46,Chennai,Tamil Nadu,Direct,2025-06-13
C05003,Customer 05003,Female,41,Pune,Maharashtra,Direct,2025-11-07
C05004,Customer 05004,Female,34,Noida,Uttar Pradesh,Direct,2025-08-07
C05005,Customer 05005,Female,36,Pune,Maharashtra,Direct,2024-04-08
C05006,Customer 05006,Female,18,Chennai,Tamil Nadu,Organic Search,2025-06-08
C05007,Customer 05007,Female,26,Mumbai,Maharashtra,Social Media,2024-10-12
C05008,Customer 05008,Male,48,Coimbatore,Tamil Nadu,Organic Search,2025-09-03
C05009,Customer 05009,Female,22,Ahmedabad,Gujarat,Email,2025-12-03
C05010,Customer 05010,Male,39,Bhopal,Madhya Pradesh,Organic Search,2025-09-19
C05011,Customer 05011,Male,33,Chennai,Tamil Nadu,Social Media,2025-01-01
C05012,Customer 05012,Female,18,Kolkata,West Bengal,Organic Search,2024-11-11
C05013,Customer 05013,Female,51,Mumbai,Maharashtra,Organic Search,2024-07-30
C05014,Customer 05014,Male,33,Hyderabad,Telangana,Social Media,2025-07-12
C05015,Customer 05015,Male,32,Chennai,Tamil Nadu,Social Media,2025-06-07
C05016,Customer 05016,Female,18,Lucknow,Uttar Pradesh,Paid Search,2025-09-19
C05017,Customer 05017,Male,26,Jaipur,Rajasthan,Direct,2024-09-22
C05018,Customer 05018,Female,28,Mumbai,Maharashtra,Social Media,2024-02-08
C05019,Customer 05019,Female,37,Noida,Uttar Pradesh,Referral,2024-03-17
C05020,Customer 05020,Male,36,Kochi,Kerala,Social Media,2025-11-16
C05021,Customer 05021,Male,35,Hyderabad,Telangana,Direct,2024-06-24
C05022,Customer 05022,Male,30,Delhi,Delhi,Organic Search,2024-05-07
C05023,Customer 05023,Male,26,Gurugram,Haryana,Organic Search,2025-09-05
C05024,Customer 05024,Non-binary,25,Hyderabad,Telangana,Organic Search,2024-08-25
C05025,Customer 05025,Female,36,Hyderabad,Telangana,Social Media,2024-02-23
C05026,Customer 05026,Male,28,Mumbai,Maharashtra,Organic Search,2025-03-27
C05027,Customer 05027,Female,42,Noida,Uttar Pradesh,Paid Search,2024-09-19
C05028,Customer 05028,Male,23,Delhi,Delhi,Social Media,2025-03-21
C05029,Customer 05029,Male,43,Surat,Gujarat,Paid Search,2024-12-25
C05030,Customer 05030,Non-binary,20,Chennai,Tamil Nadu,Referral,2024-11-24
C05031,Customer 05031,Female,31,Lucknow,Uttar Pradesh,Organic Search,2025-08-20
C05032,Customer 05032,Male,30,Surat,Gujarat,Organic Search,2024-08-28
C05033,Customer 05033,Male,27,Delhi,Delhi,Organic Search,2025-06-30
C05034,Customer 05034,Male,50,Indore,Madhya Pradesh,Referral,2024-05-29
C05035,Customer 05035,Female,43,Chennai,Tamil Nadu,Email,2024-04-12
C05036,Customer 05036,Female,32,Bengaluru,Karnataka,Social Media,2024-02-23
C05037,Customer 05037,Female,19,Pune,Maharashtra,Direct,2024-07-18
C05038,Customer 05038,Male,32,Bengaluru,Karnataka,Social Media,2025-05-10
C05039,Customer 05039,Female,23,Pune,Maharashtra,Direct,2025-07-10
C05040,Customer 05040,Male,28,Gurugram,Haryana,Organic Search,2024-03-12
C05041,Customer 05041,Female,18,Bengaluru,Karnataka,Organic Search,2024-04-10
C05042,Customer 05042,Male,27,Bengaluru,Karnataka,Direct,2024-02-05
C05043,Customer 05043,Female,34,Jaipur,Rajasthan,Social Media,2025-12-26
C05044,Customer 05044,Female,18,Kolkata,West Bengal,Referral,2025-10-14
C05045,Customer 05045,Female,26,Gurugram,Haryana,Social Media,2024-08-10
C05046,Customer 05046,Male,25,Bengaluru,Karnataka,Organic Search,2025-01-06
C05047,Customer 05047,Male,22,Indore,Madhya Pradesh,Paid Search,2024-08-13
C05048,Customer 05048,Male,38,Mumbai,Maharashtra,Referral,2025-03-15
C05049,Customer 05049,Female,35,Chennai,Tamil Nadu,Direct,2024-02-09
C05050,Customer 05050,Male,28,Hyderabad,Telangana,Email,2025-10-26
C05051,Customer 05051,Male,35,Hyderabad,Telangana,Direct,2024-06-27
C05052,Customer 05052,Female,32,Hyderabad,Telangana,Referral,2025-11-06
C05053,Customer 05053,Male,24,Mumbai,Maharashtra,Referral,2024-07-09
C05054,Customer 05054,Female,46,Pune,Maharashtra,Direct,2024-10-13
C05055,Customer 05055,Male,33,Chennai,Tamil Nadu,Email,2025-10-31
C05056,Customer 05056,Male,26,Gurugram,Haryana,Paid Search,2025-08-25
C05057,Customer 05057,Female,48,Surat,Gujarat,Social Media,2024-07-26
C05058,Customer 05058,Female,35,Lucknow,Uttar Pradesh,Paid Search,2024-02-03
C05059,Customer 05059,Male,37,Noida,Uttar Pradesh,Social Media,2025-11-10
C05060,Customer 05060,Female,42,Kochi,Kerala,Social Media,2025-01-26
C05061,Customer 05061,Male,25,Bengaluru,Karnataka,Social Media,2025-03-09
C05062,Customer 05062,Male,32,Lucknow,Uttar Pradesh,Social Media,2025-01-26
C05063,Customer 05063,Male,32,Ahmedabad,Gujarat,Direct,2025-08-18
C05064,Customer 05064,Male,36,Pune,Maharashtra,Email,2025-03-13
C05065,Customer 05065,Male,30,Gurugram,Haryana,Paid Search,2024-02-21
C05066,Customer 05066,Female,29,Mumbai,Maharashtra,Social Media,2024-02-22
C05067,Customer 05067,Male,25,Hyderabad,Telangana,Direct,2024-12-01
C05068,Customer 05068,Male,19,Delhi,Delhi,Organic Search,2024-10-16
C05069,Customer 05069,Male,42,Hyderabad,Telangana,Organic Search,2025-01-05
C05070,Customer 05070,Male,23,Bhopal,Madhya Pradesh,Direct,2025-06-26
C05071,Customer 05071,Female,24,Chandigarh,Chandigarh,Organic Search,2024-03-18
C05072,Customer 05072,Male,28,Gurugram,Haryana,Referral,2024-04-30
C05073,Customer 05073,Female,31,Mumbai,Maharashtra,Social Media,2025-12-05
C05074,Customer 05074,Male,26,Bengaluru,Karnataka,Email,2025-11-19
C05075,Customer 05075,Female,30,Bengaluru,Karnataka,Social Media,2025-05-13
C05076,Customer 05076,Female,26,Delhi,Delhi,Organic Search,2025-01-08
C05077,Customer 05077,Female,30,Delhi,Delhi,Organic Search,2024-01-18
C05078,Customer 05078,Male,35,Delhi,Delhi,Referral,2025-04-01
C05079,Customer 05079,Female,23,Bengaluru,Karnataka,Paid Search,2024-09-06
C05080,Customer 05080,Female,21,Pune,Maharashtra,Direct,2024-09-04
C05081,Customer 05081,Male,28,Jaipur,Rajasthan,Paid Search,2025-10-01
C05082,Customer 05082,Female,33,Noida,Uttar Pradesh,Social Media,2025-12-08
C05083,Customer 05083,Male,33,Mumbai,Maharashtra,Paid Search,2025-07-15
C05084,Customer 05084,Male,19,Chennai,Tamil Nadu,Paid Search,2025-03-31
C05085,Customer 05085,Female,32,Mumbai,Maharashtra,Social Media,2024-09-23
C05086,Customer 05086,Male,23,Ahmedabad,Gujarat,Direct,2024-11-19
C05087,Customer 05087,Female,18,Chandigarh,Chandigarh,Organic Search,2025-02-06
C05088,Customer 05088,Female,23,Pune,Maharashtra,Organic Search,2024-08-03
C05089,Customer 05089,Non-binary,22,Coimbatore,Tamil Nadu,Referral,2025-07-28
C05090,Customer 05090,Male,28,Nagpur,Maharashtra,Organic Search,2025-01-06
C05091,Customer 05091,Non-binary,32,Delhi,Delhi,Referral,2024-05-26
C05092,Customer 05092,Female,28,Bengaluru,Karnataka,Organic Search,2024-07-10
C05093,Customer 05093,Female,53,Coimbatore,Tamil Nadu,Organic Search,2025-12-29
C05094,Customer 05094,Female,35,Delhi,Delhi,Referral,2025-06-28
C05095,Customer 05095,Male,30,Noida,Uttar Pradesh,Direct,2025-10-06
C05096,Customer 05096,Female,18,Mumbai,Maharashtra,Social Media,2024-08-06
C05097,Customer 05097,Female,34,Jaipur,Rajasthan,Organic Search,2025-05-18
C05098,Customer 05098,Non-binary,31,Surat,Gujarat,Paid Search,2025-10-12
C05099,Customer 05099,Female,38,Delhi,Delhi,Direct,2024-12-08
C05100,Customer 05100,Non-binary,39,Mumbai,Maharashtra,Referral,2025-10-20
C05101,Customer 05101,Male,38,Indore,Madhya Pradesh,Referral,2024-05-23
C05102,Customer 05102,Female,38,Mumbai,Maharashtra,Social Media,2025-04-25
C05103,Customer 05103,Female,18,Coimbatore,Tamil Nadu,Referral,2025-05-14
C05104,Customer 05104,Male,18,Bengaluru,Karnataka,Referral,2025-04-02
C05105,Customer 05105,Male,29,Coimbatore,Tamil Nadu,Referral,2024-02-26
C05106,Customer 05106,Female,36,Hyderabad,Telangana,Paid Search,2024-09-18
C05107,Customer 05107,Female,39,Noida,Uttar Pradesh,Organic Search,2025-06-15
C05108,Customer 05108,Female,39,Hyderabad,Telangana,Referral,2024-10-27
C05109,Customer 05109,Male,35,Ahmedabad,Gujarat,Social Media,2025-04-13
C05110,Customer 05110,Female,33,Nagpur,Maharashtra,Paid Search,2025-02-24
C05111,Customer 05111,Female,39,Chandigarh,Chandigarh,Social Media,2024-08-16
C05112,Customer 05112,Male,25,Coimbatore,Tamil Nadu,Organic Search,2025-05-12
C05113,Customer 05113,Female,20,Ahmedabad,Gujarat,Paid Search,2025-05-16
C05114,Customer 05114,Male,22,Gurugram,Haryana,Paid Search,2024-04-15
C05115,Customer 05115,Male,25,Bengaluru,Karnataka,Paid Search,2025-03-06
C05116,Customer 05116,Male,39,Mumbai,Maharashtra,Paid Search,2025-10-07
C05117,Customer 05117,Female,31,Pune,Maharashtra,Email,2025-11-09
C05118,Customer 05118,Male,37,Lucknow,Uttar Pradesh,Email,2025-02-10
C05119,Customer 05119,Male,30,Hyderabad,Telangana,Social Media,2024-10-13
C05120,Customer 05120,Female,38,Pune,Maharashtra,Social Media,2024-07-26
C05121,Customer 05121,Male,40,Surat,Gujarat,Organic Search,2025-08-30
C05122,Customer 05122,Male,35,Kochi,Kerala,Referral,2024-10-22
C05123,Customer 05123,Male,22,Delhi,Delhi,Organic Search,2024-10-13
C05124,Customer 05124,Male,25,Chandigarh,Chandigarh,Organic Search,2025-12-31
C05125,Customer 05125,Male,18,Mumbai,Maharashtra,Direct,2024-09-18
C05126,Customer 05126,Male,33,Noida,Uttar Pradesh,Direct,2024-06-17
C05127,Customer 05127,Female,38,Pune,Maharashtra,Social Media,2025-11-17
C05128,Customer 05128,Male,41,Noida,Uttar Pradesh,Social Media,2025-01-15
C05129,Customer 05129,Male,32,Mumbai,Maharashtra,Paid Search,2024-09-29
C05130,Customer 05130,Male,29,Lucknow,Uttar Pradesh,Email,2025-10-15
C05131,Customer 05131,Male,32,Chennai,Tamil Nadu,Direct,2025-11-18
C05132,Customer 05132,Male,41,Ahmedabad,Gujarat,Email,2025-05-30
C05133,Customer 05133,Male,35,Bengaluru,Karnataka,Referral,2024-12-18
C05134,Customer 05134,Female,25,Hyderabad,Telangana,Referral,2025-12-05
C05135,Customer 05135,Female,30,Noida,Uttar Pradesh,Paid Search,2025-07-06
C05136,Customer 05136,Female,37,Pune,Maharashtra,Direct,2024-06-23
C05137,Customer 05137,Female,34,Bengaluru,Karnataka,Organic Search,2024-06-18
C05138,Customer 05138,Male,22,Surat,Gujarat,Paid Search,2024-06-24
C05139,Customer 05139,Male,23,Kolkata,West Bengal,Paid Search,2025-01-31
C05140,Customer 05140,Male,39,Noida,Uttar Pradesh,Social Media,2024-02-23
C05141,Customer 05141,Female,24,Noida,Uttar Pradesh,Email,2024-03-13
C05142,Customer 05142,Male,38,Chandigarh,Chandigarh,Social Media,2024-10-03
C05143,Customer 05143,Female,29,Mumbai,Maharashtra,Direct,2024-02-06
C05144,Customer 05144,Female,19,Delhi,Delhi,Social Media,2025-02-06
C05145,Customer 05145,Male,34,Mumbai,Maharashtra,Social Media,2024-05-23
C05146,Customer 05146,Male,18,Delhi,Delhi,Social Media,2024-08-25
C05147,Customer 05147,Male,39,Bhopal,Madhya Pradesh,Organic Search,2025-06-10
C05148,Customer 05148,Male,37,Delhi,Delhi,Email,2025-12-14
C05149,Customer 05149,Female,25,Delhi,Delhi,Social Media,2024-08-22
C05150,Customer 05150,Male,29,Delhi,Delhi,Social Media,2025-11-22
C05151,Customer 05151,Female,34,Bengaluru,Karnataka,Organic Search,2024-01-23
C05152,Customer 05152,Female,47,Jaipur,Rajasthan,Paid Search,2024-08-21
C05153,Customer 05153,Female,28,Hyderabad,Telangana,Social Media,2024-12-24
C05154,Customer 05154,Female,25,Bengaluru,Karnataka,Organic Search,2024-05-29
C05155,Customer 05155,Male,34,Mumbai,Maharashtra,Organic Search,2024-12-05
C05156,Customer 05156,Male,29,Delhi,Delhi,Direct,2025-04-04
C05157,Customer 05157,Male,42,Coimbatore,Tamil Nadu,Organic Search,2025-11-02
C05158,Customer 05158,Female,20,Delhi,Delhi,Organic Search,2025-05-15
C05159,Customer 05159,Female,40,Bhopal,Madhya Pradesh,Paid Search,2024-05-20
C05160,Customer 05160,Female,35,Bengaluru,Karnataka,Social Media,2025-01-11
C05161,Customer 05161,Female,25,Lucknow,Uttar Pradesh,Organic Search,2025-05-10
C05162,Customer 05162,Male,26,Mumbai,Maharashtra,Referral,2025-06-02
C05163,Customer 05163,Male,25,Pune,Maharashtra,Referral,2024-12-03
C05164,Customer 05164,Male,32,Delhi,Delhi,Organic Search,2024-06-03
C05165,Customer 05165,Female,33,Lucknow,Uttar Pradesh,Social Media,2025-07-17
C05166,Customer 05166,Male,33,Ahmedabad,Gujarat,Social Media,2025-10-16
C05167,Customer 05167,Female,18,Hyderabad,Telangana,Organic Search,2024-05-21
C05168,Customer 05168,Male,26,Lucknow,Uttar Pradesh,Social Media,2025-04-06
C05169,Customer 05169,Female,23,Jaipur,Rajasthan,Paid Search,2024-07-28
C05170,Customer 05170,Female,33,Mumbai,Maharashtra,Paid Search,2025-07-08
C05171,Customer 05171,Female,38,Gurugram,Haryana,Paid Search,2025-03-11
C05172,Customer 05172,Female,28,Indore,Madhya Pradesh,Referral,2025-06-22
C05173,Customer 05173,Male,40,Chennai,Tamil Nadu,Paid Search,2024-12-12
C05174,Customer 05174,Male,35,Chandigarh,Chandigarh,Paid Search,2025-10-22
C05175,Customer 05175,Female,30,Jaipur,Rajasthan,Paid Search,2024-06-30
C05176,Customer 05176,Male,27,Chennai,Tamil Nadu,Organic Search,2024-05-20
C05177,Customer 05177,Female,32,Jaipur,Rajasthan,Paid Search,2025-09-12
C05178,Customer 05178,Female,25,Pune,Maharashtra,Social Media,2025-02-15
C05179,Customer 05179,Male,23,Pune,Maharashtra,Social Media,2025-11-29
C05180,Customer 05180,Female,23,Ahmedabad,Gujarat,Direct,2024-10-20
C05181,Customer 05181,Male,36,Bhopal,Madhya Pradesh,Paid Search,2025-04-03
C05182,Customer 05182,Male,19,Bengaluru,Karnataka,Organic Search,2025-06-18
C05183,Customer 05183,Male,42,Lucknow,Uttar Pradesh,Organic Search,2024-03-05
C05184,Customer 05184,Male,48,Ahmedabad,Gujarat,Referral,2025-05-04
C05185,Customer 05185,Male,37,Chennai,Tamil Nadu,Direct,2024-08-26
C05186,Customer 05186,Female,37,Delhi,Delhi,Social Media,2024-01-22
C05187,Customer 05187,Male,39,Indore,Madhya Pradesh,Paid Search,2024-03-19
C05188,Customer 05188,Female,19,Mumbai,Maharashtra,Direct,2025-07-25
C05189,Customer 05189,Female,42,Bengaluru,Karnataka,Referral,2025-05-27
C05190,Customer 05190,Male,41,Lucknow,Uttar Pradesh,Social Media,2025-11-04
C05191,Customer 05191,Male,25,Chandigarh,Chandigarh,Paid Search,2024-09-28
C05192,Customer 05192,Male,41,Hyderabad,Telangana,Direct,2025-10-18
C05193,Customer 05193,Female,36,Chennai,Tamil Nadu,Organic Search,2024-02-11
C05194,Customer 05194,Male,35,Delhi,Delhi,Direct,2025-02-04
C05195,Customer 05195,Male,18,Nagpur,Maharashtra,Direct,2025-04-13
C05196,Customer 05196,Male,25,Kochi,Kerala,Email,2025-08-09
C05197,Customer 05197,Male,43,Hyderabad,Telangana,Referral,2024-01-15
C05198,Customer 05198,Female,28,Mumbai,Maharashtra,Organic Search,2024-12-26
C05199,Customer 05199,Female,45,Hyderabad,Telangana,Social Media,2024-04-08
C05200,Customer 05200,Non-binary,25,Ahmedabad,Gujarat,Organic Search,2024-09-22
C05201,Customer 05201,Male,32,Bengaluru,Karnataka,Social Media,2025-05-19
C05202,Customer 05202,Male,19,Hyderabad,Telangana,Social Media,2025-08-06
C05203,Customer 05203,Female,35,Indore,Madhya Pradesh,Email,2024-05-02
C05204,Customer 05204,Male,21,Chandigarh,Chandigarh,Email,2024-07-10
C05205,Customer 05205,Male,30,Chennai,Tamil Nadu,Social Media,2024-09-29
C05206,Customer 05206,Female,38,Chennai,Tamil Nadu,Social Media,2024-09-12
C05207,Customer 05207,Female,44,Kochi,Kerala,Direct,2024-04-19
C05208,Customer 05208,Male,27,Ahmedabad,Gujarat,Referral,2024-07-23
C05209,Customer 05209,Male,18,Jaipur,Rajasthan,Social Media,2024-10-17
C05210,Customer 05210,Female,24,Mumbai,Maharashtra,Referral,2024-08-28
C05211,Customer 05211,Female,36,Bengaluru,Karnataka,Organic Search,2025-12-15
C05212,Customer 05212,Male,37,Ahmedabad,Gujarat,Organic Search,2025-07-14
C05213,Customer 05213,Male,33,Noida,Uttar Pradesh,Organic Search,2024-04-02
C05214,Customer 05214,Male,25,Kolkata,West Bengal,Email,2025-04-28
C05215,Customer 05215,Male,28,Chennai,Tamil Nadu,Direct,2025-03-10
C05216,Customer 05216,Female,37,Chennai,Tamil Nadu,Organic Search,2025-08-17
C05217,Customer 05217,Male,42,Bengaluru,Karnataka,Direct,2025-04-20
C05218,Customer 05218,Female,42,Mumbai,Maharashtra,Referral,2025-07-06
C05219,Customer 05219,Male,39,Bhopal,Madhya Pradesh,Organic Search,2025-08-13
C05220,Customer 05220,Female,20,Jaipur,Rajasthan,Social Media,2024-01-09
C05221,Customer 05221,Female,48,Chandigarh,Chandigarh,Social Media,2025-10-28
C05222,Customer 05222,Female,32,Patna,Bihar,Social Media,2025-08-02
C05223,Customer 05223,Male,37,Delhi,Delhi,Direct,2024-06-28
C05224,Customer 05224,Female,36,Bengaluru,Karnataka,Paid Search,2024-06-24
C05225,Customer 05225,Male,43,Bengaluru,Karnataka,Social Media,2025-06-08
C05226,Customer 05226,Male,26,Hyderabad,Telangana,Paid Search,2025-08-20
C05227,Customer 05227,Female,41,Nagpur,Maharashtra,Referral,2025-06-30
C05228,Customer 05228,Female,49,Pune,Maharashtra,Organic Search,2024-08-24
C05229,Customer 05229,Male,49,Delhi,Delhi,Social Media,2025-05-06
C05230,Customer 05230,Male,38,Chennai,Tamil Nadu,Social Media,2025-11-13
C05231,Customer 05231,Male,41,Pune,Maharashtra,Social Media,2025-12-19
C05232,Customer 05232,Male,30,Hyderabad,Telangana,Referral,2024-12-06
C05233,Customer 05233,Female,22,Pune,Maharashtra,Organic Search,2025-09-13
C05234,Customer 05234,Male,40,Bengaluru,Karnataka,Referral,2025-03-15
C05235,Customer 05235,Male,21,Mumbai,Maharashtra,Social Media,2025-04-06
C05236,Customer 05236,Male,18,Bengaluru,Karnataka,Organic Search,2024-04-27
C05237,Customer 05237,Male,30,Hyderabad,Telangana,Organic Search,2025-10-20
C05238,Customer 05238,Female,38,Hyderabad,Telangana,Organic Search,2024-03-25
C05239,Customer 05239,Female,18,Bengaluru,Karnataka,Organic Search,2025-08-11
C05240,Customer 05240,Male,46,Kochi,Kerala,Organic Search,2024-02-04
C05241,Customer 05241,Female,29,Kolkata,West Bengal,Paid Search,2025-03-12
C05242,Customer 05242,Female,43,Delhi,Delhi,Paid Search,2024-08-16
C05243,Customer 05243,Female,18,Gurugram,Haryana,Organic Search,2024-03-12
C05244,Customer 05244,Male,27,Bengaluru,Karnataka,Paid Search,2025-06-09
C05245,Customer 05245,Male,40,Chennai,Tamil Nadu,Organic Search,2024-11-14
C05246,Customer 05246,Male,47,Ahmedabad,Gujarat,Paid Search,2024-05-10
C05247,Customer 05247,Female,22,Bengaluru,Karnataka,Direct,2024-01-10
C05248,Customer 05248,Female,38,Chennai,Tamil Nadu,Paid Search,2024-05-21
C05249,Customer 05249,Female,23,Mumbai,Maharashtra,Organic Search,2025-04-22
C05250,Customer 05250,Male,38,Jaipur,Rajasthan,Social Media,2024-05-16
C05251,Customer 05251,Female,18,Ahmedabad,Gujarat,Paid Search,2025-02-06
C05252,Customer 05252,Female,44,Coimbatore,Tamil Nadu,Email,2025-08-14
C05253,Customer 05253,Female,31,Mumbai,Maharashtra,Social Media,2024-05-23
C05254,Customer 05254,Female,26,Bengaluru,Karnataka,Direct,2025-10-14
C05255,Customer 05255,Female,18,Chandigarh,Chandigarh,Paid Search,2024-06-17
C05256,Customer 05256,Male,31,Jaipur,Rajasthan,Direct,2025-03-19
C05257,Customer 05257,Female,22,Chennai,Tamil Nadu,Paid Search,2025-01-09
C05258,Customer 05258,Male,43,Mumbai,Maharashtra,Email,2025-06-07
C05259,Customer 05259,Male,31,Mumbai,Maharashtra,Referral,2024-11-05
C05260,Customer 05260,Male,41,Nagpur,Maharashtra,Email,2024-09-29
C05261,Customer 05261,Female,27,Gurugram,Haryana,Email,2025-02-23
C05262,Customer 05262,Female,21,Chandigarh,Chandigarh,Organic Search,2025-12-05
C05263,Customer 05263,Male,38,Pune,Maharashtra,Organic Search,2024-04-20
C05264,Customer 05264,Female,26,Pune,Maharashtra,Paid Search,2025-10-31
C05265,Customer 05265,Female,26,Chennai,Tamil Nadu,Email,2025-04-20
C05266,Customer 05266,Non-binary,48,Delhi,Delhi,Referral,2025-09-06
C05267,Customer 05267,Female,36,Bengaluru,Karnataka,Referral,2024-06-29
C05268,Customer 05268,Female,18,Bengaluru,Karnataka,Direct,2025-08-08
C05269,Customer 05269,Female,30,Delhi,Delhi,Organic Search,2025-09-11
C05270,Customer 05270,Female,18,Hyderabad,Telangana,Social Media,2024-08-07
C05271,Customer 05271,Female,35,Nagpur,Maharashtra,Organic Search,2024-06-22
C05272,Customer 05272,Male,46,Pune,Maharashtra,Organic Search,2025-09-26
C05273,Customer 05273,Female,29,Mumbai,Maharashtra,Social Media,2024-06-03
C05274,Customer 05274,Male,27,Delhi,Delhi,Referral,2024-08-19
C05275,Customer 05275,Female,27,Nagpur,Maharashtra,Organic Search,2025-03-04
C05276,Customer 05276,Female,30,Hyderabad,Telangana,Direct,2025-12-11
C05277,Customer 05277,Female,21,Jaipur,Rajasthan,Email,2024-07-24
C05278,Customer 05278,Female,33,Hyderabad,Telangana,Organic Search,2024-08-21
C05279,Customer 05279,Non-binary,32,Delhi,Delhi,Paid Search,2025-11-02
C05280,Customer 05280,Male,34,Bengaluru,Karnataka,Paid Search,2024-07-04
C05281,Customer 05281,Male,25,Indore,Madhya Pradesh,Social Media,2025-08-14
C05282,Customer 05282,Male,35,Bengaluru,Karnataka,Organic Search,2024-11-15
C05283,Customer 05283,Male,28,Bhopal,Madhya Pradesh,Direct,2025-11-13
C05284,Customer 05284,Female,18,Bengaluru,Karnataka,Referral,2025-06-17
C05285,Customer 05285,Non-binary,57,Kochi,Kerala,Paid Search,2025-09-19
C05286,Customer 05286,Female,18,Mumbai,Maharashtra,Paid Search,2025-04-14
C05287,Customer 05287,Male,32,Gurugram,Haryana,Direct,2024-06-01
C05288,Customer 05288,Female,34,Mumbai,Maharashtra,Organic Search,2024-09-09
C05289,Customer 05289,Male,35,Bengaluru,Karnataka,Referral,2024-02-01
C05290,Customer 05290,Male,48,Mumbai,Maharashtra,Referral,2024-08-19
C05291,Customer 05291,Female,24,Ahmedabad,Gujarat,Paid Search,2025-09-07
C05292,Customer 05292,Female,52,Noida,Uttar Pradesh,Referral,2025-04-08
C05293,Customer 05293,Male,31,Delhi,Delhi,Organic Search,2024-02-04
C05294,Customer 05294,Female,44,Mumbai,Maharashtra,Paid Search,2024-11-28
C05295,Customer 05295,Male,41,Chennai,Tamil Nadu,Direct,2024-07-13
C05296,Customer 05296,Male,35,Bengaluru,Karnataka,Direct,2024-10-26
C05297,Customer 05297,Female,36,Kochi,Kerala,Direct,2024-06-16
C05298,Customer 05298,Female,31,Patna,Bihar,Organic Search,2025-03-26
C05299,Customer 05299,Male,31,Jaipur,Rajasthan,Referral,2024-11-05
C05300,Customer 05300,Female,37,Chennai,Tamil Nadu,Social Media,2024-07-11
C05301,Customer 05301,Female,32,Pune,Maharashtra,Organic Search,2025-06-11
C05302,Customer 05302,Male,34,Bengaluru,Karnataka,Referral,2025-08-23
C05303,Customer 05303,Non-binary,31,Noida,Uttar Pradesh,Social Media,2025-12-25
C05304,Customer 05304,Male,33,Kolkata,West Bengal,Organic Search,2024-08-16
C05305,Customer 05305,Female,23,Ahmedabad,Gujarat,Referral,2025-05-11
C05306,Customer 05306,Female,22,Delhi,Delhi,Referral,2025-06-21
C05307,Customer 05307,Male,29,Patna,Bihar,Direct,2025-11-17
C05308,Customer 05308,Female,18,Ahmedabad,Gujarat,Social Media,2025-05-02
C05309,Customer 05309,Female,39,Pune,Maharashtra,Social Media,2025-05-27
C05310,Customer 05310,Female,23,Pune,Maharashtra,Organic Search,2025-08-30
C05311,Customer 05311,Female,33,Pune,Maharashtra,Organic Search,2025-11-11
C05312,Customer 05312,Male,48,Coimbatore,Tamil Nadu,Social Media,2025-07-21
C05313,Customer 05313,Male,39,Surat,Gujarat,Organic Search,2024-04-23
C05314,Customer 05314,Female,32,Mumbai,Maharashtra,Organic Search,2025-07-28
C05315,Customer 05315,Male,39,Bengaluru,Karnataka,Referral,2024-08-01
C05316,Customer 05316,Male,34,Gurugram,Haryana,Organic Search,2025-09-23
C05317,Customer 05317,Male,37,Kolkata,West Bengal,Organic Search,2024-06-18
C05318,Customer 05318,Female,32,Chennai,Tamil Nadu,Social Media,2024-07-12
C05319,Customer 05319,Female,26,Ahmedabad,Gujarat,Social Media,2025-03-23
C05320,Customer 05320,Female,32,Lucknow,Uttar Pradesh,Referral,2025-11-23
C05321,Customer 05321,Male,29,Chennai,Tamil Nadu,Referral,2024-01-10
C05322,Customer 05322,Male,20,Nagpur,Maharashtra,Organic Search,2024-02-06
C05323,Customer 05323,Female,44,Chennai,Tamil Nadu,Direct,2024-12-21
C05324,Customer 05324,Male,23,Hyderabad,Telangana,Social Media,2025-07-27
C05325,Customer 05325,Male,38,Kolkata,West Bengal,Paid Search,2024-07-01
C05326,Customer 05326,Female,28,Pune,Maharashtra,Email,2025-02-22
C05327,Customer 05327,Male,20,Hyderabad,Telangana,Social Media,2025-06-26
C05328,Customer 05328,Female,18,Bengaluru,Karnataka,Organic Search,2025-07-16
C05329,Customer 05329,Male,32,Pune,Maharashtra,Direct,2025-04-04
C05330,Customer 05330,Male,31,Jaipur,Rajasthan,Organic Search,2024-01-18
C05331,Customer 05331,Female,27,Delhi,Delhi,Social Media,2025-07-03
C05332,Customer 05332,Female,29,Chennai,Tamil Nadu,Paid Search,2025-11-19
C05333,Customer 05333,Female,35,Mumbai,Maharashtra,Organic Search,2024-08-12
C05334,Customer 05334,Female,47,Gurugram,Haryana,Referral,2025-11-06
C05335,Customer 05335,Female,32,Delhi,Delhi,Direct,2024-11-30
C05336,Customer 05336,Female,30,Hyderabad,Telangana,Organic Search,2024-12-13
C05337,Customer 05337,Female,34,Ahmedabad,Gujarat,Referral,2025-02-05
C05338,Customer 05338,Female,23,Bhopal,Madhya Pradesh,Direct,2024-04-05
C05339,Customer 05339,Male,27,Gurugram,Haryana,Social Media,2024-01-12
C05340,Customer 05340,Female,18,Bengaluru,Karnataka,Paid Search,2024-04-21
C05341,Customer 05341,Female,40,Chennai,Tamil Nadu,Direct,2024-02-23
C05342,Customer 05342,Male,32,Mumbai,Maharashtra,Organic Search,2024-04-03
C05343,Customer 05343,Female,21,Delhi,Delhi,Social Media,2025-02-02
C05344,Customer 05344,Female,18,Delhi,Delhi,Direct,2025-08-17
C05345,Customer 05345,Male,28,Ahmedabad,Gujarat,Social Media,2025-03-20
C05346,Customer 05346,Female,31,Ahmedabad,Gujarat,Paid Search,2024-08-09
C05347,Customer 05347,Male,27,Pune,Maharashtra,Social Media,2024-12-21
C05348,Customer 05348,Female,46,Mumbai,Maharashtra,Referral,2024-12-01
C05349,Customer 05349,Male,28,Pune,Maharashtra,Social Media,2025-01-11
C05350,Customer 05350,Female,21,Surat,Gujarat,Paid Search,2025-04-18
C05351,Customer 05351,Female,27,Hyderabad,Telangana,Direct,2024-06-04
C05352,Customer 05352,Female,35,Pune,Maharashtra,Organic Search,2025-07-05
C05353,Customer 05353,Female,40,Kolkata,West Bengal,Referral,2025-05-09
C05354,Customer 05354,Male,38,Delhi,Delhi,Social Media,2024-01-01
C05355,Customer 05355,Female,40,Bengaluru,Karnataka,Referral,2025-01-16
C05356,Customer 05356,Male,24,Hyderabad,Telangana,Social Media,2025-09-06
C05357,Customer 05357,Female,18,Mumbai,Maharashtra,Referral,2024-05-03
C05358,Customer 05358,Female,31,Hyderabad,Telangana,Direct,2025-05-06
C05359,Customer 05359,Female,32,Chandigarh,Chandigarh,Direct,2024-05-20
C05360,Customer 05360,Female,48,Bengaluru,Karnataka,Direct,2025-10-21
C05361,Customer 05361,Female,31,Gurugram,Haryana,Paid Search,2024-09-24
C05362,Customer 05362,Female,37,Gurugram,Haryana,Direct,2024-05-06
C05363,Customer 05363,Male,32,Gurugram,Haryana,Social Media,2024-04-22
C05364,Customer 05364,Female,35,Chennai,Tamil Nadu,Social Media,2025-09-23
C05365,Customer 05365,Male,41,Bengaluru,Karnataka,Social Media,2024-07-12
C05366,Customer 05366,Female,47,Gurugram,Haryana,Direct,2025-07-18
C05367,Customer 05367,Female,43,Ahmedabad,Gujarat,Social Media,2024-06-02
C05368,Customer 05368,Female,32,Mumbai,Maharashtra,Social Media,2024-12-25
C05369,Customer 05369,Male,33,Nagpur,Maharashtra,Paid Search,2024-11-25
C05370,Customer 05370,Female,24,Gurugram,Haryana,Organic Search,2025-02-18
C05371,Customer 05371,Male,39,Pune,Maharashtra,Social Media,2024-11-13
C05372,Customer 05372,Female,24,Kochi,Kerala,Paid Search,2025-01-27
C05373,Customer 05373,Female,22,Mumbai,Maharashtra,Direct,2025-12-09
C05374,Customer 05374,Female,41,Noida,Uttar Pradesh,Email,2025-02-07
C05375,Customer 05375,Male,31,Delhi,Delhi,Email,2025-12-25
C05376,Customer 05376,Male,40,Ahmedabad,Gujarat,Organic Search,2024-09-01
C05377,Customer 05377,Male,37,Mumbai,Maharashtra,Social Media,2025-09-30
C05378,Customer 05378,Male,36,Gurugram,Haryana,Organic Search,2024-12-04
C05379,Customer 05379,Female,28,Kolkata,West Bengal,Social Media,2025-10-24
C05380,Customer 05380,Male,24,Chandigarh,Chandigarh,Referral,2024-12-28
C05381,Customer 05381,Female,31,Kolkata,West Bengal,Paid Search,2024-05-21
C05382,Customer 05382,Female,34,Hyderabad,Telangana,Organic Search,2025-09-28
C05383,Customer 05383,Female,37,Pune,Maharashtra,Organic Search,2025-11-09
C05384,Customer 05384,Male,38,Delhi,Delhi,Organic Search,2025-08-27
C05385,Customer 05385,Female,34,Kochi,Kerala,Organic Search,2024-06-19
C05386,Customer 05386,Male,33,Mumbai,Maharashtra,Email,2025-05-19
C05387,Customer 05387,Female,34,Hyderabad,Telangana,Referral,2025-10-03
C05388,Customer 05388,Male,32,Indore,Madhya Pradesh,Paid Search,2025-10-20
C05389,Customer 05389,Male,42,Bengaluru,Karnataka,Organic Search,2024-10-10
C05390,Customer 05390,Female,34,Lucknow,Uttar Pradesh,Paid Search,2025-04-09
C05391,Customer 05391,Female,18,Delhi,Delhi,Email,2024-09-21
C05392,Customer 05392,Male,41,Jaipur,Rajasthan,Referral,2024-03-24
C05393,Customer 05393,Male,20,Noida,Uttar Pradesh,Social Media,2024-02-04
C05394,Customer 05394,Male,26,Ahmedabad,Gujarat,Social Media,2024-10-04
C05395,Customer 05395,Male,18,Mumbai,Maharashtra,Referral,2025-04-12
C05396,Customer 05396,Male,32,Mumbai,Maharashtra,Organic Search,2024-01-16
C05397,Customer 05397,Female,30,Bengaluru,Karnataka,Paid Search,2024-07-07
C05398,Customer 05398,Male,37,Indore,Madhya Pradesh,Social Media,2025-09-23
C05399,Customer 05399,Male,37,Noida,Uttar Pradesh,Direct,2024-08-13
C05400,Customer 05400,Male,47,Delhi,Delhi,Direct,2024-11-01
C05401,Customer 05401,Non-binary,28,Delhi,Delhi,Direct,2025-06-07
C05402,Customer 05402,Female,18,Chennai,Tamil Nadu,Social Media,2025-06-02
C05403,Customer 05403,Male,27,Patna,Bihar,Referral,2025-10-24
C05404,Customer 05404,Male,31,Gurugram,Haryana,Social Media,2024-04-11
C05405,Customer 05405,Male,31,Gurugram,Haryana,Social Media,2025-09-26
C05406,Customer 05406,Female,37,Bengaluru,Karnataka,Referral,2024-11-21
C05407,Customer 05407,Female,27,Hyderabad,Telangana,Paid Search,2025-07-06
C05408,Customer 05408,Female,47,Bengaluru,Karnataka,Email,2024-10-19
C05409,Customer 05409,Male,38,Jaipur,Rajasthan,Paid Search,2024-10-05
C05410,Customer 05410,Male,18,Jaipur,Rajasthan,Organic Search,2024-11-03
C05411,Customer 05411,Female,29,Ahmedabad,Gujarat,Paid Search,2025-08-17
C05412,Customer 05412,Female,36,Lucknow,Uttar Pradesh,Paid Search,2024-05-02
C05413,Customer 05413,Female,27,Chennai,Tamil Nadu,Organic Search,2025-11-26
C05414,Customer 05414,Female,34,Lucknow,Uttar Pradesh,Social Media,2024-05-28
C05415,Customer 05415,Female,25,Hyderabad,Telangana,Referral,2024-07-16
C05416,Customer 05416,Female,18,Surat,Gujarat,Direct,2025-09-08
C05417,Customer 05417,Male,28,Bengaluru,Karnataka,Email,2025-04-14
C05418,Customer 05418,Male,23,Hyderabad,Telangana,Direct,2025-06-18
C05419,Customer 05419,Male,27,Pune,Maharashtra,Paid Search,2025-02-18
C05420,Customer 05420,Female,32,Hyderabad,Telangana,Paid Search,2025-04-19
C05421,Customer 05421,Female,18,Delhi,Delhi,Social Media,2025-09-24
C05422,Customer 05422,Male,36,Bengaluru,Karnataka,Social Media,2024-08-05
C05423,Customer 05423,Female,33,Ahmedabad,Gujarat,Email,2024-06-21
C05424,Customer 05424,Female,40,Noida,Uttar Pradesh,Referral,2025-08-18
C05425,Customer 05425,Female,32,Chennai,Tamil Nadu,Social Media,2024-05-11
C05426,Customer 05426,Male,24,Delhi,Delhi,Referral,2024-07-19
C05427,Customer 05427,Female,28,Hyderabad,Telangana,Email,2025-04-14
C05428,Customer 05428,Female,34,Coimbatore,Tamil Nadu,Social Media,2025-03-01
C05429,Customer 05429,Male,31,Bengaluru,Karnataka,Social Media,2024-11-10
C05430,Customer 05430,Female,33,Surat,Gujarat,Organic Search,2025-03-17
C05431,Customer 05431,Male,27,Pune,Maharashtra,Organic Search,2024-05-01
C05432,Customer 05432,Male,41,Bengaluru,Karnataka,Paid Search,2024-06-24
C05433,Customer 05433,Male,28,Kochi,Kerala,Social Media,2025-09-10
C05434,Customer 05434,Male,46,Hyderabad,Telangana,Direct,2024-04-13
C05435,Customer 05435,Female,29,Delhi,Delhi,Direct,2025-02-12
C05436,Customer 05436,Male,29,Bengaluru,Karnataka,Referral,2025-12-31
C05437,Customer 05437,Male,33,Hyderabad,Telangana,Paid Search,2024-08-14
C05438,Customer 05438,Female,37,Indore,Madhya Pradesh,Direct,2025-07-31
C05439,Customer 05439,Male,39,Pune,Maharashtra,Paid Search,2025-04-29
C05440,Customer 05440,Male,33,Bengaluru,Karnataka,Referral,2025-05-14
C05441,Customer 05441,Male,28,Chennai,Tamil Nadu,Social Media,2025-11-04
C05442,Customer 05442,Male,25,Delhi,Delhi,Paid Search,2025-10-28
C05443,Customer 05443,Female,39,Noida,Uttar Pradesh,Organic Search,2024-06-07
C05444,Customer 05444,Female,18,Ahmedabad,Gujarat,Paid Search,2024-07-22
C05445,Customer 05445,Female,30,Mumbai,Maharashtra,Email,2024-06-21
C05446,Customer 05446,Male,22,Mumbai,Maharashtra,Organic Search,2025-03-15
C05447,Customer 05447,Female,42,Surat,Gujarat,Paid Search,2024-09-28
C05448,Customer 05448,Female,30,Pune,Maharashtra,Paid Search,2024-05-18
C05449,Customer 05449,Female,46,Kolkata,West Bengal,Paid Search,2025-11-29
C05450,Customer 05450,Male,19,Delhi,Delhi,Social Media,2025-09-25
C05451,Customer 05451,Male,54,Bengaluru,Karnataka,Organic Search,2024-10-12
C05452,Customer 05452,Male,29,Bengaluru,Karnataka,Organic Search,2024-11-12
C05453,Customer 05453,Female,34,Bengaluru,Karnataka,Direct,2025-01-06
C05454,Customer 05454,Male,32,Mumbai,Maharashtra,Direct,2024-11-10
C05455,Customer 05455,Female,25,Mumbai,Maharashtra,Organic Search,2025-05-08
C05456,Customer 05456,Female,20,Bengaluru,Karnataka,Direct,2024-12-02
C05457,Customer 05457,Female,42,Chennai,Tamil Nadu,Social Media,2025-02-25
C05458,Customer 05458,Female,35,Chennai,Tamil Nadu,Paid Search,2024-02-03
C05459,Customer 05459,Male,19,Jaipur,Rajasthan,Referral,2024-04-08
C05460,Customer 05460,Male,25,Bhopal,Madhya Pradesh,Referral,2025-02-24
C05461,Customer 05461,Male,25,Surat,Gujarat,Paid Search,2024-01-07
C05462,Customer 05462,Female,27,Mumbai,Maharashtra,Direct,2025-04-21
C05463,Customer 05463,Female,34,Chennai,Tamil Nadu,Social Media,2024-10-30
C05464,Customer 05464,Male,18,Noida,Uttar Pradesh,Direct,2024-10-30
C05465,Customer 05465,Female,32,Bengaluru,Karnataka,Paid Search,2024-09-29
C05466,Customer 05466,Male,30,Mumbai,Maharashtra,Direct,2024-12-31
C05467,Customer 05467,Male,24,Bengaluru,Karnataka,Paid Search,2024-01-22
C05468,Customer 05468,Female,37,Lucknow,Uttar Pradesh,Social Media,2024-10-03
C05469,Customer 05469,Female,23,Hyderabad,Telangana,Social Media,2024-09-23
C05470,Customer 05470,Male,27,Noida,Uttar Pradesh,Direct,2025-06-27
C05471,Customer 05471,Female,41,Chennai,Tamil Nadu,Organic Search,2024-02-23
C05472,Customer 05472,Male,32,Nagpur,Maharashtra,Direct,2025-09-18
C05473,Customer 05473,Male,30,Bengaluru,Karnataka,Organic Search,2024-07-24
C05474,Customer 05474,Male,27,Jaipur,Rajasthan,Email,2024-12-11
C05475,Customer 05475,Male,37,Chennai,Tamil Nadu,Social Media,2024-07-10
C05476,Customer 05476,Female,31,Gurugram,Haryana,Social Media,2025-05-18
C05477,Customer 05477,Male,40,Indore,Madhya Pradesh,Paid Search,2025-05-21
C05478,Customer 05478,Male,23,Bengaluru,Karnataka,Paid Search,2025-05-13
C05479,Customer 05479,Male,26,Bengaluru,Karnataka,Social Media,2024-12-13
C05480,Customer 05480,Female,35,Kolkata,West Bengal,Email,2024-10-06
C05481,Customer 05481,Female,28,Pune,Maharashtra,Organic Search,2025-02-07
C05482,Customer 05482,Male,38,Bengaluru,Karnataka,Organic Search,2024-07-28
C05483,Customer 05483,Female,38,Noida,Uttar Pradesh,Social Media,2024-03-13
C05484,Customer 05484,Male,18,Jaipur,Rajasthan,Organic Search,2024-09-25
C05485,Customer 05485,Male,23,Kolkata,West Bengal,Email,2024-05-29
C05486,Customer 05486,Female,37,Mumbai,Maharashtra,Direct,2024-02-05
C05487,Customer 05487,Male,29,Ahmedabad,Gujarat,Organic Search,2024-09-11
C05488,Customer 05488,Male,42,Surat,Gujarat,Email,2025-08-03
C05489,Customer 05489,Female,18,Chandigarh,Chandigarh,Organic Search,2024-08-28
C05490,Customer 05490,Female,31,Mumbai,Maharashtra,Organic Search,2024-02-01
C05491,Customer 05491,Male,19,Bhopal,Madhya Pradesh,Organic Search,2024-09-06
C05492,Customer 05492,Non-binary,29,Lucknow,Uttar Pradesh,Referral,2025-01-05
C05493,Customer 05493,Male,31,Patna,Bihar,Email,2024-04-27
C05494,Customer 05494,Male,18,Delhi,Delhi,Social Media,2025-07-29
C05495,Customer 05495,Female,23,Pune,Maharashtra,Direct,2024-12-28
C05496,Customer 05496,Female,32,Delhi,Delhi,Email,2025-04-26
C05497,Customer 05497,Male,27,Kochi,Kerala,Social Media,2025-11-30
C05498,Customer 05498,Female,34,Bhopal,Madhya Pradesh,Social Media,2024-07-16
C05499,Customer 05499,Male,32,Delhi,Delhi,Direct,2025-11-07
C05500,Customer 05500,Female,24,Mumbai,Maharashtra,Social Media,2025-09-29
C05501,Customer 05501,Female,43,Kolkata,West Bengal,Organic Search,2024-12-31
C05502,Customer 05502,Male,24,Patna,Bihar,Paid Search,2024-02-20
C05503,Customer 05503,Male,27,Surat,Gujarat,Referral,2025-06-17
C05504,Customer 05504,Male,36,Indore,Madhya Pradesh,Social Media,2025-04-06
C05505,Customer 05505,Female,25,Noida,Uttar Pradesh,Referral,2025-02-14
C05506,Customer 05506,Male,19,Jaipur,Rajasthan,Referral,2024-06-08
C05507,Customer 05507,Female,29,Lucknow,Uttar Pradesh,Social Media,2025-12-05
C05508,Customer 05508,Male,33,Bhopal,Madhya Pradesh,Organic Search,2025-09-22
C05509,Customer 05509,Female,33,Nagpur,Maharashtra,Social Media,2025-04-07
C05510,Customer 05510,Female,26,Gurugram,Haryana,Social Media,2024-09-26
C05511,Customer 05511,Female,19,Jaipur,Rajasthan,Organic Search,2025-11-07
C05512,Customer 05512,Male,44,Chandigarh,Chandigarh,Direct,2024-01-19
C05513,Customer 05513,Male,40,Ahmedabad,Gujarat,Organic Search,2025-08-14
C05514,Customer 05514,Male,37,Surat,Gujarat,Social Media,2024-04-18
C05515,Customer 05515,Male,42,Noida,Uttar Pradesh,Email,2025-11-18
C05516,Customer 05516,Female,31,Mumbai,Maharashtra,Direct,2024-10-16
C05517,Customer 05517,Male,42,Bengaluru,Karnataka,Paid Search,2025-07-22
C05518,Customer 05518,Male,36,Surat,Gujarat,Social Media,2025-01-23
C05519,Customer 05519,Female,38,Bengaluru,Karnataka,Email,2024-03-11
C05520,Customer 05520,Male,33,Pune,Maharashtra,Email,2024-02-07
C05521,Customer 05521,Female,48,Hyderabad,Telangana,Referral,2025-03-16
C05522,Customer 05522,Male,27,Kolkata,West Bengal,Organic Search,2024-07-17
C05523,Customer 05523,Male,38,Coimbatore,Tamil Nadu,Organic Search,2024-09-05
C05524,Customer 05524,Female,31,Kolkata,West Bengal,Paid Search,2025-09-26
C05525,Customer 05525,Male,46,Mumbai,Maharashtra,Organic Search,2024-12-05
C05526,Customer 05526,Male,39,Mumbai,Maharashtra,Paid Search,2025-09-14
C05527,Customer 05527,Male,36,Chennai,Tamil Nadu,Referral,2025-02-14
C05528,Customer 05528,Male,22,Chandigarh,Chandigarh,Referral,2025-08-26
C05529,Customer 05529,Non-binary,36,Delhi,Delhi,Organic Search,2025-04-21
C05530,Customer 05530,Female,38,Delhi,Delhi,Paid Search,2025-02-14
C05531,Customer 05531,Female,30,Mumbai,Maharashtra,Social Media,2024-11-12
C05532,Customer 05532,Female,36,Chennai,Tamil Nadu,Referral,2024-09-04
C05533,Customer 05533,Female,34,Coimbatore,Tamil Nadu,Social Media,2024-02-10
C05534,Customer 05534,Female,19,Delhi,Delhi,Organic Search,2024-03-30
C05535,Customer 05535,Female,40,Chennai,Tamil Nadu,Social Media,2025-09-19
C05536,Customer 05536,Female,41,Noida,Uttar Pradesh,Social Media,2025-09-20
C05537,Customer 05537,Male,24,Lucknow,Uttar Pradesh,Organic Search,2024-02-04
C05538,Customer 05538,Female,29,Hyderabad,Telangana,Referral,2024-01-13
C05539,Customer 05539,Female,32,Kochi,Kerala,Paid Search,2024-11-18
C05540,Customer 05540,Female,31,Ahmedabad,Gujarat,Social Media,2025-04-18
C05541,Customer 05541,Male,24,Patna,Bihar,Direct,2024-01-04
C05542,Customer 05542,Female,27,Noida,Uttar Pradesh,Social Media,2025-01-28
C05543,Customer 05543,Female,32,Pune,Maharashtra,Direct,2025-04-03
C05544,Customer 05544,Female,28,Jaipur,Rajasthan,Referral,2025-09-14
C05545,Customer 05545,Male,23,Hyderabad,Telangana,Referral,2024-08-31
C05546,Customer 05546,Male,26,Mumbai,Maharashtra,Organic Search,2024-09-05
C05547,Customer 05547,Female,31,Mumbai,Maharashtra,Organic Search,2024-05-02
C05548,Customer 05548,Male,36,Kolkata,West Bengal,Direct,2024-08-30
C05549,Customer 05549,Female,30,Jaipur,Rajasthan,Direct,2024-02-03
C05550,Customer 05550,Male,20,Bengaluru,Karnataka,Direct,2025-11-11
C05551,Customer 05551,Male,36,Noida,Uttar Pradesh,Social Media,2024-11-15
C05552,Customer 05552,Male,36,Pune,Maharashtra,Paid Search,2024-04-16
C05553,Customer 05553,Male,43,Coimbatore,Tamil Nadu,Social Media,2024-07-08
C05554,Customer 05554,Female,38,Ahmedabad,Gujarat,Social Media,2025-01-14
C05555,Customer 05555,Male,36,Noida,Uttar Pradesh,Social Media,2025-06-11
C05556,Customer 05556,Male,51,Bengaluru,Karnataka,Organic Search,2024-08-30
C05557,Customer 05557,Non-binary,27,Mumbai,Maharashtra,Referral,2025-12-01
C05558,Customer 05558,Female,32,Mumbai,Maharashtra,Organic Search,2025-05-12
C05559,Customer 05559,Female,46,Mumbai,Maharashtra,Referral,2024-10-04
C05560,Customer 05560,Female,37,Jaipur,Rajasthan,Organic Search,2025-07-28
C05561,Customer 05561,Male,18,Chandigarh,Chandigarh,Referral,2024-04-30
C05562,Customer 05562,Female,24,Mumbai,Maharashtra,Referral,2024-05-25
C05563,Customer 05563,Male,32,Hyderabad,Telangana,Social Media,2024-12-22
C05564,Customer 05564,Female,33,Gurugram,Haryana,Direct,2024-10-03
C05565,Customer 05565,Male,27,Hyderabad,Telangana,Social Media,2024-05-04
C05566,Customer 05566,Female,27,Bengaluru,Karnataka,Direct,2024-08-07
C05567,Customer 05567,Male,34,Bhopal,Madhya Pradesh,Paid Search,2025-09-16
C05568,Customer 05568,Female,32,Kolkata,West Bengal,Organic Search,2024-05-08
C05569,Customer 05569,Male,25,Bhopal,Madhya Pradesh,Organic Search,2025-10-10
C05570,Customer 05570,Female,35,Bengaluru,Karnataka,Organic Search,2024-12-19
C05571,Customer 05571,Female,26,Jaipur,Rajasthan,Organic Search,2024-10-01
C05572,Customer 05572,Female,42,Hyderabad,Telangana,Social Media,2025-02-14
C05573,Customer 05573,Female,27,Ahmedabad,Gujarat,Organic Search,2024-08-23
C05574,Customer 05574,Female,22,Delhi,Delhi,Social Media,2024-01-24
C05575,Customer 05575,Female,26,Lucknow,Uttar Pradesh,Email,2025-12-24
C05576,Customer 05576,Female,29,Bengaluru,Karnataka,Paid Search,2024-03-20
C05577,Customer 05577,Female,29,Hyderabad,Telangana,Organic Search,2024-05-08
C05578,Customer 05578,Female,26,Hyderabad,Telangana,Organic Search,2025-08-04
C05579,Customer 05579,Male,25,Mumbai,Maharashtra,Social Media,2025-11-10
C05580,Customer 05580,Male,37,Delhi,Delhi,Referral,2025-11-29
C05581,Customer 05581,Non-binary,27,Pune,Maharashtra,Organic Search,2024-06-10
C05582,Customer 05582,Male,26,Kolkata,West Bengal,Paid Search,2025-07-29
C05583,Customer 05583,Female,22,Mumbai,Maharashtra,Paid Search,2025-07-07
C05584,Customer 05584,Male,35,Mumbai,Maharashtra,Direct,2024-05-15
C05585,Customer 05585,Male,37,Chennai,Tamil Nadu,Social Media,2025-06-09
C05586,Customer 05586,Male,31,Surat,Gujarat,Social Media,2025-07-05
C05587,Customer 05587,Male,23,Mumbai,Maharashtra,Paid Search,2025-12-30
C05588,Customer 05588,Male,25,Bengaluru,Karnataka,Organic Search,2024-01-31
C05589,Customer 05589,Female,35,Coimbatore,Tamil Nadu,Paid Search,2024-06-07
C05590,Customer 05590,Female,27,Kolkata,West Bengal,Organic Search,2024-05-13
C05591,Customer 05591,Female,21,Pune,Maharashtra,Paid Search,2025-07-04
C05592,Customer 05592,Male,18,Chennai,Tamil Nadu,Email,2024-08-02
C05593,Customer 05593,Female,41,Chennai,Tamil Nadu,Direct,2024-06-21
C05594,Customer 05594,Female,22,Gurugram,Haryana,Organic Search,2025-06-17
C05595,Customer 05595,Male,18,Nagpur,Maharashtra,Organic Search,2025-04-04
C05596,Customer 05596,Female,35,Gurugram,Haryana,Email,2024-11-27
C05597,Customer 05597,Female,35,Ahmedabad,Gujarat,Referral,2025-03-29
C05598,Customer 05598,Male,35,Delhi,Delhi,Organic Search,2024-03-11
C05599,Customer 05599,Male,24,Ahmedabad,Gujarat,Referral,2025-05-03
C05600,Customer 05600,Female,35,Coimbatore,Tamil Nadu,Direct,2024-04-07
C05601,Customer 05601,Male,29,Hyderabad,Telangana,Social Media,2024-03-01
C05602,Customer 05602,Non-binary,29,Hyderabad,Telangana,Direct,2025-09-20
C05603,Customer 05603,Male,25,Coimbatore,Tamil Nadu,Referral,2024-10-21
C05604,Customer 05604,Male,41,Bhopal,Madhya Pradesh,Referral,2025-04-14
C05605,Customer 05605,Male,34,Lucknow,Uttar Pradesh,Paid Search,2024-08-02
C05606,Customer 05606,Male,24,Surat,Gujarat,Direct,2025-08-01
C05607,Customer 05607,Male,31,Bengaluru,Karnataka,Social Media,2025-02-03
C05608,Customer 05608,Male,18,Coimbatore,Tamil Nadu,Direct,2025-03-25
C05609,Customer 05609,Female,21,Bengaluru,Karnataka,Organic Search,2024-04-06
C05610,Customer 05610,Female,30,Delhi,Delhi,Email,2024-10-24
C05611,Customer 05611,Male,19,Delhi,Delhi,Social Media,2025-05-20
C05612,Customer 05612,Female,18,Indore,Madhya Pradesh,Email,2024-05-09
C05613,Customer 05613,Female,23,Bengaluru,Karnataka,Referral,2024-11-24
C05614,Customer 05614,Male,29,Pune,Maharashtra,Email,2024-06-26
C05615,Customer 05615,Male,26,Ahmedabad,Gujarat,Social Media,2025-11-23
C05616,Customer 05616,Male,28,Surat,Gujarat,Paid Search,2025-06-26
C05617,Customer 05617,Female,41,Kochi,Kerala,Organic Search,2025-08-27
C05618,Customer 05618,Male,41,Delhi,Delhi,Social Media,2025-08-22
C05619,Customer 05619,Male,18,Lucknow,Uttar Pradesh,Paid Search,2025-05-03
C05620,Customer 05620,Female,49,Chennai,Tamil Nadu,Organic Search,2024-07-09
C05621,Customer 05621,Male,18,Mumbai,Maharashtra,Email,2025-07-02
C05622,Customer 05622,Female,22,Gurugram,Haryana,Organic Search,2024-09-07
C05623,Customer 05623,Female,56,Chennai,Tamil Nadu,Paid Search,2025-01-01
C05624,Customer 05624,Male,37,Nagpur,Maharashtra,Direct,2025-03-02
C05625,Customer 05625,Male,18,Hyderabad,Telangana,Paid Search,2024-11-04
C05626,Customer 05626,Female,30,Hyderabad,Telangana,Paid Search,2025-12-03
C05627,Customer 05627,Female,18,Pune,Maharashtra,Referral,2024-10-25
C05628,Customer 05628,Female,34,Hyderabad,Telangana,Direct,2025-07-14
C05629,Customer 05629,Female,18,Bengaluru,Karnataka,Referral,2024-01-16
C05630,Customer 05630,Male,18,Bengaluru,Karnataka,Organic Search,2025-10-15
C05631,Customer 05631,Male,28,Jaipur,Rajasthan,Referral,2024-12-22
C05632,Customer 05632,Female,28,Mumbai,Maharashtra,Organic Search,2024-05-27
C05633,Customer 05633,Female,24,Kolkata,West Bengal,Direct,2024-10-21
C05634,Customer 05634,Female,30,Mumbai,Maharashtra,Organic Search,2025-02-27
C05635,Customer 05635,Female,18,Chennai,Tamil Nadu,Referral,2025-10-27
C05636,Customer 05636,Female,18,Pune,Maharashtra,Referral,2024-04-15
C05637,Customer 05637,Female,31,Kolkata,West Bengal,Organic Search,2024-08-18
C05638,Customer 05638,Female,37,Chennai,Tamil Nadu,Referral,2025-12-14
C05639,Customer 05639,Male,24,Kolkata,West Bengal,Direct,2025-03-21
C05640,Customer 05640,Female,26,Delhi,Delhi,Organic Search,2025-01-06
C05641,Customer 05641,Male,34,Bengaluru,Karnataka,Email,2025-10-03
C05642,Customer 05642,Male,43,Lucknow,Uttar Pradesh,Organic Search,2024-02-20
C05643,Customer 05643,Female,30,Delhi,Delhi,Referral,2025-10-08
C05644,Customer 05644,Female,32,Jaipur,Rajasthan,Social Media,2025-03-28
C05645,Customer 05645,Male,30,Delhi,Delhi,Organic Search,2024-03-30
C05646,Customer 05646,Female,36,Nagpur,Maharashtra,Referral,2025-02-08
C05647,Customer 05647,Female,19,Kolkata,West Bengal,Referral,2024-04-06
C05648,Customer 05648,Female,40,Gurugram,Haryana,Organic Search,2025-11-16
C05649,Customer 05649,Male,22,Delhi,Delhi,Email,2025-01-16
C05650,Customer 05650,Male,20,Chennai,Tamil Nadu,Referral,2024-09-03
C05651,Customer 05651,Male,22,Pune,Maharashtra,Referral,2024-05-28
C05652,Customer 05652,Female,33,Pune,Maharashtra,Referral,2025-09-18
C05653,Customer 05653,Female,37,Chennai,Tamil Nadu,Organic Search,2024-12-16
C05654,Customer 05654,Male,45,Delhi,Delhi,Direct,2024-01-31
C05655,Customer 05655,Male,35,Chandigarh,Chandigarh,Organic Search,2025-07-10
C05656,Customer 05656,Male,39,Kolkata,West Bengal,Paid Search,2025-01-13
C05657,Customer 05657,Female,18,Kolkata,West Bengal,Email,2025-11-01
C05658,Customer 05658,Male,39,Mumbai,Maharashtra,Direct,2024-02-06
C05659,Customer 05659,Female,42,Kolkata,West Bengal,Paid Search,2024-03-01
C05660,Customer 05660,Male,30,Gurugram,Haryana,Referral,2024-10-23
C05661,Customer 05661,Female,31,Chennai,Tamil Nadu,Email,2025-10-21
C05662,Customer 05662,Female,42,Noida,Uttar Pradesh,Email,2024-03-13
C05663,Customer 05663,Female,18,Mumbai,Maharashtra,Email,2024-01-26
C05664,Customer 05664,Female,35,Bengaluru,Karnataka,Social Media,2024-09-16
C05665,Customer 05665,Female,28,Gurugram,Haryana,Direct,2025-02-25
C05666,Customer 05666,Female,34,Mumbai,Maharashtra,Direct,2024-09-28
C05667,Customer 05667,Male,41,Gurugram,Haryana,Email,2025-06-08
C05668,Customer 05668,Male,40,Chennai,Tamil Nadu,Referral,2025-10-08
C05669,Customer 05669,Male,18,Patna,Bihar,Social Media,2025-01-29
C05670,Customer 05670,Female,24,Mumbai,Maharashtra,Organic Search,2024-08-30
C05671,Customer 05671,Female,38,Delhi,Delhi,Organic Search,2024-07-24
C05672,Customer 05672,Female,36,Ahmedabad,Gujarat,Organic Search,2025-10-22
C05673,Customer 05673,Female,20,Jaipur,Rajasthan,Referral,2025-08-11
C05674,Customer 05674,Male,25,Bengaluru,Karnataka,Paid Search,2025-07-08
C05675,Customer 05675,Female,18,Bhopal,Madhya Pradesh,Referral,2024-11-12
C05676,Customer 05676,Female,20,Jaipur,Rajasthan,Direct,2024-09-25
C05677,Customer 05677,Female,39,Lucknow,Uttar Pradesh,Paid Search,2025-08-15
C05678,Customer 05678,Non-binary,47,Bengaluru,Karnataka,Paid Search,2025-05-30
C05679,Customer 05679,Male,30,Bengaluru,Karnataka,Social Media,2024-03-31
C05680,Customer 05680,Male,22,Delhi,Delhi,Direct,2024-05-22
C05681,Customer 05681,Male,39,Kochi,Kerala,Referral,2024-03-28
C05682,Customer 05682,Female,38,Mumbai,Maharashtra,Social Media,2025-06-19
C05683,Customer 05683,Male,24,Chennai,Tamil Nadu,Organic Search,2024-05-05
C05684,Customer 05684,Female,39,Noida,Uttar Pradesh,Direct,2025-08-15
C05685,Customer 05685,Female,18,Mumbai,Maharashtra,Referral,2025-07-25
C05686,Customer 05686,Male,30,Ahmedabad,Gujarat,Social Media,2024-07-03
C05687,Customer 05687,Male,36,Lucknow,Uttar Pradesh,Paid Search,2025-12-12
C05688,Customer 05688,Male,41,Hyderabad,Telangana,Organic Search,2024-12-25
C05689,Customer 05689,Male,28,Hyderabad,Telangana,Direct,2025-11-27
C05690,Customer 05690,Male,29,Bengaluru,Karnataka,Direct,2025-01-24
C05691,Customer 05691,Female,19,Coimbatore,Tamil Nadu,Paid Search,2024-12-05
C05692,Customer 05692,Male,37,Ahmedabad,Gujarat,Organic Search,2024-07-13
C05693,Customer 05693,Female,37,Hyderabad,Telangana,Paid Search,2024-08-11
C05694,Customer 05694,Female,38,Chennai,Tamil Nadu,Organic Search,2024-01-16
C05695,Customer 05695,Male,32,Hyderabad,Telangana,Referral,2024-05-27
C05696,Customer 05696,Female,50,Bengaluru,Karnataka,Email,2025-11-17
C05697,Customer 05697,Female,36,Lucknow,Uttar Pradesh,Social Media,2024-10-27
C05698,Customer 05698,Female,41,Delhi,Delhi,Referral,2025-12-19
C05699,Customer 05699,Male,26,Bengaluru,Karnataka,Organic Search,2025-11-30
C05700,Customer 05700,Male,18,Mumbai,Maharashtra,Paid Search,2024-10-25
C05701,Customer 05701,Female,18,Delhi,Delhi,Email,2024-08-12
C05702,Customer 05702,Male,35,Gurugram,Haryana,Social Media,2024-05-05
C05703,Customer 05703,Female,43,Noida,Uttar Pradesh,Organic Search,2025-12-22
C05704,Customer 05704,Female,51,Mumbai,Maharashtra,Paid Search,2025-03-19
C05705,Customer 05705,Non-binary,33,Ahmedabad,Gujarat,Organic Search,2024-04-07
C05706,Customer 05706,Female,25,Hyderabad,Telangana,Email,2025-12-24
C05707,Customer 05707,Male,30,Bengaluru,Karnataka,Organic Search,2024-01-28
C05708,Customer 05708,Female,47,Delhi,Delhi,Direct,2024-11-14
C05709,Customer 05709,Male,18,Chennai,Tamil Nadu,Paid Search,2024-06-27
C05710,Customer 05710,Female,20,Hyderabad,Telangana,Organic Search,2025-07-27
C05711,Customer 05711,Male,19,Delhi,Delhi,Organic Search,2025-02-01
C05712,Customer 05712,Female,28,Bengaluru,Karnataka,Referral,2024-11-19
C05713,Customer 05713,Female,42,Surat,Gujarat,Direct,2025-12-30
C05714,Customer 05714,Female,40,Bengaluru,Karnataka,Organic Search,2025-10-22
C05715,Customer 05715,Female,48,Pune,Maharashtra,Social Media,2025-12-31
C05716,Customer 05716,Male,18,Hyderabad,Telangana,Paid Search,2024-04-18
C05717,Customer 05717,Male,25,Pune,Maharashtra,Referral,2024-03-03
C05718,Customer 05718,Female,48,Kochi,Kerala,Referral,2025-07-23
C05719,Customer 05719,Male,47,Noida,Uttar Pradesh,Social Media,2025-10-26
C05720,Customer 05720,Female,32,Bengaluru,Karnataka,Social Media,2025-11-15
C05721,Customer 05721,Female,48,Delhi,Delhi,Organic Search,2024-05-02
C05722,Customer 05722,Female,29,Jaipur,Rajasthan,Social Media,2024-04-26
C05723,Customer 05723,Female,29,Kolkata,West Bengal,Email,2025-05-24
C05724,Customer 05724,Male,29,Lucknow,Uttar Pradesh,Direct,2025-04-09
C05725,Customer 05725,Female,24,Bengaluru,Karnataka,Organic Search,2025-01-18
C05726,Customer 05726,Female,28,Chennai,Tamil Nadu,Paid Search,2024-02-19
C05727,Customer 05727,Female,32,Pune,Maharashtra,Paid Search,2024-10-23
C05728,Customer 05728,Female,18,Mumbai,Maharashtra,Direct,2024-11-06
C05729,Customer 05729,Female,18,Jaipur,Rajasthan,Direct,2024-11-13
C05730,Customer 05730,Male,34,Mumbai,Maharashtra,Organic Search,2024-04-13
C05731,Customer 05731,Male,42,Ahmedabad,Gujarat,Social Media,2025-05-06
C05732,Customer 05732,Female,21,Hyderabad,Telangana,Organic Search,2025-06-08
C05733,Customer 05733,Female,27,Mumbai,Maharashtra,Email,2025-03-26
C05734,Customer 05734,Female,25,Ahmedabad,Gujarat,Direct,2025-09-27
C05735,Customer 05735,Female,36,Pune,Maharashtra,Email,2025-11-07
C05736,Customer 05736,Male,39,Gurugram,Haryana,Organic Search,2024-11-19
C05737,Customer 05737,Male,18,Jaipur,Rajasthan,Paid Search,2024-04-24
C05738,Customer 05738,Male,50,Chennai,Tamil Nadu,Organic Search,2024-05-08
C05739,Customer 05739,Male,32,Chandigarh,Chandigarh,Referral,2025-10-24
C05740,Customer 05740,Male,18,Delhi,Delhi,Paid Search,2025-04-12
C05741,Customer 05741,Female,23,Hyderabad,Telangana,Social Media,2025-07-11
C05742,Customer 05742,Male,34,Delhi,Delhi,Social Media,2025-08-21
C05743,Customer 05743,Male,37,Mumbai,Maharashtra,Referral,2024-05-18
C05744,Customer 05744,Female,29,Hyderabad,Telangana,Organic Search,2025-07-27
C05745,Customer 05745,Male,31,Mumbai,Maharashtra,Referral,2025-05-27
C05746,Customer 05746,Female,18,Pune,Maharashtra,Organic Search,2025-12-01
C05747,Customer 05747,Male,24,Bengaluru,Karnataka,Direct,2025-01-27
C05748,Customer 05748,Female,22,Kochi,Kerala,Paid Search,2025-04-02
C05749,Customer 05749,Male,53,Noida,Uttar Pradesh,Social Media,2024-01-13
C05750,Customer 05750,Male,52,Lucknow,Uttar Pradesh,Paid Search,2025-06-10
C05751,Customer 05751,Male,31,Mumbai,Maharashtra,Organic Search,2025-02-01
C05752,Customer 05752,Male,40,Pune,Maharashtra,Social Media,2025-08-26
C05753,Customer 05753,Male,28,Pune,Maharashtra,Paid Search,2025-10-26
C05754,Customer 05754,Female,29,Kolkata,West Bengal,Referral,2024-08-15
C05755,Customer 05755,Male,34,Delhi,Delhi,Organic Search,2024-02-24
C05756,Customer 05756,Female,29,Delhi,Delhi,Direct,2025-07-31
C05757,Customer 05757,Female,21,Mumbai,Maharashtra,Referral,2025-01-11
C05758,Customer 05758,Male,18,Nagpur,Maharashtra,Social Media,2024-05-14
C05759,Customer 05759,Female,28,Hyderabad,Telangana,Organic Search,2024-10-01
C05760,Customer 05760,Female,20,Lucknow,Uttar Pradesh,Organic Search,2024-11-11
C05761,Customer 05761,Male,40,Mumbai,Maharashtra,Email,2025-09-12
C05762,Customer 05762,Male,44,Pune,Maharashtra,Social Media,2024-11-07
C05763,Customer 05763,Female,26,Mumbai,Maharashtra,Organic Search,2024-07-27
C05764,Customer 05764,Female,39,Surat,Gujarat,Referral,2024-12-16
C05765,Customer 05765,Female,29,Indore,Madhya Pradesh,Organic Search,2024-06-11
C05766,Customer 05766,Female,21,Coimbatore,Tamil Nadu,Paid Search,2025-12-22
C05767,Customer 05767,Female,51,Mumbai,Maharashtra,Referral,2025-11-17
C05768,Customer 05768,Female,32,Pune,Maharashtra,Organic Search,2025-10-15
C05769,Customer 05769,Male,41,Ahmedabad,Gujarat,Email,2025-10-31
C05770,Customer 05770,Female,28,Hyderabad,Telangana,Referral,2025-09-25
C05771,Customer 05771,Male,41,Ahmedabad,Gujarat,Organic Search,2025-06-09
C05772,Customer 05772,Female,36,Mumbai,Maharashtra,Direct,2025-08-08
C05773,Customer 05773,Female,26,Pune,Maharashtra,Paid Search,2024-11-05
C05774,Customer 05774,Male,38,Bengaluru,Karnataka,Paid Search,2024-09-01
C05775,Customer 05775,Male,26,Surat,Gujarat,Email,2025-04-03
C05776,Customer 05776,Female,21,Ahmedabad,Gujarat,Direct,2024-07-28
C05777,Customer 05777,Male,18,Bengaluru,Karnataka,Organic Search,2024-12-11
C05778,Customer 05778,Male,32,Jaipur,Rajasthan,Email,2025-11-20
C05779,Customer 05779,Female,27,Delhi,Delhi,Email,2024-05-02
C05780,Customer 05780,Female,27,Pune,Maharashtra,Direct,2025-07-14
C05781,Customer 05781,Male,43,Pune,Maharashtra,Referral,2025-07-03
C05782,Customer 05782,Female,32,Bengaluru,Karnataka,Organic Search,2024-06-08
C05783,Customer 05783,Female,35,Patna,Bihar,Social Media,2024-07-04
C05784,Customer 05784,Male,23,Chennai,Tamil Nadu,Referral,2024-10-17
C05785,Customer 05785,Male,42,Delhi,Delhi,Social Media,2025-03-12
C05786,Customer 05786,Female,48,Mumbai,Maharashtra,Social Media,2024-04-26
C05787,Customer 05787,Female,18,Bengaluru,Karnataka,Direct,2025-04-13
C05788,Customer 05788,Male,31,Noida,Uttar Pradesh,Social Media,2024-07-26
C05789,Customer 05789,Male,40,Kochi,Kerala,Direct,2025-11-19
C05790,Customer 05790,Male,45,Pune,Maharashtra,Direct,2025-10-18
C05791,Customer 05791,Male,31,Pune,Maharashtra,Social Media,2024-11-30
C05792,Customer 05792,Female,24,Mumbai,Maharashtra,Referral,2025-06-22
C05793,Customer 05793,Female,21,Delhi,Delhi,Paid Search,2024-07-01
C05794,Customer 05794,Female,37,Ahmedabad,Gujarat,Email,2024-12-02
C05795,Customer 05795,Male,30,Lucknow,Uttar Pradesh,Organic Search,2025-02-23
C05796,Customer 05796,Male,18,Chennai,Tamil Nadu,Referral,2025-11-28
C05797,Customer 05797,Male,33,Kochi,Kerala,Paid Search,2024-12-08
C05798,Customer 05798,Female,36,Hyderabad,Telangana,Paid Search,2024-11-07
C05799,Customer 05799,Female,23,Gurugram,Haryana,Email,2024-07-24
C05800,Customer 05800,Female,29,Chandigarh,Chandigarh,Social Media,2024-10-31
C05801,Customer 05801,Female,21,Delhi,Delhi,Direct,2025-09-21
C05802,Customer 05802,Male,36,Delhi,Delhi,Organic Search,2024-10-12
C05803,Customer 05803,Female,22,Gurugram,Haryana,Direct,2024-01-04
C05804,Customer 05804,Male,35,Indore,Madhya Pradesh,Organic Search,2025-10-31
C05805,Customer 05805,Non-binary,28,Indore,Madhya Pradesh,Direct,2025-08-15
C05806,Customer 05806,Female,38,Bengaluru,Karnataka,Organic Search,2025-06-04
C05807,Customer 05807,Female,46,Coimbatore,Tamil Nadu,Direct,2025-06-01
C05808,Customer 05808,Male,37,Chandigarh,Chandigarh,Paid Search,2024-03-26
C05809,Customer 05809,Male,39,Mumbai,Maharashtra,Organic Search,2024-06-08
C05810,Customer 05810,Female,30,Hyderabad,Telangana,Direct,2025-05-04
C05811,Customer 05811,Female,22,Kochi,Kerala,Social Media,2024-02-03
C05812,Customer 05812,Male,31,Kolkata,West Bengal,Social Media,2024-06-30
C05813,Customer 05813,Female,32,Surat,Gujarat,Organic Search,2025-12-10
C05814,Customer 05814,Female,29,Bengaluru,Karnataka,Referral,2024-09-09
C05815,Customer 05815,Male,27,Lucknow,Uttar Pradesh,Organic Search,2024-07-23
C05816,Customer 05816,Female,36,Noida,Uttar Pradesh,Organic Search,2024-02-20
C05817,Customer 05817,Female,20,Pune,Maharashtra,Organic Search,2025-11-26
C05818,Customer 05818,Male,43,Kochi,Kerala,Social Media,2024-08-04
C05819,Customer 05819,Male,40,Gurugram,Haryana,Referral,2025-06-12
C05820,Customer 05820,Female,46,Jaipur,Rajasthan,Direct,2025-09-23
C05821,Customer 05821,Male,30,Pune,Maharashtra,Direct,2024-02-25
C05822,Customer 05822,Female,31,Hyderabad,Telangana,Direct,2024-03-24
C05823,Customer 05823,Non-binary,26,Patna,Bihar,Organic Search,2025-03-06
C05824,Customer 05824,Male,38,Bengaluru,Karnataka,Referral,2025-12-02
C05825,Customer 05825,Female,26,Delhi,Delhi,Paid Search,2025-02-25
C05826,Customer 05826,Female,37,Bhopal,Madhya Pradesh,Organic Search,2025-12-25
C05827,Customer 05827,Female,18,Nagpur,Maharashtra,Organic Search,2024-12-09
C05828,Customer 05828,Male,29,Ahmedabad,Gujarat,Social Media,2024-11-11
C05829,Customer 05829,Male,32,Indore,Madhya Pradesh,Direct,2024-12-15
C05830,Customer 05830,Female,38,Delhi,Delhi,Referral,2025-05-31
C05831,Customer 05831,Male,30,Chennai,Tamil Nadu,Direct,2024-02-14
C05832,Customer 05832,Male,33,Chennai,Tamil Nadu,Email,2024-01-06
C05833,Customer 05833,Male,34,Mumbai,Maharashtra,Referral,2024-03-23
C05834,Customer 05834,Female,30,Delhi,Delhi,Email,2024-04-19
C05835,Customer 05835,Male,24,Delhi,Delhi,Email,2024-11-13
C05836,Customer 05836,Female,32,Mumbai,Maharashtra,Email,2025-09-28
C05837,Customer 05837,Male,30,Delhi,Delhi,Referral,2025-07-25
C05838,Customer 05838,Male,28,Delhi,Delhi,Paid Search,2024-03-15
C05839,Customer 05839,Male,35,Delhi,Delhi,Paid Search,2025-04-01
C05840,Customer 05840,Male,44,Chennai,Tamil Nadu,Email,2024-04-17
C05841,Customer 05841,Male,18,Kolkata,West Bengal,Direct,2024-02-06
C05842,Customer 05842,Female,46,Mumbai,Maharashtra,Referral,2025-05-02
C05843,Customer 05843,Female,20,Coimbatore,Tamil Nadu,Organic Search,2025-11-29
C05844,Customer 05844,Female,35,Bengaluru,Karnataka,Social Media,2024-05-25
C05845,Customer 05845,Male,18,Noida,Uttar Pradesh,Social Media,2024-04-24
C05846,Customer 05846,Female,37,Pune,Maharashtra,Organic Search,2024-06-30
C05847,Customer 05847,Female,39,Ahmedabad,Gujarat,Email,2025-08-27
C05848,Customer 05848,Female,28,Ahmedabad,Gujarat,Paid Search,2024-03-21
C05849,Customer 05849,Male,34,Bengaluru,Karnataka,Referral,2024-11-02
C05850,Customer 05850,Female,20,Kochi,Kerala,Referral,2025-10-22
C05851,Customer 05851,Female,37,Lucknow,Uttar Pradesh,Email,2024-12-25
C05852,Customer 05852,Male,33,Mumbai,Maharashtra,Paid Search,2024-07-13
C05853,Customer 05853,Male,36,Patna,Bihar,Direct,2024-08-20
C05854,Customer 05854,Non-binary,34,Coimbatore,Tamil Nadu,Organic Search,2025-10-22
C05855,Customer 05855,Female,35,Nagpur,Maharashtra,Social Media,2025-12-05
C05856,Customer 05856,Female,29,Pune,Maharashtra,Social Media,2024-05-25
C05857,Customer 05857,Female,25,Indore,Madhya Pradesh,Organic Search,2024-06-13
C05858,Customer 05858,Male,20,Chennai,Tamil Nadu,Referral,2024-01-20
C05859,Customer 05859,Female,39,Mumbai,Maharashtra,Paid Search,2025-10-26
C05860,Customer 05860,Female,38,Noida,Uttar Pradesh,Paid Search,2024-05-21
C05861,Customer 05861,Female,35,Kolkata,West Bengal,Social Media,2025-01-31
C05862,Customer 05862,Male,37,Kochi,Kerala,Social Media,2024-08-07
C05863,Customer 05863,Male,22,Delhi,Delhi,Referral,2025-11-15
C05864,Customer 05864,Male,30,Kolkata,West Bengal,Direct,2025-10-12
C05865,Customer 05865,Female,42,Coimbatore,Tamil Nadu,Referral,2024-08-10
C05866,Customer 05866,Male,40,Chandigarh,Chandigarh,Paid Search,2025-11-08
C05867,Customer 05867,Female,42,Bengaluru,Karnataka,Social Media,2025-08-14
C05868,Customer 05868,Male,42,Chandigarh,Chandigarh,Paid Search,2024-06-30
C05869,Customer 05869,Female,42,Bhopal,Madhya Pradesh,Organic Search,2024-09-02
C05870,Customer 05870,Female,25,Chennai,Tamil Nadu,Social Media,2025-03-16
C05871,Customer 05871,Male,26,Ahmedabad,Gujarat,Paid Search,2025-10-16
C05872,Customer 05872,Female,29,Mumbai,Maharashtra,Organic Search,2024-06-06
C05873,Customer 05873,Female,18,Pune,Maharashtra,Social Media,2024-06-13
C05874,Customer 05874,Male,33,Pune,Maharashtra,Social Media,2024-01-15
C05875,Customer 05875,Non-binary,35,Delhi,Delhi,Paid Search,2024-01-30
C05876,Customer 05876,Female,23,Chennai,Tamil Nadu,Email,2024-10-07
C05877,Customer 05877,Male,32,Ahmedabad,Gujarat,Email,2024-05-03
C05878,Customer 05878,Male,41,Chennai,Tamil Nadu,Email,2024-01-07
C05879,Customer 05879,Female,34,Chennai,Tamil Nadu,Social Media,2024-05-08
C05880,Customer 05880,Female,28,Mumbai,Maharashtra,Organic Search,2025-07-02
C05881,Customer 05881,Female,31,Jaipur,Rajasthan,Referral,2024-11-06
C05882,Customer 05882,Female,37,Kochi,Kerala,Direct,2025-11-17
C05883,Customer 05883,Non-binary,25,Gurugram,Haryana,Paid Search,2024-12-22
C05884,Customer 05884,Female,25,Coimbatore,Tamil Nadu,Direct,2025-10-09
C05885,Customer 05885,Male,30,Kolkata,West Bengal,Paid Search,2024-10-19
C05886,Customer 05886,Female,21,Patna,Bihar,Paid Search,2024-02-05
C05887,Customer 05887,Male,37,Ahmedabad,Gujarat,Referral,2025-12-02
C05888,Customer 05888,Female,37,Kolkata,West Bengal,Social Media,2024-09-28
C05889,Customer 05889,Male,41,Delhi,Delhi,Email,2024-05-13
C05890,Customer 05890,Female,40,Chennai,Tamil Nadu,Social Media,2025-03-30
C05891,Customer 05891,Non-binary,57,Kochi,Kerala,Social Media,2025-05-11
C05892,Customer 05892,Female,28,Delhi,Delhi,Organic Search,2025-04-25
C05893,Customer 05893,Male,37,Kolkata,West Bengal,Direct,2025-08-14
C05894,Customer 05894,Male,29,Surat,Gujarat,Direct,2024-01-21
C05895,Customer 05895,Female,29,Chennai,Tamil Nadu,Organic Search,2025-11-21
C05896,Customer 05896,Male,30,Mumbai,Maharashtra,Organic Search,2024-03-28
C05897,Customer 05897,Female,18,Bengaluru,Karnataka,Email,2024-12-17
C05898,Customer 05898,Female,21,Noida,Uttar Pradesh,Direct,2025-06-19
C05899,Customer 05899,Female,31,Mumbai,Maharashtra,Referral,2024-09-29
C05900,Customer 05900,Female,46,Hyderabad,Telangana,Paid Search,2025-01-05
C05901,Customer 05901,Male,34,Mumbai,Maharashtra,Social Media,2024-05-02
C05902,Customer 05902,Female,44,Indore,Madhya Pradesh,Referral,2025-03-20
C05903,Customer 05903,Female,29,Kochi,Kerala,Referral,2024-03-02
C05904,Customer 05904,Female,18,Surat,Gujarat,Social Media,2024-07-31
C05905,Customer 05905,Female,37,Patna,Bihar,Organic Search,2025-08-03
C05906,Customer 05906,Female,26,Delhi,Delhi,Email,2024-07-17
C05907,Customer 05907,Male,33,Bengaluru,Karnataka,Paid Search,2024-01-27
C05908,Customer 05908,Male,34,Pune,Maharashtra,Organic Search,2025-05-02
C05909,Customer 05909,Female,37,Mumbai,Maharashtra,Social Media,2024-10-15
C05910,Customer 05910,Female,41,Ahmedabad,Gujarat,Organic Search,2025-03-24
C05911,Customer 05911,Male,34,Mumbai,Maharashtra,Paid Search,2025-01-13
C05912,Customer 05912,Female,26,Bengaluru,Karnataka,Organic Search,2025-06-22
C05913,Customer 05913,Female,36,Bengaluru,Karnataka,Organic Search,2025-07-23
C05914,Customer 05914,Male,43,Kolkata,West Bengal,Organic Search,2024-11-29
C05915,Customer 05915,Male,26,Hyderabad,Telangana,Direct,2025-07-13
C05916,Customer 05916,Male,22,Mumbai,Maharashtra,Organic Search,2024-04-24
C05917,Customer 05917,Male,38,Hyderabad,Telangana,Paid Search,2025-08-02
C05918,Customer 05918,Female,31,Indore,Madhya Pradesh,Paid Search,2025-02-18
C05919,Customer 05919,Male,39,Nagpur,Maharashtra,Social Media,2025-03-07
C05920,Customer 05920,Male,42,Ahmedabad,Gujarat,Referral,2024-10-31
C05921,Customer 05921,Female,19,Mumbai,Maharashtra,Email,2024-10-08
C05922,Customer 05922,Female,44,Delhi,Delhi,Organic Search,2024-04-13
C05923,Customer 05923,Male,19,Jaipur,Rajasthan,Social Media,2024-04-03
C05924,Customer 05924,Male,30,Ahmedabad,Gujarat,Referral,2025-07-31
C05925,Customer 05925,Male,34,Kolkata,West Bengal,Organic Search,2025-02-05
C05926,Customer 05926,Male,38,Bengaluru,Karnataka,Organic Search,2024-11-08
C05927,Customer 05927,Female,35,Delhi,Delhi,Social Media,2025-02-10
C05928,Customer 05928,Male,38,Jaipur,Rajasthan,Direct,2025-09-27
C05929,Customer 05929,Male,34,Noida,Uttar Pradesh,Referral,2024-12-18
C05930,Customer 05930,Male,33,Pune,Maharashtra,Email,2025-01-24
C05931,Customer 05931,Female,26,Chennai,Tamil Nadu,Direct,2025-09-28
C05932,Customer 05932,Female,26,Noida,Uttar Pradesh,Email,2024-01-10
C05933,Customer 05933,Male,22,Hyderabad,Telangana,Social Media,2024-01-10
C05934,Customer 05934,Male,39,Chennai,Tamil Nadu,Organic Search,2024-12-03
C05935,Customer 05935,Male,32,Hyderabad,Telangana,Referral,2024-12-12
C05936,Customer 05936,Female,32,Noida,Uttar Pradesh,Referral,2025-06-01
C05937,Customer 05937,Male,30,Noida,Uttar Pradesh,Social Media,2025-12-04
C05938,Customer 05938,Male,23,Mumbai,Maharashtra,Social Media,2024-08-29
C05939,Customer 05939,Female,45,Chandigarh,Chandigarh,Organic Search,2025-10-11
C05940,Customer 05940,Non-binary,30,Bengaluru,Karnataka,Social Media,2025-08-11
C05941,Customer 05941,Male,31,Jaipur,Rajasthan,Social Media,2025-11-24
C05942,Customer 05942,Female,33,Mumbai,Maharashtra,Social Media,2025-12-25
C05943,Customer 05943,Male,37,Bengaluru,Karnataka,Email,2024-11-01
C05944,Customer 05944,Male,30,Pune,Maharashtra,Organic Search,2025-11-12
C05945,Customer 05945,Female,29,Hyderabad,Telangana,Social Media,2025-07-06
C05946,Customer 05946,Female,38,Chennai,Tamil Nadu,Direct,2025-11-21
C05947,Customer 05947,Female,24,Pune,Maharashtra,Referral,2025-08-14
C05948,Customer 05948,Female,38,Indore,Madhya Pradesh,Referral,2024-07-07
C05949,Customer 05949,Female,35,Delhi,Delhi,Organic Search,2024-09-03
C05950,Customer 05950,Male,24,Pune,Maharashtra,Email,2025-01-27
C05951,Customer 05951,Male,51,Jaipur,Rajasthan,Direct,2025-08-29
C05952,Customer 05952,Female,41,Chennai,Tamil Nadu,Organic Search,2025-07-20
C05953,Customer 05953,Male,41,Bengaluru,Karnataka,Direct,2024-09-27
C05954,Customer 05954,Male,23,Hyderabad,Telangana,Paid Search,2024-08-15
C05955,Customer 05955,Male,21,Bengaluru,Karnataka,Email,2024-05-19
C05956,Customer 05956,Female,18,Delhi,Delhi,Email,2024-03-31
C05957,Customer 05957,Male,18,Delhi,Delhi,Paid Search,2025-03-15
C05958,Customer 05958,Male,37,Lucknow,Uttar Pradesh,Direct,2025-12-19
C05959,Customer 05959,Female,48,Mumbai,Maharashtra,Organic Search,2024-10-22
C05960,Customer 05960,Female,51,Ahmedabad,Gujarat,Organic Search,2025-12-23
C05961,Customer 05961,Male,31,Indore,Madhya Pradesh,Organic Search,2025-10-23
C05962,Customer 05962,Female,23,Jaipur,Rajasthan,Paid Search,2024-02-16
C05963,Customer 05963,Female,18,Chandigarh,Chandigarh,Direct,2025-08-17
C05964,Customer 05964,Female,32,Hyderabad,Telangana,Social Media,2024-08-13
C05965,Customer 05965,Male,37,Chandigarh,Chandigarh,Organic Search,2025-04-02
C05966,Customer 05966,Male,18,Hyderabad,Telangana,Paid Search,2025-01-18
C05967,Customer 05967,Male,48,Hyderabad,Telangana,Direct,2025-10-09
C05968,Customer 05968,Male,40,Patna,Bihar,Referral,2024-11-21
C05969,Customer 05969,Female,34,Delhi,Delhi,Organic Search,2024-02-17
C05970,Customer 05970,Female,33,Indore,Madhya Pradesh,Paid Search,2025-09-27
C05971,Customer 05971,Female,25,Bengaluru,Karnataka,Paid Search,2025-02-19
C05972,Customer 05972,Female,37,Delhi,Delhi,Email,2024-10-21
C05973,Customer 05973,Female,32,Bengaluru,Karnataka,Paid Search,2024-08-28
C05974,Customer 05974,Female,30,Lucknow,Uttar Pradesh,Organic Search,2024-05-17
C05975,Customer 05975,Male,31,Bengaluru,Karnataka,Referral,2025-01-08
C05976,Customer 05976,Male,25,Surat,Gujarat,Organic Search,2025-10-21
C05977,Customer 05977,Male,40,Lucknow,Uttar Pradesh,Paid Search,2025-02-26
C05978,Customer 05978,Female,31,Pune,Maharashtra,Referral,2024-10-01
C05979,Customer 05979,Male,20,Lucknow,Uttar Pradesh,Organic Search,2024-01-09
C05980,Customer 05980,Female,41,Chandigarh,Chandigarh,Email,2025-03-14
C05981,Customer 05981,Male,48,Delhi,Delhi,Referral,2025-07-06
C05982,Customer 05982,Male,34,Bhopal,Madhya Pradesh,Social Media,2024-10-22
C05983,Customer 05983,Male,30,Bengaluru,Karnataka,Social Media,2025-04-17
C05984,Customer 05984,Male,32,Hyderabad,Telangana,Email,2024-12-22
C05985,Customer 05985,Male,39,Ahmedabad,Gujarat,Social Media,2024-12-22
C05986,Customer 05986,Male,43,Hyderabad,Telangana,Email,2025-02-13
C05987,Customer 05987,Male,22,Delhi,Delhi,Direct,2025-09-04
C05988,Customer 05988,Male,18,Chennai,Tamil Nadu,Organic Search,2025-01-31
C05989,Customer 05989,Male,23,Surat,Gujarat,Organic Search,2025-11-05
C05990,Customer 05990,Male,37,Indore,Madhya Pradesh,Organic Search,2025-11-06
C05991,Customer 05991,Male,19,Noida,Uttar Pradesh,Social Media,2025-08-06
C05992,Customer 05992,Male,24,Mumbai,Maharashtra,Social Media,2025-10-17
C05993,Customer 05993,Male,18,Mumbai,Maharashtra,Organic Search,2024-06-08
C05994,Customer 05994,Male,18,Kolkata,West Bengal,Paid Search,2025-07-23
C05995,Customer 05995,Female,33,Bengaluru,Karnataka,Email,2025-04-15
C05996,Customer 05996,Female,29,Bengaluru,Karnataka,Social Media,2024-09-08
C05997,Customer 05997,Non-binary,46,Bhopal,Madhya Pradesh,Referral,2024-09-16
C05998,Customer 05998,Male,36,Ahmedabad,Gujarat,Paid Search,2025-09-29
C05999,Customer 05999,Male,34,Delhi,Delhi,Organic Search,2024-02-19
C06000,Customer 06000,Female,35,Pune,Maharashtra,Social Media,2025-12-02
C06001,Customer 06001,Male,30,Mumbai,Maharashtra,Organic Search,2024-04-30
C06002,Customer 06002,Male,32,Chennai,Tamil Nadu,Referral,2025-07-14
C06003,Customer 06003,Male,27,Surat,Gujarat,Email,2025-08-23
C06004,Customer 06004,Male,37,Noida,Uttar Pradesh,Organic Search,2024-02-07
C06005,Customer 06005,Male,31,Indore,Madhya Pradesh,Referral,2024-03-30
C06006,Customer 06006,Male,31,Mumbai,Maharashtra,Social Media,2025-11-08
C06007,Customer 06007,Male,27,Lucknow,Uttar Pradesh,Paid Search,2024-09-02
C06008,Customer 06008,Male,19,Delhi,Delhi,Organic Search,2024-04-10
C06009,Customer 06009,Male,37,Lucknow,Uttar Pradesh,Social Media,2024-08-07
C06010,Customer 06010,Male,18,Pune,Maharashtra,Referral,2024-08-08
C06011,Customer 06011,Male,35,Delhi,Delhi,Email,2024-08-11
C06012,Customer 06012,Female,39,Delhi,Delhi,Referral,2024-04-01
C06013,Customer 06013,Male,29,Mumbai,Maharashtra,Referral,2024-09-01
C06014,Customer 06014,Male,25,Ahmedabad,Gujarat,Social Media,2024-06-08
C06015,Customer 06015,Male,34,Chandigarh,Chandigarh,Direct,2024-07-14
C06016,Customer 06016,Male,29,Chennai,Tamil Nadu,Paid Search,2025-03-07
C06017,Customer 06017,Male,32,Kochi,Kerala,Email,2024-02-08
C06018,Customer 06018,Female,36,Noida,Uttar Pradesh,Paid Search,2024-09-24
C06019,Customer 06019,Female,18,Hyderabad,Telangana,Paid Search,2024-03-28
C06020,Customer 06020,Male,24,Surat,Gujarat,Email,2025-09-28
C06021,Customer 06021,Male,31,Kolkata,West Bengal,Social Media,2025-12-26
C06022,Customer 06022,Male,34,Lucknow,Uttar Pradesh,Social Media,2024-09-23
C06023,Customer 06023,Female,39,Lucknow,Uttar Pradesh,Social Media,2024-03-09
C06024,Customer 06024,Male,18,Jaipur,Rajasthan,Social Media,2024-06-03
C06025,Customer 06025,Female,25,Ahmedabad,Gujarat,Paid Search,2024-02-03
C06026,Customer 06026,Male,34,Chennai,Tamil Nadu,Email,2025-10-20
C06027,Customer 06027,Female,29,Mumbai,Maharashtra,Email,2025-11-19
C06028,Customer 06028,Male,29,Bengaluru,Karnataka,Email,2025-07-16
C06029,Customer 06029,Male,48,Bengaluru,Karnataka,Organic Search,2024-02-29
C06030,Customer 06030,Female,20,Delhi,Delhi,Referral,2024-02-27
C06031,Customer 06031,Male,32,Hyderabad,Telangana,Paid Search,2025-12-05
C06032,Customer 06032,Female,18,Mumbai,Maharashtra,Social Media,2025-08-02
C06033,Customer 06033,Female,30,Delhi,Delhi,Email,2025-01-13
C06034,Customer 06034,Male,46,Noida,Uttar Pradesh,Organic Search,2025-09-25
C06035,Customer 06035,Male,30,Mumbai,Maharashtra,Social Media,2025-10-27
C06036,Customer 06036,Female,47,Bengaluru,Karnataka,Direct,2024-08-17
C06037,Customer 06037,Female,32,Jaipur,Rajasthan,Direct,2024-11-13
C06038,Customer 06038,Male,26,Mumbai,Maharashtra,Paid Search,2025-02-25
C06039,Customer 06039,Female,40,Pune,Maharashtra,Referral,2024-02-26
C06040,Customer 06040,Female,22,Bengaluru,Karnataka,Direct,2024-02-28
C06041,Customer 06041,Male,27,Lucknow,Uttar Pradesh,Organic Search,2024-08-18
C06042,Customer 06042,Male,37,Chandigarh,Chandigarh,Paid Search,2025-12-27
C06043,Customer 06043,Female,36,Mumbai,Maharashtra,Referral,2024-01-29
C06044,Customer 06044,Male,34,Delhi,Delhi,Direct,2024-12-13
C06045,Customer 06045,Male,33,Kochi,Kerala,Paid Search,2024-04-12
C06046,Customer 06046,Male,26,Surat,Gujarat,Organic Search,2025-04-14
C06047,Customer 06047,Female,28,Chennai,Tamil Nadu,Direct,2024-08-09
C06048,Customer 06048,Male,22,Indore,Madhya Pradesh,Direct,2024-11-13
C06049,Customer 06049,Female,35,Coimbatore,Tamil Nadu,Social Media,2024-11-03
C06050,Customer 06050,Female,34,Ahmedabad,Gujarat,Referral,2024-12-22
C06051,Customer 06051,Female,39,Hyderabad,Telangana,Direct,2025-02-18
C06052,Customer 06052,Male,23,Lucknow,Uttar Pradesh,Referral,2025-06-13
C06053,Customer 06053,Male,39,Hyderabad,Telangana,Paid Search,2024-03-12
C06054,Customer 06054,Male,46,Noida,Uttar Pradesh,Paid Search,2024-12-29
C06055,Customer 06055,Non-binary,39,Hyderabad,Telangana,Direct,2024-11-20
C06056,Customer 06056,Male,29,Indore,Madhya Pradesh,Organic Search,2025-04-01
C06057,Customer 06057,Male,36,Jaipur,Rajasthan,Social Media,2025-05-23
C06058,Customer 06058,Male,49,Jaipur,Rajasthan,Social Media,2024-03-04
C06059,Customer 06059,Male,40,Delhi,Delhi,Paid Search,2025-09-28
C06060,Customer 06060,Female,43,Gurugram,Haryana,Social Media,2024-01-25
C06061,Customer 06061,Female,31,Kolkata,West Bengal,Paid Search,2024-03-10
C06062,Customer 06062,Male,35,Mumbai,Maharashtra,Organic Search,2025-10-05
C06063,Customer 06063,Female,28,Mumbai,Maharashtra,Direct,2025-09-10
C06064,Customer 06064,Male,20,Jaipur,Rajasthan,Direct,2025-08-22
C06065,Customer 06065,Non-binary,21,Delhi,Delhi,Social Media,2025-06-15
C06066,Customer 06066,Female,39,Pune,Maharashtra,Social Media,2025-08-19
C06067,Customer 06067,Female,22,Noida,Uttar Pradesh,Social Media,2024-05-11
C06068,Customer 06068,Male,38,Gurugram,Haryana,Social Media,2025-02-03
C06069,Customer 06069,Male,35,Ahmedabad,Gujarat,Organic Search,2024-01-29
C06070,Customer 06070,Male,50,Mumbai,Maharashtra,Social Media,2025-07-28
C06071,Customer 06071,Male,27,Delhi,Delhi,Organic Search,2024-01-02
C06072,Customer 06072,Female,21,Patna,Bihar,Organic Search,2024-05-28
C06073,Customer 06073,Female,22,Bengaluru,Karnataka,Organic Search,2024-06-30
C06074,Customer 06074,Male,39,Delhi,Delhi,Email,2024-04-18
C06075,Customer 06075,Female,22,Surat,Gujarat,Social Media,2025-03-13
C06076,Customer 06076,Female,34,Mumbai,Maharashtra,Direct,2025-05-30
C06077,Customer 06077,Female,28,Jaipur,Rajasthan,Social Media,2025-04-15
C06078,Customer 06078,Male,24,Lucknow,Uttar Pradesh,Social Media,2025-07-01
C06079,Customer 06079,Male,18,Gurugram,Haryana,Email,2024-06-13
C06080,Customer 06080,Female,29,Delhi,Delhi,Organic Search,2024-10-31
C06081,Customer 06081,Male,36,Bengaluru,Karnataka,Paid Search,2024-10-18
C06082,Customer 06082,Female,28,Coimbatore,Tamil Nadu,Email,2024-04-24
C06083,Customer 06083,Female,25,Mumbai,Maharashtra,Social Media,2024-01-31
C06084,Customer 06084,Female,34,Hyderabad,Telangana,Organic Search,2024-07-23
C06085,Customer 06085,Female,25,Kolkata,West Bengal,Referral,2025-07-05
C06086,Customer 06086,Male,35,Bengaluru,Karnataka,Social Media,2025-11-13
C06087,Customer 06087,Female,25,Chennai,Tamil Nadu,Organic Search,2025-05-07
C06088,Customer 06088,Male,48,Jaipur,Rajasthan,Referral,2025-05-10
C06089,Customer 06089,Female,27,Lucknow,Uttar Pradesh,Organic Search,2025-08-19
C06090,Customer 06090,Female,21,Gurugram,Haryana,Direct,2025-11-19
C06091,Customer 06091,Male,38,Ahmedabad,Gujarat,Organic Search,2024-10-09
C06092,Customer 06092,Female,38,Jaipur,Rajasthan,Organic Search,2024-06-17
C06093,Customer 06093,Non-binary,18,Bengaluru,Karnataka,Referral,2025-05-01
C06094,Customer 06094,Male,38,Noida,Uttar Pradesh,Organic Search,2025-12-17
C06095,Customer 06095,Male,27,Gurugram,Haryana,Paid Search,2024-06-15
C06096,Customer 06096,Female,36,Jaipur,Rajasthan,Paid Search,2024-05-07
C06097,Customer 06097,Male,37,Chennai,Tamil Nadu,Organic Search,2025-05-14
C06098,Customer 06098,Female,25,Bengaluru,Karnataka,Social Media,2024-10-28
C06099,Customer 06099,Male,22,Ahmedabad,Gujarat,Organic Search,2025-10-31
C06100,Customer 06100,Male,32,Indore,Madhya Pradesh,Direct,2024-06-13
C06101,Customer 06101,Female,25,Delhi,Delhi,Direct,2025-05-17
C06102,Customer 06102,Female,18,Bhopal,Madhya Pradesh,Paid Search,2024-03-12
C06103,Customer 06103,Male,28,Delhi,Delhi,Social Media,2025-10-14
C06104,Customer 06104,Female,27,Kolkata,West Bengal,Referral,2024-05-24
C06105,Customer 06105,Male,31,Bengaluru,Karnataka,Paid Search,2025-05-11
C06106,Customer 06106,Male,34,Delhi,Delhi,Social Media,2024-11-09
C06107,Customer 06107,Male,31,Hyderabad,Telangana,Direct,2024-07-23
C06108,Customer 06108,Female,21,Noida,Uttar Pradesh,Direct,2025-07-23
C06109,Customer 06109,Male,18,Chandigarh,Chandigarh,Referral,2024-04-10
C06110,Customer 06110,Male,20,Hyderabad,Telangana,Organic Search,2025-08-19
C06111,Customer 06111,Male,18,Hyderabad,Telangana,Social Media,2024-04-09
C06112,Customer 06112,Male,18,Jaipur,Rajasthan,Organic Search,2024-04-05
C06113,Customer 06113,Male,51,Bengaluru,Karnataka,Referral,2025-04-26
C06114,Customer 06114,Male,18,Bengaluru,Karnataka,Organic Search,2025-12-12
C06115,Customer 06115,Male,23,Delhi,Delhi,Direct,2025-07-15
C06116,Customer 06116,Female,33,Noida,Uttar Pradesh,Social Media,2025-07-27
C06117,Customer 06117,Female,35,Lucknow,Uttar Pradesh,Organic Search,2024-07-17
C06118,Customer 06118,Male,18,Delhi,Delhi,Referral,2025-01-17
C06119,Customer 06119,Male,36,Delhi,Delhi,Social Media,2024-04-17
C06120,Customer 06120,Female,31,Mumbai,Maharashtra,Paid Search,2025-05-04
C06121,Customer 06121,Female,27,Surat,Gujarat,Paid Search,2025-07-21
C06122,Customer 06122,Female,21,Jaipur,Rajasthan,Organic Search,2024-01-17
C06123,Customer 06123,Female,29,Lucknow,Uttar Pradesh,Paid Search,2025-10-17
C06124,Customer 06124,Male,20,Indore,Madhya Pradesh,Email,2025-07-15
C06125,Customer 06125,Male,34,Bengaluru,Karnataka,Social Media,2024-04-26
C06126,Customer 06126,Female,30,Kolkata,West Bengal,Organic Search,2025-01-29
C06127,Customer 06127,Female,22,Bengaluru,Karnataka,Social Media,2025-10-20
C06128,Customer 06128,Male,28,Kolkata,West Bengal,Social Media,2024-03-11
C06129,Customer 06129,Female,18,Ahmedabad,Gujarat,Organic Search,2025-12-21
C06130,Customer 06130,Female,35,Mumbai,Maharashtra,Direct,2024-07-05
C06131,Customer 06131,Female,18,Jaipur,Rajasthan,Direct,2025-03-26
C06132,Customer 06132,Female,41,Surat,Gujarat,Direct,2025-11-28
C06133,Customer 06133,Female,18,Mumbai,Maharashtra,Organic Search,2024-03-04
C06134,Customer 06134,Male,29,Surat,Gujarat,Social Media,2024-10-30
C06135,Customer 06135,Female,23,Noida,Uttar Pradesh,Email,2025-04-29
C06136,Customer 06136,Female,28,Kolkata,West Bengal,Direct,2025-02-02
C06137,Customer 06137,Female,35,Delhi,Delhi,Social Media,2025-02-14
C06138,Customer 06138,Female,18,Jaipur,Rajasthan,Email,2025-07-29
C06139,Customer 06139,Male,41,Nagpur,Maharashtra,Organic Search,2025-03-30
C06140,Customer 06140,Female,35,Delhi,Delhi,Paid Search,2024-05-15
C06141,Customer 06141,Male,22,Gurugram,Haryana,Social Media,2025-10-19
C06142,Customer 06142,Male,30,Hyderabad,Telangana,Referral,2024-07-05
C06143,Customer 06143,Female,54,Hyderabad,Telangana,Organic Search,2025-01-17
C06144,Customer 06144,Female,39,Mumbai,Maharashtra,Referral,2024-06-27
C06145,Customer 06145,Male,36,Pune,Maharashtra,Direct,2024-04-15
C06146,Customer 06146,Male,38,Indore,Madhya Pradesh,Paid Search,2025-02-03
C06147,Customer 06147,Female,24,Pune,Maharashtra,Organic Search,2025-09-18
C06148,Customer 06148,Female,25,Hyderabad,Telangana,Social Media,2024-10-28
C06149,Customer 06149,Female,24,Pune,Maharashtra,Referral,2025-06-19
C06150,Customer 06150,Male,22,Chennai,Tamil Nadu,Paid Search,2024-12-27
C06151,Customer 06151,Female,34,Kochi,Kerala,Social Media,2025-10-05
C06152,Customer 06152,Female,30,Mumbai,Maharashtra,Paid Search,2025-05-16
C06153,Customer 06153,Male,34,Bengaluru,Karnataka,Organic Search,2024-04-13
C06154,Customer 06154,Female,27,Delhi,Delhi,Organic Search,2024-04-28
C06155,Customer 06155,Female,26,Bengaluru,Karnataka,Direct,2025-08-16
C06156,Customer 06156,Female,23,Hyderabad,Telangana,Organic Search,2025-06-18
C06157,Customer 06157,Female,39,Bengaluru,Karnataka,Organic Search,2024-12-01
C06158,Customer 06158,Female,32,Delhi,Delhi,Direct,2025-01-26
C06159,Customer 06159,Male,36,Pune,Maharashtra,Organic Search,2024-04-04
C06160,Customer 06160,Male,40,Mumbai,Maharashtra,Social Media,2024-04-19
C06161,Customer 06161,Male,43,Hyderabad,Telangana,Social Media,2025-10-14
C06162,Customer 06162,Female,18,Kolkata,West Bengal,Email,2024-03-19
C06163,Customer 06163,Female,32,Kolkata,West Bengal,Social Media,2024-12-28
C06164,Customer 06164,Female,25,Kolkata,West Bengal,Social Media,2024-11-25
C06165,Customer 06165,Female,50,Kochi,Kerala,Social Media,2024-01-23
C06166,Customer 06166,Male,28,Bhopal,Madhya Pradesh,Social Media,2025-06-08
C06167,Customer 06167,Female,37,Ahmedabad,Gujarat,Direct,2025-07-28
C06168,Customer 06168,Male,35,Lucknow,Uttar Pradesh,Organic Search,2025-08-21
C06169,Customer 06169,Male,38,Chandigarh,Chandigarh,Organic Search,2025-03-18
C06170,Customer 06170,Female,25,Bengaluru,Karnataka,Direct,2025-02-03
C06171,Customer 06171,Female,37,Jaipur,Rajasthan,Organic Search,2025-11-14
C06172,Customer 06172,Female,18,Mumbai,Maharashtra,Paid Search,2024-08-02
C06173,Customer 06173,Female,33,Delhi,Delhi,Social Media,2025-10-15
C06174,Customer 06174,Female,42,Kolkata,West Bengal,Organic Search,2025-05-24
C06175,Customer 06175,Male,26,Lucknow,Uttar Pradesh,Email,2025-08-05
C06176,Customer 06176,Non-binary,57,Chennai,Tamil Nadu,Direct,2024-02-14
C06177,Customer 06177,Male,30,Noida,Uttar Pradesh,Paid Search,2025-01-28
C06178,Customer 06178,Male,47,Bengaluru,Karnataka,Referral,2025-01-07
C06179,Customer 06179,Male,42,Kochi,Kerala,Paid Search,2024-06-10
C06180,Customer 06180,Female,45,Indore,Madhya Pradesh,Organic Search,2025-04-13
C06181,Customer 06181,Male,26,Mumbai,Maharashtra,Paid Search,2025-11-09
C06182,Customer 06182,Male,39,Ahmedabad,Gujarat,Paid Search,2024-01-29
C06183,Customer 06183,Male,40,Chandigarh,Chandigarh,Email,2025-05-11
C06184,Customer 06184,Male,25,Mumbai,Maharashtra,Organic Search,2025-09-13
C06185,Customer 06185,Male,31,Chennai,Tamil Nadu,Paid Search,2024-02-19
C06186,Customer 06186,Female,31,Chennai,Tamil Nadu,Social Media,2024-02-11
C06187,Customer 06187,Male,31,Mumbai,Maharashtra,Social Media,2024-04-17
C06188,Customer 06188,Female,18,Indore,Madhya Pradesh,Paid Search,2024-05-30
C06189,Customer 06189,Male,20,Gurugram,Haryana,Organic Search,2025-12-03
C06190,Customer 06190,Male,33,Mumbai,Maharashtra,Paid Search,2025-01-26
C06191,Customer 06191,Female,21,Kolkata,West Bengal,Direct,2024-10-14
C06192,Customer 06192,Male,22,Bengaluru,Karnataka,Referral,2024-06-11
C06193,Customer 06193,Male,33,Hyderabad,Telangana,Organic Search,2024-02-21
C06194,Customer 06194,Male,27,Ahmedabad,Gujarat,Referral,2024-10-20
C06195,Customer 06195,Female,21,Coimbatore,Tamil Nadu,Email,2025-11-10
C06196,Customer 06196,Male,43,Bhopal,Madhya Pradesh,Direct,2024-03-26
C06197,Customer 06197,Female,27,Hyderabad,Telangana,Referral,2025-05-18
C06198,Customer 06198,Male,42,Mumbai,Maharashtra,Email,2025-03-14
C06199,Customer 06199,Female,37,Mumbai,Maharashtra,Organic Search,2025-07-27
C06200,Customer 06200,Female,29,Mumbai,Maharashtra,Social Media,2025-01-15
C06201,Customer 06201,Male,19,Ahmedabad,Gujarat,Organic Search,2025-08-20
C06202,Customer 06202,Female,40,Delhi,Delhi,Direct,2025-10-14
C06203,Customer 06203,Female,46,Lucknow,Uttar Pradesh,Referral,2025-03-03
C06204,Customer 06204,Female,21,Jaipur,Rajasthan,Paid Search,2025-12-26
C06205,Customer 06205,Female,30,Pune,Maharashtra,Organic Search,2024-12-11
C06206,Customer 06206,Female,28,Mumbai,Maharashtra,Social Media,2025-12-03
C06207,Customer 06207,Male,30,Pune,Maharashtra,Paid Search,2025-09-23
C06208,Customer 06208,Female,19,Mumbai,Maharashtra,Paid Search,2025-12-29
C06209,Customer 06209,Non-binary,25,Hyderabad,Telangana,Referral,2025-05-16
C06210,Customer 06210,Male,18,Hyderabad,Telangana,Direct,2025-12-06
C06211,Customer 06211,Female,25,Hyderabad,Telangana,Organic Search,2025-06-27
C06212,Customer 06212,Female,32,Patna,Bihar,Organic Search,2025-01-29
C06213,Customer 06213,Male,48,Pune,Maharashtra,Social Media,2025-06-11
C06214,Customer 06214,Male,18,Noida,Uttar Pradesh,Email,2024-08-21
C06215,Customer 06215,Male,31,Bengaluru,Karnataka,Organic Search,2025-01-26
C06216,Customer 06216,Male,35,Hyderabad,Telangana,Organic Search,2025-12-23
C06217,Customer 06217,Male,50,Mumbai,Maharashtra,Direct,2025-06-20
C06218,Customer 06218,Female,27,Bengaluru,Karnataka,Organic Search,2024-07-31
C06219,Customer 06219,Female,42,Hyderabad,Telangana,Social Media,2025-04-24
C06220,Customer 06220,Female,46,Lucknow,Uttar Pradesh,Organic Search,2024-12-20
C06221,Customer 06221,Female,23,Hyderabad,Telangana,Social Media,2024-10-22
C06222,Customer 06222,Male,34,Hyderabad,Telangana,Referral,2025-10-24
C06223,Customer 06223,Male,18,Ahmedabad,Gujarat,Referral,2024-06-21
C06224,Customer 06224,Male,33,Chandigarh,Chandigarh,Direct,2024-02-08
C06225,Customer 06225,Male,18,Chandigarh,Chandigarh,Organic Search,2024-07-15
C06226,Customer 06226,Female,31,Delhi,Delhi,Direct,2025-06-12
C06227,Customer 06227,Female,19,Chandigarh,Chandigarh,Direct,2025-03-06
C06228,Customer 06228,Female,33,Chandigarh,Chandigarh,Referral,2024-09-03
C06229,Customer 06229,Female,33,Patna,Bihar,Direct,2024-04-07
C06230,Customer 06230,Female,19,Mumbai,Maharashtra,Organic Search,2025-10-17
C06231,Customer 06231,Female,38,Bengaluru,Karnataka,Social Media,2024-08-24
C06232,Customer 06232,Male,34,Mumbai,Maharashtra,Social Media,2024-04-09
C06233,Customer 06233,Female,41,Bengaluru,Karnataka,Organic Search,2024-01-19
C06234,Customer 06234,Female,44,Nagpur,Maharashtra,Direct,2024-04-17
C06235,Customer 06235,Female,38,Kochi,Kerala,Paid Search,2024-03-19
C06236,Customer 06236,Male,32,Ahmedabad,Gujarat,Paid Search,2025-01-13
C06237,Customer 06237,Female,24,Mumbai,Maharashtra,Direct,2025-11-19
C06238,Customer 06238,Male,34,Noida,Uttar Pradesh,Organic Search,2025-12-28
C06239,Customer 06239,Male,26,Indore,Madhya Pradesh,Organic Search,2024-07-12
C06240,Customer 06240,Male,32,Surat,Gujarat,Organic Search,2024-10-09
C06241,Customer 06241,Male,21,Chennai,Tamil Nadu,Direct,2025-04-08
C06242,Customer 06242,Male,59,Bengaluru,Karnataka,Paid Search,2024-06-20
C06243,Customer 06243,Male,25,Jaipur,Rajasthan,Paid Search,2025-05-24
C06244,Customer 06244,Male,18,Mumbai,Maharashtra,Paid Search,2024-12-14
C06245,Customer 06245,Male,44,Jaipur,Rajasthan,Direct,2025-12-30
C06246,Customer 06246,Female,27,Nagpur,Maharashtra,Social Media,2024-07-30
C06247,Customer 06247,Female,22,Pune,Maharashtra,Organic Search,2024-04-09
C06248,Customer 06248,Female,27,Pune,Maharashtra,Organic Search,2025-10-24
C06249,Customer 06249,Female,39,Kolkata,West Bengal,Social Media,2024-10-16
C06250,Customer 06250,Male,25,Chennai,Tamil Nadu,Organic Search,2025-07-07
C06251,Customer 06251,Male,41,Delhi,Delhi,Referral,2024-01-23
C06252,Customer 06252,Male,25,Bengaluru,Karnataka,Direct,2025-08-26
C06253,Customer 06253,Female,22,Bengaluru,Karnataka,Referral,2025-02-02
C06254,Customer 06254,Male,37,Bhopal,Madhya Pradesh,Organic Search,2025-10-05
C06255,Customer 06255,Male,31,Jaipur,Rajasthan,Email,2025-10-27
C06256,Customer 06256,Female,32,Hyderabad,Telangana,Referral,2025-12-18
C06257,Customer 06257,Female,25,Nagpur,Maharashtra,Email,2024-11-28
C06258,Customer 06258,Female,26,Nagpur,Maharashtra,Direct,2025-12-06
C06259,Customer 06259,Female,35,Pune,Maharashtra,Social Media,2024-11-08
C06260,Customer 06260,Male,38,Indore,Madhya Pradesh,Social Media,2025-02-08
C06261,Customer 06261,Non-binary,32,Bengaluru,Karnataka,Email,2024-09-03
C06262,Customer 06262,Female,37,Surat,Gujarat,Social Media,2024-03-14
C06263,Customer 06263,Male,29,Ahmedabad,Gujarat,Referral,2025-12-13
C06264,Customer 06264,Female,38,Ahmedabad,Gujarat,Social Media,2025-08-07
C06265,Customer 06265,Female,18,Jaipur,Rajasthan,Referral,2024-01-10
C06266,Customer 06266,Male,22,Delhi,Delhi,Organic Search,2024-02-05
C06267,Customer 06267,Male,47,Chennai,Tamil Nadu,Organic Search,2024-07-09
C06268,Customer 06268,Non-binary,39,Hyderabad,Telangana,Social Media,2024-06-05
C06269,Customer 06269,Male,26,Surat,Gujarat,Direct,2024-02-14
C06270,Customer 06270,Female,25,Lucknow,Uttar Pradesh,Paid Search,2024-11-01
C06271,Customer 06271,Female,30,Surat,Gujarat,Email,2024-01-01
C06272,Customer 06272,Male,28,Ahmedabad,Gujarat,Email,2025-10-19
C06273,Customer 06273,Female,18,Gurugram,Haryana,Email,2025-08-16
C06274,Customer 06274,Female,25,Indore,Madhya Pradesh,Paid Search,2025-09-23
C06275,Customer 06275,Female,45,Jaipur,Rajasthan,Paid Search,2024-12-15
C06276,Customer 06276,Female,30,Chennai,Tamil Nadu,Direct,2024-08-11
C06277,Customer 06277,Male,36,Kolkata,West Bengal,Direct,2025-03-24
C06278,Customer 06278,Female,39,Delhi,Delhi,Referral,2024-04-21
C06279,Customer 06279,Female,19,Indore,Madhya Pradesh,Referral,2024-12-23
C06280,Customer 06280,Male,47,Kochi,Kerala,Email,2025-11-19
C06281,Customer 06281,Non-binary,18,Hyderabad,Telangana,Organic Search,2024-04-26
C06282,Customer 06282,Male,18,Hyderabad,Telangana,Organic Search,2024-02-24
C06283,Customer 06283,Female,25,Mumbai,Maharashtra,Organic Search,2025-03-01
C06284,Customer 06284,Male,27,Kochi,Kerala,Direct,2024-04-21
C06285,Customer 06285,Female,29,Kolkata,West Bengal,Social Media,2024-05-20
C06286,Customer 06286,Female,53,Delhi,Delhi,Referral,2025-10-04
C06287,Customer 06287,Male,37,Hyderabad,Telangana,Organic Search,2024-07-24
C06288,Customer 06288,Male,23,Chandigarh,Chandigarh,Direct,2025-02-13
C06289,Customer 06289,Female,45,Bengaluru,Karnataka,Paid Search,2025-07-28
C06290,Customer 06290,Female,23,Pune,Maharashtra,Email,2024-12-24
C06291,Customer 06291,Female,29,Mumbai,Maharashtra,Social Media,2025-04-03
C06292,Customer 06292,Female,28,Kolkata,West Bengal,Referral,2024-05-01
C06293,Customer 06293,Female,24,Bhopal,Madhya Pradesh,Email,2024-08-28
C06294,Customer 06294,Female,37,Bhopal,Madhya Pradesh,Organic Search,2025-09-18
C06295,Customer 06295,Male,26,Bengaluru,Karnataka,Organic Search,2025-09-29
C06296,Customer 06296,Male,37,Indore,Madhya Pradesh,Paid Search,2025-08-22
C06297,Customer 06297,Male,48,Chandigarh,Chandigarh,Email,2024-02-22
C06298,Customer 06298,Male,26,Pune,Maharashtra,Referral,2024-03-13
C06299,Customer 06299,Male,21,Delhi,Delhi,Referral,2025-08-17
C06300,Customer 06300,Male,21,Bengaluru,Karnataka,Referral,2024-05-18
C06301,Customer 06301,Male,40,Surat,Gujarat,Social Media,2025-05-07
C06302,Customer 06302,Male,36,Lucknow,Uttar Pradesh,Paid Search,2024-04-19
C06303,Customer 06303,Female,43,Chennai,Tamil Nadu,Organic Search,2025-07-25
C06304,Customer 06304,Female,28,Surat,Gujarat,Direct,2024-06-06
C06305,Customer 06305,Female,33,Jaipur,Rajasthan,Organic Search,2025-10-30
C06306,Customer 06306,Male,48,Hyderabad,Telangana,Referral,2025-10-31
C06307,Customer 06307,Female,35,Jaipur,Rajasthan,Email,2024-07-30
C06308,Customer 06308,Male,20,Delhi,Delhi,Paid Search,2025-11-13
C06309,Customer 06309,Male,18,Ahmedabad,Gujarat,Referral,2024-03-30
C06310,Customer 06310,Male,28,Jaipur,Rajasthan,Social Media,2024-12-01
C06311,Customer 06311,Female,40,Mumbai,Maharashtra,Referral,2024-03-06
C06312,Customer 06312,Female,20,Patna,Bihar,Direct,2024-09-12
C06313,Customer 06313,Female,31,Ahmedabad,Gujarat,Social Media,2024-12-10
C06314,Customer 06314,Female,35,Bengaluru,Karnataka,Email,2025-12-16
C06315,Customer 06315,Male,26,Kolkata,West Bengal,Paid Search,2024-12-29
C06316,Customer 06316,Female,37,Hyderabad,Telangana,Direct,2025-01-30
C06317,Customer 06317,Female,33,Noida,Uttar Pradesh,Paid Search,2025-03-19
C06318,Customer 06318,Male,33,Bengaluru,Karnataka,Paid Search,2025-01-07
C06319,Customer 06319,Male,46,Delhi,Delhi,Organic Search,2025-08-25
C06320,Customer 06320,Male,37,Delhi,Delhi,Paid Search,2024-08-18
C06321,Customer 06321,Female,27,Noida,Uttar Pradesh,Organic Search,2025-05-14
C06322,Customer 06322,Female,35,Lucknow,Uttar Pradesh,Paid Search,2025-09-17
C06323,Customer 06323,Male,46,Bengaluru,Karnataka,Paid Search,2024-01-08
C06324,Customer 06324,Male,28,Hyderabad,Telangana,Referral,2025-04-28
C06325,Customer 06325,Female,38,Noida,Uttar Pradesh,Organic Search,2025-06-03
C06326,Customer 06326,Male,39,Hyderabad,Telangana,Referral,2025-02-02
C06327,Customer 06327,Male,33,Bengaluru,Karnataka,Direct,2024-06-30
C06328,Customer 06328,Male,29,Ahmedabad,Gujarat,Direct,2024-03-25
C06329,Customer 06329,Female,31,Hyderabad,Telangana,Organic Search,2024-09-14
C06330,Customer 06330,Male,24,Bengaluru,Karnataka,Organic Search,2024-08-17
C06331,Customer 06331,Female,31,Delhi,Delhi,Direct,2025-11-22
C06332,Customer 06332,Female,38,Hyderabad,Telangana,Email,2024-08-13
C06333,Customer 06333,Male,42,Kochi,Kerala,Email,2024-10-03
C06334,Customer 06334,Female,18,Bengaluru,Karnataka,Organic Search,2024-12-08
C06335,Customer 06335,Female,36,Pune,Maharashtra,Organic Search,2024-09-20
C06336,Customer 06336,Male,39,Delhi,Delhi,Organic Search,2024-11-15
C06337,Customer 06337,Male,36,Chennai,Tamil Nadu,Email,2025-07-09
C06338,Customer 06338,Male,35,Indore,Madhya Pradesh,Organic Search,2025-05-12
C06339,Customer 06339,Male,32,Hyderabad,Telangana,Referral,2025-07-24
C06340,Customer 06340,Male,24,Chennai,Tamil Nadu,Social Media,2025-08-02
C06341,Customer 06341,Male,23,Chennai,Tamil Nadu,Social Media,2024-06-21
C06342,Customer 06342,Female,36,Gurugram,Haryana,Organic Search,2025-03-03
C06343,Customer 06343,Male,34,Kolkata,West Bengal,Organic Search,2025-06-06
C06344,Customer 06344,Male,32,Bengaluru,Karnataka,Organic Search,2025-10-20
C06345,Customer 06345,Female,33,Jaipur,Rajasthan,Organic Search,2025-01-15
C06346,Customer 06346,Male,18,Hyderabad,Telangana,Referral,2025-10-22
C06347,Customer 06347,Male,26,Delhi,Delhi,Paid Search,2024-01-14
C06348,Customer 06348,Female,33,Patna,Bihar,Organic Search,2024-12-29
C06349,Customer 06349,Female,36,Jaipur,Rajasthan,Email,2024-04-01
C06350,Customer 06350,Male,27,Indore,Madhya Pradesh,Referral,2024-09-11
C06351,Customer 06351,Female,22,Nagpur,Maharashtra,Direct,2025-05-14
C06352,Customer 06352,Female,31,Bengaluru,Karnataka,Organic Search,2025-05-25
C06353,Customer 06353,Male,43,Noida,Uttar Pradesh,Social Media,2025-03-04
C06354,Customer 06354,Female,55,Chennai,Tamil Nadu,Direct,2025-03-18
C06355,Customer 06355,Male,47,Chennai,Tamil Nadu,Social Media,2025-06-17
C06356,Customer 06356,Male,35,Delhi,Delhi,Referral,2025-10-01
C06357,Customer 06357,Female,34,Patna,Bihar,Social Media,2025-01-06
C06358,Customer 06358,Female,18,Indore,Madhya Pradesh,Referral,2024-04-23
C06359,Customer 06359,Female,43,Delhi,Delhi,Organic Search,2024-08-16
C06360,Customer 06360,Male,36,Bengaluru,Karnataka,Referral,2024-08-15
C06361,Customer 06361,Male,23,Hyderabad,Telangana,Organic Search,2024-09-15
C06362,Customer 06362,Male,61,Delhi,Delhi,Paid Search,2024-10-01
C06363,Customer 06363,Female,23,Noida,Uttar Pradesh,Paid Search,2025-02-25
C06364,Customer 06364,Male,35,Noida,Uttar Pradesh,Email,2025-07-22
C06365,Customer 06365,Female,35,Bengaluru,Karnataka,Direct,2025-12-05
C06366,Customer 06366,Male,28,Bengaluru,Karnataka,Paid Search,2025-09-12
C06367,Customer 06367,Female,40,Kochi,Kerala,Organic Search,2025-04-09
C06368,Customer 06368,Male,48,Kochi,Kerala,Paid Search,2024-01-20
C06369,Customer 06369,Female,21,Hyderabad,Telangana,Paid Search,2025-02-27
C06370,Customer 06370,Male,32,Indore,Madhya Pradesh,Direct,2025-03-31
C06371,Customer 06371,Female,49,Delhi,Delhi,Social Media,2024-01-04
C06372,Customer 06372,Female,29,Mumbai,Maharashtra,Organic Search,2024-05-06
C06373,Customer 06373,Female,46,Mumbai,Maharashtra,Direct,2025-09-29
C06374,Customer 06374,Female,18,Lucknow,Uttar Pradesh,Email,2024-12-10
C06375,Customer 06375,Female,31,Bengaluru,Karnataka,Organic Search,2024-02-18
C06376,Customer 06376,Female,34,Hyderabad,Telangana,Social Media,2025-10-21
C06377,Customer 06377,Female,20,Chennai,Tamil Nadu,Paid Search,2025-06-14
C06378,Customer 06378,Female,33,Mumbai,Maharashtra,Social Media,2025-10-26
C06379,Customer 06379,Female,20,Indore,Madhya Pradesh,Referral,2024-04-03
C06380,Customer 06380,Female,22,Ahmedabad,Gujarat,Email,2025-09-19
C06381,Customer 06381,Male,22,Nagpur,Maharashtra,Organic Search,2025-05-03
C06382,Customer 06382,Male,36,Chennai,Tamil Nadu,Paid Search,2025-07-10
C06383,Customer 06383,Female,27,Mumbai,Maharashtra,Organic Search,2024-12-25
C06384,Customer 06384,Male,48,Bengaluru,Karnataka,Social Media,2025-08-04
C06385,Customer 06385,Female,40,Noida,Uttar Pradesh,Organic Search,2024-04-14
C06386,Customer 06386,Female,33,Patna,Bihar,Referral,2025-11-04
C06387,Customer 06387,Female,22,Lucknow,Uttar Pradesh,Organic Search,2024-01-09
C06388,Customer 06388,Male,18,Bengaluru,Karnataka,Social Media,2025-05-09
C06389,Customer 06389,Male,35,Jaipur,Rajasthan,Paid Search,2024-12-14
C06390,Customer 06390,Female,38,Indore,Madhya Pradesh,Organic Search,2024-12-04
C06391,Customer 06391,Male,38,Pune,Maharashtra,Social Media,2024-12-17
C06392,Customer 06392,Male,32,Kochi,Kerala,Direct,2024-04-15
C06393,Customer 06393,Male,20,Kochi,Kerala,Email,2025-04-26
C06394,Customer 06394,Female,38,Jaipur,Rajasthan,Referral,2025-02-15
C06395,Customer 06395,Male,25,Kolkata,West Bengal,Social Media,2025-11-09
C06396,Customer 06396,Male,25,Mumbai,Maharashtra,Social Media,2025-09-27
C06397,Customer 06397,Male,28,Delhi,Delhi,Direct,2025-11-10
C06398,Customer 06398,Male,19,Ahmedabad,Gujarat,Referral,2024-08-15
C06399,Customer 06399,Male,27,Noida,Uttar Pradesh,Organic Search,2025-02-01
C06400,Customer 06400,Female,29,Ahmedabad,Gujarat,Direct,2024-11-11
C06401,Customer 06401,Female,27,Lucknow,Uttar Pradesh,Organic Search,2024-01-30
C06402,Customer 06402,Male,35,Chennai,Tamil Nadu,Social Media,2024-06-25
C06403,Customer 06403,Male,44,Kochi,Kerala,Referral,2025-09-18
C06404,Customer 06404,Female,22,Mumbai,Maharashtra,Email,2025-12-10
C06405,Customer 06405,Female,36,Mumbai,Maharashtra,Social Media,2025-08-29
C06406,Customer 06406,Male,53,Lucknow,Uttar Pradesh,Organic Search,2024-11-04
C06407,Customer 06407,Male,53,Noida,Uttar Pradesh,Paid Search,2024-01-12
C06408,Customer 06408,Female,29,Kochi,Kerala,Social Media,2024-01-16
C06409,Customer 06409,Male,18,Lucknow,Uttar Pradesh,Organic Search,2025-03-13
C06410,Customer 06410,Male,27,Kolkata,West Bengal,Referral,2025-01-16
C06411,Customer 06411,Female,24,Chennai,Tamil Nadu,Referral,2024-02-29
C06412,Customer 06412,Female,19,Bengaluru,Karnataka,Organic Search,2024-11-21
C06413,Customer 06413,Male,27,Hyderabad,Telangana,Organic Search,2024-12-28
C06414,Customer 06414,Male,26,Hyderabad,Telangana,Email,2024-06-26
C06415,Customer 06415,Male,29,Pune,Maharashtra,Direct,2024-09-20
C06416,Customer 06416,Female,47,Kolkata,West Bengal,Direct,2025-04-24
C06417,Customer 06417,Male,36,Kolkata,West Bengal,Organic Search,2024-01-24
C06418,Customer 06418,Male,49,Noida,Uttar Pradesh,Email,2024-12-01
C06419,Customer 06419,Female,35,Pune,Maharashtra,Referral,2024-01-05
C06420,Customer 06420,Male,28,Bengaluru,Karnataka,Referral,2025-03-10
C06421,Customer 06421,Male,34,Lucknow,Uttar Pradesh,Organic Search,2025-07-07
C06422,Customer 06422,Female,37,Chennai,Tamil Nadu,Email,2025-08-27
C06423,Customer 06423,Female,28,Chennai,Tamil Nadu,Organic Search,2025-03-05
C06424,Customer 06424,Female,28,Mumbai,Maharashtra,Organic Search,2024-08-15
C06425,Customer 06425,Male,35,Kolkata,West Bengal,Email,2025-02-28
C06426,Customer 06426,Female,22,Coimbatore,Tamil Nadu,Social Media,2024-02-26
C06427,Customer 06427,Female,22,Jaipur,Rajasthan,Email,2025-04-05
C06428,Customer 06428,Male,38,Chennai,Tamil Nadu,Organic Search,2025-02-08
C06429,Customer 06429,Male,35,Noida,Uttar Pradesh,Organic Search,2025-09-19
C06430,Customer 06430,Male,33,Delhi,Delhi,Paid Search,2024-05-15
C06431,Customer 06431,Male,41,Chennai,Tamil Nadu,Social Media,2024-06-22
C06432,Customer 06432,Female,18,Mumbai,Maharashtra,Organic Search,2025-11-12
C06433,Customer 06433,Male,32,Noida,Uttar Pradesh,Organic Search,2024-07-05
C06434,Customer 06434,Female,18,Kolkata,West Bengal,Referral,2024-09-07
C06435,Customer 06435,Male,24,Kolkata,West Bengal,Email,2025-12-30
C06436,Customer 06436,Female,19,Indore,Madhya Pradesh,Social Media,2025-03-19
C06437,Customer 06437,Male,49,Kolkata,West Bengal,Email,2025-08-24
C06438,Customer 06438,Male,28,Indore,Madhya Pradesh,Paid Search,2025-10-31
C06439,Customer 06439,Female,26,Bhopal,Madhya Pradesh,Social Media,2025-02-01
C06440,Customer 06440,Non-binary,18,Kolkata,West Bengal,Organic Search,2024-04-14
C06441,Customer 06441,Male,24,Kochi,Kerala,Direct,2024-06-28
C06442,Customer 06442,Male,28,Bengaluru,Karnataka,Direct,2024-11-04
C06443,Customer 06443,Female,40,Hyderabad,Telangana,Referral,2024-05-06
C06444,Customer 06444,Female,27,Bengaluru,Karnataka,Social Media,2024-06-22
C06445,Customer 06445,Male,28,Hyderabad,Telangana,Organic Search,2025-05-23
C06446,Customer 06446,Male,33,Kolkata,West Bengal,Direct,2025-01-23
C06447,Customer 06447,Male,42,Chandigarh,Chandigarh,Paid Search,2024-01-31
C06448,Customer 06448,Female,36,Noida,Uttar Pradesh,Social Media,2025-09-30
C06449,Customer 06449,Male,23,Chandigarh,Chandigarh,Referral,2025-04-08
C06450,Customer 06450,Male,40,Chennai,Tamil Nadu,Social Media,2024-06-20
C06451,Customer 06451,Male,32,Surat,Gujarat,Social Media,2025-01-05
C06452,Customer 06452,Male,30,Surat,Gujarat,Email,2025-06-02
C06453,Customer 06453,Female,40,Kolkata,West Bengal,Referral,2024-06-04
C06454,Customer 06454,Male,41,Bengaluru,Karnataka,Organic Search,2025-12-14
C06455,Customer 06455,Female,30,Hyderabad,Telangana,Organic Search,2024-11-03
C06456,Customer 06456,Male,30,Kolkata,West Bengal,Social Media,2025-08-28
C06457,Customer 06457,Male,20,Delhi,Delhi,Social Media,2024-06-21
C06458,Customer 06458,Male,31,Kolkata,West Bengal,Referral,2024-07-14
C06459,Customer 06459,Male,44,Indore,Madhya Pradesh,Social Media,2025-07-12
C06460,Customer 06460,Male,40,Surat,Gujarat,Social Media,2025-11-20
C06461,Customer 06461,Male,28,Ahmedabad,Gujarat,Direct,2025-11-06
C06462,Customer 06462,Female,48,Jaipur,Rajasthan,Direct,2025-07-18
C06463,Customer 06463,Female,30,Delhi,Delhi,Organic Search,2024-09-04
C06464,Customer 06464,Female,26,Noida,Uttar Pradesh,Referral,2025-11-26
C06465,Customer 06465,Non-binary,31,Chennai,Tamil Nadu,Social Media,2025-02-26
C06466,Customer 06466,Female,35,Pune,Maharashtra,Organic Search,2025-02-08
C06467,Customer 06467,Female,26,Bengaluru,Karnataka,Referral,2025-06-04
C06468,Customer 06468,Female,38,Hyderabad,Telangana,Social Media,2024-02-14
C06469,Customer 06469,Female,21,Delhi,Delhi,Direct,2025-01-26
C06470,Customer 06470,Female,24,Kochi,Kerala,Referral,2025-09-13
C06471,Customer 06471,Male,29,Bengaluru,Karnataka,Paid Search,2025-09-28
C06472,Customer 06472,Male,33,Pune,Maharashtra,Email,2025-07-02
C06473,Customer 06473,Male,39,Surat,Gujarat,Referral,2024-10-29
C06474,Customer 06474,Male,40,Chennai,Tamil Nadu,Organic Search,2025-10-11
C06475,Customer 06475,Male,18,Kochi,Kerala,Paid Search,2024-09-26
C06476,Customer 06476,Male,18,Hyderabad,Telangana,Referral,2025-04-07
C06477,Customer 06477,Female,30,Noida,Uttar Pradesh,Social Media,2024-04-07
C06478,Customer 06478,Male,27,Chandigarh,Chandigarh,Social Media,2024-11-10
C06479,Customer 06479,Female,18,Chandigarh,Chandigarh,Organic Search,2024-01-06
C06480,Customer 06480,Male,19,Jaipur,Rajasthan,Organic Search,2024-04-15
C06481,Customer 06481,Male,47,Pune,Maharashtra,Organic Search,2025-12-01
C06482,Customer 06482,Male,38,Patna,Bihar,Direct,2024-02-14
C06483,Customer 06483,Female,24,Noida,Uttar Pradesh,Referral,2025-08-30
C06484,Customer 06484,Male,43,Kolkata,West Bengal,Organic Search,2024-04-09
C06485,Customer 06485,Male,31,Kolkata,West Bengal,Direct,2024-10-19
C06486,Customer 06486,Female,38,Delhi,Delhi,Referral,2024-08-22
C06487,Customer 06487,Male,30,Chandigarh,Chandigarh,Organic Search,2024-11-25
C06488,Customer 06488,Female,18,Nagpur,Maharashtra,Paid Search,2025-07-26
C06489,Customer 06489,Female,23,Bengaluru,Karnataka,Organic Search,2024-06-10
C06490,Customer 06490,Female,21,Ahmedabad,Gujarat,Paid Search,2025-09-07
C06491,Customer 06491,Female,23,Mumbai,Maharashtra,Direct,2024-02-28
C06492,Customer 06492,Male,18,Delhi,Delhi,Social Media,2024-04-28
C06493,Customer 06493,Female,30,Bengaluru,Karnataka,Direct,2024-09-05
C06494,Customer 06494,Male,26,Bengaluru,Karnataka,Social Media,2025-09-05
C06495,Customer 06495,Female,37,Chennai,Tamil Nadu,Referral,2024-03-27
C06496,Customer 06496,Male,35,Pune,Maharashtra,Social Media,2025-03-22
C06497,Customer 06497,Male,32,Ahmedabad,Gujarat,Organic Search,2025-02-01
C06498,Customer 06498,Female,46,Pune,Maharashtra,Social Media,2024-08-10
C06499,Customer 06499,Female,34,Kolkata,West Bengal,Direct,2024-05-15
C06500,Customer 06500,Female,26,Hyderabad,Telangana,Paid Search,2025-05-09
C06501,Customer 06501,Female,34,Coimbatore,Tamil Nadu,Referral,2024-08-10
C06502,Customer 06502,Female,27,Surat,Gujarat,Social Media,2024-11-28
C06503,Customer 06503,Male,30,Nagpur,Maharashtra,Paid Search,2024-01-25
C06504,Customer 06504,Female,20,Bhopal,Madhya Pradesh,Social Media,2025-10-27
C06505,Customer 06505,Male,37,Indore,Madhya Pradesh,Paid Search,2025-09-01
C06506,Customer 06506,Male,21,Hyderabad,Telangana,Organic Search,2024-06-09
C06507,Customer 06507,Male,24,Delhi,Delhi,Social Media,2024-07-27
C06508,Customer 06508,Female,29,Chandigarh,Chandigarh,Social Media,2025-10-21
C06509,Customer 06509,Male,43,Delhi,Delhi,Email,2025-08-17
C06510,Customer 06510,Female,48,Pune,Maharashtra,Email,2024-04-15
C06511,Customer 06511,Female,20,Lucknow,Uttar Pradesh,Organic Search,2024-03-17
C06512,Customer 06512,Male,18,Pune,Maharashtra,Email,2024-06-23
C06513,Customer 06513,Male,41,Mumbai,Maharashtra,Email,2024-02-14
C06514,Customer 06514,Female,36,Mumbai,Maharashtra,Paid Search,2024-04-02
C06515,Customer 06515,Male,39,Bengaluru,Karnataka,Social Media,2024-02-07
C06516,Customer 06516,Female,40,Delhi,Delhi,Organic Search,2025-01-31
C06517,Customer 06517,Male,34,Pune,Maharashtra,Direct,2024-12-31
C06518,Customer 06518,Male,39,Mumbai,Maharashtra,Organic Search,2025-07-05
C06519,Customer 06519,Male,41,Chennai,Tamil Nadu,Referral,2024-07-20
C06520,Customer 06520,Male,27,Indore,Madhya Pradesh,Organic Search,2024-09-06
C06521,Customer 06521,Male,50,Pune,Maharashtra,Paid Search,2024-12-16
C06522,Customer 06522,Male,34,Delhi,Delhi,Direct,2025-12-28
C06523,Customer 06523,Male,18,Jaipur,Rajasthan,Paid Search,2025-05-11
C06524,Customer 06524,Male,44,Lucknow,Uttar Pradesh,Social Media,2024-12-12
C06525,Customer 06525,Male,32,Pune,Maharashtra,Paid Search,2025-01-15
C06526,Customer 06526,Female,18,Chennai,Tamil Nadu,Direct,2024-08-21
C06527,Customer 06527,Male,35,Delhi,Delhi,Organic Search,2024-01-25
C06528,Customer 06528,Female,18,Surat,Gujarat,Paid Search,2025-05-04
C06529,Customer 06529,Male,40,Chandigarh,Chandigarh,Direct,2024-09-29
C06530,Customer 06530,Male,18,Delhi,Delhi,Organic Search,2025-01-09
C06531,Customer 06531,Female,28,Mumbai,Maharashtra,Organic Search,2024-05-09
C06532,Customer 06532,Female,22,Pune,Maharashtra,Social Media,2025-04-26
C06533,Customer 06533,Female,37,Lucknow,Uttar Pradesh,Social Media,2024-02-23
C06534,Customer 06534,Male,20,Pune,Maharashtra,Direct,2024-06-29
C06535,Customer 06535,Male,39,Pune,Maharashtra,Referral,2025-04-12
C06536,Customer 06536,Female,39,Noida,Uttar Pradesh,Organic Search,2025-08-14
C06537,Customer 06537,Female,24,Delhi,Delhi,Paid Search,2025-09-02
C06538,Customer 06538,Male,43,Bengaluru,Karnataka,Direct,2025-05-20
C06539,Customer 06539,Female,36,Mumbai,Maharashtra,Referral,2024-04-17
C06540,Customer 06540,Male,36,Delhi,Delhi,Paid Search,2024-12-21
C06541,Customer 06541,Male,24,Ahmedabad,Gujarat,Social Media,2024-07-12
C06542,Customer 06542,Male,38,Hyderabad,Telangana,Social Media,2024-01-23
C06543,Customer 06543,Female,46,Kochi,Kerala,Social Media,2024-09-17
C06544,Customer 06544,Male,28,Pune,Maharashtra,Direct,2024-01-30
C06545,Customer 06545,Male,33,Hyderabad,Telangana,Social Media,2024-09-21
C06546,Customer 06546,Male,33,Indore,Madhya Pradesh,Direct,2025-02-11
C06547,Customer 06547,Non-binary,35,Kolkata,West Bengal,Email,2024-06-29
C06548,Customer 06548,Male,20,Mumbai,Maharashtra,Organic Search,2024-08-05
C06549,Customer 06549,Male,34,Hyderabad,Telangana,Organic Search,2025-10-20
C06550,Customer 06550,Female,25,Lucknow,Uttar Pradesh,Social Media,2025-09-25
C06551,Customer 06551,Male,43,Chennai,Tamil Nadu,Organic Search,2024-10-28
C06552,Customer 06552,Male,32,Nagpur,Maharashtra,Direct,2024-04-18
C06553,Customer 06553,Male,28,Mumbai,Maharashtra,Organic Search,2025-06-01
C06554,Customer 06554,Male,26,Mumbai,Maharashtra,Referral,2025-12-24
C06555,Customer 06555,Female,48,Nagpur,Maharashtra,Organic Search,2024-07-21
C06556,Customer 06556,Male,37,Bengaluru,Karnataka,Social Media,2025-04-14
C06557,Customer 06557,Male,48,Pune,Maharashtra,Direct,2024-06-07
C06558,Customer 06558,Female,24,Bengaluru,Karnataka,Paid Search,2025-10-24
C06559,Customer 06559,Female,42,Kolkata,West Bengal,Organic Search,2024-06-12
C06560,Customer 06560,Female,40,Kolkata,West Bengal,Organic Search,2024-03-03
C06561,Customer 06561,Female,27,Hyderabad,Telangana,Direct,2024-01-01
C06562,Customer 06562,Male,23,Chandigarh,Chandigarh,Paid Search,2025-03-22
C06563,Customer 06563,Female,42,Chennai,Tamil Nadu,Social Media,2024-11-05
C06564,Customer 06564,Male,42,Pune,Maharashtra,Direct,2025-09-08
C06565,Customer 06565,Female,31,Jaipur,Rajasthan,Organic Search,2025-02-06
C06566,Customer 06566,Female,24,Bengaluru,Karnataka,Direct,2024-07-09
C06567,Customer 06567,Female,44,Pune,Maharashtra,Organic Search,2025-04-10
C06568,Customer 06568,Female,51,Mumbai,Maharashtra,Direct,2024-02-22
C06569,Customer 06569,Male,25,Hyderabad,Telangana,Organic Search,2025-04-01
C06570,Customer 06570,Male,26,Gurugram,Haryana,Referral,2024-05-21
C06571,Customer 06571,Female,31,Surat,Gujarat,Direct,2025-09-20
C06572,Customer 06572,Male,38,Bengaluru,Karnataka,Email,2024-12-10
C06573,Customer 06573,Male,32,Mumbai,Maharashtra,Direct,2025-01-22
C06574,Customer 06574,Male,26,Jaipur,Rajasthan,Direct,2025-02-16
C06575,Customer 06575,Female,18,Mumbai,Maharashtra,Paid Search,2025-09-18
C06576,Customer 06576,Female,18,Bengaluru,Karnataka,Direct,2025-10-04
C06577,Customer 06577,Female,27,Delhi,Delhi,Referral,2024-03-24
C06578,Customer 06578,Male,18,Ahmedabad,Gujarat,Direct,2024-03-16
C06579,Customer 06579,Non-binary,41,Jaipur,Rajasthan,Referral,2025-02-09
C06580,Customer 06580,Female,18,Mumbai,Maharashtra,Email,2024-07-28
C06581,Customer 06581,Male,23,Surat,Gujarat,Email,2024-07-01
C06582,Customer 06582,Male,21,Delhi,Delhi,Organic Search,2024-03-28
C06583,Customer 06583,Female,30,Mumbai,Maharashtra,Email,2025-12-09
C06584,Customer 06584,Male,18,Jaipur,Rajasthan,Organic Search,2024-06-24
C06585,Customer 06585,Female,53,Chennai,Tamil Nadu,Paid Search,2024-10-20
C06586,Customer 06586,Male,25,Pune,Maharashtra,Paid Search,2025-07-13
C06587,Customer 06587,Male,37,Mumbai,Maharashtra,Referral,2025-12-25
C06588,Customer 06588,Male,33,Mumbai,Maharashtra,Paid Search,2025-06-05
C06589,Customer 06589,Non-binary,50,Hyderabad,Telangana,Social Media,2025-12-20
C06590,Customer 06590,Male,30,Pune,Maharashtra,Social Media,2024-08-29
C06591,Customer 06591,Female,26,Delhi,Delhi,Organic Search,2025-09-26
C06592,Customer 06592,Male,31,Gurugram,Haryana,Email,2025-02-12
C06593,Customer 06593,Female,40,Gurugram,Haryana,Social Media,2025-03-06
C06594,Customer 06594,Male,25,Surat,Gujarat,Social Media,2024-04-08
C06595,Customer 06595,Male,39,Bengaluru,Karnataka,Paid Search,2025-09-22
C06596,Customer 06596,Female,44,Delhi,Delhi,Referral,2024-06-21
C06597,Customer 06597,Non-binary,32,Delhi,Delhi,Paid Search,2024-01-28
C06598,Customer 06598,Female,46,Chennai,Tamil Nadu,Organic Search,2025-09-21
C06599,Customer 06599,Female,36,Noida,Uttar Pradesh,Email,2024-01-19
C06600,Customer 06600,Male,29,Surat,Gujarat,Email,2025-03-28
C06601,Customer 06601,Female,30,Hyderabad,Telangana,Referral,2024-03-24
C06602,Customer 06602,Female,32,Coimbatore,Tamil Nadu,Social Media,2025-09-18
C06603,Customer 06603,Female,43,Mumbai,Maharashtra,Social Media,2025-10-17
C06604,Customer 06604,Female,31,Hyderabad,Telangana,Direct,2024-03-02
C06605,Customer 06605,Male,34,Coimbatore,Tamil Nadu,Direct,2025-01-01
C06606,Customer 06606,Female,29,Kolkata,West Bengal,Organic Search,2025-02-14
C06607,Customer 06607,Male,44,Chandigarh,Chandigarh,Social Media,2024-07-29
C06608,Customer 06608,Male,33,Delhi,Delhi,Email,2025-06-03
C06609,Customer 06609,Female,18,Hyderabad,Telangana,Referral,2025-03-05
C06610,Customer 06610,Female,23,Jaipur,Rajasthan,Paid Search,2025-04-18
C06611,Customer 06611,Male,45,Mumbai,Maharashtra,Referral,2024-09-20
C06612,Customer 06612,Female,35,Pune,Maharashtra,Referral,2025-04-08
C06613,Customer 06613,Male,37,Mumbai,Maharashtra,Paid Search,2025-01-20
C06614,Customer 06614,Male,26,Bengaluru,Karnataka,Organic Search,2025-11-13
C06615,Customer 06615,Male,32,Delhi,Delhi,Paid Search,2025-01-07
C06616,Customer 06616,Male,46,Surat,Gujarat,Paid Search,2024-06-17
C06617,Customer 06617,Female,39,Patna,Bihar,Referral,2025-08-15
C06618,Customer 06618,Male,18,Pune,Maharashtra,Social Media,2024-08-30
C06619,Customer 06619,Male,23,Gurugram,Haryana,Paid Search,2025-07-16
C06620,Customer 06620,Male,47,Delhi,Delhi,Paid Search,2025-12-27
C06621,Customer 06621,Female,47,Noida,Uttar Pradesh,Social Media,2024-03-06
C06622,Customer 06622,Male,24,Hyderabad,Telangana,Email,2024-06-20
C06623,Customer 06623,Male,35,Mumbai,Maharashtra,Social Media,2024-04-08
C06624,Customer 06624,Female,38,Delhi,Delhi,Email,2025-03-15
C06625,Customer 06625,Female,39,Mumbai,Maharashtra,Direct,2025-10-15
C06626,Customer 06626,Male,19,Chandigarh,Chandigarh,Organic Search,2024-01-11
C06627,Customer 06627,Female,27,Indore,Madhya Pradesh,Referral,2024-04-12
C06628,Customer 06628,Male,30,Bengaluru,Karnataka,Direct,2025-04-20
C06629,Customer 06629,Female,27,Mumbai,Maharashtra,Direct,2024-08-13
C06630,Customer 06630,Male,32,Mumbai,Maharashtra,Organic Search,2024-10-10
C06631,Customer 06631,Male,24,Ahmedabad,Gujarat,Paid Search,2024-01-22
C06632,Customer 06632,Male,27,Delhi,Delhi,Direct,2024-07-24
C06633,Customer 06633,Male,25,Kochi,Kerala,Paid Search,2025-05-20
C06634,Customer 06634,Male,24,Pune,Maharashtra,Organic Search,2024-11-17
C06635,Customer 06635,Female,22,Lucknow,Uttar Pradesh,Organic Search,2024-06-03
C06636,Customer 06636,Male,30,Noida,Uttar Pradesh,Organic Search,2024-07-26
C06637,Customer 06637,Male,34,Mumbai,Maharashtra,Organic Search,2025-11-08
C06638,Customer 06638,Male,45,Hyderabad,Telangana,Organic Search,2024-05-08
C06639,Customer 06639,Female,37,Coimbatore,Tamil Nadu,Direct,2025-12-11
C06640,Customer 06640,Female,26,Nagpur,Maharashtra,Direct,2025-07-19
C06641,Customer 06641,Female,32,Indore,Madhya Pradesh,Direct,2025-04-02
C06642,Customer 06642,Female,29,Pune,Maharashtra,Paid Search,2024-12-03
C06643,Customer 06643,Female,48,Delhi,Delhi,Social Media,2025-10-13
C06644,Customer 06644,Female,18,Mumbai,Maharashtra,Email,2025-12-07
C06645,Customer 06645,Female,34,Chandigarh,Chandigarh,Direct,2025-01-09
C06646,Customer 06646,Male,39,Kochi,Kerala,Paid Search,2025-03-04
C06647,Customer 06647,Male,21,Delhi,Delhi,Paid Search,2024-02-05
C06648,Customer 06648,Male,36,Mumbai,Maharashtra,Direct,2024-07-04
C06649,Customer 06649,Female,38,Surat,Gujarat,Paid Search,2024-10-16
C06650,Customer 06650,Male,49,Hyderabad,Telangana,Paid Search,2024-05-03
C06651,Customer 06651,Female,43,Kochi,Kerala,Paid Search,2024-06-11
C06652,Customer 06652,Male,30,Bengaluru,Karnataka,Social Media,2024-02-14
C06653,Customer 06653,Female,31,Mumbai,Maharashtra,Organic Search,2024-07-28
C06654,Customer 06654,Female,18,Pune,Maharashtra,Social Media,2025-09-26
C06655,Customer 06655,Male,31,Mumbai,Maharashtra,Referral,2024-09-24
C06656,Customer 06656,Male,28,Hyderabad,Telangana,Organic Search,2024-06-09
C06657,Customer 06657,Female,18,Mumbai,Maharashtra,Direct,2025-07-28
C06658,Customer 06658,Male,42,Delhi,Delhi,Social Media,2025-01-18
C06659,Customer 06659,Female,31,Indore,Madhya Pradesh,Email,2024-12-25
C06660,Customer 06660,Female,37,Chennai,Tamil Nadu,Organic Search,2024-03-15
C06661,Customer 06661,Female,26,Chandigarh,Chandigarh,Organic Search,2024-02-23
C06662,Customer 06662,Female,44,Nagpur,Maharashtra,Organic Search,2024-09-17
C06663,Customer 06663,Female,22,Pune,Maharashtra,Direct,2025-02-23
C06664,Customer 06664,Male,44,Delhi,Delhi,Organic Search,2024-12-26
C06665,Customer 06665,Female,41,Delhi,Delhi,Paid Search,2025-06-27
C06666,Customer 06666,Male,32,Nagpur,Maharashtra,Direct,2024-06-22
C06667,Customer 06667,Male,27,Chennai,Tamil Nadu,Organic Search,2025-02-02
C06668,Customer 06668,Male,18,Nagpur,Maharashtra,Organic Search,2025-04-21
C06669,Customer 06669,Male,19,Delhi,Delhi,Paid Search,2024-12-02
C06670,Customer 06670,Female,30,Chennai,Tamil Nadu,Social Media,2025-11-25
C06671,Customer 06671,Male,45,Delhi,Delhi,Paid Search,2025-11-09
C06672,Customer 06672,Female,29,Bengaluru,Karnataka,Referral,2024-05-05
C06673,Customer 06673,Female,26,Nagpur,Maharashtra,Email,2024-12-12
C06674,Customer 06674,Male,28,Bengaluru,Karnataka,Social Media,2025-12-05
C06675,Customer 06675,Male,26,Pune,Maharashtra,Social Media,2024-06-14
C06676,Customer 06676,Male,25,Coimbatore,Tamil Nadu,Referral,2025-03-21
C06677,Customer 06677,Female,28,Kolkata,West Bengal,Organic Search,2024-06-09
C06678,Customer 06678,Female,37,Mumbai,Maharashtra,Social Media,2025-03-06
C06679,Customer 06679,Female,30,Ahmedabad,Gujarat,Direct,2025-07-09
C06680,Customer 06680,Female,27,Chandigarh,Chandigarh,Direct,2024-11-16
C06681,Customer 06681,Female,39,Kolkata,West Bengal,Email,2024-09-16
C06682,Customer 06682,Male,35,Mumbai,Maharashtra,Email,2025-02-23
C06683,Customer 06683,Male,40,Chennai,Tamil Nadu,Paid Search,2024-04-21
C06684,Customer 06684,Male,38,Chandigarh,Chandigarh,Social Media,2024-11-27
C06685,Customer 06685,Female,31,Hyderabad,Telangana,Direct,2025-04-21
C06686,Customer 06686,Female,32,Gurugram,Haryana,Email,2025-03-21
C06687,Customer 06687,Female,48,Jaipur,Rajasthan,Social Media,2024-06-03
C06688,Customer 06688,Male,34,Patna,Bihar,Organic Search,2025-10-21
C06689,Customer 06689,Female,40,Kolkata,West Bengal,Organic Search,2024-11-02
C06690,Customer 06690,Female,40,Coimbatore,Tamil Nadu,Social Media,2024-04-24
C06691,Customer 06691,Female,40,Nagpur,Maharashtra,Social Media,2025-09-14
C06692,Customer 06692,Male,22,Bengaluru,Karnataka,Referral,2024-06-15
C06693,Customer 06693,Male,48,Bhopal,Madhya Pradesh,Social Media,2024-05-21
C06694,Customer 06694,Male,30,Indore,Madhya Pradesh,Email,2025-01-01
C06695,Customer 06695,Female,30,Hyderabad,Telangana,Organic Search,2024-03-31
C06696,Customer 06696,Female,41,Kochi,Kerala,Organic Search,2025-05-02
C06697,Customer 06697,Male,18,Nagpur,Maharashtra,Direct,2024-07-17
C06698,Customer 06698,Female,34,Bengaluru,Karnataka,Social Media,2024-07-11
C06699,Customer 06699,Male,20,Chennai,Tamil Nadu,Referral,2024-10-22
C06700,Customer 06700,Male,51,Hyderabad,Telangana,Referral,2025-03-30
C06701,Customer 06701,Male,46,Ahmedabad,Gujarat,Organic Search,2025-07-26
C06702,Customer 06702,Male,18,Pune,Maharashtra,Organic Search,2025-11-02
C06703,Customer 06703,Male,32,Noida,Uttar Pradesh,Social Media,2025-08-10
C06704,Customer 06704,Male,43,Mumbai,Maharashtra,Referral,2025-11-30
C06705,Customer 06705,Female,20,Pune,Maharashtra,Email,2025-08-18
C06706,Customer 06706,Female,32,Mumbai,Maharashtra,Organic Search,2024-03-26
C06707,Customer 06707,Male,35,Hyderabad,Telangana,Organic Search,2025-08-05
C06708,Customer 06708,Female,35,Patna,Bihar,Paid Search,2024-08-22
C06709,Customer 06709,Female,18,Pune,Maharashtra,Paid Search,2025-02-09
C06710,Customer 06710,Female,40,Noida,Uttar Pradesh,Direct,2025-02-19
C06711,Customer 06711,Male,30,Ahmedabad,Gujarat,Referral,2025-05-06
C06712,Customer 06712,Female,36,Bengaluru,Karnataka,Organic Search,2024-03-03
C06713,Customer 06713,Male,53,Lucknow,Uttar Pradesh,Organic Search,2025-10-23
C06714,Customer 06714,Female,18,Patna,Bihar,Paid Search,2025-11-18
C06715,Customer 06715,Male,32,Bengaluru,Karnataka,Direct,2025-12-25
C06716,Customer 06716,Female,28,Delhi,Delhi,Social Media,2025-03-04
C06717,Customer 06717,Male,41,Kochi,Kerala,Email,2024-02-19
C06718,Customer 06718,Female,42,Chennai,Tamil Nadu,Social Media,2024-09-12
C06719,Customer 06719,Female,37,Ahmedabad,Gujarat,Referral,2024-01-02
C06720,Customer 06720,Male,23,Delhi,Delhi,Social Media,2025-12-18
C06721,Customer 06721,Male,38,Patna,Bihar,Organic Search,2025-02-16
C06722,Customer 06722,Male,23,Bengaluru,Karnataka,Paid Search,2024-08-22
C06723,Customer 06723,Female,18,Chennai,Tamil Nadu,Direct,2025-03-27
C06724,Customer 06724,Male,22,Bengaluru,Karnataka,Organic Search,2025-09-24
C06725,Customer 06725,Male,25,Pune,Maharashtra,Referral,2025-09-04
C06726,Customer 06726,Female,34,Hyderabad,Telangana,Organic Search,2025-03-31
C06727,Customer 06727,Female,37,Bengaluru,Karnataka,Referral,2024-09-07
C06728,Customer 06728,Female,24,Ahmedabad,Gujarat,Direct,2024-04-08
C06729,Customer 06729,Female,40,Hyderabad,Telangana,Direct,2025-09-01
C06730,Customer 06730,Male,21,Delhi,Delhi,Referral,2025-02-18
C06731,Customer 06731,Male,18,Indore,Madhya Pradesh,Email,2024-05-25
C06732,Customer 06732,Female,30,Hyderabad,Telangana,Social Media,2025-10-21
C06733,Customer 06733,Female,18,Gurugram,Haryana,Paid Search,2024-10-28
C06734,Customer 06734,Male,47,Bhopal,Madhya Pradesh,Email,2024-01-11
C06735,Customer 06735,Male,39,Mumbai,Maharashtra,Organic Search,2025-07-07
C06736,Customer 06736,Male,20,Lucknow,Uttar Pradesh,Organic Search,2024-01-09
C06737,Customer 06737,Female,29,Gurugram,Haryana,Organic Search,2025-12-25
C06738,Customer 06738,Female,26,Hyderabad,Telangana,Direct,2024-08-26
C06739,Customer 06739,Female,29,Pune,Maharashtra,Organic Search,2024-10-01
C06740,Customer 06740,Male,27,Bengaluru,Karnataka,Referral,2025-04-06
C06741,Customer 06741,Male,46,Patna,Bihar,Direct,2025-09-16
C06742,Customer 06742,Female,29,Chandigarh,Chandigarh,Paid Search,2024-04-22
C06743,Customer 06743,Male,33,Bengaluru,Karnataka,Email,2024-02-25
C06744,Customer 06744,Male,35,Ahmedabad,Gujarat,Organic Search,2024-03-17
C06745,Customer 06745,Male,42,Kolkata,West Bengal,Paid Search,2025-12-26
C06746,Customer 06746,Female,28,Indore,Madhya Pradesh,Social Media,2024-06-08
C06747,Customer 06747,Male,44,Delhi,Delhi,Organic Search,2024-10-02
C06748,Customer 06748,Male,43,Surat,Gujarat,Referral,2025-01-20
C06749,Customer 06749,Female,23,Delhi,Delhi,Direct,2024-12-08
C06750,Customer 06750,Female,19,Hyderabad,Telangana,Social Media,2025-11-27
C06751,Customer 06751,Female,33,Hyderabad,Telangana,Social Media,2025-11-13
C06752,Customer 06752,Male,25,Pune,Maharashtra,Social Media,2024-05-02
C06753,Customer 06753,Male,39,Chandigarh,Chandigarh,Social Media,2025-04-17
C06754,Customer 06754,Male,25,Coimbatore,Tamil Nadu,Organic Search,2024-08-20
C06755,Customer 06755,Male,29,Chandigarh,Chandigarh,Direct,2024-11-02
C06756,Customer 06756,Male,18,Hyderabad,Telangana,Paid Search,2025-07-22
C06757,Customer 06757,Male,26,Ahmedabad,Gujarat,Social Media,2025-05-03
C06758,Customer 06758,Female,35,Mumbai,Maharashtra,Organic Search,2025-01-07
C06759,Customer 06759,Female,33,Delhi,Delhi,Social Media,2025-06-09
C06760,Customer 06760,Male,38,Gurugram,Haryana,Social Media,2024-03-14
C06761,Customer 06761,Female,29,Delhi,Delhi,Social Media,2025-10-19
C06762,Customer 06762,Male,26,Chandigarh,Chandigarh,Social Media,2024-05-18
C06763,Customer 06763,Male,40,Delhi,Delhi,Social Media,2024-05-20
C06764,Customer 06764,Male,44,Noida,Uttar Pradesh,Paid Search,2025-03-06
C06765,Customer 06765,Male,36,Lucknow,Uttar Pradesh,Social Media,2024-01-18
C06766,Customer 06766,Male,29,Mumbai,Maharashtra,Social Media,2025-09-14
C06767,Customer 06767,Male,38,Chennai,Tamil Nadu,Organic Search,2025-10-25
C06768,Customer 06768,Female,39,Mumbai,Maharashtra,Email,2024-01-25
C06769,Customer 06769,Female,32,Chennai,Tamil Nadu,Referral,2025-06-07
C06770,Customer 06770,Female,23,Bengaluru,Karnataka,Referral,2025-06-18
C06771,Customer 06771,Non-binary,31,Bengaluru,Karnataka,Paid Search,2024-03-03
C06772,Customer 06772,Female,35,Chennai,Tamil Nadu,Social Media,2025-11-05
C06773,Customer 06773,Female,33,Kochi,Kerala,Organic Search,2025-10-25
C06774,Customer 06774,Male,47,Mumbai,Maharashtra,Referral,2025-10-18
C06775,Customer 06775,Female,33,Delhi,Delhi,Referral,2025-02-15
C06776,Customer 06776,Female,36,Mumbai,Maharashtra,Direct,2024-03-05
C06777,Customer 06777,Male,36,Delhi,Delhi,Paid Search,2024-09-13
C06778,Customer 06778,Male,34,Kolkata,West Bengal,Organic Search,2024-05-09
C06779,Customer 06779,Male,31,Chandigarh,Chandigarh,Direct,2024-02-18
C06780,Customer 06780,Female,31,Hyderabad,Telangana,Organic Search,2024-12-23
C06781,Customer 06781,Female,25,Jaipur,Rajasthan,Direct,2024-02-28
C06782,Customer 06782,Female,40,Hyderabad,Telangana,Referral,2025-04-02
C06783,Customer 06783,Female,23,Hyderabad,Telangana,Paid Search,2024-09-24
C06784,Customer 06784,Male,38,Chandigarh,Chandigarh,Social Media,2025-11-06
C06785,Customer 06785,Female,18,Bengaluru,Karnataka,Organic Search,2025-04-04
C06786,Customer 06786,Female,24,Mumbai,Maharashtra,Direct,2024-07-13
C06787,Customer 06787,Male,32,Mumbai,Maharashtra,Social Media,2025-02-01
C06788,Customer 06788,Male,20,Mumbai,Maharashtra,Email,2025-09-08
C06789,Customer 06789,Female,38,Kolkata,West Bengal,Social Media,2025-07-25
C06790,Customer 06790,Female,22,Chennai,Tamil Nadu,Paid Search,2024-12-24
C06791,Customer 06791,Male,41,Bengaluru,Karnataka,Social Media,2024-06-05
C06792,Customer 06792,Female,19,Bengaluru,Karnataka,Social Media,2025-02-22
C06793,Customer 06793,Female,35,Jaipur,Rajasthan,Organic Search,2025-02-17
C06794,Customer 06794,Female,27,Delhi,Delhi,Paid Search,2024-12-23
C06795,Customer 06795,Female,30,Chennai,Tamil Nadu,Paid Search,2025-10-08
C06796,Customer 06796,Male,41,Gurugram,Haryana,Social Media,2025-07-23
C06797,Customer 06797,Female,30,Chennai,Tamil Nadu,Paid Search,2025-03-25
C06798,Customer 06798,Female,30,Patna,Bihar,Social Media,2025-05-09
C06799,Customer 06799,Male,41,Chandigarh,Chandigarh,Paid Search,2025-09-20
C06800,Customer 06800,Male,37,Surat,Gujarat,Social Media,2024-08-02
C06801,Customer 06801,Female,30,Kolkata,West Bengal,Organic Search,2025-02-22
C06802,Customer 06802,Male,46,Lucknow,Uttar Pradesh,Social Media,2024-10-20
C06803,Customer 06803,Female,44,Bengaluru,Karnataka,Referral,2025-08-06
C06804,Customer 06804,Male,43,Surat,Gujarat,Organic Search,2024-12-15
C06805,Customer 06805,Male,37,Hyderabad,Telangana,Organic Search,2024-10-18
C06806,Customer 06806,Male,25,Hyderabad,Telangana,Organic Search,2025-08-28
C06807,Customer 06807,Male,33,Jaipur,Rajasthan,Direct,2025-01-18
C06808,Customer 06808,Female,29,Gurugram,Haryana,Social Media,2024-02-20
C06809,Customer 06809,Female,18,Chandigarh,Chandigarh,Paid Search,2025-10-13
C06810,Customer 06810,Female,28,Indore,Madhya Pradesh,Referral,2024-08-15
C06811,Customer 06811,Female,30,Delhi,Delhi,Email,2025-02-27
C06812,Customer 06812,Male,23,Ahmedabad,Gujarat,Referral,2024-10-27
C06813,Customer 06813,Male,35,Lucknow,Uttar Pradesh,Organic Search,2024-10-08
C06814,Customer 06814,Male,18,Indore,Madhya Pradesh,Direct,2025-01-26
C06815,Customer 06815,Female,21,Delhi,Delhi,Referral,2024-06-16
C06816,Customer 06816,Female,41,Indore,Madhya Pradesh,Social Media,2024-02-09
C06817,Customer 06817,Male,48,Ahmedabad,Gujarat,Social Media,2024-11-16
C06818,Customer 06818,Female,24,Delhi,Delhi,Organic Search,2025-03-28
C06819,Customer 06819,Non-binary,28,Nagpur,Maharashtra,Social Media,2025-10-15
C06820,Customer 06820,Male,34,Noida,Uttar Pradesh,Email,2024-08-19
C06821,Customer 06821,Female,25,Chennai,Tamil Nadu,Referral,2024-02-15
C06822,Customer 06822,Male,42,Hyderabad,Telangana,Referral,2025-07-03
C06823,Customer 06823,Male,30,Jaipur,Rajasthan,Organic Search,2025-12-11
C06824,Customer 06824,Female,26,Kolkata,West Bengal,Email,2024-06-26
C06825,Customer 06825,Male,39,Noida,Uttar Pradesh,Organic Search,2025-07-09
C06826,Customer 06826,Male,50,Bengaluru,Karnataka,Organic Search,2024-12-28
C06827,Customer 06827,Male,22,Kolkata,West Bengal,Email,2024-02-09
C06828,Customer 06828,Male,18,Kolkata,West Bengal,Paid Search,2024-09-18
C06829,Customer 06829,Non-binary,33,Delhi,Delhi,Email,2024-07-07
C06830,Customer 06830,Male,37,Gurugram,Haryana,Email,2024-04-23
C06831,Customer 06831,Female,30,Ahmedabad,Gujarat,Direct,2025-10-28
C06832,Customer 06832,Male,28,Bengaluru,Karnataka,Referral,2024-01-25
C06833,Customer 06833,Female,18,Chennai,Tamil Nadu,Referral,2024-01-28
C06834,Customer 06834,Female,31,Noida,Uttar Pradesh,Organic Search,2025-11-10
C06835,Customer 06835,Male,26,Patna,Bihar,Organic Search,2025-07-29
C06836,Customer 06836,Male,45,Nagpur,Maharashtra,Email,2025-03-25
C06837,Customer 06837,Female,23,Chennai,Tamil Nadu,Organic Search,2025-08-02
C06838,Customer 06838,Male,19,Pune,Maharashtra,Direct,2024-07-04
C06839,Customer 06839,Female,18,Hyderabad,Telangana,Email,2025-03-25
C06840,Customer 06840,Male,27,Bengaluru,Karnataka,Organic Search,2024-04-06
C06841,Customer 06841,Female,38,Patna,Bihar,Organic Search,2025-08-01
C06842,Customer 06842,Female,51,Kochi,Kerala,Social Media,2025-05-31
C06843,Customer 06843,Female,23,Indore,Madhya Pradesh,Email,2025-09-16
C06844,Customer 06844,Female,22,Bengaluru,Karnataka,Paid Search,2024-03-28
C06845,Customer 06845,Female,25,Kolkata,West Bengal,Referral,2024-01-08
C06846,Customer 06846,Male,32,Hyderabad,Telangana,Paid Search,2024-01-25
C06847,Customer 06847,Female,34,Hyderabad,Telangana,Organic Search,2025-01-20
C06848,Customer 06848,Male,35,Gurugram,Haryana,Social Media,2025-12-10
C06849,Customer 06849,Male,23,Bengaluru,Karnataka,Referral,2024-07-10
C06850,Customer 06850,Non-binary,18,Lucknow,Uttar Pradesh,Organic Search,2025-01-22
C06851,Customer 06851,Female,35,Kolkata,West Bengal,Organic Search,2025-09-18
C06852,Customer 06852,Male,38,Chennai,Tamil Nadu,Direct,2025-07-31
C06853,Customer 06853,Male,23,Chennai,Tamil Nadu,Organic Search,2024-11-28
C06854,Customer 06854,Female,18,Ahmedabad,Gujarat,Organic Search,2025-04-14
C06855,Customer 06855,Female,21,Bhopal,Madhya Pradesh,Social Media,2024-07-03
C06856,Customer 06856,Female,27,Chennai,Tamil Nadu,Organic Search,2025-10-24
C06857,Customer 06857,Female,22,Mumbai,Maharashtra,Social Media,2025-06-26
C06858,Customer 06858,Male,27,Mumbai,Maharashtra,Organic Search,2024-09-27
C06859,Customer 06859,Male,18,Jaipur,Rajasthan,Direct,2025-04-22
C06860,Customer 06860,Male,40,Mumbai,Maharashtra,Paid Search,2024-03-03
C06861,Customer 06861,Male,26,Chennai,Tamil Nadu,Email,2024-11-21
C06862,Customer 06862,Male,18,Pune,Maharashtra,Organic Search,2025-02-19
C06863,Customer 06863,Female,33,Kolkata,West Bengal,Referral,2025-04-10
C06864,Customer 06864,Male,29,Jaipur,Rajasthan,Paid Search,2024-11-29
C06865,Customer 06865,Male,47,Chandigarh,Chandigarh,Referral,2025-06-13
C06866,Customer 06866,Male,36,Gurugram,Haryana,Social Media,2024-11-23
C06867,Customer 06867,Female,35,Bengaluru,Karnataka,Organic Search,2025-03-16
C06868,Customer 06868,Male,25,Nagpur,Maharashtra,Organic Search,2024-06-28
C06869,Customer 06869,Male,26,Noida,Uttar Pradesh,Email,2024-06-24
C06870,Customer 06870,Female,39,Delhi,Delhi,Direct,2024-09-10
C06871,Customer 06871,Female,28,Ahmedabad,Gujarat,Email,2024-05-04
C06872,Customer 06872,Female,28,Kolkata,West Bengal,Email,2024-05-18
C06873,Customer 06873,Female,25,Surat,Gujarat,Social Media,2025-07-02
C06874,Customer 06874,Male,40,Bengaluru,Karnataka,Email,2025-06-01
C06875,Customer 06875,Female,31,Pune,Maharashtra,Paid Search,2024-03-23
C06876,Customer 06876,Female,20,Kolkata,West Bengal,Social Media,2025-08-24
C06877,Customer 06877,Female,32,Indore,Madhya Pradesh,Email,2025-04-09
C06878,Customer 06878,Female,43,Chennai,Tamil Nadu,Social Media,2024-12-08
C06879,Customer 06879,Female,34,Mumbai,Maharashtra,Organic Search,2024-06-21
C06880,Customer 06880,Male,37,Gurugram,Haryana,Social Media,2024-07-28
C06881,Customer 06881,Female,32,Ahmedabad,Gujarat,Referral,2025-10-13
C06882,Customer 06882,Male,23,Lucknow,Uttar Pradesh,Direct,2024-07-18
C06883,Customer 06883,Female,32,Jaipur,Rajasthan,Social Media,2025-04-03
C06884,Customer 06884,Female,39,Indore,Madhya Pradesh,Social Media,2024-12-19
C06885,Customer 06885,Male,28,Mumbai,Maharashtra,Social Media,2024-02-03
C06886,Customer 06886,Male,31,Ahmedabad,Gujarat,Referral,2025-01-20
C06887,Customer 06887,Male,31,Noida,Uttar Pradesh,Organic Search,2024-07-26
C06888,Customer 06888,Female,22,Delhi,Delhi,Paid Search,2025-10-26
C06889,Customer 06889,Female,35,Bengaluru,Karnataka,Email,2024-04-19
C06890,Customer 06890,Male,42,Bengaluru,Karnataka,Direct,2024-10-12
C06891,Customer 06891,Non-binary,27,Bengaluru,Karnataka,Organic Search,2025-09-11
C06892,Customer 06892,Male,39,Chennai,Tamil Nadu,Social Media,2024-02-10
C06893,Customer 06893,Male,25,Bengaluru,Karnataka,Paid Search,2025-11-27
C06894,Customer 06894,Male,20,Kolkata,West Bengal,Social Media,2025-10-09
C06895,Customer 06895,Female,37,Patna,Bihar,Social Media,2025-09-20
C06896,Customer 06896,Male,19,Coimbatore,Tamil Nadu,Organic Search,2025-04-08
C06897,Customer 06897,Female,32,Bengaluru,Karnataka,Direct,2024-07-24
C06898,Customer 06898,Female,38,Bengaluru,Karnataka,Referral,2024-07-01
C06899,Customer 06899,Female,37,Jaipur,Rajasthan,Paid Search,2025-04-26
C06900,Customer 06900,Female,23,Delhi,Delhi,Social Media,2024-10-03
C06901,Customer 06901,Male,38,Hyderabad,Telangana,Organic Search,2024-02-28
C06902,Customer 06902,Female,40,Kolkata,West Bengal,Email,2024-03-04
C06903,Customer 06903,Male,31,Hyderabad,Telangana,Email,2025-08-04
C06904,Customer 06904,Male,37,Chennai,Tamil Nadu,Paid Search,2025-09-11
C06905,Customer 06905,Male,35,Bengaluru,Karnataka,Organic Search,2025-01-28
C06906,Customer 06906,Male,49,Pune,Maharashtra,Social Media,2025-10-09
C06907,Customer 06907,Male,39,Ahmedabad,Gujarat,Email,2024-04-07
C06908,Customer 06908,Female,25,Mumbai,Maharashtra,Referral,2025-02-20
C06909,Customer 06909,Male,43,Lucknow,Uttar Pradesh,Organic Search,2024-10-20
C06910,Customer 06910,Male,25,Mumbai,Maharashtra,Organic Search,2025-10-13
C06911,Customer 06911,Male,53,Mumbai,Maharashtra,Paid Search,2024-07-12
C06912,Customer 06912,Male,47,Ahmedabad,Gujarat,Organic Search,2024-09-11
C06913,Customer 06913,Female,29,Kolkata,West Bengal,Organic Search,2024-01-21
C06914,Customer 06914,Male,32,Delhi,Delhi,Referral,2024-12-29
C06915,Customer 06915,Female,30,Noida,Uttar Pradesh,Direct,2025-02-01
C06916,Customer 06916,Female,29,Chennai,Tamil Nadu,Paid Search,2025-04-21
C06917,Customer 06917,Non-binary,38,Chennai,Tamil Nadu,Direct,2024-11-24
C06918,Customer 06918,Male,35,Delhi,Delhi,Social Media,2024-04-11
C06919,Customer 06919,Male,32,Bhopal,Madhya Pradesh,Paid Search,2024-02-04
C06920,Customer 06920,Male,18,Ahmedabad,Gujarat,Paid Search,2025-12-25
C06921,Customer 06921,Male,44,Noida,Uttar Pradesh,Paid Search,2025-06-21
C06922,Customer 06922,Male,44,Mumbai,Maharashtra,Email,2025-07-03
C06923,Customer 06923,Female,41,Kolkata,West Bengal,Paid Search,2024-03-04
C06924,Customer 06924,Female,52,Kochi,Kerala,Social Media,2025-10-30
C06925,Customer 06925,Female,21,Pune,Maharashtra,Direct,2025-02-04
C06926,Customer 06926,Male,47,Pune,Maharashtra,Social Media,2024-06-05
C06927,Customer 06927,Male,22,Ahmedabad,Gujarat,Referral,2024-05-03
C06928,Customer 06928,Male,29,Chandigarh,Chandigarh,Paid Search,2024-03-21
C06929,Customer 06929,Male,37,Hyderabad,Telangana,Paid Search,2024-02-27
C06930,Customer 06930,Female,39,Delhi,Delhi,Paid Search,2025-07-18
C06931,Customer 06931,Male,38,Mumbai,Maharashtra,Paid Search,2024-01-11
C06932,Customer 06932,Female,21,Delhi,Delhi,Email,2025-10-13
C06933,Customer 06933,Female,33,Surat,Gujarat,Email,2025-08-10
C06934,Customer 06934,Male,35,Kolkata,West Bengal,Paid Search,2024-10-06
C06935,Customer 06935,Male,28,Gurugram,Haryana,Referral,2025-03-08
C06936,Customer 06936,Male,35,Ahmedabad,Gujarat,Paid Search,2024-07-11
C06937,Customer 06937,Female,28,Ahmedabad,Gujarat,Paid Search,2024-04-04
C06938,Customer 06938,Male,37,Mumbai,Maharashtra,Social Media,2024-05-07
C06939,Customer 06939,Female,30,Lucknow,Uttar Pradesh,Social Media,2025-10-28
C06940,Customer 06940,Male,26,Hyderabad,Telangana,Direct,2024-10-06
C06941,Customer 06941,Male,41,Bengaluru,Karnataka,Referral,2025-02-14
C06942,Customer 06942,Female,35,Lucknow,Uttar Pradesh,Social Media,2024-11-26
C06943,Customer 06943,Female,35,Delhi,Delhi,Organic Search,2024-05-07
C06944,Customer 06944,Male,18,Surat,Gujarat,Social Media,2024-07-05
C06945,Customer 06945,Female,29,Bengaluru,Karnataka,Organic Search,2024-07-06
C06946,Customer 06946,Female,37,Bengaluru,Karnataka,Paid Search,2025-02-23
C06947,Customer 06947,Male,34,Delhi,Delhi,Paid Search,2024-07-02
C06948,Customer 06948,Female,18,Kolkata,West Bengal,Social Media,2024-08-08
C06949,Customer 06949,Male,32,Mumbai,Maharashtra,Organic Search,2024-01-03
C06950,Customer 06950,Female,30,Surat,Gujarat,Organic Search,2024-01-22
C06951,Customer 06951,Female,29,Kochi,Kerala,Email,2025-12-22
C06952,Customer 06952,Male,44,Pune,Maharashtra,Organic Search,2024-02-17
C06953,Customer 06953,Male,20,Mumbai,Maharashtra,Paid Search,2024-07-24
C06954,Customer 06954,Female,41,Bengaluru,Karnataka,Social Media,2024-01-31
C06955,Customer 06955,Male,37,Chennai,Tamil Nadu,Direct,2024-05-27
C06956,Customer 06956,Male,40,Noida,Uttar Pradesh,Direct,2025-11-12
C06957,Customer 06957,Female,51,Kolkata,West Bengal,Organic Search,2025-04-10
C06958,Customer 06958,Male,39,Chandigarh,Chandigarh,Social Media,2024-03-27
C06959,Customer 06959,Female,44,Bengaluru,Karnataka,Paid Search,2024-06-22
C06960,Customer 06960,Female,18,Chennai,Tamil Nadu,Social Media,2025-01-26
C06961,Customer 06961,Female,43,Patna,Bihar,Social Media,2025-01-05
C06962,Customer 06962,Male,22,Bengaluru,Karnataka,Email,2024-12-29
C06963,Customer 06963,Female,18,Jaipur,Rajasthan,Social Media,2025-02-08
C06964,Customer 06964,Male,33,Noida,Uttar Pradesh,Organic Search,2025-09-03
C06965,Customer 06965,Male,29,Hyderabad,Telangana,Email,2024-12-12
C06966,Customer 06966,Female,39,Pune,Maharashtra,Social Media,2024-12-13
C06967,Customer 06967,Female,39,Delhi,Delhi,Organic Search,2024-01-13
C06968,Customer 06968,Male,31,Mumbai,Maharashtra,Email,2025-11-11
C06969,Customer 06969,Female,41,Mumbai,Maharashtra,Organic Search,2024-07-30
C06970,Customer 06970,Male,44,Bengaluru,Karnataka,Social Media,2024-06-03
C06971,Customer 06971,Female,36,Mumbai,Maharashtra,Organic Search,2024-01-12
C06972,Customer 06972,Female,18,Coimbatore,Tamil Nadu,Social Media,2024-11-03
C06973,Customer 06973,Non-binary,48,Hyderabad,Telangana,Direct,2025-01-24
C06974,Customer 06974,Male,23,Delhi,Delhi,Organic Search,2025-12-18
C06975,Customer 06975,Male,22,Delhi,Delhi,Social Media,2025-03-07
C06976,Customer 06976,Male,37,Lucknow,Uttar Pradesh,Referral,2025-01-19
C06977,Customer 06977,Male,31,Chennai,Tamil Nadu,Paid Search,2024-02-03
C06978,Customer 06978,Male,18,Jaipur,Rajasthan,Social Media,2025-04-03
C06979,Customer 06979,Male,30,Kochi,Kerala,Email,2024-07-17
C06980,Customer 06980,Male,38,Noida,Uttar Pradesh,Organic Search,2025-12-11
C06981,Customer 06981,Female,26,Chennai,Tamil Nadu,Referral,2024-01-07
C06982,Customer 06982,Female,24,Delhi,Delhi,Social Media,2025-11-22
C06983,Customer 06983,Female,32,Gurugram,Haryana,Email,2025-03-02
C06984,Customer 06984,Male,42,Chennai,Tamil Nadu,Paid Search,2024-07-14
C06985,Customer 06985,Female,30,Delhi,Delhi,Direct,2024-07-12
C06986,Customer 06986,Male,48,Delhi,Delhi,Email,2024-12-17
C06987,Customer 06987,Male,28,Mumbai,Maharashtra,Direct,2025-03-14
C06988,Customer 06988,Female,18,Mumbai,Maharashtra,Organic Search,2025-01-21
C06989,Customer 06989,Female,18,Pune,Maharashtra,Email,2024-07-03
C06990,Customer 06990,Female,48,Kolkata,West Bengal,Organic Search,2025-04-08
C06991,Customer 06991,Female,30,Lucknow,Uttar Pradesh,Paid Search,2024-12-12
C06992,Customer 06992,Female,32,Mumbai,Maharashtra,Social Media,2025-12-12
C06993,Customer 06993,Male,24,Bengaluru,Karnataka,Social Media,2024-03-23
C06994,Customer 06994,Male,18,Chennai,Tamil Nadu,Social Media,2024-08-31
C06995,Customer 06995,Male,44,Pune,Maharashtra,Social Media,2025-07-02
C06996,Customer 06996,Male,24,Lucknow,Uttar Pradesh,Direct,2024-03-09
C06997,Customer 06997,Female,46,Jaipur,Rajasthan,Paid Search,2025-11-29
C06998,Customer 06998,Male,41,Delhi,Delhi,Direct,2025-03-07
C06999,Customer 06999,Male,32,Kochi,Kerala,Organic Search,2025-07-12
C07000,Customer 07000,Male,33,Hyderabad,Telangana,Social Media,2025-01-30
C07001,Customer 07001,Female,37,Bengaluru,Karnataka,Email,2025-05-10
C07002,Customer 07002,Female,29,Delhi,Delhi,Email,2024-11-07
C07003,Customer 07003,Female,41,Gurugram,Haryana,Social Media,2024-08-30
C07004,Customer 07004,Non-binary,30,Noida,Uttar Pradesh,Organic Search,2025-04-01
C07005,Customer 07005,Male,21,Kochi,Kerala,Email,2025-11-24
C07006,Customer 07006,Female,28,Pune,Maharashtra,Organic Search,2024-02-23
C07007,Customer 07007,Male,28,Kolkata,West Bengal,Paid Search,2024-08-10
C07008,Customer 07008,Male,39,Coimbatore,Tamil Nadu,Organic Search,2025-09-01
C07009,Customer 07009,Female,42,Ahmedabad,Gujarat,Social Media,2024-02-13
C07010,Customer 07010,Male,26,Noida,Uttar Pradesh,Organic Search,2025-02-26
C07011,Customer 07011,Male,25,Delhi,Delhi,Social Media,2025-01-23
C07012,Customer 07012,Male,30,Delhi,Delhi,Paid Search,2024-08-17
C07013,Customer 07013,Male,18,Mumbai,Maharashtra,Organic Search,2024-11-29
C07014,Customer 07014,Female,45,Chandigarh,Chandigarh,Social Media,2024-03-27
C07015,Customer 07015,Male,33,Chennai,Tamil Nadu,Organic Search,2025-08-31
C07016,Customer 07016,Male,46,Delhi,Delhi,Paid Search,2024-02-15
C07017,Customer 07017,Male,28,Bhopal,Madhya Pradesh,Referral,2025-12-15
C07018,Customer 07018,Male,28,Mumbai,Maharashtra,Referral,2025-07-09
C07019,Customer 07019,Female,29,Gurugram,Haryana,Social Media,2024-09-09
C07020,Customer 07020,Male,23,Chennai,Tamil Nadu,Organic Search,2025-10-13
C07021,Customer 07021,Female,38,Pune,Maharashtra,Organic Search,2025-04-07
C07022,Customer 07022,Female,27,Pune,Maharashtra,Social Media,2025-08-25
C07023,Customer 07023,Female,30,Gurugram,Haryana,Organic Search,2025-12-04
C07024,Customer 07024,Male,29,Nagpur,Maharashtra,Social Media,2024-09-27
C07025,Customer 07025,Female,18,Bhopal,Madhya Pradesh,Social Media,2024-09-02
C07026,Customer 07026,Male,32,Ahmedabad,Gujarat,Referral,2024-04-08
C07027,Customer 07027,Male,27,Bengaluru,Karnataka,Social Media,2025-03-16
C07028,Customer 07028,Male,25,Nagpur,Maharashtra,Direct,2024-11-24
C07029,Customer 07029,Non-binary,31,Ahmedabad,Gujarat,Organic Search,2024-01-11
C07030,Customer 07030,Male,57,Mumbai,Maharashtra,Organic Search,2025-10-12
C07031,Customer 07031,Male,41,Bengaluru,Karnataka,Organic Search,2025-06-07
C07032,Customer 07032,Male,32,Chennai,Tamil Nadu,Organic Search,2025-01-31
C07033,Customer 07033,Female,33,Pune,Maharashtra,Social Media,2025-03-17
C07034,Customer 07034,Male,25,Mumbai,Maharashtra,Social Media,2025-02-13
C07035,Customer 07035,Female,37,Chennai,Tamil Nadu,Direct,2024-07-03
C07036,Customer 07036,Female,34,Mumbai,Maharashtra,Paid Search,2024-07-26
C07037,Customer 07037,Female,42,Noida,Uttar Pradesh,Organic Search,2024-01-06
C07038,Customer 07038,Male,24,Chennai,Tamil Nadu,Social Media,2025-08-04
C07039,Customer 07039,Female,33,Coimbatore,Tamil Nadu,Direct,2025-09-14
C07040,Customer 07040,Male,42,Bengaluru,Karnataka,Organic Search,2025-12-19
C07041,Customer 07041,Female,38,Coimbatore,Tamil Nadu,Direct,2025-09-08
C07042,Customer 07042,Male,24,Delhi,Delhi,Paid Search,2025-06-19
C07043,Customer 07043,Male,32,Gurugram,Haryana,Referral,2024-04-13
C07044,Customer 07044,Male,34,Bengaluru,Karnataka,Referral,2024-02-26
C07045,Customer 07045,Female,26,Lucknow,Uttar Pradesh,Organic Search,2025-02-07
C07046,Customer 07046,Male,23,Delhi,Delhi,Paid Search,2024-02-06
C07047,Customer 07047,Female,38,Mumbai,Maharashtra,Direct,2025-06-03
C07048,Customer 07048,Female,25,Pune,Maharashtra,Email,2025-09-21
C07049,Customer 07049,Male,27,Noida,Uttar Pradesh,Referral,2025-04-30
C07050,Customer 07050,Female,26,Indore,Madhya Pradesh,Organic Search,2024-09-30
C07051,Customer 07051,Female,25,Mumbai,Maharashtra,Social Media,2024-05-23
C07052,Customer 07052,Female,24,Lucknow,Uttar Pradesh,Paid Search,2025-04-10
C07053,Customer 07053,Female,38,Chennai,Tamil Nadu,Direct,2024-05-29
C07054,Customer 07054,Female,34,Bengaluru,Karnataka,Organic Search,2025-12-26
C07055,Customer 07055,Male,25,Ahmedabad,Gujarat,Organic Search,2025-11-16
C07056,Customer 07056,Male,32,Bengaluru,Karnataka,Direct,2025-06-11
C07057,Customer 07057,Male,37,Kochi,Kerala,Social Media,2024-04-01
C07058,Customer 07058,Male,21,Hyderabad,Telangana,Email,2024-07-04
C07059,Customer 07059,Male,31,Mumbai,Maharashtra,Organic Search,2024-06-13
C07060,Customer 07060,Female,23,Jaipur,Rajasthan,Paid Search,2025-12-08
C07061,Customer 07061,Female,37,Patna,Bihar,Social Media,2025-07-23
C07062,Customer 07062,Male,28,Nagpur,Maharashtra,Direct,2025-07-21
C07063,Customer 07063,Male,34,Hyderabad,Telangana,Email,2024-04-06
C07064,Customer 07064,Male,18,Surat,Gujarat,Social Media,2024-10-22
C07065,Customer 07065,Male,35,Indore,Madhya Pradesh,Direct,2025-09-17
C07066,Customer 07066,Male,41,Hyderabad,Telangana,Referral,2025-01-25
C07067,Customer 07067,Male,24,Pune,Maharashtra,Organic Search,2024-01-05
C07068,Customer 07068,Male,32,Kolkata,West Bengal,Direct,2024-03-08
C07069,Customer 07069,Female,26,Mumbai,Maharashtra,Organic Search,2024-12-29
C07070,Customer 07070,Female,27,Gurugram,Haryana,Paid Search,2025-09-24
C07071,Customer 07071,Female,18,Gurugram,Haryana,Referral,2025-05-19
C07072,Customer 07072,Male,29,Mumbai,Maharashtra,Organic Search,2024-07-24
C07073,Customer 07073,Male,28,Bengaluru,Karnataka,Organic Search,2025-10-27
C07074,Customer 07074,Female,21,Kolkata,West Bengal,Email,2024-07-31
C07075,Customer 07075,Male,31,Bengaluru,Karnataka,Direct,2025-11-25
C07076,Customer 07076,Male,18,Indore,Madhya Pradesh,Direct,2025-06-16
C07077,Customer 07077,Female,36,Hyderabad,Telangana,Social Media,2025-01-25
C07078,Customer 07078,Female,37,Ahmedabad,Gujarat,Social Media,2025-11-18
C07079,Customer 07079,Female,33,Chandigarh,Chandigarh,Direct,2024-11-15
C07080,Customer 07080,Male,33,Mumbai,Maharashtra,Social Media,2025-01-27
C07081,Customer 07081,Male,29,Surat,Gujarat,Organic Search,2024-07-01
C07082,Customer 07082,Female,28,Ahmedabad,Gujarat,Email,2025-01-16
C07083,Customer 07083,Female,30,Hyderabad,Telangana,Social Media,2024-02-18
C07084,Customer 07084,Male,31,Pune,Maharashtra,Email,2024-01-19
C07085,Customer 07085,Female,31,Bengaluru,Karnataka,Referral,2024-03-09
C07086,Customer 07086,Male,21,Delhi,Delhi,Organic Search,2024-01-17
C07087,Customer 07087,Female,47,Jaipur,Rajasthan,Referral,2024-06-20
C07088,Customer 07088,Female,27,Bengaluru,Karnataka,Social Media,2024-06-10
C07089,Customer 07089,Male,38,Indore,Madhya Pradesh,Paid Search,2025-01-13
C07090,Customer 07090,Male,34,Jaipur,Rajasthan,Paid Search,2024-12-11
C07091,Customer 07091,Male,30,Hyderabad,Telangana,Organic Search,2024-11-28
C07092,Customer 07092,Male,47,Pune,Maharashtra,Direct,2024-01-14
C07093,Customer 07093,Male,24,Surat,Gujarat,Direct,2025-06-17
C07094,Customer 07094,Male,31,Indore,Madhya Pradesh,Organic Search,2025-06-12
C07095,Customer 07095,Male,34,Delhi,Delhi,Email,2024-01-23
C07096,Customer 07096,Female,26,Ahmedabad,Gujarat,Email,2025-05-06
C07097,Customer 07097,Female,40,Bhopal,Madhya Pradesh,Direct,2025-06-25
C07098,Customer 07098,Male,35,Ahmedabad,Gujarat,Organic Search,2025-02-17
C07099,Customer 07099,Male,37,Chandigarh,Chandigarh,Paid Search,2025-07-27
C07100,Customer 07100,Male,24,Chennai,Tamil Nadu,Social Media,2025-12-24
C07101,Customer 07101,Male,42,Pune,Maharashtra,Referral,2024-11-17
C07102,Customer 07102,Male,18,Chennai,Tamil Nadu,Social Media,2024-03-16
C07103,Customer 07103,Female,36,Noida,Uttar Pradesh,Paid Search,2024-11-10
C07104,Customer 07104,Female,18,Mumbai,Maharashtra,Paid Search,2025-04-23
C07105,Customer 07105,Male,18,Kolkata,West Bengal,Social Media,2025-12-18
C07106,Customer 07106,Male,18,Jaipur,Rajasthan,Direct,2024-08-03
C07107,Customer 07107,Male,18,Lucknow,Uttar Pradesh,Social Media,2024-07-20
C07108,Customer 07108,Male,32,Lucknow,Uttar Pradesh,Organic Search,2024-08-07
C07109,Customer 07109,Male,36,Kochi,Kerala,Social Media,2025-10-09
C07110,Customer 07110,Female,18,Bengaluru,Karnataka,Paid Search,2025-03-14
C07111,Customer 07111,Male,42,Bengaluru,Karnataka,Social Media,2024-04-08
C07112,Customer 07112,Male,44,Hyderabad,Telangana,Organic Search,2024-02-21
C07113,Customer 07113,Male,36,Mumbai,Maharashtra,Organic Search,2025-08-25
C07114,Customer 07114,Female,18,Delhi,Delhi,Direct,2024-06-20
C07115,Customer 07115,Female,47,Kolkata,West Bengal,Paid Search,2024-03-04
C07116,Customer 07116,Male,29,Pune,Maharashtra,Referral,2024-02-17
C07117,Customer 07117,Female,41,Delhi,Delhi,Social Media,2024-11-20
C07118,Customer 07118,Male,32,Pune,Maharashtra,Organic Search,2024-09-23
C07119,Customer 07119,Female,26,Bhopal,Madhya Pradesh,Paid Search,2024-06-06
C07120,Customer 07120,Female,40,Pune,Maharashtra,Social Media,2024-03-14
C07121,Customer 07121,Female,33,Kolkata,West Bengal,Paid Search,2025-05-03
C07122,Customer 07122,Female,42,Bengaluru,Karnataka,Organic Search,2025-04-17
C07123,Customer 07123,Female,24,Patna,Bihar,Referral,2024-02-04
C07124,Customer 07124,Female,26,Bhopal,Madhya Pradesh,Paid Search,2025-08-03
C07125,Customer 07125,Female,35,Lucknow,Uttar Pradesh,Social Media,2024-10-25
C07126,Customer 07126,Male,42,Surat,Gujarat,Social Media,2024-01-20
C07127,Customer 07127,Female,18,Chennai,Tamil Nadu,Organic Search,2024-05-14
C07128,Customer 07128,Male,45,Bengaluru,Karnataka,Email,2025-05-06
C07129,Customer 07129,Male,34,Gurugram,Haryana,Social Media,2025-04-16
C07130,Customer 07130,Male,36,Delhi,Delhi,Direct,2024-03-16
C07131,Customer 07131,Female,37,Mumbai,Maharashtra,Email,2024-10-02
C07132,Customer 07132,Female,20,Bengaluru,Karnataka,Organic Search,2024-04-25
C07133,Customer 07133,Female,35,Chennai,Tamil Nadu,Organic Search,2024-01-29
C07134,Customer 07134,Male,18,Kolkata,West Bengal,Social Media,2025-06-04
C07135,Customer 07135,Female,29,Nagpur,Maharashtra,Organic Search,2025-08-03
C07136,Customer 07136,Male,18,Mumbai,Maharashtra,Organic Search,2024-09-07
C07137,Customer 07137,Male,18,Lucknow,Uttar Pradesh,Social Media,2025-09-24
C07138,Customer 07138,Male,27,Hyderabad,Telangana,Social Media,2024-06-13
C07139,Customer 07139,Female,32,Delhi,Delhi,Social Media,2024-02-23
C07140,Customer 07140,Female,32,Pune,Maharashtra,Referral,2024-07-19
C07141,Customer 07141,Male,40,Bengaluru,Karnataka,Direct,2024-02-05
C07142,Customer 07142,Female,53,Delhi,Delhi,Organic Search,2025-10-11
C07143,Customer 07143,Male,21,Bengaluru,Karnataka,Organic Search,2025-11-19
C07144,Customer 07144,Female,28,Bengaluru,Karnataka,Social Media,2024-03-09
C07145,Customer 07145,Female,36,Indore,Madhya Pradesh,Direct,2024-05-22
C07146,Customer 07146,Female,35,Gurugram,Haryana,Organic Search,2024-10-13
C07147,Customer 07147,Male,35,Hyderabad,Telangana,Email,2024-09-22
C07148,Customer 07148,Male,24,Ahmedabad,Gujarat,Organic Search,2025-08-01
C07149,Customer 07149,Female,48,Chennai,Tamil Nadu,Direct,2025-11-07
C07150,Customer 07150,Male,40,Bhopal,Madhya Pradesh,Paid Search,2025-08-23
C07151,Customer 07151,Male,18,Chennai,Tamil Nadu,Organic Search,2024-07-05
C07152,Customer 07152,Male,20,Patna,Bihar,Referral,2025-02-10
C07153,Customer 07153,Male,32,Pune,Maharashtra,Direct,2025-01-20
C07154,Customer 07154,Male,27,Bengaluru,Karnataka,Paid Search,2025-06-28
C07155,Customer 07155,Male,31,Delhi,Delhi,Referral,2025-07-04
C07156,Customer 07156,Male,20,Jaipur,Rajasthan,Paid Search,2024-11-19
C07157,Customer 07157,Female,30,Lucknow,Uttar Pradesh,Email,2024-11-27
C07158,Customer 07158,Male,29,Pune,Maharashtra,Social Media,2024-11-25
C07159,Customer 07159,Female,30,Kolkata,West Bengal,Direct,2024-09-06
C07160,Customer 07160,Female,40,Hyderabad,Telangana,Email,2024-10-24
C07161,Customer 07161,Female,33,Jaipur,Rajasthan,Paid Search,2024-07-03
C07162,Customer 07162,Male,20,Nagpur,Maharashtra,Organic Search,2025-04-30
C07163,Customer 07163,Female,34,Bengaluru,Karnataka,Email,2024-03-13
C07164,Customer 07164,Male,48,Chennai,Tamil Nadu,Email,2025-05-02
C07165,Customer 07165,Female,25,Delhi,Delhi,Direct,2025-01-15
C07166,Customer 07166,Female,36,Noida,Uttar Pradesh,Paid Search,2024-09-08
C07167,Customer 07167,Female,48,Kochi,Kerala,Direct,2025-05-14
C07168,Customer 07168,Female,24,Noida,Uttar Pradesh,Organic Search,2025-05-31
C07169,Customer 07169,Male,30,Bengaluru,Karnataka,Email,2025-05-02
C07170,Customer 07170,Male,32,Chennai,Tamil Nadu,Organic Search,2025-09-11
C07171,Customer 07171,Female,35,Bengaluru,Karnataka,Paid Search,2025-11-07
C07172,Customer 07172,Male,29,Noida,Uttar Pradesh,Social Media,2024-04-24
C07173,Customer 07173,Male,30,Chandigarh,Chandigarh,Paid Search,2024-09-17
C07174,Customer 07174,Male,25,Pune,Maharashtra,Referral,2024-04-21
C07175,Customer 07175,Female,39,Chandigarh,Chandigarh,Direct,2025-04-02
C07176,Customer 07176,Non-binary,38,Pune,Maharashtra,Organic Search,2024-09-12
C07177,Customer 07177,Male,37,Mumbai,Maharashtra,Organic Search,2025-03-09
C07178,Customer 07178,Male,20,Ahmedabad,Gujarat,Organic Search,2024-04-22
C07179,Customer 07179,Male,37,Indore,Madhya Pradesh,Organic Search,2025-05-28
C07180,Customer 07180,Non-binary,35,Ahmedabad,Gujarat,Social Media,2025-09-26
C07181,Customer 07181,Male,26,Mumbai,Maharashtra,Paid Search,2024-06-07
C07182,Customer 07182,Female,22,Pune,Maharashtra,Direct,2024-02-19
C07183,Customer 07183,Male,25,Pune,Maharashtra,Social Media,2025-07-09
C07184,Customer 07184,Female,48,Mumbai,Maharashtra,Social Media,2025-03-29
C07185,Customer 07185,Female,18,Hyderabad,Telangana,Social Media,2025-11-18
C07186,Customer 07186,Male,34,Bhopal,Madhya Pradesh,Referral,2024-08-16
C07187,Customer 07187,Male,32,Gurugram,Haryana,Referral,2025-08-06
C07188,Customer 07188,Female,27,Hyderabad,Telangana,Social Media,2025-04-24
C07189,Customer 07189,Female,43,Pune,Maharashtra,Direct,2025-08-10
C07190,Customer 07190,Male,33,Mumbai,Maharashtra,Email,2025-07-20
C07191,Customer 07191,Female,42,Delhi,Delhi,Organic Search,2024-09-11
C07192,Customer 07192,Female,27,Jaipur,Rajasthan,Referral,2024-01-17
C07193,Customer 07193,Male,18,Chennai,Tamil Nadu,Email,2025-03-11
C07194,Customer 07194,Male,34,Pune,Maharashtra,Direct,2025-08-21
C07195,Customer 07195,Male,42,Mumbai,Maharashtra,Referral,2024-10-17
C07196,Customer 07196,Female,18,Mumbai,Maharashtra,Organic Search,2024-10-25
C07197,Customer 07197,Male,18,Mumbai,Maharashtra,Paid Search,2025-02-16
C07198,Customer 07198,Female,38,Ahmedabad,Gujarat,Direct,2025-11-10
C07199,Customer 07199,Female,19,Gurugram,Haryana,Email,2024-11-16
C07200,Customer 07200,Female,20,Mumbai,Maharashtra,Paid Search,2025-03-15
C07201,Customer 07201,Female,40,Hyderabad,Telangana,Social Media,2025-09-24
C07202,Customer 07202,Male,36,Ahmedabad,Gujarat,Paid Search,2025-10-05
C07203,Customer 07203,Male,18,Jaipur,Rajasthan,Direct,2025-09-22
C07204,Customer 07204,Male,30,Pune,Maharashtra,Social Media,2024-01-30
C07205,Customer 07205,Male,18,Delhi,Delhi,Direct,2024-06-28
C07206,Customer 07206,Male,34,Delhi,Delhi,Referral,2024-06-21
C07207,Customer 07207,Male,41,Lucknow,Uttar Pradesh,Organic Search,2024-09-21
C07208,Customer 07208,Male,31,Indore,Madhya Pradesh,Paid Search,2025-05-20
C07209,Customer 07209,Female,33,Delhi,Delhi,Direct,2025-01-28
C07210,Customer 07210,Male,41,Mumbai,Maharashtra,Organic Search,2025-12-04
C07211,Customer 07211,Female,36,Delhi,Delhi,Referral,2025-01-19
C07212,Customer 07212,Female,56,Surat,Gujarat,Direct,2024-04-26
C07213,Customer 07213,Female,40,Mumbai,Maharashtra,Social Media,2024-09-03
C07214,Customer 07214,Female,39,Delhi,Delhi,Direct,2025-10-30
C07215,Customer 07215,Female,25,Jaipur,Rajasthan,Social Media,2024-09-19
C07216,Customer 07216,Male,35,Delhi,Delhi,Referral,2025-07-23
C07217,Customer 07217,Female,18,Pune,Maharashtra,Paid Search,2024-05-27
C07218,Customer 07218,Female,44,Mumbai,Maharashtra,Email,2024-08-06
C07219,Customer 07219,Male,33,Ahmedabad,Gujarat,Email,2024-04-28
C07220,Customer 07220,Female,29,Bengaluru,Karnataka,Paid Search,2025-05-16
C07221,Customer 07221,Male,18,Kolkata,West Bengal,Organic Search,2025-12-02
C07222,Customer 07222,Female,34,Hyderabad,Telangana,Paid Search,2025-08-24
C07223,Customer 07223,Female,21,Pune,Maharashtra,Email,2025-02-26
C07224,Customer 07224,Female,36,Mumbai,Maharashtra,Email,2025-09-09
C07225,Customer 07225,Male,36,Chandigarh,Chandigarh,Paid Search,2025-08-30
C07226,Customer 07226,Male,49,Hyderabad,Telangana,Referral,2024-10-09
C07227,Customer 07227,Female,26,Coimbatore,Tamil Nadu,Social Media,2024-01-20
C07228,Customer 07228,Male,39,Kochi,Kerala,Direct,2024-09-15
C07229,Customer 07229,Male,19,Nagpur,Maharashtra,Email,2024-04-26
C07230,Customer 07230,Male,33,Delhi,Delhi,Email,2024-05-25
C07231,Customer 07231,Non-binary,36,Mumbai,Maharashtra,Organic Search,2024-10-24
C07232,Customer 07232,Female,28,Hyderabad,Telangana,Paid Search,2024-10-27
C07233,Customer 07233,Female,43,Mumbai,Maharashtra,Organic Search,2024-09-21
C07234,Customer 07234,Female,39,Kolkata,West Bengal,Organic Search,2024-11-27
C07235,Customer 07235,Male,26,Noida,Uttar Pradesh,Social Media,2025-03-26
C07236,Customer 07236,Female,18,Mumbai,Maharashtra,Direct,2025-08-19
C07237,Customer 07237,Female,18,Hyderabad,Telangana,Social Media,2024-09-25
C07238,Customer 07238,Male,25,Delhi,Delhi,Social Media,2024-08-08
C07239,Customer 07239,Male,27,Gurugram,Haryana,Direct,2024-10-07
C07240,Customer 07240,Female,18,Coimbatore,Tamil Nadu,Paid Search,2025-04-10
C07241,Customer 07241,Male,38,Chennai,Tamil Nadu,Paid Search,2025-07-06
C07242,Customer 07242,Non-binary,36,Mumbai,Maharashtra,Paid Search,2025-05-04
C07243,Customer 07243,Female,25,Mumbai,Maharashtra,Email,2025-03-26
C07244,Customer 07244,Female,26,Jaipur,Rajasthan,Organic Search,2025-12-19
C07245,Customer 07245,Male,32,Delhi,Delhi,Paid Search,2025-12-31
C07246,Customer 07246,Male,35,Delhi,Delhi,Organic Search,2025-03-28
C07247,Customer 07247,Male,23,Bhopal,Madhya Pradesh,Organic Search,2024-01-15
C07248,Customer 07248,Male,47,Chennai,Tamil Nadu,Organic Search,2025-10-05
C07249,Customer 07249,Female,30,Gurugram,Haryana,Organic Search,2024-04-12
C07250,Customer 07250,Male,19,Lucknow,Uttar Pradesh,Social Media,2024-11-12
C07251,Customer 07251,Male,24,Coimbatore,Tamil Nadu,Referral,2024-03-01
C07252,Customer 07252,Female,38,Bhopal,Madhya Pradesh,Organic Search,2024-02-09
C07253,Customer 07253,Male,26,Delhi,Delhi,Social Media,2024-07-25
C07254,Customer 07254,Male,35,Mumbai,Maharashtra,Social Media,2024-10-19
C07255,Customer 07255,Female,23,Mumbai,Maharashtra,Direct,2025-05-20
C07256,Customer 07256,Female,18,Pune,Maharashtra,Direct,2024-08-27
C07257,Customer 07257,Male,22,Pune,Maharashtra,Direct,2025-11-05
C07258,Customer 07258,Female,33,Mumbai,Maharashtra,Referral,2024-01-16
C07259,Customer 07259,Male,29,Lucknow,Uttar Pradesh,Email,2025-03-23
C07260,Customer 07260,Non-binary,45,Lucknow,Uttar Pradesh,Social Media,2025-05-07
C07261,Customer 07261,Male,47,Hyderabad,Telangana,Email,2025-05-15
C07262,Customer 07262,Male,38,Bengaluru,Karnataka,Email,2024-12-16
C07263,Customer 07263,Male,28,Delhi,Delhi,Paid Search,2025-08-31
C07264,Customer 07264,Female,28,Lucknow,Uttar Pradesh,Direct,2025-05-18
C07265,Customer 07265,Male,30,Hyderabad,Telangana,Direct,2025-05-11
C07266,Customer 07266,Female,27,Delhi,Delhi,Social Media,2025-01-29
C07267,Customer 07267,Female,43,Noida,Uttar Pradesh,Email,2024-12-07
C07268,Customer 07268,Female,44,Ahmedabad,Gujarat,Direct,2024-02-13
C07269,Customer 07269,Non-binary,41,Gurugram,Haryana,Email,2024-10-16
C07270,Customer 07270,Male,37,Mumbai,Maharashtra,Organic Search,2024-02-03
C07271,Customer 07271,Male,46,Noida,Uttar Pradesh,Paid Search,2025-09-12
C07272,Customer 07272,Female,52,Delhi,Delhi,Direct,2024-09-27
C07273,Customer 07273,Male,22,Jaipur,Rajasthan,Paid Search,2024-04-12
C07274,Customer 07274,Male,28,Hyderabad,Telangana,Paid Search,2025-10-24
C07275,Customer 07275,Female,23,Mumbai,Maharashtra,Organic Search,2025-08-04
C07276,Customer 07276,Female,34,Mumbai,Maharashtra,Paid Search,2024-12-08
C07277,Customer 07277,Male,29,Ahmedabad,Gujarat,Social Media,2025-04-01
C07278,Customer 07278,Male,44,Mumbai,Maharashtra,Direct,2024-02-21
C07279,Customer 07279,Female,30,Chennai,Tamil Nadu,Direct,2024-11-17
C07280,Customer 07280,Male,18,Mumbai,Maharashtra,Direct,2024-11-07
C07281,Customer 07281,Female,30,Delhi,Delhi,Paid Search,2025-07-12
C07282,Customer 07282,Male,18,Kolkata,West Bengal,Organic Search,2025-07-15
C07283,Customer 07283,Female,33,Pune,Maharashtra,Organic Search,2024-09-26
C07284,Customer 07284,Female,18,Mumbai,Maharashtra,Organic Search,2024-08-07
C07285,Customer 07285,Female,22,Indore,Madhya Pradesh,Social Media,2025-01-25
C07286,Customer 07286,Male,27,Surat,Gujarat,Email,2024-10-29
C07287,Customer 07287,Male,28,Chandigarh,Chandigarh,Organic Search,2024-06-08
C07288,Customer 07288,Female,27,Pune,Maharashtra,Social Media,2024-07-03
C07289,Customer 07289,Female,23,Kolkata,West Bengal,Email,2025-01-25
C07290,Customer 07290,Male,31,Delhi,Delhi,Social Media,2025-07-25
C07291,Customer 07291,Female,27,Bengaluru,Karnataka,Direct,2024-09-30
C07292,Customer 07292,Male,49,Mumbai,Maharashtra,Direct,2025-09-12
C07293,Customer 07293,Male,20,Pune,Maharashtra,Email,2025-04-14
C07294,Customer 07294,Female,25,Patna,Bihar,Referral,2024-08-31
C07295,Customer 07295,Female,37,Nagpur,Maharashtra,Organic Search,2024-09-26
C07296,Customer 07296,Male,35,Lucknow,Uttar Pradesh,Direct,2025-11-21
C07297,Customer 07297,Male,28,Jaipur,Rajasthan,Social Media,2025-11-25
C07298,Customer 07298,Female,39,Chennai,Tamil Nadu,Email,2024-04-08
C07299,Customer 07299,Male,31,Pune,Maharashtra,Referral,2025-09-13
C07300,Customer 07300,Male,38,Surat,Gujarat,Social Media,2025-05-30
C07301,Customer 07301,Female,22,Bengaluru,Karnataka,Direct,2024-08-22
C07302,Customer 07302,Female,32,Delhi,Delhi,Direct,2024-04-17
C07303,Customer 07303,Female,32,Delhi,Delhi,Paid Search,2025-05-12
C07304,Customer 07304,Female,39,Kolkata,West Bengal,Referral,2024-12-09
C07305,Customer 07305,Female,44,Delhi,Delhi,Organic Search,2025-10-14
C07306,Customer 07306,Male,25,Bengaluru,Karnataka,Email,2025-10-03
C07307,Customer 07307,Female,35,Patna,Bihar,Social Media,2024-03-06
C07308,Customer 07308,Male,27,Chennai,Tamil Nadu,Social Media,2025-08-25
C07309,Customer 07309,Female,48,Ahmedabad,Gujarat,Organic Search,2025-06-01
C07310,Customer 07310,Male,35,Chennai,Tamil Nadu,Paid Search,2025-07-29
C07311,Customer 07311,Female,30,Surat,Gujarat,Paid Search,2024-02-04
C07312,Customer 07312,Male,27,Mumbai,Maharashtra,Direct,2025-09-23
C07313,Customer 07313,Female,40,Mumbai,Maharashtra,Organic Search,2024-01-30
C07314,Customer 07314,Female,46,Hyderabad,Telangana,Direct,2024-03-06
C07315,Customer 07315,Male,26,Gurugram,Haryana,Referral,2025-07-05
C07316,Customer 07316,Female,40,Kolkata,West Bengal,Direct,2024-10-04
C07317,Customer 07317,Male,20,Bengaluru,Karnataka,Referral,2024-11-16
C07318,Customer 07318,Female,28,Delhi,Delhi,Paid Search,2025-09-10
C07319,Customer 07319,Male,25,Kolkata,West Bengal,Social Media,2025-04-09
C07320,Customer 07320,Non-binary,23,Hyderabad,Telangana,Direct,2025-09-27
C07321,Customer 07321,Male,30,Hyderabad,Telangana,Organic Search,2024-03-06
C07322,Customer 07322,Non-binary,19,Chandigarh,Chandigarh,Social Media,2024-04-27
C07323,Customer 07323,Female,28,Chennai,Tamil Nadu,Paid Search,2024-11-19
C07324,Customer 07324,Male,48,Bengaluru,Karnataka,Organic Search,2024-02-16
C07325,Customer 07325,Female,26,Bengaluru,Karnataka,Direct,2024-06-17
C07326,Customer 07326,Female,35,Surat,Gujarat,Social Media,2024-05-22
C07327,Customer 07327,Male,45,Pune,Maharashtra,Organic Search,2025-01-03
C07328,Customer 07328,Male,24,Mumbai,Maharashtra,Paid Search,2025-07-02
C07329,Customer 07329,Female,32,Chennai,Tamil Nadu,Organic Search,2025-06-06
C07330,Customer 07330,Female,33,Bhopal,Madhya Pradesh,Referral,2025-08-13
C07331,Customer 07331,Male,44,Noida,Uttar Pradesh,Paid Search,2025-07-01
C07332,Customer 07332,Female,41,Delhi,Delhi,Organic Search,2024-08-19
C07333,Customer 07333,Male,18,Hyderabad,Telangana,Social Media,2025-06-30
C07334,Customer 07334,Male,27,Mumbai,Maharashtra,Email,2024-08-13
C07335,Customer 07335,Male,35,Mumbai,Maharashtra,Organic Search,2025-09-30
C07336,Customer 07336,Female,23,Noida,Uttar Pradesh,Paid Search,2024-09-28
C07337,Customer 07337,Male,28,Delhi,Delhi,Direct,2025-10-23
C07338,Customer 07338,Female,23,Delhi,Delhi,Social Media,2025-07-18
C07339,Customer 07339,Male,27,Delhi,Delhi,Social Media,2025-10-21
C07340,Customer 07340,Male,19,Chandigarh,Chandigarh,Paid Search,2025-03-25
C07341,Customer 07341,Male,19,Hyderabad,Telangana,Paid Search,2024-10-14
C07342,Customer 07342,Male,55,Delhi,Delhi,Direct,2025-06-14
C07343,Customer 07343,Female,49,Delhi,Delhi,Direct,2024-07-02
C07344,Customer 07344,Male,26,Delhi,Delhi,Paid Search,2025-02-12
C07345,Customer 07345,Female,42,Bengaluru,Karnataka,Organic Search,2025-03-30
C07346,Customer 07346,Female,34,Ahmedabad,Gujarat,Paid Search,2025-01-28
C07347,Customer 07347,Male,31,Surat,Gujarat,Paid Search,2024-02-28
C07348,Customer 07348,Female,36,Bengaluru,Karnataka,Social Media,2024-01-31
C07349,Customer 07349,Female,35,Patna,Bihar,Paid Search,2025-03-14
C07350,Customer 07350,Female,21,Bhopal,Madhya Pradesh,Social Media,2024-10-08
C07351,Customer 07351,Female,33,Surat,Gujarat,Direct,2024-04-03
C07352,Customer 07352,Female,34,Bengaluru,Karnataka,Organic Search,2024-05-10
C07353,Customer 07353,Female,39,Gurugram,Haryana,Email,2025-04-12
C07354,Customer 07354,Female,41,Mumbai,Maharashtra,Direct,2024-05-11
C07355,Customer 07355,Female,37,Mumbai,Maharashtra,Email,2024-06-17
C07356,Customer 07356,Female,43,Mumbai,Maharashtra,Paid Search,2024-01-27
C07357,Customer 07357,Male,31,Pune,Maharashtra,Referral,2025-09-09
C07358,Customer 07358,Female,32,Indore,Madhya Pradesh,Direct,2024-07-10
C07359,Customer 07359,Male,31,Gurugram,Haryana,Email,2025-12-27
C07360,Customer 07360,Non-binary,26,Mumbai,Maharashtra,Direct,2025-11-15
C07361,Customer 07361,Female,32,Surat,Gujarat,Organic Search,2024-08-28
C07362,Customer 07362,Male,36,Lucknow,Uttar Pradesh,Organic Search,2024-08-11
C07363,Customer 07363,Female,23,Delhi,Delhi,Organic Search,2025-04-19
C07364,Customer 07364,Female,39,Patna,Bihar,Organic Search,2024-06-28
C07365,Customer 07365,Male,39,Mumbai,Maharashtra,Direct,2025-10-02
C07366,Customer 07366,Female,39,Gurugram,Haryana,Referral,2024-09-15
C07367,Customer 07367,Male,28,Delhi,Delhi,Organic Search,2024-10-30
C07368,Customer 07368,Female,40,Nagpur,Maharashtra,Referral,2025-08-22
C07369,Customer 07369,Male,34,Chennai,Tamil Nadu,Social Media,2025-03-14
C07370,Customer 07370,Female,42,Kolkata,West Bengal,Paid Search,2024-05-06
C07371,Customer 07371,Female,24,Mumbai,Maharashtra,Direct,2024-09-05
C07372,Customer 07372,Male,37,Lucknow,Uttar Pradesh,Social Media,2024-05-27
C07373,Customer 07373,Male,30,Delhi,Delhi,Direct,2025-09-05
C07374,Customer 07374,Female,28,Jaipur,Rajasthan,Social Media,2025-07-03
C07375,Customer 07375,Female,38,Hyderabad,Telangana,Organic Search,2025-04-28
C07376,Customer 07376,Female,35,Kolkata,West Bengal,Direct,2025-12-07
C07377,Customer 07377,Female,34,Bengaluru,Karnataka,Email,2024-06-04
C07378,Customer 07378,Male,18,Hyderabad,Telangana,Organic Search,2025-03-18
C07379,Customer 07379,Female,23,Kolkata,West Bengal,Referral,2024-04-02
C07380,Customer 07380,Male,37,Surat,Gujarat,Social Media,2025-03-27
C07381,Customer 07381,Male,34,Hyderabad,Telangana,Social Media,2024-01-25
C07382,Customer 07382,Female,29,Delhi,Delhi,Referral,2025-02-23
C07383,Customer 07383,Female,36,Hyderabad,Telangana,Social Media,2025-12-11
C07384,Customer 07384,Male,33,Mumbai,Maharashtra,Social Media,2025-07-12
C07385,Customer 07385,Male,23,Mumbai,Maharashtra,Referral,2025-08-11
C07386,Customer 07386,Male,29,Bengaluru,Karnataka,Referral,2024-02-19
C07387,Customer 07387,Female,44,Kolkata,West Bengal,Social Media,2024-11-26
C07388,Customer 07388,Female,28,Surat,Gujarat,Organic Search,2025-12-10
C07389,Customer 07389,Female,22,Coimbatore,Tamil Nadu,Email,2024-11-27
C07390,Customer 07390,Male,29,Kolkata,West Bengal,Social Media,2024-12-07
C07391,Customer 07391,Male,50,Mumbai,Maharashtra,Paid Search,2025-02-18
C07392,Customer 07392,Male,30,Hyderabad,Telangana,Organic Search,2025-09-14
C07393,Customer 07393,Female,47,Jaipur,Rajasthan,Organic Search,2024-11-06
C07394,Customer 07394,Male,21,Mumbai,Maharashtra,Paid Search,2024-08-24
C07395,Customer 07395,Male,44,Chennai,Tamil Nadu,Email,2025-03-13
C07396,Customer 07396,Female,35,Kochi,Kerala,Referral,2024-09-28
C07397,Customer 07397,Female,29,Ahmedabad,Gujarat,Direct,2025-11-05
C07398,Customer 07398,Female,27,Delhi,Delhi,Organic Search,2024-10-18
C07399,Customer 07399,Female,35,Hyderabad,Telangana,Social Media,2025-10-02
C07400,Customer 07400,Female,30,Kochi,Kerala,Direct,2024-01-02
C07401,Customer 07401,Male,29,Gurugram,Haryana,Referral,2024-05-10
C07402,Customer 07402,Female,29,Nagpur,Maharashtra,Social Media,2025-05-15
C07403,Customer 07403,Male,28,Noida,Uttar Pradesh,Organic Search,2025-03-06
C07404,Customer 07404,Male,43,Delhi,Delhi,Email,2025-03-28
C07405,Customer 07405,Male,39,Chandigarh,Chandigarh,Referral,2024-09-25
C07406,Customer 07406,Male,24,Pune,Maharashtra,Social Media,2025-08-24
C07407,Customer 07407,Female,21,Indore,Madhya Pradesh,Organic Search,2024-01-10
C07408,Customer 07408,Male,35,Bengaluru,Karnataka,Paid Search,2024-08-07
C07409,Customer 07409,Female,22,Pune,Maharashtra,Email,2025-08-01
C07410,Customer 07410,Female,35,Kochi,Kerala,Organic Search,2025-11-21
C07411,Customer 07411,Male,26,Bengaluru,Karnataka,Paid Search,2024-12-21
C07412,Customer 07412,Non-binary,28,Bengaluru,Karnataka,Organic Search,2024-08-11
C07413,Customer 07413,Female,36,Coimbatore,Tamil Nadu,Social Media,2024-06-02
C07414,Customer 07414,Non-binary,30,Kochi,Kerala,Email,2025-06-11
C07415,Customer 07415,Male,38,Delhi,Delhi,Direct,2024-09-28
C07416,Customer 07416,Male,36,Kolkata,West Bengal,Email,2024-06-24
C07417,Customer 07417,Non-binary,33,Chennai,Tamil Nadu,Email,2024-12-05
C07418,Customer 07418,Male,19,Kolkata,West Bengal,Paid Search,2024-09-13
C07419,Customer 07419,Male,51,Nagpur,Maharashtra,Organic Search,2025-06-14
C07420,Customer 07420,Male,34,Chennai,Tamil Nadu,Social Media,2025-11-07
C07421,Customer 07421,Female,18,Bengaluru,Karnataka,Referral,2024-03-02
C07422,Customer 07422,Female,32,Ahmedabad,Gujarat,Referral,2025-09-25
C07423,Customer 07423,Female,22,Ahmedabad,Gujarat,Organic Search,2025-01-20
C07424,Customer 07424,Female,31,Bengaluru,Karnataka,Organic Search,2024-02-14
C07425,Customer 07425,Female,18,Mumbai,Maharashtra,Organic Search,2024-02-21
C07426,Customer 07426,Female,29,Delhi,Delhi,Paid Search,2025-07-09
C07427,Customer 07427,Female,35,Chandigarh,Chandigarh,Paid Search,2024-11-27
C07428,Customer 07428,Female,35,Mumbai,Maharashtra,Email,2024-02-06
C07429,Customer 07429,Male,31,Kolkata,West Bengal,Paid Search,2025-09-16
C07430,Customer 07430,Male,29,Pune,Maharashtra,Organic Search,2025-10-26
C07431,Customer 07431,Male,23,Kochi,Kerala,Organic Search,2025-07-11
C07432,Customer 07432,Female,26,Delhi,Delhi,Organic Search,2025-07-28
C07433,Customer 07433,Male,46,Bengaluru,Karnataka,Paid Search,2024-09-10
C07434,Customer 07434,Male,27,Lucknow,Uttar Pradesh,Organic Search,2025-10-10
C07435,Customer 07435,Male,30,Ahmedabad,Gujarat,Direct,2024-09-13
C07436,Customer 07436,Female,35,Delhi,Delhi,Organic Search,2024-11-15
C07437,Customer 07437,Male,34,Gurugram,Haryana,Organic Search,2024-11-03
C07438,Customer 07438,Male,19,Bengaluru,Karnataka,Social Media,2025-06-27
C07439,Customer 07439,Male,18,Mumbai,Maharashtra,Social Media,2024-09-29
C07440,Customer 07440,Female,18,Chennai,Tamil Nadu,Referral,2025-06-16
C07441,Customer 07441,Female,23,Pune,Maharashtra,Organic Search,2024-03-06
C07442,Customer 07442,Female,31,Noida,Uttar Pradesh,Social Media,2024-08-23
C07443,Customer 07443,Male,33,Noida,Uttar Pradesh,Organic Search,2025-06-20
C07444,Customer 07444,Female,24,Delhi,Delhi,Direct,2025-02-19
C07445,Customer 07445,Male,25,Surat,Gujarat,Referral,2024-02-08
C07446,Customer 07446,Female,34,Bengaluru,Karnataka,Social Media,2024-01-25
C07447,Customer 07447,Female,37,Delhi,Delhi,Organic Search,2024-05-03
C07448,Customer 07448,Female,30,Mumbai,Maharashtra,Paid Search,2024-12-27
C07449,Customer 07449,Female,51,Mumbai,Maharashtra,Direct,2025-08-03
C07450,Customer 07450,Female,37,Indore,Madhya Pradesh,Organic Search,2025-11-05
C07451,Customer 07451,Female,18,Jaipur,Rajasthan,Paid Search,2025-10-10
C07452,Customer 07452,Male,31,Kolkata,West Bengal,Paid Search,2025-04-26
C07453,Customer 07453,Female,34,Bengaluru,Karnataka,Social Media,2025-12-17
C07454,Customer 07454,Female,38,Jaipur,Rajasthan,Organic Search,2024-11-29
C07455,Customer 07455,Male,26,Ahmedabad,Gujarat,Organic Search,2024-08-06
C07456,Customer 07456,Female,18,Patna,Bihar,Direct,2024-06-17
C07457,Customer 07457,Female,32,Hyderabad,Telangana,Social Media,2024-08-07
C07458,Customer 07458,Male,18,Bengaluru,Karnataka,Organic Search,2025-10-30
C07459,Customer 07459,Female,47,Gurugram,Haryana,Paid Search,2025-05-30
C07460,Customer 07460,Male,39,Lucknow,Uttar Pradesh,Organic Search,2025-02-06
C07461,Customer 07461,Female,28,Bengaluru,Karnataka,Social Media,2025-02-10
C07462,Customer 07462,Male,41,Gurugram,Haryana,Social Media,2024-03-15
C07463,Customer 07463,Female,30,Hyderabad,Telangana,Referral,2025-09-30
C07464,Customer 07464,Male,30,Kolkata,West Bengal,Paid Search,2025-09-02
C07465,Customer 07465,Female,37,Mumbai,Maharashtra,Direct,2025-09-21
C07466,Customer 07466,Female,42,Bengaluru,Karnataka,Email,2024-08-27
C07467,Customer 07467,Male,33,Delhi,Delhi,Organic Search,2025-11-14
C07468,Customer 07468,Male,27,Noida,Uttar Pradesh,Organic Search,2025-11-15
C07469,Customer 07469,Female,31,Ahmedabad,Gujarat,Paid Search,2024-01-22
C07470,Customer 07470,Male,25,Kochi,Kerala,Organic Search,2025-07-19
C07471,Customer 07471,Male,42,Bengaluru,Karnataka,Paid Search,2025-02-09
C07472,Customer 07472,Male,39,Bhopal,Madhya Pradesh,Email,2025-08-15
C07473,Customer 07473,Female,18,Ahmedabad,Gujarat,Social Media,2025-11-03
C07474,Customer 07474,Female,37,Delhi,Delhi,Organic Search,2025-09-11
C07475,Customer 07475,Male,34,Chandigarh,Chandigarh,Social Media,2025-03-23
C07476,Customer 07476,Male,53,Bengaluru,Karnataka,Referral,2025-09-27
C07477,Customer 07477,Female,44,Bengaluru,Karnataka,Paid Search,2024-05-15
C07478,Customer 07478,Male,42,Ahmedabad,Gujarat,Referral,2024-01-17
C07479,Customer 07479,Male,19,Hyderabad,Telangana,Organic Search,2025-10-31
C07480,Customer 07480,Male,19,Mumbai,Maharashtra,Paid Search,2024-10-30
C07481,Customer 07481,Male,29,Lucknow,Uttar Pradesh,Referral,2024-06-14
C07482,Customer 07482,Female,27,Mumbai,Maharashtra,Paid Search,2024-12-27
C07483,Customer 07483,Male,24,Chennai,Tamil Nadu,Organic Search,2025-06-04
C07484,Customer 07484,Male,23,Ahmedabad,Gujarat,Paid Search,2025-08-22
C07485,Customer 07485,Male,31,Gurugram,Haryana,Referral,2025-12-02
C07486,Customer 07486,Female,27,Pune,Maharashtra,Paid Search,2025-01-16
C07487,Customer 07487,Male,26,Chennai,Tamil Nadu,Organic Search,2025-07-09
C07488,Customer 07488,Male,37,Mumbai,Maharashtra,Social Media,2025-11-09
C07489,Customer 07489,Male,21,Kolkata,West Bengal,Direct,2024-09-18
C07490,Customer 07490,Male,38,Gurugram,Haryana,Organic Search,2025-10-24
C07491,Customer 07491,Male,38,Kolkata,West Bengal,Email,2025-05-24
C07492,Customer 07492,Male,27,Mumbai,Maharashtra,Organic Search,2024-01-25
C07493,Customer 07493,Male,35,Delhi,Delhi,Referral,2025-12-25
C07494,Customer 07494,Male,33,Delhi,Delhi,Paid Search,2025-08-27
C07495,Customer 07495,Female,30,Mumbai,Maharashtra,Organic Search,2024-09-03
C07496,Customer 07496,Female,56,Bengaluru,Karnataka,Paid Search,2024-03-31
C07497,Customer 07497,Male,39,Chandigarh,Chandigarh,Direct,2025-10-16
C07498,Customer 07498,Non-binary,26,Ahmedabad,Gujarat,Paid Search,2025-08-22
C07499,Customer 07499,Female,33,Chennai,Tamil Nadu,Social Media,2025-10-24
C07500,Customer 07500,Male,39,Ahmedabad,Gujarat,Direct,2025-08-06
C07501,Customer 07501,Male,41,Gurugram,Haryana,Social Media,2024-08-08
C07502,Customer 07502,Male,37,Mumbai,Maharashtra,Organic Search,2025-07-07
C07503,Customer 07503,Male,21,Pune,Maharashtra,Paid Search,2025-09-02
C07504,Customer 07504,Male,29,Ahmedabad,Gujarat,Direct,2024-02-03
C07505,Customer 07505,Female,41,Gurugram,Haryana,Social Media,2024-08-01
C07506,Customer 07506,Male,33,Chennai,Tamil Nadu,Email,2025-07-13
C07507,Customer 07507,Female,38,Chandigarh,Chandigarh,Direct,2025-10-27
C07508,Customer 07508,Female,29,Surat,Gujarat,Social Media,2025-03-14
C07509,Customer 07509,Male,41,Chennai,Tamil Nadu,Paid Search,2025-01-20
C07510,Customer 07510,Male,32,Mumbai,Maharashtra,Social Media,2024-04-13
C07511,Customer 07511,Female,22,Mumbai,Maharashtra,Social Media,2025-10-24
C07512,Customer 07512,Male,24,Delhi,Delhi,Organic Search,2025-10-05
C07513,Customer 07513,Male,37,Bengaluru,Karnataka,Social Media,2024-07-13
C07514,Customer 07514,Non-binary,26,Bengaluru,Karnataka,Social Media,2024-04-02
C07515,Customer 07515,Female,46,Hyderabad,Telangana,Direct,2024-09-06
C07516,Customer 07516,Female,30,Kochi,Kerala,Social Media,2024-11-02
C07517,Customer 07517,Male,44,Pune,Maharashtra,Paid Search,2024-09-19
C07518,Customer 07518,Female,19,Hyderabad,Telangana,Organic Search,2025-11-18
C07519,Customer 07519,Female,30,Gurugram,Haryana,Paid Search,2025-10-31
C07520,Customer 07520,Male,32,Bengaluru,Karnataka,Direct,2025-11-30
C07521,Customer 07521,Female,18,Gurugram,Haryana,Referral,2024-11-21
C07522,Customer 07522,Male,30,Chandigarh,Chandigarh,Organic Search,2025-11-08
C07523,Customer 07523,Female,20,Kochi,Kerala,Organic Search,2024-01-20
C07524,Customer 07524,Male,41,Pune,Maharashtra,Organic Search,2025-09-05
C07525,Customer 07525,Male,30,Hyderabad,Telangana,Email,2024-10-02
C07526,Customer 07526,Female,23,Chandigarh,Chandigarh,Email,2024-06-14
C07527,Customer 07527,Female,24,Coimbatore,Tamil Nadu,Paid Search,2024-04-05
C07528,Customer 07528,Male,28,Mumbai,Maharashtra,Paid Search,2024-12-06
C07529,Customer 07529,Male,45,Ahmedabad,Gujarat,Organic Search,2024-11-11
C07530,Customer 07530,Female,38,Bhopal,Madhya Pradesh,Referral,2025-07-16
C07531,Customer 07531,Male,25,Bengaluru,Karnataka,Direct,2024-04-11
C07532,Customer 07532,Female,37,Surat,Gujarat,Social Media,2025-11-02
C07533,Customer 07533,Female,42,Surat,Gujarat,Referral,2025-07-30
C07534,Customer 07534,Female,30,Indore,Madhya Pradesh,Email,2024-07-22
C07535,Customer 07535,Male,21,Surat,Gujarat,Direct,2025-04-10
C07536,Customer 07536,Female,35,Jaipur,Rajasthan,Email,2024-03-02
C07537,Customer 07537,Male,33,Bengaluru,Karnataka,Social Media,2024-11-17
C07538,Customer 07538,Male,18,Indore,Madhya Pradesh,Organic Search,2025-10-20
C07539,Customer 07539,Female,32,Hyderabad,Telangana,Paid Search,2024-07-21
C07540,Customer 07540,Male,54,Hyderabad,Telangana,Organic Search,2024-10-02
C07541,Customer 07541,Male,35,Noida,Uttar Pradesh,Direct,2024-02-18
C07542,Customer 07542,Male,24,Mumbai,Maharashtra,Email,2025-04-13
C07543,Customer 07543,Male,36,Mumbai,Maharashtra,Paid Search,2025-09-15
C07544,Customer 07544,Male,30,Hyderabad,Telangana,Referral,2024-09-15
C07545,Customer 07545,Female,22,Bengaluru,Karnataka,Social Media,2024-01-05
C07546,Customer 07546,Female,30,Coimbatore,Tamil Nadu,Paid Search,2025-09-13
C07547,Customer 07547,Female,19,Lucknow,Uttar Pradesh,Social Media,2024-07-15
C07548,Customer 07548,Male,27,Indore,Madhya Pradesh,Email,2024-05-25
C07549,Customer 07549,Female,44,Chennai,Tamil Nadu,Social Media,2025-04-16
C07550,Customer 07550,Male,29,Bengaluru,Karnataka,Paid Search,2024-05-30
C07551,Customer 07551,Female,19,Bengaluru,Karnataka,Email,2024-03-12
C07552,Customer 07552,Male,24,Hyderabad,Telangana,Organic Search,2024-05-03
C07553,Customer 07553,Male,18,Surat,Gujarat,Organic Search,2025-01-09
C07554,Customer 07554,Non-binary,44,Hyderabad,Telangana,Paid Search,2025-10-31
C07555,Customer 07555,Female,36,Delhi,Delhi,Organic Search,2024-08-12
C07556,Customer 07556,Male,28,Mumbai,Maharashtra,Organic Search,2024-10-04
C07557,Customer 07557,Male,32,Pune,Maharashtra,Social Media,2025-04-26
C07558,Customer 07558,Male,24,Nagpur,Maharashtra,Paid Search,2025-04-29
C07559,Customer 07559,Female,24,Chandigarh,Chandigarh,Email,2024-09-09
C07560,Customer 07560,Male,20,Kolkata,West Bengal,Organic Search,2024-10-04
C07561,Customer 07561,Male,28,Gurugram,Haryana,Organic Search,2025-06-13
C07562,Customer 07562,Female,34,Mumbai,Maharashtra,Organic Search,2024-05-09
C07563,Customer 07563,Male,32,Nagpur,Maharashtra,Organic Search,2024-10-26
C07564,Customer 07564,Male,40,Gurugram,Haryana,Paid Search,2025-08-17
C07565,Customer 07565,Male,18,Delhi,Delhi,Direct,2025-06-01
C07566,Customer 07566,Male,18,Delhi,Delhi,Direct,2024-10-29
C07567,Customer 07567,Female,25,Mumbai,Maharashtra,Social Media,2025-03-26
C07568,Customer 07568,Male,23,Surat,Gujarat,Direct,2024-02-04
C07569,Customer 07569,Female,25,Jaipur,Rajasthan,Organic Search,2024-08-31
C07570,Customer 07570,Female,36,Ahmedabad,Gujarat,Referral,2024-08-20
C07571,Customer 07571,Female,40,Hyderabad,Telangana,Social Media,2024-06-07
C07572,Customer 07572,Female,42,Pune,Maharashtra,Direct,2024-04-09
C07573,Customer 07573,Male,24,Chennai,Tamil Nadu,Referral,2024-10-23
C07574,Customer 07574,Female,41,Noida,Uttar Pradesh,Email,2025-04-27
C07575,Customer 07575,Male,28,Chennai,Tamil Nadu,Social Media,2024-08-17
C07576,Customer 07576,Male,30,Bhopal,Madhya Pradesh,Organic Search,2025-12-05
C07577,Customer 07577,Male,36,Chennai,Tamil Nadu,Direct,2024-05-24
C07578,Customer 07578,Female,21,Bengaluru,Karnataka,Direct,2025-10-03
C07579,Customer 07579,Male,31,Mumbai,Maharashtra,Organic Search,2024-10-10
C07580,Customer 07580,Female,18,Ahmedabad,Gujarat,Paid Search,2025-08-30
C07581,Customer 07581,Male,21,Hyderabad,Telangana,Organic Search,2024-07-24
C07582,Customer 07582,Male,45,Ahmedabad,Gujarat,Social Media,2025-08-12
C07583,Customer 07583,Female,21,Bengaluru,Karnataka,Social Media,2024-02-21
C07584,Customer 07584,Male,31,Bengaluru,Karnataka,Referral,2024-01-26
C07585,Customer 07585,Female,32,Bhopal,Madhya Pradesh,Referral,2025-02-02
C07586,Customer 07586,Female,36,Mumbai,Maharashtra,Referral,2025-07-18
C07587,Customer 07587,Male,25,Bengaluru,Karnataka,Organic Search,2025-02-27
C07588,Customer 07588,Female,20,Chennai,Tamil Nadu,Email,2025-01-09
C07589,Customer 07589,Male,36,Noida,Uttar Pradesh,Referral,2024-07-14
C07590,Customer 07590,Male,25,Ahmedabad,Gujarat,Organic Search,2024-09-04
C07591,Customer 07591,Male,32,Lucknow,Uttar Pradesh,Referral,2024-04-10
C07592,Customer 07592,Female,38,Hyderabad,Telangana,Social Media,2025-05-25
C07593,Customer 07593,Male,31,Jaipur,Rajasthan,Organic Search,2025-01-30
C07594,Customer 07594,Male,44,Mumbai,Maharashtra,Direct,2024-01-18
C07595,Customer 07595,Female,36,Delhi,Delhi,Email,2024-12-21
C07596,Customer 07596,Male,44,Bengaluru,Karnataka,Social Media,2024-03-07
C07597,Customer 07597,Female,40,Nagpur,Maharashtra,Paid Search,2025-02-17
C07598,Customer 07598,Male,18,Nagpur,Maharashtra,Social Media,2024-10-25
C07599,Customer 07599,Male,46,Jaipur,Rajasthan,Organic Search,2025-03-17
C07600,Customer 07600,Male,45,Hyderabad,Telangana,Email,2025-12-24
C07601,Customer 07601,Female,19,Gurugram,Haryana,Direct,2024-11-19
C07602,Customer 07602,Male,28,Chennai,Tamil Nadu,Email,2025-09-02
C07603,Customer 07603,Female,35,Coimbatore,Tamil Nadu,Organic Search,2025-11-24
C07604,Customer 07604,Male,38,Jaipur,Rajasthan,Email,2025-04-10
C07605,Customer 07605,Female,18,Bhopal,Madhya Pradesh,Referral,2025-03-10
C07606,Customer 07606,Female,40,Chandigarh,Chandigarh,Social Media,2024-07-09
C07607,Customer 07607,Female,38,Hyderabad,Telangana,Paid Search,2024-05-30
C07608,Customer 07608,Male,18,Chennai,Tamil Nadu,Referral,2025-03-13
C07609,Customer 07609,Female,21,Delhi,Delhi,Paid Search,2024-08-19
C07610,Customer 07610,Female,33,Bhopal,Madhya Pradesh,Organic Search,2024-07-06
C07611,Customer 07611,Male,19,Mumbai,Maharashtra,Social Media,2025-12-16
C07612,Customer 07612,Male,25,Delhi,Delhi,Paid Search,2024-02-25
C07613,Customer 07613,Non-binary,30,Jaipur,Rajasthan,Organic Search,2024-06-17
C07614,Customer 07614,Male,42,Delhi,Delhi,Referral,2024-03-30
C07615,Customer 07615,Non-binary,47,Nagpur,Maharashtra,Direct,2024-10-03
C07616,Customer 07616,Male,27,Coimbatore,Tamil Nadu,Paid Search,2024-05-17
C07617,Customer 07617,Male,41,Ahmedabad,Gujarat,Paid Search,2025-09-27
C07618,Customer 07618,Male,33,Kolkata,West Bengal,Paid Search,2025-04-15
C07619,Customer 07619,Male,38,Mumbai,Maharashtra,Direct,2025-12-19
C07620,Customer 07620,Male,28,Chennai,Tamil Nadu,Email,2024-10-30
C07621,Customer 07621,Female,40,Mumbai,Maharashtra,Paid Search,2025-07-30
C07622,Customer 07622,Male,21,Jaipur,Rajasthan,Organic Search,2024-01-19
C07623,Customer 07623,Female,30,Ahmedabad,Gujarat,Paid Search,2024-02-17
C07624,Customer 07624,Female,29,Hyderabad,Telangana,Organic Search,2025-09-21
C07625,Customer 07625,Male,38,Nagpur,Maharashtra,Organic Search,2024-03-06
C07626,Customer 07626,Male,39,Bengaluru,Karnataka,Organic Search,2025-10-28
C07627,Customer 07627,Female,30,Hyderabad,Telangana,Email,2024-01-25
C07628,Customer 07628,Female,60,Chennai,Tamil Nadu,Paid Search,2024-06-16
C07629,Customer 07629,Female,34,Jaipur,Rajasthan,Organic Search,2024-03-10
C07630,Customer 07630,Male,31,Bengaluru,Karnataka,Social Media,2025-12-05
C07631,Customer 07631,Female,47,Delhi,Delhi,Direct,2024-06-12
C07632,Customer 07632,Male,23,Gurugram,Haryana,Referral,2025-07-18
C07633,Customer 07633,Male,18,Hyderabad,Telangana,Paid Search,2024-07-17
C07634,Customer 07634,Female,42,Delhi,Delhi,Organic Search,2025-12-15
C07635,Customer 07635,Female,39,Kochi,Kerala,Organic Search,2024-05-02
C07636,Customer 07636,Female,43,Indore,Madhya Pradesh,Email,2025-12-14
C07637,Customer 07637,Female,36,Chennai,Tamil Nadu,Social Media,2025-11-19
C07638,Customer 07638,Male,49,Kolkata,West Bengal,Organic Search,2024-11-02
C07639,Customer 07639,Female,18,Hyderabad,Telangana,Paid Search,2025-09-07
C07640,Customer 07640,Female,36,Bengaluru,Karnataka,Organic Search,2025-10-13
C07641,Customer 07641,Female,25,Pune,Maharashtra,Paid Search,2025-02-10
C07642,Customer 07642,Female,38,Chennai,Tamil Nadu,Referral,2024-07-26
C07643,Customer 07643,Male,18,Gurugram,Haryana,Referral,2025-09-29
C07644,Customer 07644,Male,35,Bhopal,Madhya Pradesh,Organic Search,2024-01-03
C07645,Customer 07645,Male,41,Ahmedabad,Gujarat,Paid Search,2024-12-26
C07646,Customer 07646,Male,21,Hyderabad,Telangana,Organic Search,2024-12-25
C07647,Customer 07647,Female,36,Hyderabad,Telangana,Paid Search,2025-05-12
C07648,Customer 07648,Male,27,Surat,Gujarat,Referral,2024-04-18
C07649,Customer 07649,Female,22,Ahmedabad,Gujarat,Paid Search,2024-04-12
C07650,Customer 07650,Male,29,Lucknow,Uttar Pradesh,Social Media,2024-11-09
C07651,Customer 07651,Female,34,Pune,Maharashtra,Paid Search,2024-10-01
C07652,Customer 07652,Female,32,Hyderabad,Telangana,Email,2025-05-27
C07653,Customer 07653,Female,25,Delhi,Delhi,Direct,2025-11-03
C07654,Customer 07654,Male,24,Pune,Maharashtra,Organic Search,2024-02-26
C07655,Customer 07655,Male,18,Mumbai,Maharashtra,Social Media,2025-11-01
C07656,Customer 07656,Male,21,Chandigarh,Chandigarh,Organic Search,2025-04-06
C07657,Customer 07657,Male,24,Mumbai,Maharashtra,Direct,2024-05-13
C07658,Customer 07658,Male,18,Bengaluru,Karnataka,Paid Search,2025-05-12
C07659,Customer 07659,Female,29,Bengaluru,Karnataka,Organic Search,2025-09-29
C07660,Customer 07660,Female,25,Bengaluru,Karnataka,Email,2024-03-11
C07661,Customer 07661,Male,38,Kolkata,West Bengal,Email,2025-10-24
C07662,Customer 07662,Female,20,Coimbatore,Tamil Nadu,Referral,2025-04-23
C07663,Customer 07663,Male,51,Jaipur,Rajasthan,Social Media,2025-08-07
C07664,Customer 07664,Female,30,Delhi,Delhi,Direct,2025-09-15
C07665,Customer 07665,Male,26,Jaipur,Rajasthan,Referral,2024-02-16
C07666,Customer 07666,Male,24,Bengaluru,Karnataka,Organic Search,2024-07-15
C07667,Customer 07667,Male,43,Surat,Gujarat,Direct,2024-07-01
C07668,Customer 07668,Female,37,Bengaluru,Karnataka,Paid Search,2024-09-29
C07669,Customer 07669,Male,31,Noida,Uttar Pradesh,Email,2024-10-05
C07670,Customer 07670,Female,31,Mumbai,Maharashtra,Direct,2025-07-05
C07671,Customer 07671,Male,36,Indore,Madhya Pradesh,Organic Search,2025-09-05
C07672,Customer 07672,Female,40,Delhi,Delhi,Direct,2025-09-10
C07673,Customer 07673,Male,42,Kochi,Kerala,Organic Search,2024-01-07
C07674,Customer 07674,Female,36,Noida,Uttar Pradesh,Social Media,2025-10-16
C07675,Customer 07675,Male,23,Chennai,Tamil Nadu,Direct,2024-01-14
C07676,Customer 07676,Male,31,Ahmedabad,Gujarat,Organic Search,2025-10-02
C07677,Customer 07677,Male,31,Mumbai,Maharashtra,Social Media,2025-05-22
C07678,Customer 07678,Male,23,Surat,Gujarat,Social Media,2025-11-18
C07679,Customer 07679,Female,24,Hyderabad,Telangana,Organic Search,2024-07-01
C07680,Customer 07680,Female,32,Mumbai,Maharashtra,Organic Search,2025-02-20
C07681,Customer 07681,Female,31,Lucknow,Uttar Pradesh,Paid Search,2024-05-07
C07682,Customer 07682,Male,25,Kolkata,West Bengal,Referral,2024-10-07
C07683,Customer 07683,Non-binary,39,Nagpur,Maharashtra,Social Media,2024-09-12
C07684,Customer 07684,Male,33,Kochi,Kerala,Direct,2025-11-29
C07685,Customer 07685,Male,19,Hyderabad,Telangana,Organic Search,2024-11-23
C07686,Customer 07686,Male,39,Noida,Uttar Pradesh,Referral,2024-09-16
C07687,Customer 07687,Female,41,Hyderabad,Telangana,Referral,2025-05-03
C07688,Customer 07688,Male,38,Bengaluru,Karnataka,Referral,2024-02-09
C07689,Customer 07689,Male,18,Bengaluru,Karnataka,Referral,2024-08-06
C07690,Customer 07690,Male,26,Kochi,Kerala,Social Media,2025-05-08
C07691,Customer 07691,Female,29,Delhi,Delhi,Paid Search,2025-04-03
C07692,Customer 07692,Male,27,Delhi,Delhi,Referral,2024-01-21
C07693,Customer 07693,Female,18,Chandigarh,Chandigarh,Paid Search,2024-11-02
C07694,Customer 07694,Female,29,Hyderabad,Telangana,Organic Search,2025-09-28
C07695,Customer 07695,Female,32,Mumbai,Maharashtra,Social Media,2024-06-17
C07696,Customer 07696,Male,33,Kolkata,West Bengal,Direct,2025-09-16
C07697,Customer 07697,Male,22,Delhi,Delhi,Organic Search,2025-04-01
C07698,Customer 07698,Female,41,Delhi,Delhi,Organic Search,2025-09-27
C07699,Customer 07699,Female,24,Jaipur,Rajasthan,Organic Search,2024-06-20
C07700,Customer 07700,Female,29,Kolkata,West Bengal,Social Media,2025-02-26
C07701,Customer 07701,Male,27,Hyderabad,Telangana,Direct,2024-02-24
C07702,Customer 07702,Female,28,Delhi,Delhi,Organic Search,2025-09-20
C07703,Customer 07703,Male,29,Delhi,Delhi,Social Media,2025-03-06
C07704,Customer 07704,Male,53,Pune,Maharashtra,Paid Search,2024-02-02
C07705,Customer 07705,Male,31,Nagpur,Maharashtra,Paid Search,2024-10-13
C07706,Customer 07706,Female,41,Pune,Maharashtra,Organic Search,2025-07-22
C07707,Customer 07707,Female,37,Pune,Maharashtra,Paid Search,2024-01-26
C07708,Customer 07708,Female,35,Kolkata,West Bengal,Organic Search,2025-08-23
C07709,Customer 07709,Female,42,Pune,Maharashtra,Paid Search,2025-11-08
C07710,Customer 07710,Female,33,Coimbatore,Tamil Nadu,Social Media,2024-11-29
C07711,Customer 07711,Female,27,Delhi,Delhi,Organic Search,2024-03-09
C07712,Customer 07712,Female,34,Delhi,Delhi,Social Media,2024-08-16
C07713,Customer 07713,Male,25,Hyderabad,Telangana,Referral,2025-05-16
C07714,Customer 07714,Male,30,Kolkata,West Bengal,Organic Search,2025-01-16
C07715,Customer 07715,Female,24,Delhi,Delhi,Direct,2025-01-28
C07716,Customer 07716,Female,22,Mumbai,Maharashtra,Social Media,2024-01-07
C07717,Customer 07717,Female,18,Kolkata,West Bengal,Email,2024-06-27
C07718,Customer 07718,Male,25,Surat,Gujarat,Referral,2025-01-12
C07719,Customer 07719,Female,31,Hyderabad,Telangana,Direct,2024-10-09
C07720,Customer 07720,Male,32,Pune,Maharashtra,Direct,2025-03-15
C07721,Customer 07721,Female,34,Chennai,Tamil Nadu,Referral,2025-04-02
C07722,Customer 07722,Male,40,Chandigarh,Chandigarh,Referral,2024-07-31
C07723,Customer 07723,Female,26,Kolkata,West Bengal,Social Media,2024-06-15
C07724,Customer 07724,Male,37,Chennai,Tamil Nadu,Direct,2025-05-23
C07725,Customer 07725,Male,33,Chennai,Tamil Nadu,Social Media,2025-09-15
C07726,Customer 07726,Female,25,Hyderabad,Telangana,Direct,2024-04-23
C07727,Customer 07727,Female,18,Mumbai,Maharashtra,Organic Search,2024-02-20
C07728,Customer 07728,Female,26,Chandigarh,Chandigarh,Email,2024-12-27
C07729,Customer 07729,Male,24,Indore,Madhya Pradesh,Referral,2024-11-29
C07730,Customer 07730,Female,38,Delhi,Delhi,Paid Search,2024-02-22
C07731,Customer 07731,Male,18,Ahmedabad,Gujarat,Direct,2024-09-24
C07732,Customer 07732,Male,20,Lucknow,Uttar Pradesh,Email,2025-05-25
C07733,Customer 07733,Female,36,Hyderabad,Telangana,Social Media,2024-10-25
C07734,Customer 07734,Male,28,Mumbai,Maharashtra,Social Media,2025-06-23
C07735,Customer 07735,Female,18,Delhi,Delhi,Paid Search,2024-03-05
C07736,Customer 07736,Female,18,Mumbai,Maharashtra,Paid Search,2024-11-04
C07737,Customer 07737,Male,30,Mumbai,Maharashtra,Direct,2024-10-27
C07738,Customer 07738,Male,27,Delhi,Delhi,Email,2025-02-15
C07739,Customer 07739,Male,29,Mumbai,Maharashtra,Social Media,2025-03-30
C07740,Customer 07740,Female,30,Pune,Maharashtra,Organic Search,2024-01-29
C07741,Customer 07741,Male,26,Ahmedabad,Gujarat,Organic Search,2024-05-18
C07742,Customer 07742,Female,18,Gurugram,Haryana,Social Media,2024-01-29
C07743,Customer 07743,Female,39,Indore,Madhya Pradesh,Organic Search,2024-05-18
C07744,Customer 07744,Female,21,Nagpur,Maharashtra,Paid Search,2025-03-17
C07745,Customer 07745,Female,38,Hyderabad,Telangana,Paid Search,2024-11-21
C07746,Customer 07746,Female,23,Mumbai,Maharashtra,Social Media,2024-07-04
C07747,Customer 07747,Male,42,Mumbai,Maharashtra,Referral,2024-03-26
C07748,Customer 07748,Female,28,Kolkata,West Bengal,Referral,2025-08-09
C07749,Customer 07749,Female,47,Hyderabad,Telangana,Social Media,2024-11-22
C07750,Customer 07750,Female,21,Bengaluru,Karnataka,Organic Search,2025-07-11
C07751,Customer 07751,Male,37,Chennai,Tamil Nadu,Email,2025-04-14
C07752,Customer 07752,Female,35,Indore,Madhya Pradesh,Email,2024-10-02
C07753,Customer 07753,Male,29,Bengaluru,Karnataka,Paid Search,2025-10-22
C07754,Customer 07754,Female,21,Surat,Gujarat,Social Media,2025-03-31
C07755,Customer 07755,Female,22,Kolkata,West Bengal,Referral,2025-01-01
C07756,Customer 07756,Female,28,Bengaluru,Karnataka,Social Media,2025-02-22
C07757,Customer 07757,Female,31,Jaipur,Rajasthan,Direct,2025-01-02
C07758,Customer 07758,Female,20,Nagpur,Maharashtra,Organic Search,2025-11-14
C07759,Customer 07759,Male,33,Noida,Uttar Pradesh,Organic Search,2025-04-29
C07760,Customer 07760,Male,29,Noida,Uttar Pradesh,Direct,2024-08-22
C07761,Customer 07761,Male,39,Hyderabad,Telangana,Paid Search,2025-11-15
C07762,Customer 07762,Male,32,Bhopal,Madhya Pradesh,Email,2025-04-30
C07763,Customer 07763,Female,18,Lucknow,Uttar Pradesh,Organic Search,2025-02-20
C07764,Customer 07764,Male,35,Delhi,Delhi,Paid Search,2025-11-16
C07765,Customer 07765,Female,29,Indore,Madhya Pradesh,Organic Search,2025-07-22
C07766,Customer 07766,Male,28,Pune,Maharashtra,Organic Search,2025-10-15
C07767,Customer 07767,Female,40,Delhi,Delhi,Organic Search,2025-02-24
C07768,Customer 07768,Female,33,Delhi,Delhi,Direct,2024-03-08
C07769,Customer 07769,Female,47,Delhi,Delhi,Organic Search,2024-03-23
C07770,Customer 07770,Male,28,Bengaluru,Karnataka,Organic Search,2024-08-24
C07771,Customer 07771,Female,21,Chandigarh,Chandigarh,Direct,2025-03-29
C07772,Customer 07772,Male,37,Mumbai,Maharashtra,Paid Search,2025-03-20
C07773,Customer 07773,Female,36,Lucknow,Uttar Pradesh,Organic Search,2025-08-08
C07774,Customer 07774,Female,42,Patna,Bihar,Direct,2024-06-19
C07775,Customer 07775,Male,41,Bengaluru,Karnataka,Paid Search,2024-08-14
C07776,Customer 07776,Male,36,Bengaluru,Karnataka,Social Media,2025-09-28
C07777,Customer 07777,Female,32,Pune,Maharashtra,Referral,2024-10-02
C07778,Customer 07778,Female,44,Bengaluru,Karnataka,Social Media,2024-01-04
C07779,Customer 07779,Female,30,Ahmedabad,Gujarat,Referral,2025-02-20
C07780,Customer 07780,Male,32,Hyderabad,Telangana,Organic Search,2024-11-02
C07781,Customer 07781,Male,25,Delhi,Delhi,Paid Search,2025-04-30
C07782,Customer 07782,Female,18,Patna,Bihar,Paid Search,2024-07-28
C07783,Customer 07783,Male,36,Delhi,Delhi,Referral,2024-02-02
C07784,Customer 07784,Male,27,Indore,Madhya Pradesh,Social Media,2025-05-12
C07785,Customer 07785,Female,31,Chandigarh,Chandigarh,Paid Search,2025-01-04
C07786,Customer 07786,Male,32,Lucknow,Uttar Pradesh,Organic Search,2025-04-09
C07787,Customer 07787,Male,26,Indore,Madhya Pradesh,Email,2025-07-23
C07788,Customer 07788,Male,45,Kolkata,West Bengal,Email,2025-04-23
C07789,Customer 07789,Male,31,Mumbai,Maharashtra,Paid Search,2024-10-20
C07790,Customer 07790,Female,29,Chandigarh,Chandigarh,Direct,2024-04-26
C07791,Customer 07791,Female,40,Delhi,Delhi,Organic Search,2025-03-19
C07792,Customer 07792,Female,36,Hyderabad,Telangana,Social Media,2024-03-21
C07793,Customer 07793,Male,32,Patna,Bihar,Referral,2024-11-22
C07794,Customer 07794,Female,42,Pune,Maharashtra,Direct,2025-11-05
C07795,Customer 07795,Female,22,Pune,Maharashtra,Referral,2025-06-06
C07796,Customer 07796,Male,31,Hyderabad,Telangana,Organic Search,2024-06-14
C07797,Customer 07797,Male,42,Chandigarh,Chandigarh,Referral,2025-08-09
C07798,Customer 07798,Female,28,Indore,Madhya Pradesh,Direct,2024-02-18
C07799,Customer 07799,Female,25,Lucknow,Uttar Pradesh,Referral,2024-05-25
C07800,Customer 07800,Female,19,Nagpur,Maharashtra,Direct,2024-11-17
C07801,Customer 07801,Male,18,Kolkata,West Bengal,Organic Search,2025-04-03
C07802,Customer 07802,Female,41,Kolkata,West Bengal,Email,2024-11-05
C07803,Customer 07803,Female,25,Mumbai,Maharashtra,Direct,2025-12-17
C07804,Customer 07804,Male,21,Lucknow,Uttar Pradesh,Organic Search,2024-10-19
C07805,Customer 07805,Female,22,Jaipur,Rajasthan,Referral,2025-09-17
C07806,Customer 07806,Female,34,Pune,Maharashtra,Paid Search,2025-08-10
C07807,Customer 07807,Male,41,Indore,Madhya Pradesh,Paid Search,2025-09-09
C07808,Customer 07808,Female,18,Kolkata,West Bengal,Organic Search,2024-10-23
C07809,Customer 07809,Female,35,Surat,Gujarat,Direct,2025-11-24
C07810,Customer 07810,Female,25,Chennai,Tamil Nadu,Paid Search,2025-01-12
C07811,Customer 07811,Female,29,Ahmedabad,Gujarat,Social Media,2024-06-25
C07812,Customer 07812,Female,25,Kolkata,West Bengal,Paid Search,2025-12-15
C07813,Customer 07813,Female,28,Chandigarh,Chandigarh,Social Media,2025-10-07
C07814,Customer 07814,Non-binary,33,Kolkata,West Bengal,Social Media,2024-01-02
C07815,Customer 07815,Male,39,Hyderabad,Telangana,Paid Search,2025-09-15
C07816,Customer 07816,Female,18,Gurugram,Haryana,Social Media,2024-01-19
C07817,Customer 07817,Female,30,Ahmedabad,Gujarat,Social Media,2025-08-22
C07818,Customer 07818,Male,18,Chennai,Tamil Nadu,Referral,2024-07-30
C07819,Customer 07819,Female,21,Mumbai,Maharashtra,Social Media,2025-05-03
C07820,Customer 07820,Male,33,Kolkata,West Bengal,Social Media,2025-03-01
C07821,Customer 07821,Male,27,Delhi,Delhi,Paid Search,2025-05-22
C07822,Customer 07822,Female,37,Gurugram,Haryana,Social Media,2025-03-13
C07823,Customer 07823,Female,34,Bengaluru,Karnataka,Organic Search,2024-02-01
C07824,Customer 07824,Female,29,Kochi,Kerala,Social Media,2025-10-06
C07825,Customer 07825,Female,36,Mumbai,Maharashtra,Social Media,2025-01-15
C07826,Customer 07826,Male,25,Kochi,Kerala,Social Media,2024-09-28
C07827,Customer 07827,Male,18,Coimbatore,Tamil Nadu,Social Media,2024-01-01
C07828,Customer 07828,Male,36,Mumbai,Maharashtra,Paid Search,2025-07-05
C07829,Customer 07829,Male,36,Chennai,Tamil Nadu,Direct,2024-06-06
C07830,Customer 07830,Female,34,Hyderabad,Telangana,Organic Search,2024-05-04
C07831,Customer 07831,Male,40,Pune,Maharashtra,Social Media,2024-06-28
C07832,Customer 07832,Male,33,Mumbai,Maharashtra,Paid Search,2025-11-02
C07833,Customer 07833,Male,24,Pune,Maharashtra,Organic Search,2024-03-28
C07834,Customer 07834,Female,30,Delhi,Delhi,Organic Search,2025-12-16
C07835,Customer 07835,Male,36,Hyderabad,Telangana,Paid Search,2024-04-23
C07836,Customer 07836,Female,35,Kochi,Kerala,Paid Search,2025-10-21
C07837,Customer 07837,Male,32,Jaipur,Rajasthan,Referral,2025-06-14
C07838,Customer 07838,Female,33,Jaipur,Rajasthan,Referral,2025-08-18
C07839,Customer 07839,Male,30,Bengaluru,Karnataka,Social Media,2024-06-10
C07840,Customer 07840,Male,29,Kolkata,West Bengal,Social Media,2025-09-10
C07841,Customer 07841,Male,39,Mumbai,Maharashtra,Paid Search,2025-12-20
C07842,Customer 07842,Male,28,Hyderabad,Telangana,Social Media,2025-03-05
C07843,Customer 07843,Female,35,Mumbai,Maharashtra,Paid Search,2024-12-15
C07844,Customer 07844,Female,39,Kolkata,West Bengal,Organic Search,2024-11-19
C07845,Customer 07845,Female,35,Delhi,Delhi,Organic Search,2025-04-04
C07846,Customer 07846,Male,34,Coimbatore,Tamil Nadu,Organic Search,2024-06-03
C07847,Customer 07847,Female,53,Kochi,Kerala,Referral,2025-07-01
C07848,Customer 07848,Female,41,Chennai,Tamil Nadu,Direct,2025-09-17
C07849,Customer 07849,Male,33,Kolkata,West Bengal,Referral,2024-02-14
C07850,Customer 07850,Female,27,Chennai,Tamil Nadu,Referral,2024-08-23
C07851,Customer 07851,Male,38,Bengaluru,Karnataka,Direct,2024-11-19
C07852,Customer 07852,Female,26,Ahmedabad,Gujarat,Direct,2024-07-29
C07853,Customer 07853,Female,43,Lucknow,Uttar Pradesh,Paid Search,2024-04-08
C07854,Customer 07854,Male,34,Surat,Gujarat,Referral,2024-06-01
C07855,Customer 07855,Male,50,Bengaluru,Karnataka,Organic Search,2025-01-25
C07856,Customer 07856,Male,46,Pune,Maharashtra,Direct,2024-05-02
C07857,Customer 07857,Female,36,Bengaluru,Karnataka,Direct,2025-03-04
C07858,Customer 07858,Female,32,Hyderabad,Telangana,Social Media,2024-03-09
C07859,Customer 07859,Male,26,Delhi,Delhi,Social Media,2025-10-23
C07860,Customer 07860,Male,38,Patna,Bihar,Organic Search,2024-12-31
C07861,Customer 07861,Female,40,Jaipur,Rajasthan,Organic Search,2024-04-27
C07862,Customer 07862,Male,45,Indore,Madhya Pradesh,Social Media,2024-11-15
C07863,Customer 07863,Male,33,Bengaluru,Karnataka,Referral,2025-11-27
C07864,Customer 07864,Female,38,Bengaluru,Karnataka,Social Media,2024-09-19
C07865,Customer 07865,Male,58,Chennai,Tamil Nadu,Direct,2024-11-25
C07866,Customer 07866,Female,42,Noida,Uttar Pradesh,Direct,2025-01-11
C07867,Customer 07867,Male,38,Hyderabad,Telangana,Organic Search,2024-11-27
C07868,Customer 07868,Female,29,Delhi,Delhi,Social Media,2024-04-23
C07869,Customer 07869,Male,41,Ahmedabad,Gujarat,Organic Search,2024-06-09
C07870,Customer 07870,Male,26,Delhi,Delhi,Direct,2025-06-20
C07871,Customer 07871,Female,38,Ahmedabad,Gujarat,Direct,2024-06-18
C07872,Customer 07872,Male,41,Patna,Bihar,Email,2024-02-13
C07873,Customer 07873,Male,20,Chennai,Tamil Nadu,Referral,2024-01-21
C07874,Customer 07874,Male,33,Kolkata,West Bengal,Organic Search,2024-01-23
C07875,Customer 07875,Female,31,Hyderabad,Telangana,Referral,2024-12-04
C07876,Customer 07876,Male,19,Bengaluru,Karnataka,Social Media,2024-11-24
C07877,Customer 07877,Female,32,Bengaluru,Karnataka,Organic Search,2024-02-10
C07878,Customer 07878,Male,28,Bengaluru,Karnataka,Paid Search,2025-01-21
C07879,Customer 07879,Male,32,Bengaluru,Karnataka,Referral,2024-09-26
C07880,Customer 07880,Male,25,Jaipur,Rajasthan,Organic Search,2025-04-02
C07881,Customer 07881,Female,24,Lucknow,Uttar Pradesh,Referral,2024-05-02
C07882,Customer 07882,Female,33,Bengaluru,Karnataka,Email,2024-02-03
C07883,Customer 07883,Female,35,Surat,Gujarat,Direct,2024-06-18
C07884,Customer 07884,Male,42,Pune,Maharashtra,Social Media,2025-08-01
C07885,Customer 07885,Male,40,Ahmedabad,Gujarat,Referral,2024-01-23
C07886,Customer 07886,Female,44,Mumbai,Maharashtra,Social Media,2025-03-09
C07887,Customer 07887,Male,36,Chennai,Tamil Nadu,Referral,2024-12-01
C07888,Customer 07888,Male,38,Surat,Gujarat,Social Media,2025-04-16
C07889,Customer 07889,Male,28,Hyderabad,Telangana,Direct,2024-01-30
C07890,Customer 07890,Female,25,Bengaluru,Karnataka,Organic Search,2024-11-15
C07891,Customer 07891,Male,18,Noida,Uttar Pradesh,Direct,2025-11-04
C07892,Customer 07892,Female,19,Pune,Maharashtra,Organic Search,2025-09-07
C07893,Customer 07893,Female,30,Gurugram,Haryana,Social Media,2024-04-13
C07894,Customer 07894,Male,32,Chennai,Tamil Nadu,Paid Search,2024-07-10
C07895,Customer 07895,Female,37,Noida,Uttar Pradesh,Referral,2024-03-22
C07896,Customer 07896,Male,34,Chennai,Tamil Nadu,Organic Search,2024-07-13
C07897,Customer 07897,Female,44,Kolkata,West Bengal,Social Media,2024-04-07
C07898,Customer 07898,Male,21,Delhi,Delhi,Organic Search,2024-03-12
C07899,Customer 07899,Male,21,Kolkata,West Bengal,Referral,2024-06-14
C07900,Customer 07900,Female,29,Chandigarh,Chandigarh,Direct,2025-11-29
C07901,Customer 07901,Male,35,Hyderabad,Telangana,Direct,2024-06-22
C07902,Customer 07902,Female,26,Bhopal,Madhya Pradesh,Organic Search,2025-04-06
C07903,Customer 07903,Male,35,Mumbai,Maharashtra,Organic Search,2024-03-09
C07904,Customer 07904,Female,31,Nagpur,Maharashtra,Organic Search,2025-08-21
C07905,Customer 07905,Female,41,Lucknow,Uttar Pradesh,Email,2024-03-04
C07906,Customer 07906,Male,39,Bengaluru,Karnataka,Paid Search,2025-02-25
C07907,Customer 07907,Female,30,Delhi,Delhi,Social Media,2025-08-11
C07908,Customer 07908,Female,33,Pune,Maharashtra,Referral,2024-08-03
C07909,Customer 07909,Non-binary,43,Hyderabad,Telangana,Organic Search,2024-01-14
C07910,Customer 07910,Male,50,Gurugram,Haryana,Referral,2024-02-13
C07911,Customer 07911,Female,18,Gurugram,Haryana,Organic Search,2024-04-20
C07912,Customer 07912,Male,42,Lucknow,Uttar Pradesh,Direct,2024-08-23
C07913,Customer 07913,Female,32,Pune,Maharashtra,Referral,2024-01-26
C07914,Customer 07914,Female,43,Bhopal,Madhya Pradesh,Organic Search,2025-12-17
C07915,Customer 07915,Female,37,Delhi,Delhi,Direct,2025-11-17
C07916,Customer 07916,Female,36,Chandigarh,Chandigarh,Paid Search,2025-06-22
C07917,Customer 07917,Female,42,Bhopal,Madhya Pradesh,Social Media,2025-06-14
C07918,Customer 07918,Female,23,Delhi,Delhi,Organic Search,2025-10-23
C07919,Customer 07919,Female,30,Chennai,Tamil Nadu,Organic Search,2025-12-07
C07920,Customer 07920,Male,36,Pune,Maharashtra,Organic Search,2025-09-16
C07921,Customer 07921,Female,44,Delhi,Delhi,Email,2025-07-05
C07922,Customer 07922,Female,41,Mumbai,Maharashtra,Organic Search,2025-11-14
C07923,Customer 07923,Male,34,Ahmedabad,Gujarat,Referral,2025-10-17
C07924,Customer 07924,Male,42,Surat,Gujarat,Social Media,2025-06-03
C07925,Customer 07925,Female,26,Delhi,Delhi,Email,2025-01-16
C07926,Customer 07926,Female,20,Kochi,Kerala,Organic Search,2025-03-14
C07927,Customer 07927,Male,24,Noida,Uttar Pradesh,Paid Search,2025-01-06
C07928,Customer 07928,Male,33,Chennai,Tamil Nadu,Social Media,2025-07-24
C07929,Customer 07929,Male,50,Mumbai,Maharashtra,Organic Search,2024-02-25
C07930,Customer 07930,Male,40,Ahmedabad,Gujarat,Paid Search,2025-10-04
C07931,Customer 07931,Female,40,Gurugram,Haryana,Social Media,2024-10-01
C07932,Customer 07932,Female,42,Ahmedabad,Gujarat,Organic Search,2025-01-23
C07933,Customer 07933,Male,41,Jaipur,Rajasthan,Organic Search,2024-05-31
C07934,Customer 07934,Female,41,Chennai,Tamil Nadu,Social Media,2024-01-07
C07935,Customer 07935,Male,34,Surat,Gujarat,Paid Search,2024-07-28
C07936,Customer 07936,Male,35,Mumbai,Maharashtra,Organic Search,2024-05-31
C07937,Customer 07937,Male,20,Lucknow,Uttar Pradesh,Paid Search,2025-05-15
C07938,Customer 07938,Female,24,Mumbai,Maharashtra,Social Media,2024-09-23
C07939,Customer 07939,Male,35,Bhopal,Madhya Pradesh,Referral,2024-09-13
C07940,Customer 07940,Male,20,Delhi,Delhi,Social Media,2024-06-08
C07941,Customer 07941,Female,28,Chandigarh,Chandigarh,Email,2024-01-14
C07942,Customer 07942,Female,20,Kochi,Kerala,Organic Search,2024-11-24
C07943,Customer 07943,Male,45,Bhopal,Madhya Pradesh,Paid Search,2025-01-21
C07944,Customer 07944,Female,24,Coimbatore,Tamil Nadu,Organic Search,2024-01-26
C07945,Customer 07945,Male,31,Hyderabad,Telangana,Referral,2024-08-13
C07946,Customer 07946,Male,39,Mumbai,Maharashtra,Paid Search,2025-10-02
C07947,Customer 07947,Male,39,Kolkata,West Bengal,Social Media,2024-12-05
C07948,Customer 07948,Male,27,Delhi,Delhi,Referral,2025-08-13
C07949,Customer 07949,Male,29,Mumbai,Maharashtra,Email,2025-04-01
C07950,Customer 07950,Female,30,Mumbai,Maharashtra,Paid Search,2024-04-10
C07951,Customer 07951,Male,27,Kochi,Kerala,Organic Search,2024-12-25
C07952,Customer 07952,Female,30,Delhi,Delhi,Email,2024-08-22
C07953,Customer 07953,Male,31,Mumbai,Maharashtra,Email,2025-10-06
C07954,Customer 07954,Female,38,Lucknow,Uttar Pradesh,Social Media,2024-02-04
C07955,Customer 07955,Non-binary,23,Ahmedabad,Gujarat,Social Media,2025-09-07
C07956,Customer 07956,Male,37,Pune,Maharashtra,Organic Search,2024-05-09
C07957,Customer 07957,Male,31,Bengaluru,Karnataka,Organic Search,2024-10-13
C07958,Customer 07958,Male,25,Ahmedabad,Gujarat,Social Media,2024-09-17
C07959,Customer 07959,Female,33,Ahmedabad,Gujarat,Referral,2024-06-27
C07960,Customer 07960,Female,45,Bhopal,Madhya Pradesh,Organic Search,2025-03-26
C07961,Customer 07961,Male,30,Chandigarh,Chandigarh,Paid Search,2025-12-08
C07962,Customer 07962,Male,28,Coimbatore,Tamil Nadu,Social Media,2025-05-29
C07963,Customer 07963,Male,27,Bhopal,Madhya Pradesh,Organic Search,2024-04-10
C07964,Customer 07964,Male,39,Surat,Gujarat,Organic Search,2024-05-21
C07965,Customer 07965,Male,37,Lucknow,Uttar Pradesh,Direct,2024-11-04
C07966,Customer 07966,Female,18,Lucknow,Uttar Pradesh,Organic Search,2024-01-29
C07967,Customer 07967,Male,42,Surat,Gujarat,Email,2025-09-14
C07968,Customer 07968,Female,24,Bhopal,Madhya Pradesh,Referral,2025-06-28
C07969,Customer 07969,Male,26,Hyderabad,Telangana,Paid Search,2025-12-23
C07970,Customer 07970,Female,18,Coimbatore,Tamil Nadu,Paid Search,2024-10-25
C07971,Customer 07971,Female,23,Chennai,Tamil Nadu,Referral,2025-11-14
C07972,Customer 07972,Female,18,Kolkata,West Bengal,Social Media,2024-09-30
C07973,Customer 07973,Female,52,Bhopal,Madhya Pradesh,Organic Search,2024-04-22
C07974,Customer 07974,Female,30,Gurugram,Haryana,Paid Search,2024-04-24
C07975,Customer 07975,Male,21,Indore,Madhya Pradesh,Social Media,2025-06-13
C07976,Customer 07976,Female,22,Ahmedabad,Gujarat,Social Media,2024-03-01
C07977,Customer 07977,Female,41,Delhi,Delhi,Organic Search,2025-05-16
C07978,Customer 07978,Male,18,Ahmedabad,Gujarat,Direct,2024-11-26
C07979,Customer 07979,Male,26,Coimbatore,Tamil Nadu,Organic Search,2025-11-23
C07980,Customer 07980,Female,28,Delhi,Delhi,Social Media,2024-07-09
C07981,Customer 07981,Female,20,Kolkata,West Bengal,Paid Search,2024-09-29
C07982,Customer 07982,Male,24,Gurugram,Haryana,Direct,2024-04-29
C07983,Customer 07983,Female,38,Delhi,Delhi,Social Media,2024-08-02
C07984,Customer 07984,Male,36,Gurugram,Haryana,Direct,2025-06-15
C07985,Customer 07985,Male,19,Noida,Uttar Pradesh,Organic Search,2024-09-08
C07986,Customer 07986,Female,18,Delhi,Delhi,Direct,2025-07-15
C07987,Customer 07987,Female,26,Chennai,Tamil Nadu,Organic Search,2025-04-29
C07988,Customer 07988,Male,20,Lucknow,Uttar Pradesh,Organic Search,2025-06-27
C07989,Customer 07989,Male,28,Chennai,Tamil Nadu,Direct,2025-02-06
C07990,Customer 07990,Female,44,Hyderabad,Telangana,Paid Search,2025-01-02
C07991,Customer 07991,Male,28,Bengaluru,Karnataka,Direct,2025-12-26
C07992,Customer 07992,Female,37,Kochi,Kerala,Direct,2025-05-01
C07993,Customer 07993,Female,38,Nagpur,Maharashtra,Social Media,2025-04-28
C07994,Customer 07994,Female,26,Chennai,Tamil Nadu,Social Media,2025-01-09
C07995,Customer 07995,Female,35,Indore,Madhya Pradesh,Social Media,2024-11-29
C07996,Customer 07996,Male,20,Lucknow,Uttar Pradesh,Email,2025-12-15
C07997,Customer 07997,Female,35,Mumbai,Maharashtra,Organic Search,2025-07-22
C07998,Customer 07998,Female,42,Pune,Maharashtra,Direct,2025-05-30
C07999,Customer 07999,Female,44,Mumbai,Maharashtra,Social Media,2024-10-06
C08000,Customer 08000,Female,30,Lucknow,Uttar Pradesh,Paid Search,2025-05-01
