Order_ID,Customer_ID,Order_Date,Payment_Method,Order_Status,Shipping_Type
O000001,C04940,2024-02-11,Debit Card,Delivered,Standard
O000002,C03630,2024-12-11,Net Banking,Delivered,Standard
O000003,C05062,2024-09-12,COD,Delivered,Express
O000004,C03825,2025-06-10,UPI,Delivered,Express
O000005,C01706,2024-02-06,Credit Card,Delivered,Same Day
O000006,C05409,2025-07-30,Debit Card,Delivered,Same Day
O000007,C01234,2025-01-19,UPI,Delivered,Standard
O000008,C01618,2025-04-07,Credit Card,Delivered,Standard
O000009,C01497,2024-02-07,Credit Card,Delivered,Standard
O000010,C07310,2024-10-21,COD,Delivered,Standard
O000011,C06940,2025-03-23,Debit Card,Delivered,Standard
O000012,C06273,2024-09-03,Debit Card,Delivered,Standard
O000013,C07258,2024-01-23,Credit Card,Delivered,Same Day
O000014,C00496,2025-05-11,Credit Card,Delivered,Standard
O000015,C01561,2025-11-29,UPI,Cancelled,Standard
O000016,C06810,2024-01-18,COD,Delivered,Standard
O000017,C03269,2024-07-09,Debit Card,Delivered,Standard
O000018,C07786,2025-01-05,Wallet,Delivered,Standard
O000019,C00546,2024-09-23,Credit Card,Delivered,Standard
O000020,C01854,2025-08-27,UPI,Delivered,Express
O000021,C03651,2025-11-12,UPI,Delivered,Standard
O000022,C04753,2025-04-02,Net Banking,Cancelled,Standard
O000023,C07196,2024-02-28,Debit Card,Delivered,Standard
O000024,C05461,2025-04-09,Debit Card,Delivered,Express
O000025,C04976,2025-01-07,UPI,Delivered,Express
O000026,C02599,2025-12-01,Debit Card,Delivered,Standard
O000027,C00981,2025-04-07,UPI,Cancelled,Standard
O000028,C06672,2024-11-11,UPI,Delivered,Same Day
O000029,C01414,2025-10-21,Credit Card,Delivered,Standard
O000030,C06970,2024-05-25,UPI,Delivered,Standard
O000031,C07461,2024-02-08,Net Banking,Delivered,Express
O000032,C04540,2024-03-24,UPI,Delivered,Same Day
O000033,C02096,2025-01-02,Debit Card,Delivered,Express
O000034,C03961,2024-12-05,Credit Card,Delivered,Standard
O000035,C07904,2025-08-26,COD,Delivered,Express
O000036,C04393,2024-08-22,UPI,Delivered,Standard
O000037,C06969,2025-11-06,UPI,Delivered,Standard
O000038,C01915,2024-04-07,Debit Card,Delivered,Standard
O000039,C02832,2025-02-04,Net Banking,Delivered,Express
O000040,C04789,2025-03-19,Debit Card,Delivered,Express
O000041,C07041,2024-05-25,COD,Delivered,Express
O000042,C03673,2025-05-11,UPI,Delivered,Standard
O000043,C07515,2024-02-17,Wallet,Delivered,Express
O000044,C00440,2024-10-15,Debit Card,Delivered,Express
O000045,C04513,2025-10-24,UPI,Delivered,Express
O000046,C02301,2024-03-10,Credit Card,Delivered,Standard
O000047,C06802,2025-05-18,Debit Card,Delivered,Express
O000048,C04838,2025-02-09,UPI,Delivered,Standard
O000049,C04830,2024-09-22,UPI,Delivered,Same Day
O000050,C03311,2024-12-08,Credit Card,Delivered,Same Day
O000051,C03491,2025-08-07,Net Banking,Delivered,Express
O000052,C07105,2025-09-01,Debit Card,Cancelled,Standard
O000053,C05335,2025-11-29,Credit Card,Delivered,Standard
O000054,C04398,2025-02-10,UPI,Delivered,Express
O000055,C05568,2024-11-21,Credit Card,Delivered,Standard
O000056,C02275,2024-04-10,Credit Card,Delivered,Same Day
O000057,C00719,2025-06-29,Debit Card,Delivered,Standard
O000058,C02181,2025-11-25,Net Banking,Delivered,Standard
O000059,C05072,2024-05-12,Credit Card,Cancelled,Standard
O000060,C04999,2025-06-27,Net Banking,Delivered,Express
O000061,C07652,2024-11-24,Debit Card,Delivered,Standard
O000062,C00513,2025-08-23,Credit Card,Delivered,Express
O000063,C02484,2024-01-24,UPI,Delivered,Express
O000064,C02803,2024-11-07,Debit Card,Delivered,Standard
O000065,C04600,2024-06-13,COD,Delivered,Standard
O000066,C00781,2025-07-01,UPI,Delivered,Express
O000067,C04359,2024-06-04,Wallet,Delivered,Standard
O000068,C00423,2025-10-08,Credit Card,Delivered,Same Day
O000069,C05345,2025-09-01,Wallet,Delivered,Express
O000070,C04780,2024-02-16,Net Banking,Delivered,Standard
O000071,C06275,2025-09-21,Credit Card,Delivered,Standard
O000072,C05402,2025-08-28,Credit Card,Delivered,Express
O000073,C01929,2025-07-05,Credit Card,Delivered,Express
O000074,C02117,2024-04-02,Credit Card,Delivered,Express
O000075,C02025,2024-10-17,UPI,Delivered,Same Day
O000076,C00730,2024-03-25,Net Banking,Delivered,Express
O000077,C06543,2025-04-08,Credit Card,Cancelled,Standard
O000078,C01653,2024-03-16,UPI,Delivered,Express
O000079,C04116,2025-05-23,UPI,Delivered,Standard
O000080,C05496,2024-04-01,Credit Card,Delivered,Standard
O000081,C02443,2024-07-02,Debit Card,Delivered,Express
O000082,C04681,2024-08-15,Debit Card,Delivered,Standard
O000083,C01130,2025-11-19,Credit Card,Returned,Standard
O000084,C00850,2025-03-05,Debit Card,Delivered,Standard
O000085,C02457,2024-04-12,Debit Card,Delivered,Standard
O000086,C03718,2025-03-15,Debit Card,Delivered,Standard
O000087,C01204,2025-05-17,Credit Card,Delivered,Standard
O000088,C06842,2025-03-02,Net Banking,Delivered,Standard
O000089,C03973,2025-08-20,UPI,Delivered,Standard
O000090,C05494,2025-08-16,UPI,Delivered,Standard
O000091,C00501,2024-05-15,Credit Card,Cancelled,Same Day
O000092,C02514,2025-07-19,Credit Card,Delivered,Express
O000093,C04412,2025-10-12,Debit Card,Delivered,Same Day
O000094,C05269,2024-07-26,COD,Delivered,Standard
O000095,C03995,2025-06-29,Debit Card,Delivered,Standard
O000096,C05056,2025-04-06,UPI,Delivered,Standard
O000097,C05191,2025-12-03,UPI,Delivered,Express
O000098,C02364,2024-10-08,UPI,Delivered,Standard
O000099,C07944,2024-04-08,UPI,Cancelled,Standard
O000100,C04309,2024-10-24,Credit Card,Delivered,Standard
O000101,C01944,2025-03-11,Credit Card,Delivered,Standard
O000102,C03287,2025-11-05,UPI,Delivered,Express
O000103,C02288,2024-07-11,Credit Card,Delivered,Standard
O000104,C07160,2025-06-10,Debit Card,Delivered,Express
O000105,C05327,2024-07-05,UPI,Delivered,Same Day
O000106,C04782,2024-08-02,Wallet,Cancelled,Standard
O000107,C03031,2024-04-28,Debit Card,Delivered,Standard
O000108,C01349,2024-04-24,UPI,Delivered,Standard
O000109,C04724,2025-09-22,Credit Card,Delivered,Standard
O000110,C00492,2025-10-05,Wallet,Delivered,Standard
O000111,C02234,2024-01-06,Wallet,Delivered,Standard
O000112,C07000,2024-12-03,COD,Delivered,Express
O000113,C06567,2024-12-29,Credit Card,Delivered,Standard
O000114,C05175,2025-09-21,UPI,Delivered,Express
O000115,C07508,2025-06-22,Debit Card,Delivered,Express
O000116,C04781,2024-10-20,UPI,Delivered,Standard
O000117,C07693,2024-01-19,Credit Card,Delivered,Standard
O000118,C04149,2025-03-05,Credit Card,Delivered,Standard
O000119,C07086,2025-09-09,UPI,Delivered,Express
O000120,C00960,2025-04-01,COD,Delivered,Standard
O000121,C04653,2024-02-02,Debit Card,Delivered,Standard
O000122,C06977,2025-04-24,Credit Card,Delivered,Standard
O000123,C01782,2025-09-25,Wallet,Delivered,Express
O000124,C07754,2025-06-21,Credit Card,Delivered,Standard
O000125,C01455,2024-01-16,COD,Delivered,Express
O000126,C02273,2024-12-03,Wallet,Delivered,Standard
O000127,C07085,2024-11-14,UPI,Cancelled,Standard
O000128,C03851,2025-05-28,Credit Card,Delivered,Standard
O000129,C03025,2024-02-27,Debit Card,Delivered,Standard
O000130,C05733,2024-07-05,Wallet,Delivered,Standard
O000131,C03565,2025-08-29,Wallet,Delivered,Standard
O000132,C02138,2024-05-22,Credit Card,Returned,Standard
O000133,C02739,2025-04-05,COD,Delivered,Standard
O000134,C03329,2024-12-09,Wallet,Delivered,Standard
O000135,C00667,2024-10-16,UPI,Delivered,Standard
O000136,C05396,2024-03-05,Net Banking,Delivered,Standard
O000137,C02581,2025-11-21,COD,Delivered,Same Day
O000138,C01459,2025-09-20,Credit Card,Delivered,Standard
O000139,C03903,2024-01-28,COD,Delivered,Standard
O000140,C02932,2024-08-04,Credit Card,Delivered,Standard
O000141,C07061,2025-04-08,COD,Delivered,Standard
O000142,C01865,2024-11-04,Debit Card,Returned,Express
O000143,C05115,2025-06-24,UPI,Delivered,Standard
O000144,C02036,2024-05-18,UPI,Delivered,Standard
O000145,C06980,2025-03-01,UPI,Delivered,Express
O000146,C01234,2025-07-29,UPI,Delivered,Standard
O000147,C01996,2025-09-19,UPI,Delivered,Standard
O000148,C00902,2024-07-19,Debit Card,Delivered,Express
O000149,C00051,2025-08-02,Net Banking,Delivered,Standard
O000150,C03138,2024-06-13,Net Banking,Delivered,Standard
O000151,C07438,2025-03-01,UPI,Delivered,Standard
O000152,C05586,2025-01-31,UPI,Delivered,Standard
O000153,C05200,2024-12-31,UPI,Delivered,Standard
O000154,C00921,2025-11-19,Debit Card,Delivered,Standard
O000155,C01417,2024-06-08,Credit Card,Delivered,Standard
O000156,C04547,2024-07-08,UPI,Delivered,Express
O000157,C05666,2025-08-15,UPI,Delivered,Same Day
O000158,C02915,2024-09-21,COD,Delivered,Standard
O000159,C02783,2025-11-14,Credit Card,Delivered,Same Day
O000160,C01011,2024-02-03,Credit Card,Returned,Standard
O000161,C07430,2025-03-08,Credit Card,Delivered,Standard
O000162,C00474,2024-10-08,Credit Card,Delivered,Standard
O000163,C02125,2025-11-13,Credit Card,Delivered,Standard
O000164,C01557,2024-07-01,Debit Card,Cancelled,Standard
O000165,C05427,2025-08-29,Debit Card,Delivered,Standard
O000166,C05248,2025-03-08,UPI,Delivered,Standard
O000167,C01137,2025-05-24,Credit Card,Delivered,Express
O000168,C03991,2024-03-13,UPI,Cancelled,Express
O000169,C04052,2025-04-11,Credit Card,Delivered,Express
O000170,C00746,2025-05-07,Credit Card,Delivered,Express
O000171,C02528,2024-07-29,Wallet,Delivered,Standard
O000172,C07897,2025-12-08,Net Banking,Returned,Standard
O000173,C04288,2024-01-29,Credit Card,Delivered,Standard
O000174,C01946,2024-06-18,Credit Card,Delivered,Standard
O000175,C07621,2025-04-14,Credit Card,Delivered,Standard
O000176,C07190,2024-08-07,COD,Delivered,Express
O000177,C05420,2025-03-17,Net Banking,Delivered,Standard
O000178,C06637,2024-05-23,Credit Card,Delivered,Standard
O000179,C06672,2025-06-02,Debit Card,Delivered,Standard
O000180,C02731,2025-07-30,Credit Card,Delivered,Standard
O000181,C00078,2025-08-24,UPI,Delivered,Express
O000182,C04387,2025-04-11,UPI,Delivered,Express
O000183,C04172,2025-09-19,Credit Card,Delivered,Standard
O000184,C00776,2025-03-14,Credit Card,Delivered,Standard
O000185,C00656,2025-08-05,Credit Card,Delivered,Standard
O000186,C06981,2025-10-28,UPI,Delivered,Standard
O000187,C02956,2025-12-22,Debit Card,Delivered,Express
O000188,C07300,2025-04-29,Debit Card,Delivered,Express
O000189,C07389,2024-12-25,COD,Returned,Same Day
O000190,C04290,2025-12-27,UPI,Cancelled,Express
O000191,C03167,2024-06-14,Wallet,Delivered,Express
O000192,C05066,2024-08-20,UPI,Delivered,Standard
O000193,C02922,2025-12-23,COD,Delivered,Standard
O000194,C03611,2025-10-12,Debit Card,Delivered,Standard
O000195,C01206,2024-09-30,UPI,Cancelled,Standard
O000196,C05086,2024-04-20,UPI,Delivered,Express
O000197,C01779,2025-09-25,UPI,Cancelled,Same Day
O000198,C01275,2025-11-13,COD,Delivered,Same Day
O000199,C07957,2024-03-13,Wallet,Delivered,Standard
O000200,C03380,2025-02-24,Debit Card,Delivered,Standard
O000201,C06216,2025-09-18,Net Banking,Delivered,Standard
O000202,C04288,2024-04-25,COD,Delivered,Standard
O000203,C03257,2024-12-30,Credit Card,Delivered,Express
O000204,C07034,2024-05-19,UPI,Delivered,Express
O000205,C00767,2024-09-16,Credit Card,Delivered,Standard
O000206,C02059,2024-05-05,UPI,Delivered,Standard
O000207,C06970,2025-07-26,UPI,Returned,Standard
O000208,C00136,2024-04-27,Debit Card,Delivered,Same Day
O000209,C03733,2024-05-08,Credit Card,Delivered,Standard
O000210,C07252,2025-03-13,Credit Card,Delivered,Same Day
O000211,C06887,2024-02-03,Wallet,Delivered,Standard
O000212,C06736,2025-12-11,Debit Card,Delivered,Express
O000213,C00204,2025-06-23,UPI,Delivered,Standard
O000214,C02981,2025-09-19,Debit Card,Delivered,Express
O000215,C00791,2024-07-04,Net Banking,Delivered,Standard
O000216,C03946,2024-05-24,Credit Card,Delivered,Standard
O000217,C00265,2024-09-18,UPI,Delivered,Standard
O000218,C00907,2024-04-26,Net Banking,Delivered,Standard
O000219,C06062,2025-02-21,COD,Delivered,Standard
O000220,C06842,2025-01-22,Wallet,Delivered,Standard
O000221,C05316,2025-04-14,Credit Card,Delivered,Standard
O000222,C01376,2025-06-07,UPI,Delivered,Standard
O000223,C05202,2024-04-29,Credit Card,Delivered,Standard
O000224,C07989,2025-12-04,Credit Card,Delivered,Standard
O000225,C02122,2024-12-02,Credit Card,Delivered,Standard
O000226,C07684,2024-04-17,COD,Delivered,Standard
O000227,C02560,2025-09-24,Debit Card,Delivered,Express
O000228,C01558,2025-12-21,Debit Card,Delivered,Express
O000229,C06278,2024-02-04,Credit Card,Delivered,Standard
O000230,C04635,2024-11-22,Credit Card,Delivered,Standard
O000231,C02163,2025-01-13,Debit Card,Delivered,Express
O000232,C03006,2024-11-20,Credit Card,Delivered,Express
O000233,C05498,2024-09-16,UPI,Delivered,Standard
O000234,C07474,2024-10-22,COD,Delivered,Standard
O000235,C02397,2024-10-07,UPI,Delivered,Standard
O000236,C04888,2025-03-23,Debit Card,Cancelled,Standard
O000237,C05382,2024-12-03,Debit Card,Delivered,Standard
O000238,C06353,2025-08-04,Debit Card,Delivered,Standard
O000239,C02316,2024-03-27,COD,Cancelled,Express
O000240,C07226,2024-10-21,UPI,Delivered,Standard
O000241,C05710,2025-03-27,UPI,Delivered,Standard
O000242,C06479,2024-03-16,UPI,Delivered,Standard
O000243,C07195,2024-01-14,Net Banking,Delivered,Standard
O000244,C05445,2025-07-08,Credit Card,Delivered,Standard
O000245,C04967,2025-04-18,Wallet,Cancelled,Standard
O000246,C00738,2024-04-15,Debit Card,Returned,Standard
O000247,C03301,2025-08-02,UPI,Delivered,Standard
O000248,C01625,2025-06-07,Credit Card,Delivered,Standard
O000249,C03675,2025-11-12,UPI,Delivered,Standard
O000250,C01522,2024-04-17,Wallet,Delivered,Express
O000251,C01414,2024-03-05,UPI,Delivered,Standard
O000252,C07163,2025-07-04,UPI,Delivered,Standard
O000253,C01222,2024-09-04,Net Banking,Delivered,Express
O000254,C01236,2024-10-31,Wallet,Delivered,Standard
O000255,C03391,2025-12-27,UPI,Delivered,Standard
O000256,C01229,2025-07-01,Debit Card,Delivered,Standard
O000257,C03476,2025-06-04,Debit Card,Delivered,Same Day
O000258,C03315,2024-01-31,Credit Card,Delivered,Standard
O000259,C00289,2024-05-08,Credit Card,Delivered,Standard
O000260,C03341,2025-05-24,Net Banking,Delivered,Standard
O000261,C04828,2025-04-08,Credit Card,Delivered,Standard
O000262,C00651,2025-07-22,Credit Card,Delivered,Standard
O000263,C01011,2024-02-29,Wallet,Delivered,Standard
O000264,C04443,2024-07-30,Credit Card,Delivered,Standard
O000265,C00401,2024-08-10,UPI,Delivered,Standard
O000266,C07669,2024-11-03,Wallet,Delivered,Standard
O000267,C06051,2025-12-03,Wallet,Delivered,Standard
O000268,C00506,2025-06-30,COD,Delivered,Standard
O000269,C02472,2025-05-07,Debit Card,Delivered,Standard
O000270,C07527,2024-12-25,Credit Card,Delivered,Standard
O000271,C07744,2024-04-29,UPI,Delivered,Express
O000272,C04012,2024-06-27,Credit Card,Cancelled,Standard
O000273,C01534,2024-01-12,Debit Card,Delivered,Standard
O000274,C04490,2025-03-19,UPI,Delivered,Standard
O000275,C05062,2024-08-08,Debit Card,Delivered,Standard
O000276,C06429,2024-04-23,Credit Card,Delivered,Express
O000277,C03336,2025-04-30,UPI,Delivered,Same Day
O000278,C05059,2024-10-25,UPI,Delivered,Standard
O000279,C00471,2025-10-21,Net Banking,Delivered,Standard
O000280,C03422,2025-11-26,UPI,Delivered,Standard
O000281,C07241,2024-03-26,UPI,Delivered,Same Day
O000282,C05910,2024-04-05,Net Banking,Delivered,Standard
O000283,C05097,2025-04-07,UPI,Delivered,Standard
O000284,C00921,2025-10-15,Credit Card,Delivered,Standard
O000285,C03739,2024-08-25,UPI,Delivered,Standard
O000286,C03391,2025-01-14,Credit Card,Delivered,Express
O000287,C04968,2025-01-26,Debit Card,Returned,Standard
O000288,C01271,2025-10-30,UPI,Delivered,Standard
O000289,C04596,2025-10-13,UPI,Returned,Standard
O000290,C00841,2024-06-28,Credit Card,Delivered,Express
O000291,C04888,2024-02-17,Credit Card,Delivered,Standard
O000292,C01506,2025-12-21,Debit Card,Delivered,Express
O000293,C01880,2024-01-15,Credit Card,Delivered,Standard
O000294,C00143,2024-04-10,UPI,Delivered,Standard
O000295,C06054,2024-12-01,Credit Card,Delivered,Express
O000296,C06181,2024-03-10,Wallet,Delivered,Standard
O000297,C04369,2024-07-22,UPI,Delivered,Standard
O000298,C01880,2025-05-02,Credit Card,Delivered,Standard
O000299,C06146,2025-01-02,UPI,Delivered,Standard
O000300,C06994,2024-08-18,UPI,Delivered,Standard
O000301,C00814,2024-02-27,Debit Card,Delivered,Standard
O000302,C00858,2024-07-02,UPI,Delivered,Standard
O000303,C07765,2024-07-05,UPI,Delivered,Standard
O000304,C04801,2025-01-01,UPI,Delivered,Standard
O000305,C06753,2025-05-29,Debit Card,Delivered,Standard
O000306,C02741,2025-09-13,UPI,Delivered,Standard
O000307,C04484,2025-11-29,UPI,Delivered,Standard
O000308,C07983,2025-10-03,Debit Card,Delivered,Standard
O000309,C06901,2024-10-05,UPI,Delivered,Standard
O000310,C04280,2024-04-29,UPI,Delivered,Standard
O000311,C07335,2025-08-29,COD,Returned,Express
O000312,C01476,2024-05-17,Net Banking,Delivered,Express
O000313,C04769,2025-11-11,Credit Card,Delivered,Express
O000314,C02934,2024-08-20,UPI,Delivered,Standard
O000315,C02829,2025-08-21,UPI,Delivered,Standard
O000316,C06297,2024-04-19,UPI,Delivered,Express
O000317,C03695,2025-06-12,UPI,Delivered,Standard
O000318,C00590,2024-03-22,Debit Card,Delivered,Standard
O000319,C04586,2025-05-11,UPI,Delivered,Express
O000320,C06258,2024-05-24,Credit Card,Delivered,Standard
O000321,C06401,2025-01-07,Net Banking,Delivered,Standard
O000322,C00663,2024-06-01,Wallet,Delivered,Standard
O000323,C03805,2024-07-20,Net Banking,Delivered,Standard
O000324,C03675,2025-05-29,UPI,Delivered,Standard
O000325,C06047,2024-06-01,COD,Delivered,Standard
O000326,C07446,2024-11-28,UPI,Delivered,Standard
O000327,C05498,2024-04-26,Debit Card,Delivered,Same Day
O000328,C04300,2025-07-30,Debit Card,Delivered,Standard
O000329,C00110,2024-09-02,UPI,Delivered,Standard
O000330,C06239,2024-11-21,Net Banking,Delivered,Standard
O000331,C00358,2024-03-28,Wallet,Delivered,Standard
O000332,C02656,2025-05-07,UPI,Delivered,Standard
O000333,C04546,2024-12-09,Wallet,Delivered,Standard
O000334,C07064,2025-05-31,UPI,Delivered,Standard
O000335,C01556,2025-02-05,Debit Card,Delivered,Standard
O000336,C05619,2025-05-19,Credit Card,Delivered,Express
O000337,C01949,2025-07-21,UPI,Delivered,Standard
O000338,C06106,2025-03-03,Net Banking,Delivered,Express
O000339,C04354,2025-10-07,Wallet,Delivered,Express
O000340,C06718,2025-03-11,Debit Card,Delivered,Standard
O000341,C03565,2025-05-26,UPI,Delivered,Standard
O000342,C04336,2025-12-21,Debit Card,Delivered,Standard
O000343,C02067,2024-06-04,Credit Card,Delivered,Express
O000344,C03111,2024-02-23,Wallet,Delivered,Standard
O000345,C04406,2025-11-13,UPI,Delivered,Standard
O000346,C00954,2024-07-17,UPI,Delivered,Standard
O000347,C07566,2025-09-16,Credit Card,Delivered,Standard
O000348,C02838,2025-08-11,Wallet,Delivered,Standard
O000349,C05827,2024-10-09,UPI,Delivered,Standard
O000350,C05212,2025-05-09,Credit Card,Delivered,Standard
O000351,C04467,2024-03-26,COD,Delivered,Standard
O000352,C03485,2024-10-22,Credit Card,Delivered,Standard
O000353,C06690,2024-09-25,Credit Card,Delivered,Standard
O000354,C00991,2024-08-21,Credit Card,Delivered,Standard
O000355,C00752,2025-11-26,UPI,Delivered,Standard
O000356,C04859,2025-07-16,Debit Card,Delivered,Standard
O000357,C03390,2025-05-07,Net Banking,Delivered,Standard
O000358,C02328,2025-03-18,Credit Card,Delivered,Express
O000359,C06200,2025-01-02,Wallet,Delivered,Standard
O000360,C01775,2024-10-09,Debit Card,Delivered,Standard
O000361,C03793,2024-09-22,Credit Card,Delivered,Standard
O000362,C02788,2025-07-18,Debit Card,Delivered,Standard
O000363,C07743,2025-01-29,Debit Card,Delivered,Same Day
O000364,C03443,2025-01-08,COD,Delivered,Standard
O000365,C04131,2025-06-18,UPI,Delivered,Standard
O000366,C04988,2025-12-19,UPI,Delivered,Standard
O000367,C04237,2024-10-28,Credit Card,Delivered,Standard
O000368,C02436,2024-10-25,Wallet,Cancelled,Standard
O000369,C01903,2025-06-09,Credit Card,Delivered,Standard
O000370,C05071,2025-05-31,Credit Card,Delivered,Express
O000371,C00790,2025-03-19,UPI,Delivered,Standard
O000372,C05088,2025-04-10,UPI,Delivered,Standard
O000373,C06286,2025-01-26,Credit Card,Delivered,Standard
O000374,C04713,2024-10-15,Debit Card,Delivered,Standard
O000375,C03288,2025-05-15,UPI,Delivered,Standard
O000376,C05717,2025-05-13,Credit Card,Delivered,Standard
O000377,C06513,2025-08-25,Debit Card,Cancelled,Standard
O000378,C03135,2024-08-18,Debit Card,Delivered,Express
O000379,C00684,2024-02-13,UPI,Delivered,Standard
O000380,C02937,2024-04-23,Credit Card,Delivered,Standard
O000381,C03730,2024-05-23,Credit Card,Delivered,Standard
O000382,C06736,2024-06-23,Credit Card,Delivered,Standard
O000383,C03119,2024-01-09,COD,Delivered,Standard
O000384,C01029,2025-02-19,Credit Card,Delivered,Standard
O000385,C03046,2024-08-04,UPI,Delivered,Standard
O000386,C01722,2025-06-13,Credit Card,Delivered,Express
O000387,C00307,2024-05-19,UPI,Delivered,Standard
O000388,C06937,2025-11-05,Debit Card,Delivered,Standard
O000389,C04832,2024-04-26,Credit Card,Delivered,Standard
O000390,C04836,2024-10-08,COD,Delivered,Standard
O000391,C02624,2025-12-19,UPI,Delivered,Standard
O000392,C03061,2024-05-01,Net Banking,Delivered,Standard
O000393,C07868,2025-06-09,Credit Card,Delivered,Standard
O000394,C02366,2024-04-14,UPI,Delivered,Express
O000395,C02478,2024-03-07,COD,Delivered,Standard
O000396,C04110,2024-08-31,Net Banking,Delivered,Standard
O000397,C00615,2025-01-23,UPI,Delivered,Standard
O000398,C02851,2024-06-03,Debit Card,Delivered,Express
O000399,C01626,2025-02-12,UPI,Delivered,Standard
O000400,C03900,2024-02-09,UPI,Delivered,Standard
O000401,C02528,2025-02-03,UPI,Returned,Standard
O000402,C06044,2024-01-13,Debit Card,Delivered,Standard
O000403,C06856,2024-09-20,Credit Card,Returned,Express
O000404,C03049,2025-05-25,COD,Delivered,Standard
O000405,C04339,2025-01-22,UPI,Delivered,Standard
O000406,C00999,2025-11-29,Debit Card,Delivered,Standard
O000407,C07481,2025-09-13,UPI,Delivered,Standard
O000408,C04922,2024-04-26,Wallet,Delivered,Express
O000409,C05843,2024-07-08,UPI,Delivered,Standard
O000410,C06087,2025-02-01,Credit Card,Delivered,Standard
O000411,C04425,2024-10-03,Net Banking,Delivered,Standard
O000412,C06342,2025-10-20,UPI,Returned,Standard
O000413,C06472,2024-06-07,Debit Card,Cancelled,Standard
O000414,C03709,2024-04-02,Debit Card,Delivered,Express
O000415,C02550,2024-04-07,Net Banking,Delivered,Standard
O000416,C02262,2025-04-18,UPI,Delivered,Same Day
O000417,C03470,2025-02-02,Debit Card,Delivered,Standard
O000418,C02838,2024-09-23,Credit Card,Delivered,Standard
O000419,C00407,2024-08-25,Debit Card,Delivered,Standard
O000420,C07736,2024-06-27,UPI,Delivered,Standard
O000421,C04288,2024-01-31,UPI,Delivered,Standard
O000422,C06901,2024-03-04,UPI,Delivered,Standard
O000423,C04134,2024-08-29,Credit Card,Delivered,Express
O000424,C05371,2025-05-08,Credit Card,Delivered,Standard
O000425,C07995,2024-12-13,COD,Delivered,Standard
O000426,C01985,2025-08-10,Credit Card,Delivered,Standard
O000427,C05387,2024-11-20,UPI,Delivered,Standard
O000428,C02227,2024-05-31,Net Banking,Delivered,Standard
O000429,C02552,2024-02-05,Credit Card,Delivered,Express
O000430,C03447,2025-12-26,UPI,Delivered,Standard
O000431,C02891,2024-01-03,Debit Card,Delivered,Standard
O000432,C06848,2025-09-21,Credit Card,Delivered,Standard
O000433,C07929,2025-02-12,Debit Card,Delivered,Standard
O000434,C04644,2025-02-13,COD,Delivered,Standard
O000435,C02889,2024-02-24,UPI,Delivered,Express
O000436,C02624,2025-12-16,UPI,Delivered,Standard
O000437,C02042,2025-12-14,Debit Card,Delivered,Standard
O000438,C01289,2025-03-28,UPI,Delivered,Express
O000439,C01224,2025-04-12,UPI,Delivered,Standard
O000440,C02677,2024-05-02,Wallet,Returned,Express
O000441,C06503,2024-01-07,Debit Card,Delivered,Standard
O000442,C04565,2025-02-24,Credit Card,Delivered,Standard
O000443,C05893,2024-02-02,Debit Card,Cancelled,Same Day
O000444,C01836,2024-04-20,Net Banking,Delivered,Standard
O000445,C04062,2025-11-25,Credit Card,Delivered,Same Day
O000446,C05786,2024-01-19,Credit Card,Delivered,Standard
O000447,C04388,2025-08-10,Debit Card,Delivered,Express
O000448,C04343,2024-04-13,Wallet,Delivered,Express
O000449,C02556,2024-07-16,Debit Card,Delivered,Standard
O000450,C06384,2025-01-26,UPI,Delivered,Express
O000451,C05119,2025-07-15,Credit Card,Delivered,Standard
O000452,C04498,2024-03-27,Debit Card,Returned,Standard
O000453,C03009,2024-12-23,Debit Card,Delivered,Standard
O000454,C06894,2025-11-11,COD,Delivered,Standard
O000455,C07674,2025-04-26,UPI,Delivered,Standard
O000456,C05649,2024-08-22,UPI,Delivered,Standard
O000457,C00660,2024-09-25,UPI,Returned,Express
O000458,C05270,2024-01-19,COD,Delivered,Standard
O000459,C03284,2025-04-24,UPI,Delivered,Standard
O000460,C00799,2025-11-11,Credit Card,Delivered,Standard
O000461,C04765,2024-02-10,Credit Card,Delivered,Standard
O000462,C02571,2025-09-04,Credit Card,Delivered,Standard
O000463,C07098,2024-12-30,UPI,Delivered,Standard
O000464,C07709,2024-09-01,Wallet,Delivered,Standard
O000465,C00927,2025-04-06,Wallet,Cancelled,Express
O000466,C03775,2025-09-21,COD,Returned,Standard
O000467,C04611,2025-01-28,UPI,Delivered,Standard
O000468,C03497,2025-10-02,COD,Delivered,Standard
O000469,C02647,2024-06-25,Debit Card,Delivered,Standard
O000470,C05097,2025-09-10,Debit Card,Delivered,Standard
O000471,C02327,2024-02-09,Net Banking,Delivered,Standard
O000472,C02703,2025-04-04,UPI,Delivered,Express
O000473,C06377,2025-10-21,UPI,Delivered,Standard
O000474,C03270,2024-09-20,Net Banking,Delivered,Standard
O000475,C05470,2024-11-16,Credit Card,Delivered,Standard
O000476,C01506,2024-01-22,Net Banking,Delivered,Standard
O000477,C04847,2025-01-23,Wallet,Delivered,Express
O000478,C07322,2024-01-09,Debit Card,Delivered,Standard
O000479,C06527,2025-12-27,UPI,Delivered,Standard
O000480,C03147,2024-01-06,Credit Card,Delivered,Standard
O000481,C04322,2024-03-06,Net Banking,Delivered,Express
O000482,C02730,2024-10-07,Credit Card,Delivered,Standard
O000483,C04838,2024-09-02,Credit Card,Delivered,Standard
O000484,C05564,2025-10-28,Debit Card,Delivered,Same Day
O000485,C05469,2024-02-18,Wallet,Delivered,Standard
O000486,C03470,2025-08-07,Debit Card,Returned,Express
O000487,C06336,2024-11-04,UPI,Delivered,Standard
O000488,C02704,2025-04-08,Debit Card,Delivered,Standard
O000489,C01536,2025-03-21,COD,Delivered,Standard
O000490,C07564,2025-12-03,Debit Card,Delivered,Standard
O000491,C03342,2025-12-25,Net Banking,Delivered,Express
O000492,C07691,2024-02-09,Net Banking,Returned,Express
O000493,C00198,2024-07-19,Credit Card,Delivered,Express
O000494,C01662,2024-01-29,Wallet,Delivered,Express
O000495,C07905,2025-03-23,Wallet,Delivered,Express
O000496,C04411,2025-12-08,UPI,Delivered,Standard
O000497,C05469,2025-07-06,Net Banking,Delivered,Same Day
O000498,C05253,2025-09-24,COD,Delivered,Standard
O000499,C05490,2024-08-02,UPI,Delivered,Express
O000500,C07415,2024-02-28,Credit Card,Delivered,Standard
O000501,C00416,2025-02-28,UPI,Delivered,Standard
O000502,C05836,2024-10-20,Credit Card,Delivered,Standard
O000503,C01081,2025-10-25,Debit Card,Delivered,Express
O000504,C05517,2024-04-13,Wallet,Delivered,Standard
O000505,C02846,2025-07-09,UPI,Delivered,Standard
O000506,C03531,2025-10-03,UPI,Delivered,Same Day
O000507,C02724,2025-08-01,Debit Card,Delivered,Express
O000508,C01794,2025-05-12,COD,Delivered,Standard
O000509,C07415,2024-11-24,Wallet,Returned,Express
O000510,C04521,2025-08-07,UPI,Delivered,Express
O000511,C04688,2025-03-14,Net Banking,Delivered,Standard
O000512,C07310,2025-02-12,Debit Card,Cancelled,Standard
O000513,C05864,2024-01-11,Net Banking,Delivered,Standard
O000514,C03301,2025-05-18,UPI,Delivered,Express
O000515,C01830,2025-01-11,Debit Card,Delivered,Same Day
O000516,C04883,2025-04-08,Debit Card,Delivered,Standard
O000517,C02766,2024-02-26,Debit Card,Cancelled,Standard
O000518,C06298,2024-03-02,Debit Card,Delivered,Express
O000519,C01407,2025-03-02,Credit Card,Delivered,Express
O000520,C05070,2024-11-14,Wallet,Delivered,Standard
O000521,C03844,2025-03-29,Credit Card,Delivered,Standard
O000522,C07803,2024-09-18,Net Banking,Delivered,Standard
O000523,C07667,2025-01-15,UPI,Delivered,Standard
O000524,C03419,2024-09-11,UPI,Delivered,Same Day
O000525,C07586,2024-04-29,Debit Card,Delivered,Standard
O000526,C01222,2025-05-17,UPI,Delivered,Standard
O000527,C06387,2024-04-29,COD,Delivered,Same Day
O000528,C00031,2024-03-17,UPI,Delivered,Standard
O000529,C06646,2025-01-22,Wallet,Delivered,Standard
O000530,C02355,2025-11-01,UPI,Delivered,Express
O000531,C03518,2025-08-22,Wallet,Returned,Same Day
O000532,C07461,2025-11-17,Credit Card,Delivered,Express
O000533,C00791,2024-08-09,COD,Delivered,Standard
O000534,C06684,2024-01-25,Credit Card,Delivered,Express
O000535,C05094,2025-01-09,UPI,Delivered,Express
O000536,C06295,2025-01-30,UPI,Delivered,Standard
O000537,C06013,2024-12-11,UPI,Delivered,Standard
O000538,C07861,2025-10-18,Credit Card,Delivered,Standard
O000539,C01271,2025-07-14,Net Banking,Delivered,Standard
O000540,C02705,2025-05-29,COD,Delivered,Standard
O000541,C01816,2024-11-08,UPI,Delivered,Standard
O000542,C00492,2024-11-24,UPI,Delivered,Standard
O000543,C07624,2025-06-09,UPI,Delivered,Express
O000544,C00625,2024-11-27,Debit Card,Delivered,Standard
O000545,C02225,2024-07-22,UPI,Delivered,Express
O000546,C01368,2024-11-06,Wallet,Delivered,Standard
O000547,C06824,2024-06-24,Credit Card,Delivered,Express
O000548,C05876,2025-03-05,Wallet,Delivered,Standard
O000549,C04765,2024-07-22,Debit Card,Delivered,Express
O000550,C06040,2024-12-30,COD,Returned,Standard
O000551,C05385,2024-10-11,UPI,Delivered,Standard
O000552,C05498,2025-08-11,Debit Card,Delivered,Standard
O000553,C05148,2024-08-11,Credit Card,Delivered,Same Day
O000554,C01711,2025-04-08,UPI,Delivered,Express
O000555,C04443,2025-12-19,Net Banking,Delivered,Same Day
O000556,C03245,2025-01-05,Debit Card,Delivered,Same Day
O000557,C00351,2025-01-06,Wallet,Cancelled,Same Day
O000558,C04237,2025-12-25,Debit Card,Cancelled,Standard
O000559,C06893,2025-12-25,UPI,Delivered,Standard
O000560,C00473,2025-02-11,Debit Card,Delivered,Standard
O000561,C02167,2024-09-02,UPI,Delivered,Same Day
O000562,C04535,2025-10-25,UPI,Delivered,Express
O000563,C05969,2024-02-28,Debit Card,Delivered,Standard
O000564,C07985,2024-08-29,UPI,Delivered,Express
O000565,C06995,2025-11-08,UPI,Delivered,Standard
O000566,C03014,2025-06-12,Credit Card,Delivered,Standard
O000567,C02435,2025-11-14,Credit Card,Delivered,Express
O000568,C03172,2024-10-06,Credit Card,Delivered,Standard
O000569,C02389,2024-10-26,Net Banking,Delivered,Standard
O000570,C02154,2025-01-06,UPI,Delivered,Same Day
O000571,C01847,2024-08-11,Credit Card,Delivered,Standard
O000572,C04832,2024-10-25,UPI,Delivered,Express
O000573,C05910,2025-07-22,UPI,Delivered,Express
O000574,C07595,2024-02-09,UPI,Delivered,Standard
O000575,C03136,2025-03-20,Wallet,Delivered,Standard
O000576,C01546,2024-11-20,Wallet,Delivered,Same Day
O000577,C00835,2025-05-12,UPI,Delivered,Standard
O000578,C03235,2025-03-07,COD,Delivered,Standard
O000579,C03415,2024-09-25,Credit Card,Delivered,Standard
O000580,C00414,2024-06-01,UPI,Delivered,Standard
O000581,C05154,2025-01-02,Credit Card,Delivered,Express
O000582,C03980,2025-01-22,Net Banking,Delivered,Standard
O000583,C05086,2025-06-05,UPI,Delivered,Standard
O000584,C07810,2024-01-27,COD,Delivered,Standard
O000585,C02349,2024-01-01,COD,Delivered,Express
O000586,C01930,2024-05-26,UPI,Delivered,Standard
O000587,C05780,2024-08-03,Credit Card,Delivered,Express
O000588,C04725,2024-05-02,Debit Card,Cancelled,Standard
O000589,C02486,2025-11-08,Credit Card,Cancelled,Express
O000590,C01309,2025-01-19,UPI,Delivered,Express
O000591,C06037,2024-07-27,UPI,Delivered,Express
O000592,C00110,2024-06-15,Credit Card,Delivered,Standard
O000593,C06357,2025-03-20,Credit Card,Delivered,Standard
O000594,C04963,2024-03-20,Debit Card,Delivered,Same Day
O000595,C02009,2025-10-08,Wallet,Delivered,Express
O000596,C04513,2025-01-29,Debit Card,Delivered,Standard
O000597,C05177,2025-09-18,UPI,Delivered,Standard
O000598,C05347,2024-04-12,UPI,Delivered,Standard
O000599,C06025,2024-01-18,Credit Card,Delivered,Express
O000600,C03512,2024-03-07,UPI,Delivered,Standard
O000601,C01572,2025-02-10,Wallet,Delivered,Standard
O000602,C07710,2024-08-02,Credit Card,Delivered,Standard
O000603,C05431,2025-03-14,Debit Card,Delivered,Standard
O000604,C00622,2025-10-29,Credit Card,Delivered,Same Day
O000605,C07562,2025-03-03,UPI,Delivered,Standard
O000606,C07060,2024-02-16,Debit Card,Delivered,Standard
O000607,C00081,2024-06-14,UPI,Delivered,Express
O000608,C03508,2024-01-13,UPI,Delivered,Standard
O000609,C04406,2025-02-14,UPI,Delivered,Standard
O000610,C06763,2025-07-03,Net Banking,Delivered,Standard
O000611,C04310,2025-09-10,Credit Card,Cancelled,Standard
O000612,C04253,2024-12-14,Net Banking,Delivered,Standard
O000613,C04026,2024-01-03,Debit Card,Delivered,Express
O000614,C06948,2025-03-30,Credit Card,Delivered,Standard
O000615,C03001,2024-05-21,Net Banking,Returned,Standard
O000616,C04376,2024-05-13,UPI,Delivered,Standard
O000617,C01546,2025-11-17,Debit Card,Returned,Standard
O000618,C07311,2024-07-03,Wallet,Delivered,Express
O000619,C03067,2025-11-05,Net Banking,Cancelled,Standard
O000620,C02174,2025-09-13,UPI,Delivered,Standard
O000621,C00372,2025-11-27,UPI,Delivered,Standard
O000622,C05991,2024-11-26,Wallet,Delivered,Standard
O000623,C04769,2025-02-14,Credit Card,Delivered,Express
O000624,C00509,2024-02-05,UPI,Delivered,Express
O000625,C00769,2025-05-20,COD,Delivered,Standard
O000626,C05736,2025-09-05,Wallet,Delivered,Same Day
O000627,C06731,2025-02-23,Wallet,Delivered,Standard
O000628,C05418,2024-02-29,Debit Card,Delivered,Standard
O000629,C00208,2024-05-03,Wallet,Delivered,Standard
O000630,C01722,2024-07-14,Credit Card,Delivered,Same Day
O000631,C04786,2024-12-03,Debit Card,Delivered,Same Day
O000632,C06841,2025-08-24,UPI,Delivered,Standard
O000633,C02280,2025-01-23,Credit Card,Delivered,Standard
O000634,C06873,2025-09-18,UPI,Delivered,Standard
O000635,C01322,2024-01-28,Debit Card,Delivered,Same Day
O000636,C03022,2024-02-09,Wallet,Delivered,Standard
O000637,C07693,2025-04-25,Wallet,Delivered,Standard
O000638,C01427,2025-04-11,Wallet,Delivered,Standard
O000639,C05700,2025-11-17,Credit Card,Delivered,Standard
O000640,C01723,2024-09-05,Credit Card,Delivered,Standard
O000641,C00206,2025-05-17,Debit Card,Delivered,Standard
O000642,C00131,2024-08-10,Net Banking,Returned,Standard
O000643,C01399,2024-05-01,Credit Card,Returned,Standard
O000644,C01870,2024-04-12,COD,Delivered,Standard
O000645,C03978,2024-08-20,Debit Card,Delivered,Standard
O000646,C02561,2024-09-24,Debit Card,Delivered,Express
O000647,C01345,2024-07-15,Credit Card,Delivered,Standard
O000648,C07613,2025-06-03,Credit Card,Delivered,Standard
O000649,C02286,2025-11-21,UPI,Delivered,Express
O000650,C07408,2025-05-04,Debit Card,Delivered,Standard
O000651,C03573,2025-10-12,Credit Card,Delivered,Standard
O000652,C06575,2025-03-10,Credit Card,Delivered,Express
O000653,C07469,2024-04-17,Net Banking,Delivered,Standard
O000654,C03813,2024-08-20,UPI,Delivered,Express
O000655,C02935,2024-07-28,Debit Card,Delivered,Standard
O000656,C07400,2025-06-26,Debit Card,Delivered,Standard
O000657,C00854,2025-04-22,UPI,Delivered,Express
O000658,C02887,2025-11-18,UPI,Delivered,Standard
O000659,C05871,2025-01-09,UPI,Delivered,Standard
O000660,C07576,2025-04-12,UPI,Delivered,Same Day
O000661,C06470,2025-02-17,Debit Card,Delivered,Standard
O000662,C06362,2025-01-22,UPI,Delivered,Express
O000663,C04650,2024-10-08,Wallet,Delivered,Standard
O000664,C04725,2025-06-22,Credit Card,Delivered,Standard
O000665,C06171,2024-03-25,UPI,Delivered,Standard
O000666,C01229,2025-02-09,UPI,Delivered,Standard
O000667,C03733,2025-06-24,Credit Card,Delivered,Express
O000668,C07370,2024-04-09,UPI,Delivered,Standard
O000669,C03228,2025-11-27,Net Banking,Delivered,Standard
O000670,C06071,2024-09-28,Credit Card,Delivered,Same Day
O000671,C00893,2024-03-09,COD,Delivered,Standard
O000672,C07051,2024-04-07,Credit Card,Delivered,Standard
O000673,C00851,2025-04-22,Credit Card,Cancelled,Express
O000674,C04674,2024-06-27,Debit Card,Delivered,Express
O000675,C03701,2024-01-28,Debit Card,Delivered,Same Day
O000676,C01429,2024-11-06,Debit Card,Delivered,Standard
O000677,C05242,2024-05-27,Credit Card,Delivered,Express
O000678,C04414,2025-11-16,Credit Card,Returned,Same Day
O000679,C05327,2025-06-07,UPI,Delivered,Standard
O000680,C05233,2025-06-24,UPI,Delivered,Express
O000681,C06924,2025-11-05,UPI,Delivered,Standard
O000682,C01957,2025-08-13,Debit Card,Delivered,Standard
O000683,C00268,2024-11-13,UPI,Delivered,Standard
O000684,C06676,2024-09-01,Net Banking,Delivered,Standard
O000685,C01180,2025-08-22,Credit Card,Cancelled,Standard
O000686,C04288,2025-08-08,UPI,Delivered,Standard
O000687,C01631,2024-05-29,Net Banking,Delivered,Express
O000688,C04412,2025-02-15,Debit Card,Delivered,Standard
O000689,C05824,2025-05-09,COD,Delivered,Express
O000690,C02000,2025-08-18,Credit Card,Delivered,Same Day
O000691,C00800,2024-02-27,COD,Delivered,Standard
O000692,C03207,2024-10-09,Net Banking,Delivered,Standard
O000693,C02038,2025-03-14,UPI,Delivered,Standard
O000694,C07840,2025-10-15,Credit Card,Delivered,Standard
O000695,C07880,2024-03-11,Credit Card,Delivered,Standard
O000696,C03575,2024-01-23,UPI,Delivered,Standard
O000697,C02263,2024-12-28,Debit Card,Cancelled,Standard
O000698,C05700,2024-03-11,Credit Card,Delivered,Standard
O000699,C07775,2025-06-23,Net Banking,Delivered,Standard
O000700,C04401,2024-02-19,UPI,Cancelled,Standard
O000701,C06233,2025-11-28,Wallet,Delivered,Standard
O000702,C04803,2025-07-11,Credit Card,Delivered,Standard
O000703,C01801,2024-02-24,UPI,Delivered,Standard
O000704,C00571,2024-03-02,Credit Card,Delivered,Standard
O000705,C05387,2025-04-04,Debit Card,Delivered,Standard
O000706,C06677,2025-09-04,UPI,Delivered,Standard
O000707,C04286,2025-05-09,Credit Card,Delivered,Standard
O000708,C01534,2024-07-10,Wallet,Delivered,Standard
O000709,C04765,2024-09-29,UPI,Delivered,Express
O000710,C00655,2024-07-09,Debit Card,Delivered,Standard
O000711,C00920,2024-05-21,Credit Card,Delivered,Express
O000712,C01952,2025-11-08,UPI,Delivered,Standard
O000713,C04445,2024-12-02,Net Banking,Delivered,Standard
O000714,C07953,2024-05-14,COD,Delivered,Standard
O000715,C02781,2024-05-06,COD,Delivered,Standard
O000716,C07585,2025-06-30,Credit Card,Delivered,Standard
O000717,C06420,2024-07-31,UPI,Delivered,Express
O000718,C03186,2025-02-28,Credit Card,Delivered,Express
O000719,C04267,2025-09-21,Debit Card,Delivered,Express
O000720,C01489,2025-11-26,COD,Delivered,Standard
O000721,C01294,2025-06-27,UPI,Delivered,Express
O000722,C05011,2025-10-18,Debit Card,Returned,Standard
O000723,C02520,2024-02-14,Credit Card,Delivered,Standard
O000724,C03725,2024-06-23,UPI,Returned,Standard
O000725,C00312,2024-04-01,Net Banking,Delivered,Express
O000726,C04640,2024-04-23,Net Banking,Delivered,Standard
O000727,C03756,2024-09-27,Wallet,Delivered,Standard
O000728,C03312,2025-06-06,UPI,Delivered,Standard
O000729,C01093,2025-10-02,UPI,Delivered,Standard
O000730,C04576,2024-08-16,UPI,Delivered,Standard
O000731,C05202,2025-08-14,UPI,Cancelled,Express
O000732,C01283,2024-01-11,Wallet,Delivered,Express
O000733,C05645,2025-11-02,Credit Card,Delivered,Standard
O000734,C07045,2025-07-18,Net Banking,Delivered,Standard
O000735,C06254,2024-09-22,Net Banking,Cancelled,Standard
O000736,C07121,2024-09-14,UPI,Delivered,Standard
O000737,C00108,2025-01-04,Debit Card,Delivered,Standard
O000738,C04933,2025-12-07,Debit Card,Delivered,Standard
O000739,C02206,2025-05-08,UPI,Cancelled,Standard
O000740,C04950,2024-12-30,UPI,Cancelled,Standard
O000741,C06217,2024-09-08,Credit Card,Delivered,Standard
O000742,C04762,2024-09-14,UPI,Delivered,Standard
O000743,C03135,2024-03-19,Credit Card,Delivered,Express
O000744,C01547,2024-10-05,UPI,Delivered,Standard
O000745,C01316,2024-02-05,UPI,Delivered,Standard
O000746,C05395,2025-06-13,Debit Card,Delivered,Express
O000747,C05024,2025-04-09,Credit Card,Delivered,Express
O000748,C01387,2025-01-03,UPI,Delivered,Standard
O000749,C00180,2025-09-24,Debit Card,Delivered,Standard
O000750,C05693,2024-07-17,UPI,Delivered,Standard
O000751,C05469,2024-01-26,Credit Card,Delivered,Standard
O000752,C02577,2024-11-25,UPI,Delivered,Standard
O000753,C04020,2025-09-30,Debit Card,Delivered,Express
O000754,C07785,2025-06-13,UPI,Delivered,Standard
O000755,C03757,2024-08-20,Wallet,Delivered,Standard
O000756,C03846,2024-04-08,Debit Card,Delivered,Standard
O000757,C05099,2025-05-17,UPI,Delivered,Express
O000758,C03542,2024-07-22,UPI,Cancelled,Standard
O000759,C01960,2024-12-08,Debit Card,Delivered,Standard
O000760,C01013,2024-01-16,Credit Card,Delivered,Same Day
O000761,C05376,2024-01-04,Debit Card,Delivered,Standard
O000762,C06106,2024-12-21,Debit Card,Delivered,Standard
O000763,C05339,2024-08-29,Net Banking,Delivered,Express
O000764,C02087,2025-05-05,COD,Delivered,Standard
O000765,C05636,2025-08-23,UPI,Delivered,Express
O000766,C07056,2025-09-15,Credit Card,Delivered,Standard
O000767,C04989,2024-04-01,Debit Card,Delivered,Standard
O000768,C05270,2024-02-03,Net Banking,Delivered,Express
O000769,C07258,2025-08-03,Debit Card,Delivered,Standard
O000770,C01359,2025-03-03,UPI,Returned,Standard
O000771,C03424,2024-09-23,Credit Card,Delivered,Standard
O000772,C00381,2024-07-15,Debit Card,Cancelled,Standard
O000773,C06029,2025-09-22,Debit Card,Delivered,Standard
O000774,C01620,2025-01-18,Debit Card,Delivered,Standard
O000775,C00539,2024-02-27,Wallet,Delivered,Standard
O000776,C04238,2025-10-13,Wallet,Delivered,Standard
O000777,C03001,2024-11-13,Debit Card,Delivered,Standard
O000778,C01990,2025-05-13,Credit Card,Delivered,Standard
O000779,C03504,2025-03-29,COD,Delivered,Standard
O000780,C05217,2025-03-30,Credit Card,Delivered,Standard
O000781,C00088,2025-06-15,UPI,Delivered,Standard
O000782,C00010,2025-09-05,Credit Card,Delivered,Standard
O000783,C07076,2024-05-02,UPI,Delivered,Standard
O000784,C03796,2025-08-14,Debit Card,Delivered,Standard
O000785,C04484,2024-03-15,Credit Card,Delivered,Same Day
O000786,C00976,2025-08-28,Debit Card,Delivered,Same Day
O000787,C03716,2024-10-25,Net Banking,Delivered,Standard
O000788,C01653,2025-05-11,UPI,Delivered,Express
O000789,C01853,2025-01-20,Debit Card,Delivered,Same Day
O000790,C04365,2024-11-10,UPI,Delivered,Express
O000791,C05202,2025-10-12,UPI,Delivered,Standard
O000792,C05097,2024-02-18,UPI,Delivered,Standard
O000793,C04375,2025-03-15,UPI,Delivered,Standard
O000794,C02169,2024-12-06,Net Banking,Delivered,Express
O000795,C02270,2025-02-23,COD,Delivered,Standard
O000796,C03256,2025-03-20,UPI,Delivered,Standard
O000797,C01466,2025-09-29,UPI,Delivered,Standard
O000798,C02546,2025-10-23,UPI,Delivered,Standard
O000799,C02935,2025-07-15,Net Banking,Delivered,Standard
O000800,C00534,2024-03-24,UPI,Delivered,Standard
O000801,C00432,2025-03-01,Debit Card,Delivered,Standard
O000802,C03468,2025-02-18,Credit Card,Delivered,Standard
O000803,C07380,2024-06-14,Net Banking,Delivered,Express
O000804,C04837,2025-09-04,Credit Card,Delivered,Same Day
O000805,C02081,2025-05-27,Debit Card,Delivered,Standard
O000806,C05580,2025-04-30,UPI,Cancelled,Express
O000807,C04053,2025-02-15,UPI,Delivered,Express
O000808,C06321,2025-05-11,Credit Card,Delivered,Standard
O000809,C02752,2024-07-10,UPI,Returned,Express
O000810,C02672,2025-03-09,Credit Card,Delivered,Standard
O000811,C05056,2025-06-09,UPI,Delivered,Standard
O000812,C00643,2024-12-09,Credit Card,Delivered,Standard
O000813,C00120,2025-12-11,COD,Delivered,Same Day
O000814,C06217,2024-05-12,UPI,Delivered,Standard
O000815,C06176,2025-02-09,Credit Card,Delivered,Express
O000816,C07053,2024-11-26,Credit Card,Delivered,Express
O000817,C01583,2025-08-09,UPI,Delivered,Express
O000818,C05747,2024-10-04,COD,Delivered,Standard
O000819,C03685,2024-02-10,UPI,Delivered,Standard
O000820,C02722,2025-10-28,Credit Card,Delivered,Standard
O000821,C01034,2024-03-08,Net Banking,Returned,Standard
O000822,C04244,2024-05-31,COD,Returned,Standard
O000823,C01774,2025-07-23,Debit Card,Delivered,Standard
O000824,C04854,2025-12-01,COD,Delivered,Express
O000825,C00709,2025-09-30,Debit Card,Cancelled,Standard
O000826,C01868,2025-11-13,Debit Card,Delivered,Express
O000827,C04098,2024-10-25,Debit Card,Delivered,Standard
O000828,C00276,2024-03-05,Credit Card,Delivered,Standard
O000829,C03165,2025-03-27,UPI,Delivered,Express
O000830,C06206,2025-10-03,UPI,Delivered,Express
O000831,C01360,2025-08-08,Credit Card,Returned,Standard
O000832,C05499,2024-03-09,Debit Card,Delivered,Standard
O000833,C04895,2024-01-15,UPI,Delivered,Standard
O000834,C00331,2024-10-27,Credit Card,Delivered,Standard
O000835,C06084,2024-10-18,COD,Delivered,Standard
O000836,C02959,2025-10-11,Debit Card,Delivered,Standard
O000837,C03921,2025-08-24,UPI,Cancelled,Express
O000838,C00416,2025-08-06,Wallet,Delivered,Standard
O000839,C00809,2025-08-15,Wallet,Delivered,Express
O000840,C00826,2024-05-04,Net Banking,Delivered,Standard
O000841,C05653,2024-09-18,Credit Card,Delivered,Same Day
O000842,C03801,2024-11-15,Debit Card,Delivered,Standard
O000843,C07889,2025-08-30,UPI,Delivered,Standard
O000844,C02311,2025-05-29,UPI,Delivered,Express
O000845,C06870,2024-10-16,Debit Card,Delivered,Standard
O000846,C00202,2025-12-18,Credit Card,Delivered,Standard
O000847,C00289,2024-11-11,Debit Card,Returned,Standard
O000848,C04952,2025-04-06,Debit Card,Delivered,Standard
O000849,C02120,2024-11-09,UPI,Delivered,Standard
O000850,C07565,2025-09-24,Net Banking,Delivered,Same Day
O000851,C00961,2024-06-19,Net Banking,Delivered,Standard
O000852,C00497,2024-06-26,Credit Card,Cancelled,Standard
O000853,C02540,2025-06-29,UPI,Delivered,Standard
O000854,C01099,2024-09-11,UPI,Cancelled,Standard
O000855,C03284,2025-09-16,Credit Card,Delivered,Standard
O000856,C07435,2024-03-02,Credit Card,Delivered,Standard
O000857,C01494,2025-05-24,UPI,Delivered,Standard
O000858,C05733,2024-02-12,COD,Delivered,Same Day
O000859,C00997,2025-07-27,UPI,Cancelled,Standard
O000860,C05678,2024-07-30,Net Banking,Delivered,Standard
O000861,C05977,2025-01-15,Credit Card,Delivered,Standard
O000862,C05646,2025-10-02,UPI,Delivered,Standard
O000863,C02364,2025-03-17,Credit Card,Delivered,Express
O000864,C01390,2025-03-27,COD,Delivered,Standard
O000865,C02401,2024-03-04,COD,Delivered,Express
O000866,C01972,2024-09-15,UPI,Delivered,Express
O000867,C06808,2024-03-13,Credit Card,Delivered,Standard
O000868,C00583,2025-11-11,Net Banking,Delivered,Standard
O000869,C06596,2025-03-25,Debit Card,Delivered,Express
O000870,C04026,2025-04-20,Net Banking,Delivered,Standard
O000871,C02722,2025-07-17,UPI,Delivered,Standard
O000872,C03370,2024-03-31,Credit Card,Delivered,Standard
O000873,C04899,2025-05-11,UPI,Delivered,Same Day
O000874,C04228,2025-08-27,Debit Card,Delivered,Same Day
O000875,C07098,2025-10-10,UPI,Delivered,Standard
O000876,C04168,2024-03-08,Net Banking,Cancelled,Standard
O000877,C07878,2024-09-05,UPI,Delivered,Standard
O000878,C06090,2025-04-09,COD,Delivered,Standard
O000879,C05910,2024-02-03,Net Banking,Delivered,Standard
O000880,C00814,2024-11-23,UPI,Delivered,Standard
O000881,C03969,2024-08-24,Credit Card,Delivered,Standard
O000882,C07456,2024-07-28,Debit Card,Delivered,Standard
O000883,C06413,2025-12-28,Debit Card,Delivered,Standard
O000884,C07638,2024-12-11,COD,Delivered,Express
O000885,C07767,2024-02-04,Credit Card,Delivered,Same Day
O000886,C06516,2025-02-21,Debit Card,Cancelled,Standard
O000887,C06473,2024-02-02,Debit Card,Delivered,Express
O000888,C04195,2024-09-15,Debit Card,Delivered,Standard
O000889,C00724,2025-05-14,Credit Card,Delivered,Standard
O000890,C00648,2025-08-02,Debit Card,Delivered,Standard
O000891,C06227,2024-08-02,UPI,Delivered,Standard
O000892,C04966,2025-10-16,Debit Card,Delivered,Standard
O000893,C03131,2024-09-02,Wallet,Delivered,Standard
O000894,C06758,2025-06-11,Debit Card,Delivered,Standard
O000895,C07363,2025-03-25,Credit Card,Delivered,Standard
O000896,C00511,2025-04-18,UPI,Returned,Standard
O000897,C00174,2025-07-09,UPI,Delivered,Standard
O000898,C04028,2025-04-29,Debit Card,Delivered,Express
O000899,C05409,2024-08-25,Debit Card,Delivered,Standard
O000900,C00814,2025-06-02,UPI,Delivered,Standard
O000901,C04939,2025-04-26,Credit Card,Delivered,Express
O000902,C07223,2025-04-04,Credit Card,Delivered,Express
O000903,C07145,2025-09-30,Debit Card,Delivered,Express
O000904,C06247,2025-07-25,UPI,Delivered,Same Day
O000905,C01170,2025-05-02,Credit Card,Delivered,Standard
O000906,C05094,2024-06-18,Debit Card,Delivered,Standard
O000907,C05846,2025-10-13,UPI,Delivered,Standard
O000908,C03109,2025-02-06,Credit Card,Delivered,Standard
O000909,C03016,2025-07-03,UPI,Returned,Standard
O000910,C02783,2025-04-28,Net Banking,Delivered,Express
O000911,C04291,2024-01-12,Debit Card,Delivered,Standard
O000912,C05773,2025-08-24,UPI,Returned,Standard
O000913,C01409,2025-06-30,UPI,Delivered,Standard
O000914,C00411,2024-11-01,Net Banking,Delivered,Standard
O000915,C01164,2025-03-22,Net Banking,Returned,Standard
O000916,C02692,2024-08-10,Credit Card,Delivered,Standard
O000917,C02454,2025-02-10,Credit Card,Delivered,Standard
O000918,C03457,2025-05-31,Credit Card,Delivered,Express
O000919,C00362,2024-09-03,Net Banking,Delivered,Standard
O000920,C04053,2025-10-17,Wallet,Delivered,Standard
O000921,C00718,2024-06-01,UPI,Delivered,Standard
O000922,C05495,2025-02-25,Net Banking,Delivered,Same Day
O000923,C07278,2024-04-17,Net Banking,Delivered,Express
O000924,C07921,2025-05-12,UPI,Delivered,Standard
O000925,C07312,2025-10-28,UPI,Delivered,Standard
O000926,C05247,2025-07-29,Credit Card,Delivered,Express
O000927,C07776,2024-09-05,Net Banking,Delivered,Standard
O000928,C01084,2024-08-19,Credit Card,Delivered,Express
O000929,C04454,2024-01-17,UPI,Delivered,Standard
O000930,C01323,2024-06-18,UPI,Delivered,Express
O000931,C01417,2024-03-10,Credit Card,Delivered,Express
O000932,C02529,2024-05-14,UPI,Delivered,Standard
O000933,C07503,2025-04-20,Debit Card,Delivered,Standard
O000934,C01272,2025-01-17,COD,Cancelled,Standard
O000935,C04465,2024-03-31,Credit Card,Delivered,Standard
O000936,C07728,2024-03-23,Credit Card,Delivered,Express
O000937,C04351,2024-02-18,UPI,Delivered,Express
O000938,C07448,2024-09-06,Credit Card,Cancelled,Express
O000939,C03971,2024-01-06,UPI,Delivered,Standard
O000940,C01351,2024-04-06,Credit Card,Delivered,Express
O000941,C07300,2025-01-08,Debit Card,Delivered,Express
O000942,C06285,2025-02-17,UPI,Delivered,Standard
O000943,C01138,2025-03-05,UPI,Delivered,Standard
O000944,C01821,2025-08-27,UPI,Delivered,Express
O000945,C04668,2024-03-06,Credit Card,Delivered,Express
O000946,C01843,2025-12-03,UPI,Delivered,Standard
O000947,C02783,2024-03-19,UPI,Delivered,Express
O000948,C03013,2025-11-27,COD,Delivered,Express
O000949,C02719,2025-02-16,Credit Card,Delivered,Express
O000950,C05402,2024-06-12,Net Banking,Delivered,Standard
O000951,C06946,2024-04-29,Credit Card,Delivered,Express
O000952,C03662,2025-06-30,UPI,Delivered,Standard
O000953,C07600,2025-11-05,Credit Card,Delivered,Standard
O000954,C07619,2025-09-10,COD,Delivered,Standard
O000955,C03662,2024-05-09,Debit Card,Delivered,Standard
O000956,C04297,2024-12-15,UPI,Returned,Standard
O000957,C03880,2025-03-16,Wallet,Delivered,Standard
O000958,C07879,2024-12-03,Credit Card,Delivered,Standard
O000959,C00536,2024-08-05,Wallet,Delivered,Express
O000960,C06881,2024-02-16,Net Banking,Delivered,Standard
O000961,C03769,2024-11-24,Debit Card,Returned,Standard
O000962,C06189,2024-02-18,Credit Card,Delivered,Standard
O000963,C03439,2025-06-12,Credit Card,Delivered,Standard
O000964,C04875,2024-10-25,Credit Card,Returned,Express
O000965,C06648,2025-03-27,Credit Card,Cancelled,Same Day
O000966,C01332,2025-07-30,UPI,Delivered,Express
O000967,C07068,2025-11-14,Credit Card,Delivered,Express
O000968,C04557,2025-07-18,Debit Card,Delivered,Standard
O000969,C03776,2025-11-22,COD,Delivered,Express
O000970,C03407,2025-07-07,Debit Card,Delivered,Standard
O000971,C01990,2025-10-26,Credit Card,Delivered,Same Day
O000972,C07288,2024-12-10,UPI,Delivered,Standard
O000973,C00796,2025-08-03,Debit Card,Delivered,Standard
O000974,C05080,2025-05-05,UPI,Cancelled,Express
O000975,C01316,2025-01-14,COD,Delivered,Standard
O000976,C03565,2025-07-26,UPI,Delivered,Standard
O000977,C05292,2025-11-06,UPI,Delivered,Standard
O000978,C01500,2024-05-16,UPI,Cancelled,Standard
O000979,C00032,2025-07-04,COD,Delivered,Express
O000980,C00671,2024-06-22,Debit Card,Delivered,Express
O000981,C04195,2025-11-27,UPI,Delivered,Express
O000982,C07077,2024-10-28,Debit Card,Delivered,Standard
O000983,C02313,2024-12-09,Credit Card,Cancelled,Standard
O000984,C05275,2024-09-28,Credit Card,Delivered,Standard
O000985,C00409,2024-01-28,Credit Card,Delivered,Standard
O000986,C06477,2025-03-07,UPI,Delivered,Standard
O000987,C02469,2025-09-28,Debit Card,Delivered,Standard
O000988,C03531,2024-04-26,UPI,Delivered,Express
O000989,C05056,2024-08-03,UPI,Delivered,Standard
O000990,C04026,2025-10-14,Credit Card,Delivered,Standard
O000991,C01843,2025-08-18,Credit Card,Delivered,Express
O000992,C03044,2024-06-30,UPI,Delivered,Standard
O000993,C02196,2025-10-15,UPI,Delivered,Standard
O000994,C05841,2024-02-17,COD,Returned,Standard
O000995,C01177,2025-02-26,UPI,Delivered,Standard
O000996,C03385,2025-02-23,UPI,Delivered,Standard
O000997,C02666,2024-06-12,Net Banking,Delivered,Standard
O000998,C04484,2024-08-11,Credit Card,Delivered,Standard
O000999,C05232,2024-04-23,UPI,Delivered,Standard
O001000,C02130,2024-03-03,Credit Card,Delivered,Standard
O001001,C06850,2025-04-29,Net Banking,Delivered,Standard
O001002,C03374,2025-09-21,Net Banking,Delivered,Standard
O001003,C00359,2024-01-30,UPI,Delivered,Express
O001004,C00341,2024-02-27,Debit Card,Delivered,Standard
O001005,C07257,2024-02-10,Debit Card,Delivered,Standard
O001006,C04823,2024-03-26,UPI,Delivered,Express
O001007,C05243,2025-09-27,UPI,Cancelled,Standard
O001008,C00452,2025-03-26,Credit Card,Delivered,Standard
O001009,C07287,2025-11-16,UPI,Delivered,Standard
O001010,C07819,2024-09-28,UPI,Delivered,Standard
O001011,C02838,2025-01-01,COD,Delivered,Same Day
O001012,C04209,2025-11-29,Net Banking,Delivered,Same Day
O001013,C06263,2024-06-21,Credit Card,Delivered,Standard
O001014,C03394,2025-02-16,UPI,Delivered,Express
O001015,C04583,2024-09-16,Net Banking,Delivered,Standard
O001016,C00507,2024-08-05,Debit Card,Delivered,Standard
O001017,C04955,2024-12-09,COD,Delivered,Express
O001018,C00007,2024-01-13,UPI,Delivered,Express
O001019,C05402,2025-07-06,UPI,Delivered,Standard
O001020,C01612,2024-02-08,UPI,Cancelled,Standard
O001021,C06480,2025-12-28,Debit Card,Delivered,Standard
O001022,C07169,2024-11-21,Credit Card,Delivered,Standard
O001023,C06399,2024-02-02,Credit Card,Delivered,Standard
O001024,C07860,2025-05-10,Wallet,Delivered,Standard
O001025,C01409,2024-12-06,Credit Card,Delivered,Standard
O001026,C07208,2025-10-18,Credit Card,Delivered,Standard
O001027,C01853,2024-05-19,Net Banking,Delivered,Express
O001028,C00188,2024-01-06,Credit Card,Delivered,Express
O001029,C04668,2025-06-09,UPI,Delivered,Standard
O001030,C07399,2025-03-15,COD,Delivered,Standard
O001031,C06010,2025-07-27,Debit Card,Delivered,Standard
O001032,C04933,2025-06-26,Credit Card,Cancelled,Standard
O001033,C00019,2024-03-05,UPI,Delivered,Standard
O001034,C06861,2024-06-02,Net Banking,Delivered,Express
O001035,C01141,2025-07-16,Credit Card,Returned,Standard
O001036,C00035,2025-07-15,UPI,Delivered,Standard
O001037,C04024,2025-10-16,UPI,Delivered,Express
O001038,C06361,2024-11-18,UPI,Cancelled,Standard
O001039,C02230,2024-02-06,UPI,Delivered,Standard
O001040,C03672,2025-06-10,UPI,Delivered,Standard
O001041,C02569,2025-12-12,Net Banking,Delivered,Standard
O001042,C00344,2024-01-01,Debit Card,Delivered,Standard
O001043,C05560,2024-08-25,Debit Card,Delivered,Standard
O001044,C00394,2024-12-21,Credit Card,Delivered,Standard
O001045,C02193,2025-01-31,UPI,Delivered,Standard
O001046,C06293,2025-12-19,UPI,Delivered,Standard
O001047,C05463,2024-06-23,Debit Card,Delivered,Standard
O001048,C02756,2025-10-19,Net Banking,Delivered,Standard
O001049,C07062,2024-10-03,UPI,Delivered,Express
O001050,C05091,2025-02-27,COD,Delivered,Express
O001051,C02618,2024-10-19,UPI,Delivered,Standard
O001052,C00391,2024-05-10,Wallet,Delivered,Standard
O001053,C07064,2025-04-03,UPI,Cancelled,Standard
O001054,C07411,2024-05-07,Credit Card,Delivered,Standard
O001055,C07706,2024-06-13,UPI,Delivered,Standard
O001056,C01910,2025-10-27,Debit Card,Delivered,Standard
O001057,C00907,2024-10-07,Credit Card,Delivered,Express
O001058,C05821,2025-08-03,Credit Card,Returned,Express
O001059,C01618,2024-06-25,UPI,Delivered,Standard
O001060,C05586,2025-12-27,Credit Card,Delivered,Express
O001061,C01776,2025-09-17,Debit Card,Delivered,Express
O001062,C02787,2024-08-31,Credit Card,Delivered,Standard
O001063,C02734,2025-08-21,Net Banking,Delivered,Standard
O001064,C04917,2024-01-20,Credit Card,Delivered,Standard
O001065,C04233,2024-09-02,Wallet,Delivered,Standard
O001066,C03719,2025-01-14,Net Banking,Delivered,Standard
O001067,C00549,2025-01-10,Debit Card,Delivered,Standard
O001068,C03846,2024-05-18,UPI,Delivered,Standard
O001069,C00290,2024-10-20,Credit Card,Delivered,Express
O001070,C00809,2024-01-18,Debit Card,Delivered,Express
O001071,C03372,2025-10-12,Debit Card,Delivered,Standard
O001072,C05974,2024-07-24,UPI,Delivered,Standard
O001073,C04108,2024-10-10,UPI,Cancelled,Express
O001074,C03249,2025-03-28,Credit Card,Delivered,Standard
O001075,C00628,2025-03-19,UPI,Delivered,Standard
O001076,C02983,2025-02-12,UPI,Delivered,Standard
O001077,C02249,2025-07-07,Debit Card,Delivered,Standard
O001078,C06763,2024-01-16,UPI,Delivered,Standard
O001079,C05110,2024-10-20,UPI,Delivered,Same Day
O001080,C06969,2024-01-24,Net Banking,Delivered,Same Day
O001081,C05173,2024-08-17,Credit Card,Delivered,Same Day
O001082,C05091,2024-07-29,Debit Card,Delivered,Standard
O001083,C01561,2024-06-10,Credit Card,Delivered,Standard
O001084,C00332,2025-10-06,UPI,Delivered,Standard
O001085,C05768,2024-07-04,Debit Card,Delivered,Standard
O001086,C07401,2025-04-28,Wallet,Delivered,Standard
O001087,C02637,2025-08-23,COD,Delivered,Standard
O001088,C00014,2024-05-29,UPI,Delivered,Standard
O001089,C02389,2025-11-11,Credit Card,Delivered,Express
O001090,C00286,2025-04-22,UPI,Delivered,Standard
O001091,C01801,2024-05-21,Debit Card,Delivered,Standard
O001092,C01233,2025-01-25,Credit Card,Delivered,Express
O001093,C04889,2024-09-22,Credit Card,Delivered,Standard
O001094,C03256,2025-07-13,Credit Card,Returned,Standard
O001095,C02886,2025-10-20,Net Banking,Delivered,Standard
O001096,C07162,2024-12-12,UPI,Delivered,Standard
O001097,C06444,2025-07-29,UPI,Delivered,Standard
O001098,C04811,2024-07-12,Credit Card,Delivered,Express
O001099,C05658,2025-12-25,COD,Delivered,Standard
O001100,C01742,2024-11-02,Credit Card,Delivered,Standard
O001101,C05093,2025-08-09,Credit Card,Delivered,Express
O001102,C05556,2025-10-12,Debit Card,Delivered,Express
O001103,C00023,2024-04-21,UPI,Delivered,Express
O001104,C04815,2025-01-13,Wallet,Delivered,Express
O001105,C01607,2024-07-14,Debit Card,Delivered,Standard
O001106,C04467,2024-09-20,UPI,Delivered,Standard
O001107,C02350,2025-02-17,Wallet,Delivered,Standard
O001108,C00926,2025-04-14,UPI,Delivered,Express
O001109,C07743,2025-09-02,Net Banking,Delivered,Standard
O001110,C06583,2025-03-19,Debit Card,Delivered,Express
O001111,C05086,2024-12-02,UPI,Delivered,Standard
O001112,C06447,2024-02-18,UPI,Delivered,Express
O001113,C00342,2025-02-21,Debit Card,Delivered,Standard
O001114,C07983,2024-03-22,UPI,Delivered,Express
O001115,C05010,2025-05-06,Credit Card,Delivered,Standard
O001116,C01388,2025-01-01,Wallet,Delivered,Standard
O001117,C00548,2024-11-20,Credit Card,Delivered,Express
O001118,C06173,2024-08-09,UPI,Delivered,Express
O001119,C03693,2024-08-27,UPI,Delivered,Standard
O001120,C00202,2024-01-24,Credit Card,Delivered,Standard
O001121,C00066,2025-03-29,Net Banking,Returned,Standard
O001122,C01433,2025-05-05,UPI,Delivered,Standard
O001123,C02954,2025-10-17,Net Banking,Delivered,Express
O001124,C07026,2025-01-21,UPI,Delivered,Express
O001125,C05867,2024-05-18,Debit Card,Delivered,Standard
O001126,C05979,2024-07-08,COD,Delivered,Standard
O001127,C00281,2025-12-03,Credit Card,Delivered,Express
O001128,C06944,2025-06-06,UPI,Delivered,Standard
O001129,C04098,2025-08-17,Wallet,Delivered,Express
O001130,C00501,2024-09-10,Net Banking,Delivered,Same Day
O001131,C03218,2024-08-21,COD,Delivered,Standard
O001132,C00471,2024-10-28,COD,Delivered,Express
O001133,C05320,2025-04-15,Credit Card,Delivered,Express
O001134,C06345,2025-12-07,Credit Card,Delivered,Express
O001135,C02724,2025-12-10,Credit Card,Cancelled,Express
O001136,C00990,2025-10-30,UPI,Delivered,Express
O001137,C01603,2025-03-01,Debit Card,Returned,Standard
O001138,C01216,2025-07-07,UPI,Delivered,Standard
O001139,C05542,2025-02-20,Net Banking,Delivered,Standard
O001140,C04382,2025-02-09,Net Banking,Delivered,Express
O001141,C07098,2024-06-28,Debit Card,Delivered,Express
O001142,C00571,2025-09-04,Debit Card,Delivered,Standard
O001143,C07201,2025-04-14,Credit Card,Delivered,Express
O001144,C03169,2025-11-18,Credit Card,Delivered,Express
O001145,C06901,2025-05-03,Net Banking,Cancelled,Standard
O001146,C01918,2024-01-29,Net Banking,Delivered,Same Day
O001147,C05075,2025-11-05,Credit Card,Delivered,Express
O001148,C03390,2025-04-18,Net Banking,Delivered,Standard
O001149,C04156,2024-12-17,Credit Card,Delivered,Express
O001150,C02177,2025-05-19,COD,Delivered,Standard
O001151,C06469,2025-06-11,Wallet,Delivered,Express
O001152,C06429,2025-10-18,Net Banking,Delivered,Express
O001153,C07510,2025-06-04,Wallet,Delivered,Same Day
O001154,C04873,2024-01-16,UPI,Delivered,Express
O001155,C02764,2025-03-29,Wallet,Delivered,Standard
O001156,C07739,2025-05-14,Net Banking,Delivered,Standard
O001157,C02227,2024-01-02,Credit Card,Delivered,Standard
O001158,C06708,2025-06-16,UPI,Delivered,Standard
O001159,C04589,2024-10-05,Wallet,Delivered,Standard
O001160,C01244,2025-09-22,Credit Card,Delivered,Standard
O001161,C02538,2025-01-15,Debit Card,Delivered,Standard
O001162,C07764,2025-10-25,COD,Delivered,Express
O001163,C02678,2025-09-06,Debit Card,Delivered,Express
O001164,C02853,2025-08-15,COD,Delivered,Standard
O001165,C03621,2025-01-28,Credit Card,Cancelled,Express
O001166,C04612,2025-11-10,Credit Card,Cancelled,Standard
O001167,C05989,2024-02-09,Credit Card,Delivered,Standard
O001168,C04817,2024-10-05,Debit Card,Delivered,Standard
O001169,C03526,2025-02-04,Credit Card,Delivered,Express
O001170,C00002,2025-07-31,Debit Card,Delivered,Standard
O001171,C07706,2025-04-26,UPI,Cancelled,Standard
O001172,C05402,2024-11-27,UPI,Delivered,Standard
O001173,C00095,2025-02-04,UPI,Delivered,Standard
O001174,C00546,2025-12-01,Credit Card,Delivered,Standard
O001175,C02152,2025-08-09,UPI,Delivered,Standard
O001176,C07785,2024-04-24,Credit Card,Delivered,Express
O001177,C05305,2025-08-30,Wallet,Delivered,Standard
O001178,C03097,2025-02-10,UPI,Delivered,Express
O001179,C07739,2024-02-06,Credit Card,Delivered,Standard
O001180,C04726,2024-04-16,Debit Card,Delivered,Standard
O001181,C02787,2025-10-01,Credit Card,Cancelled,Same Day
O001182,C06547,2024-08-22,Credit Card,Delivered,Standard
O001183,C04210,2025-06-07,COD,Delivered,Express
O001184,C06989,2024-09-23,UPI,Delivered,Standard
O001185,C04569,2025-03-10,Credit Card,Delivered,Standard
O001186,C05546,2025-10-30,Debit Card,Delivered,Standard
O001187,C00333,2024-08-12,Credit Card,Delivered,Standard
O001188,C06182,2024-05-25,Wallet,Delivered,Standard
O001189,C00002,2025-09-28,COD,Delivered,Standard
O001190,C01522,2024-04-06,Debit Card,Delivered,Standard
O001191,C01943,2024-03-28,Debit Card,Delivered,Standard
O001192,C00088,2025-10-06,Credit Card,Delivered,Express
O001193,C06804,2024-01-03,UPI,Delivered,Same Day
O001194,C00299,2025-12-27,COD,Delivered,Express
O001195,C05189,2024-10-10,Credit Card,Delivered,Standard
O001196,C02154,2025-10-09,UPI,Delivered,Express
O001197,C05461,2024-02-02,Credit Card,Delivered,Standard
O001198,C05901,2024-09-21,COD,Delivered,Standard
O001199,C03501,2025-12-13,Wallet,Delivered,Standard
O001200,C03759,2025-01-16,UPI,Delivered,Express
O001201,C00814,2024-12-11,Credit Card,Delivered,Standard
O001202,C07936,2024-08-01,UPI,Delivered,Standard
O001203,C00779,2024-09-03,UPI,Delivered,Standard
O001204,C04062,2025-04-23,UPI,Delivered,Standard
O001205,C04382,2024-05-24,UPI,Delivered,Express
O001206,C00345,2025-07-12,Debit Card,Delivered,Standard
O001207,C05097,2025-06-08,UPI,Delivered,Standard
O001208,C03971,2025-04-14,UPI,Delivered,Standard
O001209,C07092,2025-03-31,UPI,Delivered,Express
O001210,C03964,2024-01-17,UPI,Delivered,Standard
O001211,C04288,2025-01-21,Debit Card,Delivered,Standard
O001212,C04450,2024-08-02,UPI,Delivered,Express
O001213,C06413,2024-05-08,UPI,Delivered,Standard
O001214,C01611,2024-03-17,UPI,Cancelled,Express
O001215,C03411,2024-07-19,Credit Card,Delivered,Express
O001216,C05967,2025-08-06,UPI,Delivered,Same Day
O001217,C02399,2024-10-07,Net Banking,Delivered,Express
O001218,C02688,2024-04-03,Credit Card,Delivered,Standard
O001219,C01007,2024-05-10,UPI,Delivered,Standard
O001220,C02152,2025-03-07,Credit Card,Delivered,Standard
O001221,C00915,2024-08-14,Wallet,Delivered,Standard
O001222,C02745,2024-05-16,UPI,Delivered,Standard
O001223,C06925,2024-06-09,Credit Card,Delivered,Express
O001224,C01570,2024-05-27,UPI,Delivered,Standard
O001225,C02631,2024-04-27,Debit Card,Delivered,Express
O001226,C03360,2024-04-06,UPI,Delivered,Express
O001227,C02360,2025-11-12,Wallet,Delivered,Same Day
O001228,C05410,2024-12-17,UPI,Delivered,Standard
O001229,C01135,2024-12-30,UPI,Delivered,Standard
O001230,C05076,2025-03-17,COD,Returned,Standard
O001231,C03807,2025-08-06,UPI,Delivered,Standard
O001232,C06834,2024-10-19,UPI,Returned,Standard
O001233,C00598,2024-04-19,Credit Card,Delivered,Standard
O001234,C02627,2024-03-08,UPI,Delivered,Standard
O001235,C04668,2025-03-30,UPI,Delivered,Standard
O001236,C06990,2025-08-15,UPI,Delivered,Express
O001237,C04411,2024-05-31,UPI,Returned,Express
O001238,C01137,2025-03-14,Wallet,Delivered,Standard
O001239,C04542,2024-11-18,UPI,Delivered,Same Day
O001240,C07323,2024-10-08,UPI,Delivered,Express
O001241,C00611,2024-10-10,COD,Delivered,Standard
O001242,C03519,2024-12-04,COD,Delivered,Standard
O001243,C07413,2025-12-12,Debit Card,Delivered,Standard
O001244,C00014,2025-06-03,Debit Card,Delivered,Standard
O001245,C06626,2025-08-16,Credit Card,Delivered,Standard
O001246,C05377,2025-06-04,Net Banking,Delivered,Express
O001247,C06349,2025-08-20,UPI,Delivered,Standard
O001248,C02828,2024-03-13,Credit Card,Delivered,Standard
O001249,C01562,2024-03-26,Wallet,Delivered,Standard
O001250,C00544,2024-09-25,Debit Card,Delivered,Standard
O001251,C07907,2024-10-14,Credit Card,Delivered,Standard
O001252,C07672,2024-01-31,Credit Card,Delivered,Standard
O001253,C06997,2025-01-22,Net Banking,Delivered,Standard
O001254,C07051,2024-05-25,Debit Card,Delivered,Standard
O001255,C06809,2024-08-16,UPI,Delivered,Express
O001256,C01351,2025-07-09,Credit Card,Delivered,Standard
O001257,C02678,2025-10-31,Credit Card,Cancelled,Standard
O001258,C03896,2025-09-14,UPI,Delivered,Standard
O001259,C01095,2024-08-06,UPI,Delivered,Express
O001260,C04145,2024-11-25,Wallet,Delivered,Standard
O001261,C07988,2025-02-13,UPI,Returned,Standard
O001262,C04063,2024-05-04,Credit Card,Delivered,Standard
O001263,C04929,2024-04-28,Wallet,Delivered,Standard
O001264,C06894,2025-04-18,Credit Card,Delivered,Standard
O001265,C00622,2024-10-11,Wallet,Delivered,Express
O001266,C06474,2024-06-18,Credit Card,Delivered,Standard
O001267,C05776,2024-05-18,COD,Delivered,Standard
O001268,C04024,2024-12-22,Net Banking,Delivered,Express
O001269,C02690,2024-09-20,Credit Card,Delivered,Standard
O001270,C03689,2025-02-13,UPI,Delivered,Standard
O001271,C05405,2024-01-27,UPI,Delivered,Standard
O001272,C01303,2024-01-16,Debit Card,Delivered,Standard
O001273,C02588,2024-08-15,UPI,Delivered,Standard
O001274,C03881,2024-08-02,Net Banking,Delivered,Standard
O001275,C04965,2024-03-19,UPI,Delivered,Standard
O001276,C05773,2025-07-24,Debit Card,Delivered,Standard
O001277,C04925,2025-07-02,Net Banking,Delivered,Standard
O001278,C04262,2025-04-09,COD,Delivered,Standard
O001279,C04821,2025-11-04,Net Banking,Delivered,Standard
O001280,C05463,2024-03-13,Credit Card,Delivered,Express
O001281,C07738,2024-10-23,UPI,Delivered,Express
O001282,C02347,2025-10-02,UPI,Delivered,Standard
O001283,C07621,2025-09-07,UPI,Delivered,Express
O001284,C03993,2025-01-21,UPI,Delivered,Standard
O001285,C07984,2024-09-27,UPI,Cancelled,Standard
O001286,C07942,2024-06-22,Debit Card,Delivered,Standard
O001287,C03752,2025-06-12,UPI,Delivered,Standard
O001288,C02257,2024-01-22,UPI,Delivered,Standard
O001289,C00342,2025-02-12,UPI,Delivered,Standard
O001290,C00871,2025-11-16,UPI,Delivered,Express
O001291,C07985,2024-11-18,Wallet,Delivered,Express
O001292,C00255,2024-08-14,Net Banking,Delivered,Standard
O001293,C04045,2025-09-26,UPI,Delivered,Express
O001294,C01488,2024-12-12,COD,Delivered,Standard
O001295,C00625,2024-11-30,COD,Delivered,Standard
O001296,C00154,2025-10-21,Debit Card,Returned,Express
O001297,C06043,2025-11-11,Credit Card,Delivered,Standard
O001298,C04415,2025-10-20,Debit Card,Delivered,Express
O001299,C00578,2024-01-16,Credit Card,Delivered,Standard
O001300,C03247,2025-09-19,Credit Card,Delivered,Standard
O001301,C02484,2024-07-14,Credit Card,Delivered,Standard
O001302,C03685,2024-09-25,Debit Card,Delivered,Standard
O001303,C06736,2024-04-09,UPI,Delivered,Same Day
O001304,C05655,2025-09-09,Credit Card,Delivered,Standard
O001305,C01980,2024-03-27,Net Banking,Delivered,Standard
O001306,C04672,2024-10-23,Credit Card,Delivered,Standard
O001307,C04965,2024-03-17,COD,Delivered,Express
O001308,C00023,2024-03-08,UPI,Delivered,Express
O001309,C00291,2025-11-24,Net Banking,Delivered,Standard
O001310,C04989,2024-10-23,UPI,Delivered,Express
O001311,C04158,2025-02-03,UPI,Delivered,Standard
O001312,C07678,2024-08-27,UPI,Delivered,Standard
O001313,C04592,2025-06-30,UPI,Delivered,Express
O001314,C07532,2024-08-08,Net Banking,Delivered,Standard
O001315,C03908,2024-12-20,Debit Card,Delivered,Express
O001316,C05726,2025-03-04,UPI,Delivered,Standard
O001317,C02927,2025-09-24,Net Banking,Delivered,Standard
O001318,C02590,2025-10-31,Credit Card,Cancelled,Express
O001319,C07506,2025-03-06,Net Banking,Delivered,Standard
O001320,C03256,2025-02-01,Credit Card,Delivered,Standard
O001321,C06080,2024-12-21,Debit Card,Delivered,Standard
O001322,C02623,2024-10-31,Debit Card,Delivered,Standard
O001323,C00495,2024-03-28,Wallet,Delivered,Express
O001324,C02620,2024-09-08,Credit Card,Delivered,Express
O001325,C03405,2024-08-08,UPI,Delivered,Standard
O001326,C06463,2025-10-14,UPI,Delivered,Express
O001327,C03803,2025-09-13,Credit Card,Delivered,Standard
O001328,C04666,2024-02-07,Debit Card,Delivered,Standard
O001329,C05943,2025-02-25,UPI,Delivered,Express
O001330,C07310,2024-07-25,Debit Card,Delivered,Standard
O001331,C00648,2024-02-17,UPI,Returned,Standard
O001332,C01699,2025-11-30,UPI,Delivered,Standard
O001333,C04376,2025-05-15,COD,Delivered,Standard
O001334,C00455,2025-08-04,Credit Card,Delivered,Standard
O001335,C06256,2024-01-20,Credit Card,Delivered,Standard
O001336,C07216,2024-02-04,UPI,Delivered,Standard
O001337,C03894,2024-01-23,UPI,Delivered,Express
O001338,C07999,2024-09-22,Credit Card,Cancelled,Express
O001339,C06478,2025-03-23,Credit Card,Delivered,Standard
O001340,C06793,2024-05-23,Net Banking,Delivered,Express
O001341,C00054,2024-02-12,UPI,Delivered,Same Day
O001342,C06208,2024-09-18,Debit Card,Returned,Standard
O001343,C06891,2024-11-20,UPI,Delivered,Standard
O001344,C06975,2024-04-15,Wallet,Delivered,Standard
O001345,C01594,2025-09-21,Credit Card,Delivered,Express
O001346,C04089,2024-12-11,Credit Card,Delivered,Standard
O001347,C04299,2024-10-12,UPI,Delivered,Same Day
O001348,C07369,2025-11-14,UPI,Delivered,Standard
O001349,C04118,2024-08-06,Debit Card,Delivered,Express
O001350,C05564,2025-07-15,UPI,Delivered,Standard
O001351,C07965,2025-08-31,UPI,Returned,Standard
O001352,C07924,2024-08-31,UPI,Delivered,Standard
O001353,C05768,2025-01-20,Wallet,Cancelled,Standard
O001354,C02142,2024-02-27,Net Banking,Delivered,Standard
O001355,C02490,2025-11-10,Credit Card,Delivered,Standard
O001356,C01716,2025-10-24,COD,Delivered,Express
O001357,C01136,2025-05-12,Credit Card,Delivered,Standard
O001358,C00464,2024-10-07,Debit Card,Delivered,Standard
O001359,C06081,2025-03-04,Debit Card,Delivered,Standard
O001360,C06434,2024-04-17,UPI,Cancelled,Express
O001361,C06256,2024-10-14,UPI,Delivered,Standard
O001362,C03862,2025-07-12,COD,Delivered,Same Day
O001363,C01329,2024-11-15,Credit Card,Delivered,Standard
O001364,C04241,2025-05-26,Debit Card,Delivered,Standard
O001365,C00591,2024-07-27,Credit Card,Delivered,Express
O001366,C01631,2025-07-14,UPI,Returned,Express
O001367,C04712,2024-08-25,Credit Card,Delivered,Standard
O001368,C00374,2025-02-08,UPI,Delivered,Express
O001369,C05715,2025-07-17,UPI,Returned,Express
O001370,C01331,2024-12-11,Credit Card,Delivered,Standard
O001371,C07167,2024-09-27,Credit Card,Delivered,Same Day
O001372,C01836,2024-05-13,Wallet,Delivered,Standard
O001373,C05329,2024-05-22,Net Banking,Delivered,Standard
O001374,C02327,2025-03-17,Debit Card,Delivered,Standard
O001375,C02207,2025-08-27,Net Banking,Delivered,Express
O001376,C06042,2025-09-18,COD,Delivered,Standard
O001377,C01660,2025-05-09,UPI,Delivered,Standard
O001378,C04452,2024-01-04,UPI,Delivered,Standard
O001379,C00596,2024-04-15,Debit Card,Delivered,Standard
O001380,C04282,2025-10-30,Credit Card,Delivered,Standard
O001381,C06444,2024-10-15,UPI,Delivered,Standard
O001382,C00391,2024-07-27,Credit Card,Delivered,Standard
O001383,C02703,2025-11-01,UPI,Delivered,Standard
O001384,C01191,2025-03-12,Credit Card,Delivered,Express
O001385,C03724,2025-01-30,Net Banking,Delivered,Same Day
O001386,C04828,2025-01-15,Net Banking,Delivered,Express
O001387,C03389,2024-10-24,COD,Delivered,Standard
O001388,C05810,2025-09-30,Net Banking,Delivered,Standard
O001389,C00824,2024-03-29,UPI,Delivered,Standard
O001390,C06172,2024-07-10,COD,Delivered,Standard
O001391,C05048,2024-10-08,Credit Card,Delivered,Standard
O001392,C03588,2024-06-27,Debit Card,Delivered,Standard
O001393,C07030,2024-11-23,COD,Delivered,Express
O001394,C02031,2025-02-10,Credit Card,Delivered,Standard
O001395,C05379,2024-09-22,UPI,Delivered,Same Day
O001396,C04977,2024-07-12,Credit Card,Delivered,Express
O001397,C07199,2025-12-06,Credit Card,Delivered,Express
O001398,C05653,2024-05-15,Net Banking,Delivered,Standard
O001399,C01489,2024-09-16,Net Banking,Delivered,Standard
O001400,C04742,2024-07-12,Net Banking,Delivered,Standard
O001401,C07691,2025-01-20,Credit Card,Delivered,Standard
O001402,C03983,2024-04-11,Debit Card,Delivered,Standard
O001403,C07691,2025-07-19,Credit Card,Delivered,Standard
O001404,C00173,2024-06-03,Wallet,Delivered,Standard
O001405,C05571,2025-12-05,Credit Card,Delivered,Standard
O001406,C00495,2024-04-08,UPI,Delivered,Standard
O001407,C05094,2024-08-26,COD,Returned,Express
O001408,C07262,2024-12-24,Wallet,Delivered,Standard
O001409,C00621,2024-11-23,Credit Card,Delivered,Standard
O001410,C07441,2024-05-08,Debit Card,Delivered,Express
O001411,C06887,2025-08-29,Credit Card,Delivered,Standard
O001412,C02861,2025-08-29,Debit Card,Delivered,Express
O001413,C03157,2024-12-07,Credit Card,Delivered,Standard
O001414,C05334,2024-07-03,UPI,Delivered,Express
O001415,C02668,2024-06-21,COD,Delivered,Standard
O001416,C05062,2025-01-01,UPI,Delivered,Express
O001417,C05683,2024-12-22,COD,Delivered,Standard
O001418,C04073,2024-02-26,COD,Delivered,Standard
O001419,C03114,2024-04-09,UPI,Delivered,Express
O001420,C07482,2025-04-14,Net Banking,Delivered,Standard
O001421,C03074,2025-05-02,Credit Card,Delivered,Standard
O001422,C01106,2025-03-17,UPI,Delivered,Express
O001423,C06488,2025-02-07,UPI,Delivered,Express
O001424,C02882,2025-06-16,UPI,Delivered,Standard
O001425,C01713,2025-05-21,Debit Card,Delivered,Same Day
O001426,C03221,2024-06-02,Wallet,Delivered,Standard
O001427,C04019,2024-07-04,Credit Card,Delivered,Standard
O001428,C06601,2024-10-03,Net Banking,Delivered,Express
O001429,C00464,2025-03-03,UPI,Delivered,Standard
O001430,C04777,2024-09-01,UPI,Delivered,Standard
O001431,C07855,2024-07-20,Debit Card,Delivered,Standard
O001432,C07088,2024-11-05,Wallet,Delivered,Express
O001433,C07241,2025-08-09,Credit Card,Returned,Express
O001434,C06235,2024-07-31,Credit Card,Delivered,Standard
O001435,C05189,2025-11-08,UPI,Delivered,Standard
O001436,C05824,2024-02-17,Debit Card,Delivered,Standard
O001437,C01187,2024-04-21,Credit Card,Delivered,Standard
O001438,C00774,2024-12-24,Credit Card,Delivered,Standard
O001439,C05799,2024-06-11,Net Banking,Delivered,Standard
O001440,C07100,2025-01-25,Credit Card,Delivered,Express
O001441,C05097,2025-09-29,Debit Card,Delivered,Standard
O001442,C06079,2024-12-07,COD,Delivered,Standard
O001443,C02095,2025-10-25,Net Banking,Delivered,Standard
O001444,C03677,2025-05-28,Net Banking,Delivered,Express
O001445,C06582,2024-05-15,COD,Delivered,Same Day
O001446,C06222,2025-12-26,Debit Card,Delivered,Standard
O001447,C05737,2024-04-28,Debit Card,Cancelled,Express
O001448,C00208,2024-12-23,COD,Delivered,Same Day
O001449,C06283,2025-02-01,Net Banking,Delivered,Standard
O001450,C04822,2025-03-01,Credit Card,Cancelled,Express
O001451,C02882,2024-01-12,Debit Card,Delivered,Standard
O001452,C07329,2025-01-08,UPI,Delivered,Standard
O001453,C03247,2025-04-13,Debit Card,Delivered,Same Day
O001454,C01322,2024-04-14,COD,Delivered,Standard
O001455,C02169,2025-03-22,Credit Card,Delivered,Express
O001456,C07810,2025-03-20,Credit Card,Delivered,Express
O001457,C02560,2025-03-18,Net Banking,Delivered,Standard
O001458,C00433,2024-10-30,Net Banking,Delivered,Same Day
O001459,C05110,2024-02-25,UPI,Returned,Standard
O001460,C01519,2025-07-13,Net Banking,Delivered,Standard
O001461,C06888,2024-12-13,Credit Card,Cancelled,Express
O001462,C01505,2025-10-27,COD,Delivered,Standard
O001463,C05435,2024-11-18,Credit Card,Delivered,Same Day
O001464,C03023,2025-02-08,Credit Card,Delivered,Standard
O001465,C03785,2024-08-30,Wallet,Delivered,Express
O001466,C06106,2024-09-23,Debit Card,Delivered,Express
O001467,C05881,2025-10-05,COD,Delivered,Standard
O001468,C07105,2024-02-27,Credit Card,Delivered,Standard
O001469,C00015,2024-04-17,Credit Card,Cancelled,Standard
O001470,C00765,2025-05-17,Debit Card,Delivered,Standard
O001471,C03913,2024-06-28,Debit Card,Delivered,Standard
O001472,C03626,2025-04-12,Credit Card,Returned,Standard
O001473,C07056,2024-09-14,Credit Card,Delivered,Express
O001474,C03771,2025-09-19,UPI,Delivered,Standard
O001475,C07921,2024-01-04,Debit Card,Delivered,Express
O001476,C07059,2025-07-09,UPI,Delivered,Express
O001477,C04602,2024-07-22,Credit Card,Delivered,Standard
O001478,C02899,2024-03-12,Debit Card,Delivered,Standard
O001479,C00023,2024-03-06,UPI,Delivered,Express
O001480,C02557,2024-06-26,Wallet,Delivered,Express
O001481,C05664,2025-10-23,UPI,Delivered,Standard
O001482,C05773,2025-12-19,UPI,Delivered,Standard
O001483,C07739,2025-06-27,UPI,Delivered,Standard
O001484,C06113,2025-03-31,Debit Card,Delivered,Standard
O001485,C01697,2025-01-17,UPI,Delivered,Standard
O001486,C00782,2024-01-19,COD,Delivered,Standard
O001487,C05718,2025-06-01,UPI,Delivered,Express
O001488,C07563,2024-03-29,Debit Card,Delivered,Standard
O001489,C02347,2024-09-09,Net Banking,Delivered,Standard
O001490,C03677,2025-05-03,Credit Card,Delivered,Same Day
O001491,C00917,2024-06-26,Credit Card,Delivered,Standard
O001492,C04224,2024-04-14,UPI,Delivered,Standard
O001493,C05401,2024-01-05,Debit Card,Delivered,Express
O001494,C01295,2024-11-02,Wallet,Delivered,Standard
O001495,C02004,2025-08-18,Wallet,Delivered,Express
O001496,C07565,2025-07-12,UPI,Delivered,Standard
O001497,C07802,2025-09-09,Wallet,Delivered,Express
O001498,C07200,2024-09-05,Debit Card,Delivered,Express
O001499,C07313,2024-09-19,UPI,Delivered,Standard
O001500,C07527,2024-01-15,UPI,Delivered,Standard
O001501,C00040,2025-06-29,Credit Card,Delivered,Standard
O001502,C07981,2025-08-27,UPI,Delivered,Standard
O001503,C07174,2025-08-14,Debit Card,Delivered,Standard
O001504,C02069,2025-02-24,Wallet,Delivered,Express
O001505,C02805,2024-07-24,COD,Delivered,Standard
O001506,C05580,2024-01-26,Credit Card,Delivered,Express
O001507,C02907,2024-10-19,UPI,Cancelled,Express
O001508,C07522,2024-07-01,COD,Delivered,Standard
O001509,C05286,2024-05-31,Credit Card,Delivered,Standard
O001510,C00387,2024-09-14,Wallet,Delivered,Standard
O001511,C04186,2024-04-13,Credit Card,Delivered,Standard
O001512,C05365,2025-08-21,UPI,Delivered,Same Day
O001513,C05228,2025-11-28,UPI,Delivered,Standard
O001514,C07871,2024-09-19,Wallet,Delivered,Express
O001515,C02242,2025-05-11,Debit Card,Delivered,Same Day
O001516,C01806,2025-07-05,UPI,Delivered,Standard
O001517,C06213,2025-11-23,Credit Card,Delivered,Standard
O001518,C01730,2025-06-27,UPI,Delivered,Standard
O001519,C05615,2024-09-10,Credit Card,Delivered,Standard
O001520,C07522,2025-03-16,Debit Card,Delivered,Express
O001521,C01081,2025-02-21,Credit Card,Delivered,Standard
O001522,C06817,2024-04-09,UPI,Returned,Same Day
O001523,C05521,2025-08-07,Credit Card,Delivered,Standard
O001524,C04701,2025-07-27,UPI,Delivered,Standard
O001525,C01923,2025-09-04,COD,Delivered,Standard
O001526,C04101,2025-05-07,Credit Card,Delivered,Standard
O001527,C00998,2024-12-18,Debit Card,Returned,Standard
O001528,C03709,2024-12-25,Debit Card,Delivered,Standard
O001529,C04397,2024-08-01,Credit Card,Delivered,Standard
O001530,C03653,2024-02-02,UPI,Delivered,Standard
O001531,C05882,2025-09-14,Wallet,Delivered,Standard
O001532,C07910,2024-12-03,Credit Card,Delivered,Standard
O001533,C06444,2025-11-03,UPI,Delivered,Express
O001534,C05375,2024-01-19,Credit Card,Cancelled,Standard
O001535,C07208,2024-08-27,UPI,Delivered,Express
O001536,C04795,2025-06-03,UPI,Delivered,Standard
O001537,C03203,2025-03-31,Debit Card,Cancelled,Express
O001538,C07030,2025-04-10,Net Banking,Cancelled,Standard
O001539,C06225,2025-12-13,UPI,Delivered,Express
O001540,C03309,2024-08-12,UPI,Delivered,Standard
O001541,C07641,2024-11-22,UPI,Delivered,Express
O001542,C02448,2024-03-26,Credit Card,Delivered,Express
O001543,C05936,2024-07-10,COD,Returned,Express
O001544,C04949,2024-01-09,Net Banking,Delivered,Standard
O001545,C01799,2024-02-02,Net Banking,Delivered,Express
O001546,C02343,2025-09-11,Debit Card,Delivered,Standard
O001547,C03022,2025-12-21,UPI,Delivered,Express
O001548,C02891,2024-01-29,UPI,Delivered,Standard
O001549,C05021,2024-10-29,UPI,Delivered,Standard
O001550,C02174,2024-02-12,Debit Card,Returned,Standard
O001551,C00277,2024-05-08,Debit Card,Delivered,Standard
O001552,C03380,2024-01-09,Credit Card,Delivered,Express
O001553,C05693,2024-09-05,Credit Card,Delivered,Express
O001554,C03433,2025-12-04,UPI,Delivered,Express
O001555,C04838,2024-09-25,Credit Card,Delivered,Same Day
O001556,C02886,2024-05-31,Credit Card,Delivered,Express
O001557,C00317,2025-11-22,UPI,Delivered,Express
O001558,C03504,2025-12-09,Credit Card,Delivered,Standard
O001559,C07561,2024-12-08,Credit Card,Delivered,Standard
O001560,C00440,2025-04-01,Credit Card,Delivered,Express
O001561,C04177,2025-02-27,Credit Card,Delivered,Standard
O001562,C01154,2024-11-06,Credit Card,Delivered,Express
O001563,C07411,2024-07-11,Credit Card,Delivered,Same Day
O001564,C05443,2024-02-26,Net Banking,Delivered,Standard
O001565,C06177,2024-02-29,UPI,Delivered,Standard
O001566,C07143,2024-12-01,Debit Card,Delivered,Standard
O001567,C02280,2025-03-09,UPI,Delivered,Express
O001568,C07405,2025-06-03,Wallet,Delivered,Express
O001569,C03287,2024-06-09,COD,Delivered,Standard
O001570,C01347,2025-04-03,UPI,Delivered,Standard
O001571,C04153,2024-06-23,UPI,Delivered,Standard
O001572,C05191,2024-04-03,COD,Delivered,Standard
O001573,C00998,2024-03-03,UPI,Delivered,Standard
O001574,C04727,2024-10-10,Credit Card,Delivered,Standard
O001575,C01957,2024-12-13,Debit Card,Delivered,Standard
O001576,C03279,2025-12-11,UPI,Delivered,Express
O001577,C01683,2025-12-05,UPI,Delivered,Standard
O001578,C05110,2024-03-17,UPI,Delivered,Standard
O001579,C06714,2024-12-18,Debit Card,Delivered,Standard
O001580,C04997,2025-04-17,Credit Card,Delivered,Express
O001581,C04596,2024-05-07,COD,Delivered,Express
O001582,C07199,2024-06-05,Credit Card,Delivered,Express
O001583,C05710,2025-10-28,UPI,Delivered,Express
O001584,C06037,2024-03-21,UPI,Delivered,Standard
O001585,C05057,2024-11-20,UPI,Delivered,Standard
O001586,C02002,2024-10-13,Net Banking,Delivered,Standard
O001587,C05242,2025-03-21,UPI,Delivered,Standard
O001588,C03988,2025-08-14,Wallet,Delivered,Same Day
O001589,C01781,2024-10-19,Credit Card,Delivered,Standard
O001590,C06012,2024-02-29,UPI,Delivered,Express
O001591,C04789,2025-10-22,UPI,Delivered,Standard
O001592,C03341,2025-10-17,Debit Card,Delivered,Standard
O001593,C00381,2024-04-02,Debit Card,Delivered,Standard
O001594,C05721,2025-12-05,Wallet,Delivered,Same Day
O001595,C01885,2025-02-28,Credit Card,Delivered,Express
O001596,C03950,2024-07-18,Debit Card,Delivered,Same Day
O001597,C07402,2025-06-07,Debit Card,Delivered,Standard
O001598,C03016,2024-06-10,UPI,Delivered,Standard
O001599,C01884,2025-10-18,Debit Card,Delivered,Standard
O001600,C02559,2024-05-09,Debit Card,Delivered,Standard
O001601,C03213,2025-04-19,COD,Delivered,Express
O001602,C06444,2025-09-25,COD,Returned,Standard
O001603,C01493,2025-07-08,Debit Card,Delivered,Standard
O001604,C05582,2025-09-26,UPI,Delivered,Express
O001605,C02788,2025-10-10,UPI,Delivered,Standard
O001606,C01759,2024-07-06,Net Banking,Delivered,Standard
O001607,C03395,2025-11-02,Net Banking,Delivered,Same Day
O001608,C00365,2024-11-28,Net Banking,Delivered,Express
O001609,C06714,2024-10-13,Debit Card,Cancelled,Standard
O001610,C06255,2024-11-09,UPI,Delivered,Standard
O001611,C01727,2025-02-18,Credit Card,Delivered,Standard
O001612,C00885,2025-05-13,Credit Card,Delivered,Express
O001613,C04120,2024-11-17,UPI,Delivered,Standard
O001614,C07996,2024-07-02,UPI,Delivered,Express
O001615,C03256,2025-09-15,Credit Card,Delivered,Same Day
O001616,C03668,2025-10-12,UPI,Delivered,Standard
O001617,C05044,2025-04-29,Wallet,Delivered,Standard
O001618,C06227,2025-11-13,Debit Card,Delivered,Standard
O001619,C07506,2025-05-29,UPI,Delivered,Express
O001620,C00848,2025-10-09,Wallet,Delivered,Standard
O001621,C05903,2024-08-04,UPI,Delivered,Express
O001622,C02890,2024-09-26,UPI,Delivered,Standard
O001623,C01789,2024-12-28,Net Banking,Delivered,Standard
O001624,C00250,2025-01-21,Debit Card,Delivered,Standard
O001625,C07065,2025-02-22,Net Banking,Delivered,Express
O001626,C03481,2024-12-10,Debit Card,Returned,Express
O001627,C06434,2025-06-25,UPI,Delivered,Standard
O001628,C00738,2024-09-05,UPI,Returned,Standard
O001629,C07075,2024-07-08,COD,Delivered,Standard
O001630,C05385,2024-11-27,UPI,Delivered,Standard
O001631,C02846,2025-12-29,Debit Card,Delivered,Standard
O001632,C04370,2025-08-24,UPI,Delivered,Standard
O001633,C07043,2025-03-21,Credit Card,Delivered,Standard
O001634,C04167,2024-04-23,UPI,Delivered,Standard
O001635,C00984,2024-10-16,Credit Card,Delivered,Standard
O001636,C03433,2025-04-27,UPI,Delivered,Standard
O001637,C00353,2024-02-24,UPI,Delivered,Same Day
O001638,C04311,2024-12-16,Credit Card,Returned,Same Day
O001639,C04613,2024-02-05,Net Banking,Delivered,Standard
O001640,C03514,2024-01-16,Debit Card,Cancelled,Same Day
O001641,C07642,2024-09-30,UPI,Delivered,Standard
O001642,C00357,2024-11-02,Net Banking,Delivered,Standard
O001643,C03435,2025-01-15,UPI,Delivered,Express
O001644,C04999,2025-09-17,UPI,Delivered,Standard
O001645,C04890,2025-12-20,UPI,Delivered,Standard
O001646,C07300,2025-08-11,UPI,Delivered,Standard
O001647,C05090,2025-04-30,UPI,Delivered,Standard
O001648,C03851,2024-06-28,Debit Card,Delivered,Express
O001649,C05233,2025-12-17,UPI,Delivered,Standard
O001650,C00608,2024-02-11,Wallet,Delivered,Standard
O001651,C07047,2025-01-06,COD,Delivered,Express
O001652,C02195,2025-03-26,UPI,Delivered,Standard
O001653,C03228,2025-02-26,Credit Card,Delivered,Standard
O001654,C03554,2025-05-26,COD,Delivered,Standard
O001655,C06378,2025-11-23,UPI,Delivered,Standard
O001656,C07146,2025-10-29,UPI,Delivered,Same Day
O001657,C03843,2025-12-28,COD,Delivered,Standard
O001658,C05879,2025-04-20,COD,Delivered,Standard
O001659,C05035,2024-09-06,UPI,Delivered,Standard
O001660,C05649,2025-11-12,UPI,Delivered,Standard
O001661,C02182,2024-08-25,Credit Card,Delivered,Standard
O001662,C03562,2025-08-04,Debit Card,Returned,Same Day
O001663,C03263,2025-02-25,COD,Delivered,Standard
O001664,C03634,2025-03-27,UPI,Delivered,Express
O001665,C05224,2025-06-05,UPI,Cancelled,Standard
O001666,C02947,2024-12-01,Debit Card,Delivered,Standard
O001667,C00043,2024-07-31,UPI,Delivered,Standard
O001668,C00563,2025-03-25,UPI,Cancelled,Express
O001669,C06509,2025-03-14,Credit Card,Delivered,Standard
O001670,C06005,2025-09-19,COD,Delivered,Standard
O001671,C01631,2025-01-15,UPI,Delivered,Standard
O001672,C00455,2024-03-07,UPI,Delivered,Express
O001673,C07533,2025-08-14,Credit Card,Delivered,Standard
O001674,C05148,2024-01-10,UPI,Delivered,Standard
O001675,C00594,2024-09-20,Wallet,Delivered,Standard
O001676,C01979,2024-08-03,COD,Delivered,Standard
O001677,C01732,2025-07-17,UPI,Delivered,Standard
O001678,C06502,2025-04-16,Debit Card,Cancelled,Standard
O001679,C00982,2024-09-08,COD,Delivered,Express
O001680,C03169,2025-09-24,COD,Delivered,Express
O001681,C03554,2025-01-11,Net Banking,Delivered,Standard
O001682,C07093,2025-09-16,Net Banking,Delivered,Standard
O001683,C07349,2024-07-09,Credit Card,Delivered,Standard
O001684,C03416,2024-12-18,Net Banking,Delivered,Standard
O001685,C05864,2024-02-21,UPI,Delivered,Standard
O001686,C04255,2024-11-10,COD,Delivered,Express
O001687,C06954,2025-06-13,UPI,Delivered,Standard
O001688,C06429,2024-07-14,Credit Card,Delivered,Standard
O001689,C02413,2025-01-12,UPI,Delivered,Standard
O001690,C04222,2024-07-06,Credit Card,Delivered,Standard
O001691,C06181,2024-05-12,COD,Delivered,Standard
O001692,C06687,2024-04-11,Debit Card,Delivered,Express
O001693,C01177,2025-02-21,UPI,Delivered,Standard
O001694,C04591,2025-01-28,UPI,Delivered,Standard
O001695,C06351,2025-12-25,Net Banking,Delivered,Standard
O001696,C03944,2025-08-22,Debit Card,Delivered,Express
O001697,C04445,2025-01-27,UPI,Delivered,Standard
O001698,C00432,2024-08-02,Net Banking,Delivered,Standard
O001699,C05236,2025-07-31,COD,Delivered,Standard
O001700,C07888,2025-01-16,Wallet,Delivered,Standard
O001701,C02247,2024-07-21,COD,Delivered,Standard
O001702,C05463,2024-07-25,COD,Returned,Standard
O001703,C05486,2025-09-06,COD,Delivered,Express
O001704,C04713,2024-11-20,Debit Card,Delivered,Same Day
O001705,C01947,2025-09-12,Debit Card,Delivered,Standard
O001706,C07750,2025-09-17,COD,Delivered,Standard
O001707,C02775,2024-02-18,Debit Card,Cancelled,Standard
O001708,C07944,2024-04-22,UPI,Delivered,Express
O001709,C07605,2025-10-29,UPI,Cancelled,Express
O001710,C07099,2025-04-26,Credit Card,Cancelled,Standard
O001711,C06616,2025-01-22,Debit Card,Delivered,Standard
O001712,C00504,2025-09-15,Debit Card,Delivered,Standard
O001713,C01010,2024-07-07,Credit Card,Delivered,Standard
O001714,C07721,2025-06-11,Credit Card,Delivered,Standard
O001715,C02408,2025-01-13,Credit Card,Delivered,Standard
O001716,C05178,2025-10-28,Net Banking,Delivered,Standard
O001717,C01330,2024-10-20,UPI,Delivered,Standard
O001718,C04888,2025-12-14,Credit Card,Delivered,Standard
O001719,C05785,2025-12-21,Credit Card,Delivered,Same Day
O001720,C02846,2024-08-09,Debit Card,Delivered,Standard
O001721,C02357,2024-09-21,UPI,Cancelled,Standard
O001722,C00820,2024-03-23,Wallet,Returned,Standard
O001723,C06853,2025-06-29,Debit Card,Delivered,Express
O001724,C07119,2025-06-26,Credit Card,Delivered,Same Day
O001725,C05661,2024-08-14,UPI,Delivered,Express
O001726,C04794,2024-02-01,UPI,Delivered,Standard
O001727,C04300,2024-12-01,Debit Card,Returned,Express
O001728,C06606,2024-12-01,Credit Card,Delivered,Standard
O001729,C00523,2024-10-21,Credit Card,Delivered,Standard
O001730,C00419,2025-12-20,UPI,Delivered,Standard
O001731,C07609,2024-12-24,UPI,Delivered,Standard
O001732,C00204,2025-10-21,Debit Card,Delivered,Standard
O001733,C05021,2025-05-23,UPI,Delivered,Standard
O001734,C06097,2025-02-20,Debit Card,Delivered,Express
O001735,C02434,2025-04-29,UPI,Delivered,Standard
O001736,C04852,2024-02-15,UPI,Delivered,Standard
O001737,C05694,2024-09-30,UPI,Delivered,Express
O001738,C03526,2025-10-10,UPI,Delivered,Standard
O001739,C01534,2024-06-05,UPI,Delivered,Standard
O001740,C00322,2025-05-17,UPI,Delivered,Standard
O001741,C07346,2024-03-18,Net Banking,Delivered,Express
O001742,C06190,2025-07-02,UPI,Delivered,Standard
O001743,C03194,2024-09-07,Credit Card,Delivered,Express
O001744,C05316,2024-01-13,UPI,Cancelled,Standard
O001745,C00753,2025-06-08,Debit Card,Delivered,Standard
O001746,C05496,2024-01-17,Credit Card,Cancelled,Standard
O001747,C04108,2025-04-21,Net Banking,Delivered,Standard
O001748,C05381,2025-11-20,Debit Card,Delivered,Standard
O001749,C00247,2024-07-03,Debit Card,Delivered,Standard
O001750,C00599,2025-12-21,UPI,Delivered,Standard
O001751,C04861,2024-07-13,Wallet,Delivered,Express
O001752,C05456,2024-08-06,Credit Card,Delivered,Standard
O001753,C07167,2025-04-02,Net Banking,Delivered,Standard
O001754,C07289,2024-03-12,Debit Card,Delivered,Standard
O001755,C01641,2025-01-29,Debit Card,Cancelled,Standard
O001756,C03607,2024-08-21,COD,Delivered,Standard
O001757,C04562,2025-11-15,Credit Card,Delivered,Standard
O001758,C04545,2025-08-12,Debit Card,Cancelled,Standard
O001759,C03470,2024-09-07,Debit Card,Delivered,Same Day
O001760,C06213,2024-10-01,UPI,Delivered,Standard
O001761,C02122,2025-10-29,Credit Card,Returned,Standard
O001762,C06708,2024-11-12,Wallet,Delivered,Express
O001763,C00926,2024-09-13,UPI,Delivered,Express
O001764,C00497,2024-10-15,UPI,Delivered,Same Day
O001765,C05402,2025-08-01,UPI,Delivered,Standard
O001766,C03200,2025-09-02,Wallet,Delivered,Standard
O001767,C02724,2025-01-19,Credit Card,Delivered,Standard
O001768,C07784,2025-02-14,Wallet,Delivered,Standard
O001769,C03757,2024-05-19,UPI,Delivered,Express
O001770,C03773,2024-12-31,UPI,Delivered,Standard
O001771,C07471,2025-04-21,Net Banking,Delivered,Same Day
O001772,C01118,2024-03-18,UPI,Delivered,Express
O001773,C01858,2025-09-06,Credit Card,Delivered,Standard
O001774,C01165,2025-05-15,UPI,Delivered,Standard
O001775,C03844,2025-05-14,Wallet,Delivered,Standard
O001776,C01868,2024-02-13,Credit Card,Delivered,Standard
O001777,C01264,2024-09-03,Credit Card,Delivered,Same Day
O001778,C06029,2025-08-29,Debit Card,Delivered,Standard
O001779,C06235,2024-07-28,UPI,Cancelled,Same Day
O001780,C04184,2024-07-07,Credit Card,Delivered,Standard
O001781,C04560,2025-06-03,Debit Card,Delivered,Standard
O001782,C06840,2024-01-11,COD,Delivered,Standard
O001783,C04192,2024-07-29,Credit Card,Delivered,Standard
O001784,C03817,2024-04-06,Debit Card,Delivered,Standard
O001785,C07041,2024-05-22,Net Banking,Delivered,Standard
O001786,C07056,2025-03-17,Debit Card,Delivered,Standard
O001787,C06985,2025-11-11,UPI,Delivered,Express
O001788,C04788,2025-05-22,Wallet,Delivered,Standard
O001789,C05739,2024-10-08,Net Banking,Delivered,Standard
O001790,C04234,2025-01-19,UPI,Delivered,Standard
O001791,C05428,2025-12-06,Wallet,Delivered,Standard
O001792,C01585,2024-05-30,Credit Card,Delivered,Standard
O001793,C05882,2024-07-21,Debit Card,Delivered,Same Day
O001794,C00194,2025-10-20,Debit Card,Delivered,Standard
O001795,C05945,2025-07-28,Credit Card,Delivered,Express
O001796,C03302,2025-08-21,Credit Card,Delivered,Express
O001797,C05546,2025-04-22,Credit Card,Delivered,Standard
O001798,C07693,2024-12-03,UPI,Delivered,Express
O001799,C04718,2025-10-19,Net Banking,Cancelled,Standard
O001800,C02775,2025-08-25,UPI,Delivered,Standard
O001801,C05979,2025-11-14,UPI,Delivered,Standard
O001802,C01618,2024-12-25,Credit Card,Delivered,Standard
O001803,C00809,2025-03-14,COD,Delivered,Standard
O001804,C06972,2025-03-28,Credit Card,Delivered,Express
O001805,C01626,2025-07-13,UPI,Delivered,Standard
O001806,C07752,2025-08-26,UPI,Delivered,Standard
O001807,C05056,2025-07-11,Wallet,Delivered,Standard
O001808,C06865,2024-04-01,Net Banking,Delivered,Standard
O001809,C03416,2024-12-05,Credit Card,Delivered,Standard
O001810,C05093,2024-07-26,Wallet,Delivered,Express
O001811,C00607,2024-06-03,UPI,Delivered,Standard
O001812,C03634,2025-11-18,UPI,Delivered,Standard
O001813,C00889,2025-05-16,Debit Card,Delivered,Express
O001814,C05912,2024-12-08,COD,Delivered,Standard
O001815,C04129,2025-09-26,Wallet,Delivered,Express
O001816,C02847,2024-12-11,Credit Card,Delivered,Express
O001817,C00999,2025-01-21,COD,Delivered,Standard
O001818,C01679,2024-04-28,Net Banking,Delivered,Standard
O001819,C02268,2025-12-28,COD,Delivered,Express
O001820,C04598,2025-03-25,Debit Card,Delivered,Standard
O001821,C06305,2025-01-01,Net Banking,Delivered,Standard
O001822,C05851,2024-05-16,UPI,Delivered,Standard
O001823,C07400,2025-06-26,UPI,Delivered,Standard
O001824,C00585,2025-03-14,COD,Delivered,Standard
O001825,C06106,2024-09-17,UPI,Delivered,Express
O001826,C05179,2025-04-13,UPI,Delivered,Standard
O001827,C00859,2025-12-24,Debit Card,Delivered,Same Day
O001828,C07910,2025-02-22,UPI,Returned,Express
O001829,C04576,2024-05-09,Net Banking,Delivered,Express
O001830,C03701,2025-04-17,Net Banking,Delivered,Same Day
O001831,C04375,2024-11-09,Debit Card,Delivered,Express
O001832,C01657,2024-05-02,Wallet,Delivered,Standard
O001833,C07995,2024-12-24,Credit Card,Delivered,Standard
O001834,C07694,2025-11-09,Credit Card,Delivered,Same Day
O001835,C04597,2025-03-20,UPI,Delivered,Standard
O001836,C04867,2025-08-06,COD,Delivered,Same Day
O001837,C07289,2025-06-19,Credit Card,Delivered,Express
O001838,C01954,2025-06-14,Credit Card,Delivered,Standard
O001839,C05758,2025-12-02,Credit Card,Delivered,Standard
O001840,C04929,2024-12-31,Credit Card,Delivered,Standard
O001841,C04318,2024-03-08,UPI,Delivered,Standard
O001842,C00295,2024-03-24,Debit Card,Delivered,Same Day
O001843,C02347,2024-11-18,UPI,Delivered,Standard
O001844,C05602,2024-10-02,Debit Card,Delivered,Standard
O001845,C01774,2025-01-16,UPI,Delivered,Standard
O001846,C03218,2025-01-05,UPI,Delivered,Standard
O001847,C07241,2024-05-19,Credit Card,Delivered,Express
O001848,C07685,2024-01-22,Debit Card,Delivered,Standard
O001849,C07453,2025-06-26,Debit Card,Delivered,Express
O001850,C03279,2025-04-06,Credit Card,Delivered,Express
O001851,C00434,2024-10-30,UPI,Delivered,Standard
O001852,C01217,2025-01-30,Credit Card,Returned,Standard
O001853,C00913,2024-07-14,Credit Card,Delivered,Express
O001854,C06600,2025-06-28,Credit Card,Delivered,Express
O001855,C00912,2024-07-10,Credit Card,Delivered,Standard
O001856,C06092,2025-11-11,Wallet,Delivered,Standard
O001857,C02626,2024-05-20,Debit Card,Delivered,Express
O001858,C06431,2024-08-19,UPI,Delivered,Standard
O001859,C01503,2024-10-28,Credit Card,Delivered,Standard
O001860,C00239,2024-06-04,Debit Card,Cancelled,Standard
O001861,C01338,2025-05-31,UPI,Delivered,Express
O001862,C05282,2025-10-22,UPI,Delivered,Standard
O001863,C00622,2024-11-17,Debit Card,Delivered,Standard
O001864,C00563,2025-12-26,Credit Card,Delivered,Standard
O001865,C03990,2024-11-14,Credit Card,Delivered,Standard
O001866,C05362,2025-03-10,Wallet,Delivered,Standard
O001867,C07407,2025-12-23,Debit Card,Delivered,Express
O001868,C00931,2024-04-24,UPI,Delivered,Standard
O001869,C00940,2024-12-09,Credit Card,Delivered,Express
O001870,C03474,2025-04-29,UPI,Cancelled,Standard
O001871,C01947,2024-05-17,UPI,Delivered,Standard
O001872,C03813,2025-03-27,Credit Card,Cancelled,Standard
O001873,C07384,2025-04-24,Debit Card,Delivered,Same Day
O001874,C07636,2024-01-20,Wallet,Delivered,Express
O001875,C00321,2025-09-19,Debit Card,Delivered,Same Day
O001876,C01210,2025-12-30,Credit Card,Delivered,Standard
O001877,C01147,2024-11-12,Credit Card,Delivered,Standard
O001878,C04204,2024-05-25,Credit Card,Delivered,Standard
O001879,C06451,2024-04-20,UPI,Cancelled,Same Day
O001880,C02799,2025-05-12,Net Banking,Delivered,Standard
O001881,C05069,2025-11-18,Debit Card,Delivered,Express
O001882,C00625,2024-04-02,UPI,Delivered,Standard
O001883,C05292,2024-03-22,COD,Delivered,Standard
O001884,C01901,2024-11-09,Credit Card,Delivered,Standard
O001885,C06115,2025-08-31,Credit Card,Delivered,Standard
O001886,C05284,2025-05-17,Credit Card,Delivered,Standard
O001887,C00069,2024-08-27,Debit Card,Delivered,Standard
O001888,C05729,2024-09-27,UPI,Delivered,Express
O001889,C00614,2025-07-18,Credit Card,Delivered,Express
O001890,C04823,2024-09-08,Credit Card,Delivered,Standard
O001891,C00179,2025-06-06,Net Banking,Delivered,Standard
O001892,C01631,2025-10-21,Wallet,Delivered,Standard
O001893,C07924,2025-02-25,UPI,Delivered,Standard
O001894,C06573,2024-07-20,UPI,Delivered,Standard
O001895,C07861,2024-06-10,Wallet,Delivered,Express
O001896,C02442,2025-10-06,UPI,Cancelled,Express
O001897,C07177,2024-06-14,UPI,Delivered,Standard
O001898,C06442,2025-03-21,UPI,Delivered,Standard
O001899,C03555,2024-06-10,Net Banking,Delivered,Standard
O001900,C05495,2024-05-10,Debit Card,Delivered,Standard
O001901,C03916,2025-05-09,UPI,Delivered,Standard
O001902,C01474,2025-01-12,Credit Card,Delivered,Standard
O001903,C04334,2024-02-08,Credit Card,Delivered,Standard
O001904,C04385,2024-03-03,Credit Card,Delivered,Standard
O001905,C05711,2024-01-11,UPI,Delivered,Standard
O001906,C05095,2024-08-11,Debit Card,Returned,Express
O001907,C06087,2024-02-16,Credit Card,Delivered,Standard
O001908,C06714,2025-01-09,UPI,Delivered,Standard
O001909,C00751,2024-11-10,Debit Card,Delivered,Express
O001910,C07048,2024-12-23,COD,Delivered,Standard
O001911,C01882,2024-07-05,Credit Card,Delivered,Standard
O001912,C01159,2025-04-05,UPI,Delivered,Standard
O001913,C05235,2024-05-30,COD,Delivered,Standard
O001914,C02875,2024-06-07,Net Banking,Cancelled,Same Day
O001915,C00252,2025-09-03,UPI,Delivered,Express
O001916,C01675,2025-12-04,UPI,Delivered,Standard
O001917,C00853,2024-03-28,UPI,Delivered,Standard
O001918,C05220,2024-04-02,Wallet,Returned,Standard
O001919,C06097,2024-12-05,UPI,Delivered,Standard
O001920,C00441,2024-05-01,Credit Card,Delivered,Standard
O001921,C00262,2025-06-05,Credit Card,Delivered,Same Day
O001922,C05816,2024-09-04,Credit Card,Delivered,Standard
O001923,C00135,2024-08-26,Credit Card,Delivered,Standard
O001924,C00917,2025-06-30,COD,Delivered,Standard
O001925,C07541,2024-10-18,Credit Card,Delivered,Standard
O001926,C07201,2025-07-28,UPI,Delivered,Standard
O001927,C00252,2025-12-11,Net Banking,Delivered,Standard
O001928,C00791,2024-08-03,UPI,Delivered,Standard
O001929,C07161,2025-06-21,Debit Card,Delivered,Standard
O001930,C00217,2024-06-07,Wallet,Delivered,Standard
O001931,C06560,2024-09-18,Wallet,Delivered,Standard
O001932,C07116,2025-04-20,COD,Delivered,Express
O001933,C02507,2024-11-10,Credit Card,Delivered,Standard
O001934,C03169,2024-11-08,UPI,Delivered,Express
O001935,C04939,2025-05-06,Credit Card,Delivered,Standard
O001936,C03258,2025-02-28,Debit Card,Delivered,Standard
O001937,C03893,2024-07-06,UPI,Delivered,Express
O001938,C07354,2024-06-09,Wallet,Delivered,Same Day
O001939,C03673,2025-01-29,Debit Card,Delivered,Standard
O001940,C04449,2024-09-25,Debit Card,Delivered,Standard
O001941,C04388,2025-09-08,UPI,Delivered,Express
O001942,C00001,2024-06-02,COD,Delivered,Express
O001943,C04081,2024-03-21,UPI,Delivered,Express
O001944,C06372,2024-06-23,Credit Card,Delivered,Standard
O001945,C02447,2024-10-16,Credit Card,Delivered,Standard
O001946,C07712,2024-05-04,Credit Card,Delivered,Same Day
O001947,C01629,2024-10-19,UPI,Delivered,Standard
O001948,C06364,2024-08-02,Debit Card,Delivered,Standard
O001949,C02270,2024-04-02,COD,Delivered,Standard
O001950,C06314,2025-08-24,UPI,Delivered,Standard
O001951,C00869,2025-05-29,Wallet,Delivered,Standard
O001952,C04226,2025-06-04,Debit Card,Delivered,Standard
O001953,C01631,2024-09-30,UPI,Delivered,Express
O001954,C02674,2025-02-26,Debit Card,Delivered,Express
O001955,C05192,2024-04-25,Credit Card,Delivered,Standard
O001956,C04288,2024-05-15,Debit Card,Delivered,Express
O001957,C03262,2025-02-07,UPI,Delivered,Standard
O001958,C06815,2024-08-26,Debit Card,Delivered,Express
O001959,C03208,2025-07-25,UPI,Delivered,Express
O001960,C01698,2024-07-04,Credit Card,Delivered,Express
O001961,C04336,2025-12-05,UPI,Delivered,Standard
O001962,C00402,2025-08-10,Debit Card,Delivered,Same Day
O001963,C06906,2024-07-17,UPI,Delivered,Standard
O001964,C04445,2025-08-15,Credit Card,Returned,Standard
O001965,C03554,2024-12-28,UPI,Delivered,Standard
O001966,C06233,2025-09-20,UPI,Delivered,Standard
O001967,C02287,2024-06-03,UPI,Delivered,Standard
O001968,C03468,2025-09-26,Wallet,Delivered,Express
O001969,C06468,2025-06-16,Credit Card,Delivered,Standard
O001970,C06756,2025-01-17,Debit Card,Delivered,Same Day
O001971,C07448,2025-04-09,UPI,Cancelled,Same Day
O001972,C01570,2024-02-03,UPI,Cancelled,Standard
O001973,C03949,2025-03-16,COD,Delivered,Standard
O001974,C00814,2024-05-11,UPI,Delivered,Standard
O001975,C00338,2025-09-29,Debit Card,Delivered,Express
O001976,C03508,2024-12-07,Net Banking,Delivered,Standard
O001977,C07010,2024-10-18,UPI,Delivered,Express
O001978,C03706,2024-06-12,UPI,Delivered,Standard
O001979,C06549,2024-02-11,Wallet,Delivered,Express
O001980,C07575,2024-02-04,UPI,Delivered,Standard
O001981,C00732,2025-02-25,UPI,Delivered,Standard
O001982,C04359,2024-07-14,UPI,Delivered,Standard
O001983,C01830,2024-04-04,Debit Card,Delivered,Standard
O001984,C00033,2024-05-24,Wallet,Delivered,Same Day
O001985,C05391,2024-10-07,UPI,Delivered,Express
O001986,C00076,2024-01-06,UPI,Delivered,Standard
O001987,C01855,2024-12-07,Debit Card,Delivered,Standard
O001988,C02389,2024-09-13,Credit Card,Delivered,Standard
O001989,C01220,2024-05-28,Credit Card,Delivered,Standard
O001990,C05737,2025-11-19,UPI,Delivered,Standard
O001991,C06503,2024-02-14,COD,Delivered,Standard
O001992,C06713,2024-07-02,Debit Card,Delivered,Standard
O001993,C07258,2024-02-11,Wallet,Delivered,Express
O001994,C05070,2025-07-11,Debit Card,Delivered,Standard
O001995,C00902,2025-06-09,COD,Delivered,Standard
O001996,C07509,2025-05-28,Credit Card,Cancelled,Standard
O001997,C04928,2024-11-26,Credit Card,Delivered,Standard
O001998,C02484,2024-02-01,Credit Card,Delivered,Standard
O001999,C05208,2024-05-21,UPI,Delivered,Standard
O002000,C04377,2024-05-17,UPI,Delivered,Standard
O002001,C06196,2025-12-09,UPI,Delivered,Standard
O002002,C05166,2025-03-29,Debit Card,Delivered,Express
O002003,C05546,2024-03-01,Wallet,Delivered,Standard
O002004,C03794,2025-04-12,UPI,Delivered,Standard
O002005,C05487,2025-02-13,Credit Card,Cancelled,Standard
O002006,C07493,2025-02-26,UPI,Delivered,Standard
O002007,C04454,2025-09-04,Wallet,Delivered,Express
O002008,C02457,2025-03-11,UPI,Delivered,Standard
O002009,C07112,2025-06-28,Credit Card,Returned,Same Day
O002010,C06101,2024-08-06,Wallet,Cancelled,Standard
O002011,C06389,2025-01-08,UPI,Delivered,Express
O002012,C06235,2025-05-08,UPI,Delivered,Standard
O002013,C05883,2024-03-12,Credit Card,Delivered,Standard
O002014,C04000,2024-01-24,Credit Card,Delivered,Standard
O002015,C02422,2025-09-19,Wallet,Delivered,Standard
O002016,C02397,2025-03-30,UPI,Delivered,Standard
O002017,C06402,2024-02-18,UPI,Delivered,Express
O002018,C01540,2025-11-09,Credit Card,Delivered,Express
O002019,C00281,2024-04-13,UPI,Delivered,Standard
O002020,C06737,2025-09-25,Debit Card,Delivered,Standard
O002021,C05743,2024-11-14,UPI,Delivered,Express
O002022,C05568,2024-09-11,Debit Card,Delivered,Standard
O002023,C01710,2025-02-27,Wallet,Delivered,Express
O002024,C01644,2024-04-16,Credit Card,Delivered,Standard
O002025,C01982,2025-06-04,Debit Card,Delivered,Express
O002026,C03458,2024-04-07,Wallet,Cancelled,Standard
O002027,C02573,2025-10-31,Debit Card,Cancelled,Standard
O002028,C00261,2024-03-07,Credit Card,Delivered,Standard
O002029,C05337,2025-12-10,UPI,Delivered,Express
O002030,C01426,2024-07-02,Debit Card,Delivered,Same Day
O002031,C01208,2025-04-29,UPI,Delivered,Express
O002032,C03769,2024-04-25,UPI,Delivered,Standard
O002033,C01599,2025-05-06,UPI,Delivered,Express
O002034,C06620,2025-08-04,Net Banking,Delivered,Standard
O002035,C06087,2024-01-29,Debit Card,Delivered,Same Day
O002036,C05497,2025-12-30,Credit Card,Delivered,Same Day
O002037,C00871,2024-06-20,Wallet,Delivered,Express
O002038,C05829,2025-06-17,Credit Card,Delivered,Standard
O002039,C04684,2024-12-15,Credit Card,Delivered,Express
O002040,C00344,2024-10-15,UPI,Delivered,Standard
O002041,C04192,2025-05-10,Credit Card,Delivered,Standard
O002042,C04470,2025-02-25,UPI,Delivered,Express
O002043,C02535,2025-03-09,Credit Card,Delivered,Standard
O002044,C07593,2024-10-24,Credit Card,Delivered,Standard
O002045,C01727,2025-01-03,Debit Card,Delivered,Express
O002046,C05277,2024-04-21,Credit Card,Cancelled,Standard
O002047,C02335,2024-06-21,COD,Delivered,Standard
O002048,C00055,2024-09-22,Debit Card,Delivered,Express
O002049,C03596,2024-07-31,Credit Card,Delivered,Standard
O002050,C05390,2025-02-10,UPI,Delivered,Standard
O002051,C06237,2024-10-04,Credit Card,Delivered,Standard
O002052,C02470,2024-11-03,Credit Card,Delivered,Standard
O002053,C06389,2024-10-10,Debit Card,Delivered,Standard
O002054,C01229,2025-04-25,Credit Card,Delivered,Standard
O002055,C02783,2024-08-16,Debit Card,Delivered,Standard
O002056,C07866,2024-11-12,UPI,Delivered,Standard
O002057,C03685,2025-07-23,UPI,Delivered,Standard
O002058,C00193,2025-04-07,Credit Card,Delivered,Standard
O002059,C02986,2025-11-08,Credit Card,Delivered,Same Day
O002060,C05370,2025-07-01,UPI,Delivered,Express
O002061,C03921,2025-03-12,Credit Card,Delivered,Express
O002062,C07383,2025-06-19,UPI,Delivered,Standard
O002063,C02651,2024-10-25,UPI,Delivered,Express
O002064,C00355,2024-10-09,Credit Card,Delivered,Standard
O002065,C07196,2025-02-26,UPI,Delivered,Standard
O002066,C03835,2024-06-12,Debit Card,Delivered,Express
O002067,C01858,2025-08-18,UPI,Cancelled,Express
O002068,C04312,2025-02-28,UPI,Delivered,Express
O002069,C04509,2025-12-15,Credit Card,Delivered,Standard
O002070,C02164,2025-04-28,Net Banking,Delivered,Standard
O002071,C02650,2024-01-15,Credit Card,Delivered,Standard
O002072,C01008,2024-12-30,Credit Card,Delivered,Standard
O002073,C03490,2025-08-29,Debit Card,Delivered,Standard
O002074,C06269,2024-11-02,UPI,Returned,Standard
O002075,C06597,2025-11-13,Credit Card,Delivered,Express
O002076,C05161,2025-09-26,Debit Card,Delivered,Standard
O002077,C05681,2024-11-10,Credit Card,Delivered,Standard
O002078,C05511,2024-06-23,Credit Card,Delivered,Standard
O002079,C03430,2024-03-18,UPI,Delivered,Standard
O002080,C07804,2024-08-30,Net Banking,Delivered,Standard
O002081,C01012,2024-02-02,UPI,Delivered,Standard
O002082,C06362,2025-08-11,Debit Card,Delivered,Standard
O002083,C02002,2025-12-06,Credit Card,Delivered,Standard
O002084,C04495,2024-08-30,Net Banking,Delivered,Express
O002085,C03566,2025-01-03,Debit Card,Delivered,Express
O002086,C06441,2024-06-07,Credit Card,Delivered,Same Day
O002087,C01208,2025-05-30,Credit Card,Delivered,Standard
O002088,C02993,2024-09-18,COD,Delivered,Standard
O002089,C06429,2024-11-13,Wallet,Returned,Same Day
O002090,C01702,2025-08-23,Credit Card,Delivered,Standard
O002091,C02713,2025-10-19,Wallet,Delivered,Standard
O002092,C06834,2024-03-21,UPI,Delivered,Standard
O002093,C04817,2024-09-25,UPI,Returned,Same Day
O002094,C00023,2024-03-26,UPI,Delivered,Standard
O002095,C03012,2025-05-01,UPI,Delivered,Express
O002096,C04527,2025-04-15,Debit Card,Delivered,Express
O002097,C07347,2025-09-27,Debit Card,Delivered,Express
O002098,C05375,2024-05-27,UPI,Delivered,Standard
O002099,C01487,2024-01-30,Debit Card,Delivered,Standard
O002100,C01166,2025-11-09,Wallet,Delivered,Express
O002101,C02042,2024-05-01,Net Banking,Delivered,Standard
O002102,C05687,2025-11-23,Net Banking,Returned,Express
O002103,C07172,2025-07-05,Wallet,Delivered,Standard
O002104,C02534,2024-04-07,Credit Card,Delivered,Standard
O002105,C02771,2024-08-19,Credit Card,Delivered,Standard
O002106,C04343,2025-08-28,Debit Card,Delivered,Standard
O002107,C07188,2024-10-04,UPI,Delivered,Standard
O002108,C07883,2025-06-13,Debit Card,Delivered,Standard
O002109,C07595,2025-11-16,Credit Card,Delivered,Standard
O002110,C02707,2025-02-06,Credit Card,Delivered,Standard
O002111,C05634,2025-10-11,Debit Card,Delivered,Standard
O002112,C06415,2025-02-06,Credit Card,Delivered,Express
O002113,C05253,2025-06-12,Credit Card,Delivered,Standard
O002114,C01333,2024-02-20,COD,Delivered,Standard
O002115,C07589,2024-09-03,UPI,Delivered,Standard
O002116,C06495,2024-01-21,UPI,Cancelled,Same Day
O002117,C03842,2025-03-01,Credit Card,Delivered,Standard
O002118,C01472,2024-11-26,UPI,Delivered,Same Day
O002119,C03527,2025-10-24,COD,Delivered,Express
O002120,C00840,2024-10-04,Credit Card,Delivered,Standard
O002121,C01578,2025-03-20,UPI,Delivered,Standard
O002122,C07562,2024-12-25,Credit Card,Cancelled,Standard
O002123,C04374,2024-01-02,Credit Card,Delivered,Standard
O002124,C02082,2024-02-16,COD,Delivered,Express
O002125,C00825,2025-07-11,Credit Card,Delivered,Standard
O002126,C00170,2024-02-18,Debit Card,Delivered,Standard
O002127,C01685,2024-06-09,Debit Card,Delivered,Standard
O002128,C00440,2025-05-02,UPI,Delivered,Express
O002129,C00941,2025-03-28,Credit Card,Delivered,Standard
O002130,C02931,2025-01-20,Wallet,Delivered,Standard
O002131,C07843,2024-05-19,UPI,Delivered,Express
O002132,C03817,2025-08-23,COD,Returned,Express
O002133,C00887,2024-03-31,Debit Card,Delivered,Standard
O002134,C00570,2025-01-31,Wallet,Delivered,Standard
O002135,C02356,2025-06-29,UPI,Delivered,Standard
O002136,C02352,2025-05-10,Credit Card,Delivered,Standard
O002137,C02865,2024-08-23,UPI,Delivered,Standard
O002138,C06887,2024-06-13,COD,Delivered,Standard
O002139,C00807,2025-11-11,UPI,Delivered,Express
O002140,C04965,2025-08-03,Wallet,Delivered,Express
O002141,C06856,2025-06-13,Wallet,Delivered,Standard
O002142,C07073,2025-07-19,Debit Card,Delivered,Express
O002143,C00028,2025-09-16,UPI,Returned,Express
O002144,C00834,2025-10-12,COD,Delivered,Standard
O002145,C07511,2025-11-09,UPI,Delivered,Same Day
O002146,C07353,2025-01-05,Debit Card,Delivered,Standard
O002147,C01814,2025-03-03,Credit Card,Delivered,Standard
O002148,C07325,2024-09-27,Credit Card,Delivered,Express
O002149,C00409,2024-09-09,Net Banking,Delivered,Express
O002150,C01456,2024-09-16,UPI,Delivered,Standard
O002151,C05229,2025-10-16,Credit Card,Delivered,Express
O002152,C06536,2024-09-23,Credit Card,Delivered,Standard
O002153,C03385,2025-03-07,UPI,Delivered,Standard
O002154,C06061,2024-02-07,UPI,Delivered,Standard
O002155,C05409,2025-03-29,UPI,Delivered,Express
O002156,C06386,2024-02-22,UPI,Delivered,Standard
O002157,C05877,2024-12-11,UPI,Delivered,Express
O002158,C01531,2025-01-21,Wallet,Delivered,Standard
O002159,C01642,2025-03-01,Debit Card,Delivered,Standard
O002160,C04713,2024-04-24,Debit Card,Delivered,Standard
O002161,C02470,2025-05-01,Credit Card,Delivered,Standard
O002162,C00452,2025-04-28,UPI,Delivered,Express
O002163,C06235,2024-09-17,Credit Card,Delivered,Standard
O002164,C03269,2025-02-01,UPI,Delivered,Express
O002165,C03542,2025-01-23,Debit Card,Delivered,Standard
O002166,C07740,2024-05-27,Net Banking,Delivered,Express
O002167,C05012,2025-12-20,Debit Card,Delivered,Standard
O002168,C07840,2024-09-01,UPI,Delivered,Express
O002169,C00120,2024-08-15,Wallet,Delivered,Express
O002170,C07404,2024-08-20,UPI,Delivered,Standard
O002171,C02763,2024-10-26,Credit Card,Delivered,Express
O002172,C02188,2025-08-27,COD,Delivered,Standard
O002173,C07061,2024-04-22,UPI,Delivered,Express
O002174,C05783,2025-12-25,Net Banking,Delivered,Express
O002175,C05646,2025-04-18,Credit Card,Delivered,Standard
O002176,C02947,2025-05-16,Credit Card,Delivered,Same Day
O002177,C05976,2025-01-06,Net Banking,Delivered,Express
O002178,C03526,2025-07-22,Debit Card,Delivered,Standard
O002179,C07396,2024-06-29,Credit Card,Delivered,Express
O002180,C05072,2025-06-09,UPI,Delivered,Express
O002181,C03554,2024-06-20,Credit Card,Delivered,Standard
O002182,C04427,2025-11-05,UPI,Delivered,Standard
O002183,C03341,2024-12-16,UPI,Delivered,Standard
O002184,C06616,2024-05-15,UPI,Delivered,Standard
O002185,C04284,2025-11-23,Credit Card,Delivered,Standard
O002186,C07077,2024-09-04,Credit Card,Delivered,Standard
O002187,C07720,2025-03-04,COD,Delivered,Standard
O002188,C06583,2025-09-25,Credit Card,Delivered,Same Day
O002189,C05353,2025-05-17,Credit Card,Delivered,Standard
O002190,C03603,2024-10-25,Credit Card,Delivered,Same Day
O002191,C05116,2025-02-20,Debit Card,Delivered,Express
O002192,C07602,2024-12-19,UPI,Delivered,Standard
O002193,C02428,2024-09-06,UPI,Delivered,Express
O002194,C01716,2024-03-05,Credit Card,Delivered,Standard
O002195,C04345,2024-12-26,UPI,Delivered,Standard
O002196,C03730,2025-12-09,Wallet,Delivered,Standard
O002197,C07693,2025-05-01,COD,Delivered,Standard
O002198,C06849,2025-10-02,Credit Card,Delivered,Standard
O002199,C06256,2025-07-16,UPI,Delivered,Same Day
O002200,C01471,2024-10-23,UPI,Delivered,Express
O002201,C01207,2025-11-29,COD,Delivered,Standard
O002202,C06054,2024-06-04,UPI,Delivered,Standard
O002203,C00996,2025-07-09,Net Banking,Delivered,Standard
O002204,C04288,2024-12-01,UPI,Delivered,Express
O002205,C07158,2025-01-29,Debit Card,Delivered,Standard
O002206,C03049,2025-01-09,Wallet,Delivered,Same Day
O002207,C00744,2025-02-11,Net Banking,Delivered,Express
O002208,C04797,2025-03-22,UPI,Delivered,Standard
O002209,C06391,2025-09-24,UPI,Delivered,Standard
O002210,C00256,2025-01-15,UPI,Cancelled,Express
O002211,C04764,2025-09-16,COD,Delivered,Express
O002212,C07798,2025-04-19,UPI,Delivered,Same Day
O002213,C07056,2024-01-17,UPI,Delivered,Express
O002214,C01175,2024-12-08,UPI,Delivered,Standard
O002215,C00817,2025-09-28,Credit Card,Delivered,Standard
O002216,C01654,2024-06-10,UPI,Delivered,Express
O002217,C00774,2024-11-12,UPI,Delivered,Standard
O002218,C03692,2024-05-26,UPI,Delivered,Standard
O002219,C03339,2024-12-08,Debit Card,Delivered,Express
O002220,C03548,2025-10-20,Net Banking,Cancelled,Standard
O002221,C01489,2024-07-29,Credit Card,Delivered,Standard
O002222,C00128,2024-11-30,Debit Card,Delivered,Standard
O002223,C02083,2025-03-16,UPI,Delivered,Standard
O002224,C03757,2025-04-23,Credit Card,Delivered,Standard
O002225,C04957,2025-09-07,UPI,Delivered,Express
O002226,C05666,2024-04-26,Credit Card,Delivered,Standard
O002227,C06401,2024-08-17,Credit Card,Delivered,Same Day
O002228,C01830,2025-09-03,UPI,Delivered,Standard
O002229,C06283,2025-04-29,Credit Card,Delivered,Express
O002230,C03100,2024-02-24,UPI,Delivered,Standard
O002231,C01833,2024-12-16,Credit Card,Delivered,Standard
O002232,C01828,2025-09-21,Debit Card,Delivered,Standard
O002233,C03533,2024-02-03,UPI,Delivered,Standard
O002234,C05186,2024-06-25,COD,Delivered,Express
O002235,C07469,2024-04-09,Credit Card,Delivered,Standard
O002236,C07706,2025-12-21,Credit Card,Delivered,Express
O002237,C06659,2025-07-02,Debit Card,Delivered,Standard
O002238,C05001,2025-05-17,UPI,Delivered,Standard
O002239,C01803,2024-09-06,Credit Card,Delivered,Standard
O002240,C03862,2025-05-20,UPI,Delivered,Express
O002241,C00468,2025-05-03,Debit Card,Delivered,Standard
O002242,C05180,2025-12-03,COD,Delivered,Standard
O002243,C05113,2025-01-30,Credit Card,Delivered,Standard
O002244,C07869,2024-08-15,Net Banking,Delivered,Standard
O002245,C07160,2024-05-01,Debit Card,Delivered,Express
O002246,C00907,2024-01-25,COD,Delivered,Standard
O002247,C03121,2024-05-06,Debit Card,Delivered,Same Day
O002248,C07285,2024-01-24,UPI,Delivered,Standard
O002249,C04688,2025-01-13,Credit Card,Delivered,Standard
O002250,C06903,2025-01-03,UPI,Delivered,Express
O002251,C05652,2025-12-31,Debit Card,Delivered,Express
O002252,C03169,2024-04-06,Credit Card,Delivered,Standard
O002253,C03111,2024-03-05,Credit Card,Delivered,Standard
O002254,C07691,2025-06-14,COD,Delivered,Express
O002255,C00791,2024-04-21,UPI,Delivered,Standard
O002256,C07045,2025-01-05,COD,Delivered,Standard
O002257,C07107,2024-09-14,Credit Card,Delivered,Standard
O002258,C00778,2024-04-18,Credit Card,Delivered,Express
O002259,C00239,2024-01-09,UPI,Delivered,Standard
O002260,C04836,2025-03-14,Wallet,Delivered,Express
O002261,C04570,2025-05-08,Debit Card,Delivered,Same Day
O002262,C01061,2024-05-02,Credit Card,Delivered,Standard
O002263,C01990,2024-05-31,Wallet,Delivered,Standard
O002264,C00630,2024-11-04,UPI,Delivered,Standard
O002265,C06972,2024-09-08,Credit Card,Delivered,Standard
O002266,C07944,2024-11-24,Credit Card,Delivered,Standard
O002267,C01175,2024-11-28,Credit Card,Delivered,Express
O002268,C04486,2025-03-02,Wallet,Delivered,Express
O002269,C05488,2024-01-08,COD,Returned,Standard
O002270,C04802,2025-12-10,Debit Card,Delivered,Standard
O002271,C04504,2025-08-13,Credit Card,Cancelled,Standard
O002272,C06645,2025-10-03,Debit Card,Delivered,Standard
O002273,C05376,2025-02-03,UPI,Delivered,Standard
O002274,C02528,2024-12-14,UPI,Delivered,Standard
O002275,C00501,2024-11-28,Credit Card,Delivered,Express
O002276,C01833,2025-01-28,Credit Card,Delivered,Standard
O002277,C06344,2025-02-10,UPI,Delivered,Standard
O002278,C02322,2025-05-24,UPI,Delivered,Standard
O002279,C07429,2024-05-14,Debit Card,Delivered,Express
O002280,C05291,2024-02-18,Credit Card,Delivered,Standard
O002281,C05126,2025-12-30,UPI,Delivered,Standard
O002282,C05677,2024-04-25,Credit Card,Returned,Standard
O002283,C03244,2024-01-16,UPI,Delivered,Standard
O002284,C05949,2025-10-14,Debit Card,Delivered,Standard
O002285,C04860,2024-11-20,UPI,Delivered,Standard
O002286,C03561,2024-02-28,Wallet,Delivered,Same Day
O002287,C07985,2024-01-15,COD,Delivered,Standard
O002288,C04186,2025-09-08,Wallet,Delivered,Standard
O002289,C01716,2025-04-28,Credit Card,Delivered,Standard
O002290,C04172,2024-12-02,Net Banking,Delivered,Express
O002291,C02735,2024-11-17,UPI,Delivered,Standard
O002292,C07201,2024-08-04,Net Banking,Delivered,Same Day
O002293,C03039,2025-06-11,UPI,Delivered,Standard
O002294,C06491,2024-08-06,Credit Card,Delivered,Standard
O002295,C04818,2024-08-28,UPI,Delivered,Standard
O002296,C02333,2025-08-22,UPI,Delivered,Standard
O002297,C02459,2025-03-18,UPI,Cancelled,Standard
O002298,C03634,2025-02-27,Net Banking,Delivered,Standard
O002299,C07469,2024-08-25,COD,Delivered,Standard
O002300,C04640,2024-03-08,Debit Card,Delivered,Express
O002301,C07908,2024-09-19,Debit Card,Delivered,Standard
O002302,C05105,2024-11-19,UPI,Delivered,Standard
O002303,C04087,2024-07-14,UPI,Delivered,Standard
O002304,C06799,2024-01-14,COD,Delivered,Express
O002305,C06605,2024-09-21,Debit Card,Delivered,Standard
O002306,C03719,2024-11-09,UPI,Delivered,Standard
O002307,C04238,2025-10-05,Credit Card,Delivered,Express
O002308,C03249,2024-10-09,UPI,Cancelled,Express
O002309,C00153,2025-06-25,Credit Card,Delivered,Standard
O002310,C04375,2025-01-21,Wallet,Delivered,Express
O002311,C04933,2025-01-09,Net Banking,Delivered,Standard
O002312,C05350,2025-06-10,Net Banking,Delivered,Express
O002313,C05263,2025-05-18,Debit Card,Delivered,Express
O002314,C06925,2024-12-16,UPI,Delivered,Express
O002315,C07022,2024-06-27,Debit Card,Delivered,Standard
O002316,C03190,2024-11-14,UPI,Delivered,Standard
O002317,C00137,2025-05-26,UPI,Delivered,Standard
O002318,C00138,2025-01-10,Credit Card,Delivered,Standard
O002319,C00993,2024-07-25,Wallet,Delivered,Standard
O002320,C01344,2025-04-18,COD,Delivered,Standard
O002321,C05439,2025-02-15,UPI,Delivered,Express
O002322,C00969,2024-07-27,Debit Card,Delivered,Express
O002323,C05461,2025-09-02,Credit Card,Delivered,Standard
O002324,C00431,2024-07-24,Wallet,Delivered,Same Day
O002325,C06174,2025-04-19,Debit Card,Delivered,Standard
O002326,C01344,2024-05-16,Credit Card,Delivered,Standard
O002327,C05565,2024-05-01,Credit Card,Delivered,Standard
O002328,C07020,2024-10-11,UPI,Delivered,Express
O002329,C06296,2024-01-30,UPI,Delivered,Express
O002330,C02311,2025-08-08,Credit Card,Cancelled,Standard
O002331,C01182,2025-01-27,COD,Delivered,Express
O002332,C06867,2024-08-26,Debit Card,Delivered,Express
O002333,C03801,2024-12-05,Wallet,Delivered,Standard
O002334,C00958,2025-08-28,Credit Card,Delivered,Standard
O002335,C07764,2025-02-22,Debit Card,Delivered,Standard
O002336,C07785,2024-08-04,COD,Delivered,Same Day
O002337,C03996,2024-07-03,Debit Card,Delivered,Standard
O002338,C05093,2025-06-01,UPI,Returned,Standard
O002339,C02575,2025-09-23,COD,Delivered,Standard
O002340,C04280,2025-02-01,Credit Card,Delivered,Standard
O002341,C04476,2024-09-26,Credit Card,Delivered,Express
O002342,C06921,2024-01-09,Net Banking,Delivered,Express
O002343,C03279,2024-06-10,UPI,Delivered,Standard
O002344,C02600,2025-12-09,Credit Card,Delivered,Standard
O002345,C05760,2025-06-12,UPI,Delivered,Standard
O002346,C01839,2024-11-24,UPI,Delivered,Standard
O002347,C07387,2024-02-25,Credit Card,Delivered,Express
O002348,C01722,2024-11-01,UPI,Returned,Express
O002349,C02484,2025-05-15,Net Banking,Delivered,Standard
O002350,C05072,2024-09-22,UPI,Delivered,Standard
O002351,C07306,2025-11-01,Debit Card,Delivered,Express
O002352,C01397,2024-02-15,Wallet,Delivered,Express
O002353,C06263,2025-05-31,Debit Card,Delivered,Express
O002354,C04256,2025-09-04,Net Banking,Delivered,Standard
O002355,C01800,2024-02-15,Credit Card,Delivered,Express
O002356,C07880,2024-07-07,Debit Card,Delivered,Express
O002357,C04344,2024-06-15,UPI,Delivered,Express
O002358,C03472,2025-04-01,Credit Card,Delivered,Standard
O002359,C03193,2025-05-04,Debit Card,Delivered,Same Day
O002360,C00453,2025-08-25,Credit Card,Delivered,Standard
O002361,C06072,2025-07-30,UPI,Delivered,Express
O002362,C01445,2024-03-04,Credit Card,Delivered,Express
O002363,C01548,2024-09-28,Net Banking,Delivered,Standard
O002364,C06470,2024-11-10,COD,Delivered,Standard
O002365,C02832,2024-08-22,UPI,Cancelled,Standard
O002366,C06948,2025-08-30,Credit Card,Delivered,Standard
O002367,C01772,2024-03-05,Credit Card,Delivered,Standard
O002368,C00951,2025-05-30,UPI,Delivered,Same Day
O002369,C00964,2024-09-20,COD,Delivered,Express
O002370,C00142,2025-04-07,Net Banking,Delivered,Standard
O002371,C04486,2025-11-27,Debit Card,Delivered,Standard
O002372,C05026,2025-09-08,COD,Delivered,Standard
O002373,C00148,2024-07-22,Wallet,Delivered,Standard
O002374,C01797,2025-05-07,Credit Card,Delivered,Standard
O002375,C01283,2024-08-18,Wallet,Delivered,Express
O002376,C05148,2025-08-24,Net Banking,Delivered,Standard
O002377,C07201,2024-04-18,Credit Card,Delivered,Express
O002378,C01752,2024-01-31,Credit Card,Delivered,Express
O002379,C05461,2025-05-04,Debit Card,Delivered,Standard
O002380,C07754,2024-02-29,Credit Card,Delivered,Express
O002381,C02503,2024-07-10,Credit Card,Delivered,Express
O002382,C06363,2025-05-04,Credit Card,Delivered,Standard
O002383,C07644,2025-07-21,Net Banking,Delivered,Express
O002384,C00291,2025-09-16,UPI,Returned,Standard
O002385,C04087,2025-09-24,COD,Delivered,Standard
O002386,C04576,2024-07-18,Credit Card,Delivered,Express
O002387,C03781,2024-07-31,Net Banking,Delivered,Standard
O002388,C03528,2025-05-11,Credit Card,Delivered,Standard
O002389,C06714,2025-11-01,Wallet,Delivered,Express
O002390,C02890,2025-06-27,UPI,Delivered,Standard
O002391,C01166,2025-05-27,Net Banking,Delivered,Standard
O002392,C01820,2025-03-24,Credit Card,Delivered,Standard
O002393,C03774,2025-10-03,UPI,Delivered,Standard
O002394,C00336,2024-04-30,Debit Card,Delivered,Standard
O002395,C07765,2025-06-08,COD,Delivered,Standard
O002396,C05073,2024-02-20,Credit Card,Delivered,Standard
O002397,C00934,2024-08-02,UPI,Delivered,Express
O002398,C05658,2025-10-18,Debit Card,Delivered,Standard
O002399,C03495,2024-06-25,Debit Card,Delivered,Standard
O002400,C06398,2025-07-18,Credit Card,Delivered,Standard
O002401,C05028,2024-12-12,COD,Returned,Standard
O002402,C03133,2024-12-03,Wallet,Delivered,Standard
O002403,C00440,2025-12-31,Wallet,Delivered,Express
O002404,C07579,2025-01-11,COD,Returned,Standard
O002405,C02899,2024-12-15,UPI,Delivered,Express
O002406,C07959,2025-10-14,Credit Card,Delivered,Standard
O002407,C00188,2024-06-23,Debit Card,Delivered,Standard
O002408,C02822,2024-11-21,Debit Card,Cancelled,Standard
O002409,C01584,2025-06-13,UPI,Returned,Express
O002410,C00502,2024-08-28,Credit Card,Delivered,Standard
O002411,C05748,2025-12-10,COD,Delivered,Standard
O002412,C02588,2025-02-23,Wallet,Delivered,Standard
O002413,C01947,2025-04-11,COD,Delivered,Standard
O002414,C00355,2024-09-06,Debit Card,Cancelled,Standard
O002415,C05136,2024-09-21,UPI,Delivered,Express
O002416,C06977,2025-10-02,UPI,Delivered,Standard
O002417,C06470,2024-04-14,Credit Card,Delivered,Express
O002418,C06809,2024-11-08,UPI,Delivered,Same Day
O002419,C01357,2025-05-28,Debit Card,Delivered,Standard
O002420,C02481,2024-06-20,UPI,Delivered,Standard
O002421,C03111,2024-06-22,Debit Card,Delivered,Express
O002422,C07855,2025-05-30,UPI,Delivered,Standard
O002423,C03562,2025-10-27,UPI,Delivered,Standard
O002424,C07879,2025-11-25,UPI,Delivered,Standard
O002425,C06021,2025-05-08,COD,Delivered,Standard
O002426,C05729,2025-02-27,Credit Card,Delivered,Standard
O002427,C01185,2024-09-19,Debit Card,Delivered,Standard
O002428,C00058,2024-03-28,UPI,Delivered,Express
O002429,C05649,2025-09-27,COD,Delivered,Express
O002430,C04909,2024-08-03,Debit Card,Delivered,Standard
O002431,C06010,2025-04-02,COD,Delivered,Same Day
O002432,C00772,2025-12-16,Wallet,Delivered,Standard
O002433,C01075,2025-12-22,COD,Delivered,Express
O002434,C03341,2025-05-19,Net Banking,Delivered,Standard
O002435,C05986,2024-04-11,Credit Card,Delivered,Standard
O002436,C05773,2024-01-13,Debit Card,Returned,Standard
O002437,C04586,2024-04-01,UPI,Delivered,Express
O002438,C03614,2025-07-29,UPI,Delivered,Express
O002439,C07210,2024-01-21,Net Banking,Delivered,Standard
O002440,C02362,2024-09-19,UPI,Delivered,Standard
O002441,C06764,2024-01-10,Debit Card,Delivered,Standard
O002442,C00174,2025-05-07,Credit Card,Delivered,Express
O002443,C02317,2025-08-01,Credit Card,Cancelled,Express
O002444,C00954,2025-06-08,UPI,Delivered,Express
O002445,C01714,2024-07-08,Net Banking,Delivered,Express
O002446,C03938,2025-07-15,Wallet,Delivered,Standard
O002447,C02082,2025-07-30,Net Banking,Delivered,Standard
O002448,C05200,2025-11-27,Net Banking,Delivered,Standard
O002449,C05094,2025-03-17,Credit Card,Delivered,Standard
O002450,C01151,2025-12-29,Credit Card,Delivered,Express
O002451,C01318,2025-04-27,Credit Card,Delivered,Standard
O002452,C02590,2024-04-25,UPI,Delivered,Express
O002453,C01824,2025-10-10,Wallet,Delivered,Express
O002454,C04044,2025-09-05,UPI,Delivered,Standard
O002455,C06326,2024-02-15,Credit Card,Delivered,Standard
O002456,C06235,2025-08-24,Credit Card,Delivered,Standard
O002457,C03287,2025-01-06,Credit Card,Delivered,Express
O002458,C07740,2024-11-15,UPI,Delivered,Express
O002459,C00728,2025-12-12,COD,Delivered,Standard
O002460,C06362,2025-12-12,UPI,Delivered,Express
O002461,C00244,2025-10-06,Debit Card,Delivered,Standard
O002462,C03027,2025-11-09,COD,Delivered,Standard
O002463,C06665,2025-12-07,Debit Card,Cancelled,Express
O002464,C02788,2025-02-08,COD,Delivered,Standard
O002465,C04168,2025-10-29,UPI,Delivered,Standard
O002466,C01552,2024-03-12,COD,Delivered,Standard
O002467,C06157,2025-11-13,Credit Card,Delivered,Standard
O002468,C04777,2025-04-24,UPI,Delivered,Standard
O002469,C03849,2025-01-10,Debit Card,Delivered,Standard
O002470,C04937,2024-05-20,UPI,Delivered,Standard
O002471,C04838,2024-01-06,UPI,Delivered,Express
O002472,C03068,2024-04-25,Net Banking,Delivered,Standard
O002473,C02674,2024-08-18,Credit Card,Delivered,Express
O002474,C01101,2025-01-24,UPI,Delivered,Standard
O002475,C05955,2025-06-15,Credit Card,Delivered,Standard
O002476,C07307,2024-07-14,Credit Card,Delivered,Standard
O002477,C07531,2025-11-25,COD,Delivered,Standard
O002478,C05330,2024-03-22,COD,Delivered,Standard
O002479,C06826,2024-02-10,Debit Card,Delivered,Standard
O002480,C02602,2025-07-16,Net Banking,Delivered,Express
O002481,C05154,2025-06-18,UPI,Delivered,Express
O002482,C04838,2024-03-12,Credit Card,Delivered,Standard
O002483,C02570,2024-04-15,Debit Card,Delivered,Standard
O002484,C03942,2024-05-15,Credit Card,Delivered,Standard
O002485,C01738,2024-08-05,Credit Card,Delivered,Express
O002486,C06084,2024-08-22,COD,Delivered,Standard
O002487,C00479,2024-05-17,UPI,Delivered,Standard
O002488,C05153,2025-06-04,Credit Card,Delivered,Standard
O002489,C06028,2025-08-05,Wallet,Delivered,Express
O002490,C07803,2024-08-27,UPI,Delivered,Express
O002491,C01602,2025-11-19,Credit Card,Delivered,Standard
O002492,C02554,2025-10-30,UPI,Delivered,Standard
O002493,C06776,2025-09-14,UPI,Returned,Standard
O002494,C07798,2025-01-28,COD,Delivered,Express
O002495,C06850,2025-10-31,Net Banking,Delivered,Standard
O002496,C00913,2025-01-17,COD,Delivered,Standard
O002497,C00647,2024-08-29,Wallet,Delivered,Standard
O002498,C06063,2024-03-27,Debit Card,Delivered,Standard
O002499,C02528,2025-02-05,Credit Card,Delivered,Express
O002500,C03284,2025-08-01,Credit Card,Delivered,Standard
O002501,C07856,2024-01-18,UPI,Delivered,Standard
O002502,C04279,2025-07-07,UPI,Delivered,Standard
O002503,C07065,2025-06-08,Debit Card,Delivered,Standard
O002504,C07265,2024-07-15,UPI,Delivered,Express
O002505,C07165,2024-06-18,Credit Card,Delivered,Standard
O002506,C05022,2025-08-29,Debit Card,Delivered,Express
O002507,C07241,2025-03-05,UPI,Delivered,Standard
O002508,C02487,2025-01-02,UPI,Delivered,Standard
O002509,C06446,2025-12-26,UPI,Delivered,Standard
O002510,C04801,2025-05-12,Net Banking,Delivered,Standard
O002511,C03405,2025-03-09,COD,Delivered,Standard
O002512,C03208,2025-07-22,Debit Card,Delivered,Standard
O002513,C00194,2025-12-18,Credit Card,Delivered,Standard
O002514,C00648,2024-03-31,Credit Card,Delivered,Standard
O002515,C03424,2025-09-15,Credit Card,Delivered,Express
O002516,C02233,2024-03-28,Wallet,Delivered,Express
O002517,C07014,2024-03-20,Wallet,Delivered,Standard
O002518,C04237,2025-03-24,UPI,Delivered,Standard
O002519,C01070,2024-06-22,Debit Card,Delivered,Express
O002520,C02693,2025-12-16,UPI,Delivered,Standard
O002521,C00998,2024-10-12,Wallet,Delivered,Same Day
O002522,C06734,2025-09-22,UPI,Cancelled,Express
O002523,C04110,2025-08-05,UPI,Delivered,Standard
O002524,C07151,2025-01-08,Wallet,Delivered,Standard
O002525,C01660,2024-11-25,Net Banking,Delivered,Express
O002526,C00355,2024-12-09,UPI,Delivered,Same Day
O002527,C03661,2024-05-02,UPI,Delivered,Standard
O002528,C07883,2025-02-16,Credit Card,Delivered,Standard
O002529,C02387,2025-11-14,UPI,Delivered,Standard
O002530,C02747,2025-12-14,UPI,Delivered,Standard
O002531,C00617,2024-08-21,Credit Card,Delivered,Express
O002532,C07640,2024-10-11,Debit Card,Delivered,Standard
O002533,C00932,2024-12-11,Net Banking,Delivered,Standard
O002534,C04073,2025-11-11,Debit Card,Delivered,Standard
O002535,C02387,2024-09-10,Wallet,Delivered,Standard
O002536,C02437,2025-04-29,UPI,Delivered,Express
O002537,C05948,2025-06-05,Debit Card,Delivered,Express
O002538,C07547,2025-10-18,Credit Card,Delivered,Standard
O002539,C01727,2024-11-05,Credit Card,Delivered,Express
O002540,C02182,2024-01-17,Credit Card,Returned,Express
O002541,C03732,2025-08-13,UPI,Delivered,Standard
O002542,C07565,2025-09-17,Credit Card,Delivered,Standard
O002543,C04742,2024-02-04,Credit Card,Delivered,Express
O002544,C02630,2025-11-03,Credit Card,Cancelled,Standard
O002545,C02516,2025-05-17,COD,Delivered,Express
O002546,C01412,2025-09-10,Debit Card,Delivered,Standard
O002547,C01967,2025-12-24,Credit Card,Delivered,Standard
O002548,C03978,2024-08-10,Credit Card,Delivered,Standard
O002549,C04339,2024-09-25,Credit Card,Delivered,Express
O002550,C06908,2025-04-26,Net Banking,Delivered,Same Day
O002551,C05003,2024-03-08,Credit Card,Cancelled,Standard
O002552,C05273,2024-01-23,Credit Card,Delivered,Express
O002553,C07429,2024-01-31,Credit Card,Delivered,Standard
O002554,C07056,2025-05-17,Credit Card,Delivered,Standard
O002555,C04407,2025-01-29,Credit Card,Delivered,Standard
O002556,C01992,2024-05-29,Credit Card,Delivered,Standard
O002557,C07718,2025-02-19,COD,Delivered,Standard
O002558,C03179,2024-01-04,Net Banking,Delivered,Standard
O002559,C07038,2025-05-22,UPI,Delivered,Standard
O002560,C03583,2025-12-08,Debit Card,Delivered,Standard
O002561,C07183,2025-06-18,COD,Delivered,Standard
O002562,C02706,2024-01-20,Wallet,Delivered,Express
O002563,C03788,2024-10-14,Credit Card,Delivered,Express
O002564,C04119,2024-07-02,Credit Card,Delivered,Standard
O002565,C06069,2025-01-06,UPI,Delivered,Express
O002566,C02063,2025-02-26,COD,Delivered,Standard
O002567,C01562,2024-05-13,Credit Card,Cancelled,Standard
O002568,C04999,2025-05-17,Credit Card,Delivered,Standard
O002569,C00464,2025-09-15,Net Banking,Returned,Standard
O002570,C00658,2025-04-15,Debit Card,Delivered,Express
O002571,C00045,2024-02-28,UPI,Delivered,Standard
O002572,C00176,2025-03-16,Credit Card,Delivered,Standard
O002573,C03348,2024-09-25,Credit Card,Delivered,Standard
O002574,C05076,2024-05-10,Wallet,Delivered,Express
O002575,C03100,2025-01-31,Wallet,Delivered,Standard
O002576,C07516,2025-04-01,Debit Card,Delivered,Express
O002577,C07650,2024-06-27,COD,Delivered,Same Day
O002578,C00302,2024-07-09,Debit Card,Returned,Standard
O002579,C00431,2025-02-11,UPI,Delivered,Express
O002580,C04487,2025-08-29,UPI,Delivered,Standard
O002581,C01252,2024-12-01,Wallet,Delivered,Standard
O002582,C05308,2024-05-18,COD,Delivered,Standard
O002583,C06170,2025-10-08,Net Banking,Delivered,Express
O002584,C06971,2025-04-18,Credit Card,Delivered,Standard
O002585,C04550,2024-06-05,COD,Delivered,Express
O002586,C04412,2024-01-29,Debit Card,Delivered,Express
O002587,C04060,2024-04-29,UPI,Delivered,Express
O002588,C03878,2024-10-06,UPI,Delivered,Standard
O002589,C00381,2025-06-25,Debit Card,Delivered,Standard
O002590,C05614,2025-12-06,Credit Card,Delivered,Express
O002591,C06255,2025-07-16,UPI,Returned,Standard
O002592,C02535,2025-04-08,COD,Delivered,Express
O002593,C03982,2025-08-14,UPI,Delivered,Express
O002594,C07895,2024-03-10,UPI,Returned,Standard
O002595,C07479,2025-11-24,Credit Card,Delivered,Standard
O002596,C01805,2024-07-22,UPI,Delivered,Standard
O002597,C05099,2025-05-02,UPI,Delivered,Express
O002598,C07097,2024-11-01,Net Banking,Delivered,Standard
O002599,C04956,2024-11-25,Debit Card,Delivered,Standard
O002600,C02137,2025-04-27,Net Banking,Delivered,Standard
O002601,C01114,2025-05-01,UPI,Delivered,Express
O002602,C05191,2024-07-14,Debit Card,Cancelled,Standard
O002603,C04474,2025-07-25,Debit Card,Delivered,Standard
O002604,C07010,2024-12-01,Debit Card,Cancelled,Express
O002605,C04514,2024-11-05,Debit Card,Delivered,Standard
O002606,C00168,2025-06-10,UPI,Delivered,Standard
O002607,C06793,2025-06-18,Credit Card,Delivered,Standard
O002608,C00639,2025-02-22,UPI,Delivered,Standard
O002609,C00058,2025-12-13,Debit Card,Delivered,Standard
O002610,C05747,2025-08-09,Credit Card,Delivered,Same Day
O002611,C00441,2024-05-30,Debit Card,Delivered,Same Day
O002612,C05411,2025-04-26,Debit Card,Delivered,Express
O002613,C04597,2025-03-05,UPI,Delivered,Standard
O002614,C02787,2025-04-16,UPI,Delivered,Express
O002615,C00974,2025-11-18,COD,Delivered,Same Day
O002616,C02836,2024-09-16,UPI,Delivered,Standard
O002617,C04610,2025-03-14,Net Banking,Delivered,Same Day
O002618,C00202,2025-02-10,UPI,Delivered,Standard
O002619,C04065,2024-01-21,UPI,Delivered,Standard
O002620,C04379,2024-06-25,Wallet,Delivered,Same Day
O002621,C01829,2024-05-23,UPI,Delivered,Same Day
O002622,C02196,2024-10-03,UPI,Delivered,Express
O002623,C04765,2024-11-20,UPI,Delivered,Standard
O002624,C06970,2024-08-27,Credit Card,Delivered,Standard
O002625,C04320,2025-10-30,Credit Card,Delivered,Standard
O002626,C04883,2025-03-31,Credit Card,Delivered,Same Day
O002627,C04662,2024-01-17,UPI,Delivered,Standard
O002628,C01580,2025-06-06,UPI,Delivered,Standard
O002629,C06415,2024-06-13,Credit Card,Delivered,Express
O002630,C00041,2024-12-16,Credit Card,Delivered,Express
O002631,C05564,2025-02-23,UPI,Delivered,Standard
O002632,C07518,2024-05-16,Wallet,Delivered,Standard
O002633,C01163,2024-07-12,UPI,Cancelled,Standard
O002634,C03235,2024-01-22,Wallet,Delivered,Standard
O002635,C00907,2024-05-21,UPI,Delivered,Standard
O002636,C00759,2025-10-24,Credit Card,Delivered,Standard
O002637,C05951,2025-09-02,Net Banking,Delivered,Standard
O002638,C04838,2025-02-07,Debit Card,Delivered,Standard
O002639,C03515,2024-12-16,Credit Card,Delivered,Standard
O002640,C06468,2024-02-10,COD,Delivered,Standard
O002641,C03881,2024-05-23,Credit Card,Cancelled,Standard
O002642,C00986,2024-02-21,Credit Card,Returned,Standard
O002643,C02539,2025-06-23,UPI,Delivered,Standard
O002644,C05475,2025-03-26,UPI,Delivered,Standard
O002645,C01822,2024-06-03,UPI,Delivered,Standard
O002646,C07577,2024-05-04,UPI,Delivered,Express
O002647,C03449,2025-09-13,Debit Card,Delivered,Standard
O002648,C06499,2025-05-15,COD,Delivered,Standard
O002649,C05730,2024-06-30,Wallet,Delivered,Standard
O002650,C03266,2024-07-01,UPI,Delivered,Express
O002651,C07995,2025-08-12,Net Banking,Delivered,Express
O002652,C05217,2025-08-09,COD,Delivered,Express
O002653,C01342,2024-03-20,UPI,Delivered,Standard
O002654,C02140,2024-12-25,UPI,Delivered,Standard
O002655,C00818,2025-06-06,Credit Card,Delivered,Express
O002656,C06940,2025-11-15,Net Banking,Delivered,Standard
O002657,C00443,2025-12-22,UPI,Delivered,Express
O002658,C07178,2024-05-06,Net Banking,Delivered,Standard
O002659,C04564,2025-03-13,UPI,Delivered,Standard
O002660,C05875,2024-02-28,Credit Card,Delivered,Standard
O002661,C00125,2024-11-04,Net Banking,Delivered,Standard
O002662,C03049,2025-04-10,UPI,Delivered,Standard
O002663,C02728,2024-09-01,Credit Card,Delivered,Standard
O002664,C02783,2025-03-31,Wallet,Delivered,Express
O002665,C04181,2025-05-14,UPI,Delivered,Standard
O002666,C03269,2025-01-30,Credit Card,Delivered,Standard
O002667,C07383,2025-07-16,UPI,Delivered,Express
O002668,C07537,2024-08-12,Net Banking,Delivered,Standard
O002669,C03268,2024-11-23,UPI,Delivered,Express
O002670,C03867,2024-02-24,Wallet,Delivered,Same Day
O002671,C07211,2024-01-04,Credit Card,Delivered,Standard
O002672,C00989,2025-04-06,Debit Card,Delivered,Standard
O002673,C01283,2025-03-25,UPI,Delivered,Standard
O002674,C02923,2025-02-12,Credit Card,Delivered,Standard
O002675,C02843,2025-01-30,Credit Card,Delivered,Express
O002676,C06080,2024-09-29,Debit Card,Delivered,Same Day
O002677,C01743,2025-09-26,UPI,Delivered,Express
O002678,C00098,2024-06-04,Debit Card,Delivered,Standard
O002679,C02740,2024-02-16,UPI,Delivered,Standard
O002680,C05942,2024-09-20,Debit Card,Delivered,Express
O002681,C03267,2024-09-14,UPI,Delivered,Express
O002682,C06374,2024-03-16,Credit Card,Returned,Standard
O002683,C06047,2025-06-03,COD,Delivered,Same Day
O002684,C06763,2024-09-09,UPI,Delivered,Standard
O002685,C02003,2025-01-02,COD,Delivered,Standard
O002686,C03050,2024-08-19,Debit Card,Returned,Same Day
O002687,C05729,2025-10-17,UPI,Delivered,Standard
O002688,C00518,2024-04-14,Credit Card,Delivered,Standard
O002689,C00429,2024-09-14,Debit Card,Delivered,Express
O002690,C00902,2025-05-12,Net Banking,Delivered,Same Day
O002691,C03031,2025-09-28,UPI,Delivered,Standard
O002692,C03621,2024-10-03,Debit Card,Delivered,Express
O002693,C02544,2025-09-01,UPI,Delivered,Standard
O002694,C06567,2024-09-27,Credit Card,Delivered,Standard
O002695,C06969,2024-11-01,UPI,Delivered,Same Day
O002696,C07155,2025-03-07,Credit Card,Delivered,Standard
O002697,C03524,2024-03-30,Debit Card,Delivered,Standard
O002698,C02484,2025-04-11,Credit Card,Delivered,Express
O002699,C04846,2025-01-15,UPI,Delivered,Express
O002700,C05606,2024-01-21,Credit Card,Delivered,Standard
O002701,C03798,2024-02-23,UPI,Delivered,Express
O002702,C04289,2024-07-21,Net Banking,Delivered,Express
O002703,C04840,2024-11-18,UPI,Cancelled,Express
O002704,C03504,2024-02-23,COD,Delivered,Express
O002705,C07258,2025-06-06,Debit Card,Delivered,Standard
O002706,C03979,2025-05-13,Net Banking,Cancelled,Standard
O002707,C04558,2024-03-19,Credit Card,Delivered,Express
O002708,C06940,2024-03-25,UPI,Delivered,Standard
O002709,C05330,2024-05-26,Debit Card,Delivered,Standard
O002710,C01672,2025-10-06,COD,Delivered,Standard
O002711,C05937,2024-12-04,COD,Delivered,Same Day
O002712,C05378,2024-03-15,Credit Card,Delivered,Standard
O002713,C04286,2025-05-01,Credit Card,Delivered,Express
O002714,C03332,2025-02-12,Net Banking,Delivered,Express
O002715,C07092,2025-04-16,UPI,Delivered,Standard
O002716,C01561,2025-08-15,UPI,Delivered,Express
O002717,C07068,2025-12-14,Credit Card,Delivered,Standard
O002718,C05816,2024-01-23,Debit Card,Delivered,Express
O002719,C03846,2024-02-23,Debit Card,Delivered,Express
O002720,C02630,2025-02-17,UPI,Delivered,Standard
O002721,C01410,2025-10-11,Wallet,Cancelled,Express
O002722,C00308,2024-03-31,UPI,Delivered,Standard
O002723,C04661,2025-02-16,Net Banking,Delivered,Express
O002724,C01927,2024-05-25,UPI,Delivered,Standard
O002725,C01858,2024-09-04,UPI,Delivered,Standard
O002726,C07036,2025-12-14,UPI,Delivered,Express
O002727,C00769,2024-02-09,Debit Card,Delivered,Standard
O002728,C05405,2024-09-04,Credit Card,Delivered,Express
O002729,C04600,2024-09-21,Credit Card,Delivered,Standard
O002730,C02085,2024-03-27,COD,Cancelled,Express
O002731,C06905,2025-06-22,Net Banking,Returned,Express
O002732,C01434,2025-04-20,Wallet,Delivered,Standard
O002733,C06888,2025-07-08,Wallet,Delivered,Standard
O002734,C03961,2025-05-03,UPI,Delivered,Express
O002735,C00273,2024-11-13,UPI,Delivered,Same Day
O002736,C05914,2024-05-27,Credit Card,Returned,Standard
O002737,C02972,2025-05-22,Credit Card,Cancelled,Standard
O002738,C01276,2025-10-09,Debit Card,Delivered,Standard
O002739,C03863,2025-06-30,UPI,Delivered,Express
O002740,C04108,2025-07-05,COD,Delivered,Express
O002741,C01565,2024-07-03,Debit Card,Delivered,Standard
O002742,C03205,2024-06-20,Wallet,Delivered,Express
O002743,C02925,2024-08-17,Credit Card,Delivered,Standard
O002744,C07880,2025-03-25,UPI,Delivered,Standard
O002745,C06263,2024-01-05,UPI,Delivered,Standard
O002746,C02399,2024-05-05,Credit Card,Delivered,Express
O002747,C04816,2025-07-16,Debit Card,Delivered,Same Day
O002748,C01260,2025-09-13,Credit Card,Delivered,Standard
O002749,C02092,2025-08-18,UPI,Delivered,Standard
O002750,C01271,2024-03-04,Debit Card,Delivered,Express
O002751,C00746,2025-01-10,Credit Card,Cancelled,Express
O002752,C00560,2024-11-16,UPI,Delivered,Standard
O002753,C06567,2024-02-01,Wallet,Returned,Express
O002754,C00811,2025-05-25,UPI,Delivered,Standard
O002755,C02655,2024-06-29,Wallet,Delivered,Express
O002756,C02014,2024-08-24,Wallet,Delivered,Standard
O002757,C01180,2025-08-04,Debit Card,Delivered,Standard
O002758,C00831,2025-04-05,Net Banking,Cancelled,Standard
O002759,C00276,2024-04-02,UPI,Delivered,Standard
O002760,C07043,2025-10-21,COD,Delivered,Express
O002761,C05716,2024-04-10,Wallet,Delivered,Standard
O002762,C02602,2025-02-02,UPI,Delivered,Standard
O002763,C06308,2025-08-26,Debit Card,Delivered,Standard
O002764,C03252,2024-03-20,Credit Card,Delivered,Express
O002765,C04288,2025-01-05,UPI,Delivered,Standard
O002766,C03510,2024-10-01,UPI,Delivered,Express
O002767,C07364,2024-11-28,Debit Card,Delivered,Standard
O002768,C03268,2024-04-16,UPI,Delivered,Standard
O002769,C01973,2024-01-12,Credit Card,Delivered,Standard
O002770,C07892,2025-09-21,Net Banking,Delivered,Express
O002771,C00793,2025-04-03,Debit Card,Delivered,Standard
O002772,C00499,2024-06-03,Wallet,Delivered,Standard
O002773,C06998,2025-02-24,Debit Card,Delivered,Standard
O002774,C03470,2024-06-16,UPI,Delivered,Standard
O002775,C07561,2024-10-08,COD,Cancelled,Express
O002776,C01465,2025-02-05,UPI,Delivered,Standard
O002777,C07385,2024-04-02,Credit Card,Delivered,Standard
O002778,C04929,2024-05-05,UPI,Delivered,Standard
O002779,C06324,2024-01-06,Credit Card,Delivered,Standard
O002780,C04244,2025-02-15,COD,Delivered,Standard
O002781,C01567,2024-04-16,Credit Card,Returned,Standard
O002782,C04445,2024-12-10,COD,Delivered,Standard
O002783,C02744,2024-08-21,UPI,Delivered,Standard
O002784,C02747,2025-09-04,UPI,Delivered,Standard
O002785,C01618,2024-04-04,COD,Delivered,Express
O002786,C04355,2025-05-30,Debit Card,Delivered,Standard
O002787,C02948,2024-04-01,Credit Card,Delivered,Standard
O002788,C04977,2025-05-27,Net Banking,Delivered,Standard
O002789,C04359,2025-02-04,Wallet,Delivered,Standard
O002790,C02381,2024-05-27,Wallet,Delivered,Express
O002791,C00998,2025-10-23,Credit Card,Delivered,Same Day
O002792,C04143,2024-01-23,Net Banking,Delivered,Standard
O002793,C03674,2024-08-30,Debit Card,Delivered,Standard
O002794,C07709,2024-02-09,Wallet,Delivered,Standard
O002795,C06048,2024-06-17,Net Banking,Delivered,Standard
O002796,C01903,2024-05-10,Debit Card,Delivered,Same Day
O002797,C07276,2025-06-02,Debit Card,Delivered,Standard
O002798,C05242,2025-02-08,UPI,Delivered,Standard
O002799,C06227,2024-11-14,Credit Card,Delivered,Express
O002800,C05610,2024-12-21,Debit Card,Delivered,Express
O002801,C02473,2024-07-30,Credit Card,Delivered,Express
O002802,C04597,2024-11-02,UPI,Delivered,Standard
O002803,C06802,2024-11-21,Debit Card,Delivered,Standard
O002804,C03431,2025-03-16,Credit Card,Delivered,Standard
O002805,C05819,2024-03-08,Debit Card,Delivered,Express
O002806,C07785,2025-07-07,Credit Card,Delivered,Standard
O002807,C07473,2024-01-28,UPI,Delivered,Standard
O002808,C03677,2025-05-18,Net Banking,Delivered,Express
O002809,C05761,2025-08-07,UPI,Delivered,Standard
O002810,C05124,2025-01-05,Credit Card,Delivered,Same Day
O002811,C07019,2025-10-02,UPI,Delivered,Express
O002812,C04761,2024-02-11,Wallet,Delivered,Standard
O002813,C07852,2025-06-21,COD,Delivered,Standard
O002814,C06286,2024-12-10,Credit Card,Delivered,Express
O002815,C00735,2024-12-15,Debit Card,Delivered,Standard
O002816,C01947,2025-12-25,UPI,Cancelled,Standard
O002817,C00512,2025-03-14,Net Banking,Delivered,Same Day
O002818,C07226,2024-04-21,Wallet,Delivered,Express
O002819,C04026,2025-05-07,Credit Card,Delivered,Express
O002820,C05546,2024-08-29,UPI,Delivered,Express
O002821,C04430,2025-06-01,Net Banking,Delivered,Express
O002822,C03512,2025-06-26,Debit Card,Delivered,Standard
O002823,C01508,2025-06-11,Debit Card,Returned,Express
O002824,C03381,2025-07-28,Net Banking,Delivered,Standard
O002825,C06082,2025-07-02,Debit Card,Delivered,Standard
O002826,C01617,2025-04-01,Credit Card,Delivered,Express
O002827,C00940,2024-11-30,Debit Card,Delivered,Express
O002828,C02335,2024-10-15,Credit Card,Delivered,Standard
O002829,C01646,2024-10-13,UPI,Delivered,Standard
O002830,C04087,2025-02-27,Credit Card,Delivered,Same Day
O002831,C00806,2025-07-22,Net Banking,Delivered,Standard
O002832,C07448,2024-08-28,UPI,Delivered,Standard
O002833,C03722,2024-04-07,UPI,Delivered,Standard
O002834,C00876,2024-12-27,Credit Card,Delivered,Standard
O002835,C02818,2024-04-17,Net Banking,Delivered,Standard
O002836,C01359,2024-02-02,UPI,Delivered,Express
O002837,C05802,2024-01-15,Credit Card,Delivered,Standard
O002838,C06413,2024-04-13,UPI,Delivered,Standard
O002839,C02707,2024-02-25,UPI,Delivered,Same Day
O002840,C06413,2024-12-02,UPI,Delivered,Standard
O002841,C04195,2025-02-17,UPI,Delivered,Standard
O002842,C01558,2025-08-23,Debit Card,Delivered,Standard
O002843,C05531,2024-01-20,Credit Card,Delivered,Standard
O002844,C02776,2025-05-13,UPI,Delivered,Express
O002845,C04095,2025-01-24,Net Banking,Delivered,Express
O002846,C05940,2024-04-14,COD,Returned,Standard
O002847,C04880,2025-08-31,Debit Card,Delivered,Standard
O002848,C03394,2024-05-08,Credit Card,Delivered,Standard
O002849,C04659,2025-05-22,COD,Delivered,Standard
O002850,C04681,2025-09-22,COD,Delivered,Standard
O002851,C02037,2024-05-11,Credit Card,Delivered,Standard
O002852,C02265,2024-10-31,Net Banking,Delivered,Standard
O002853,C03639,2024-02-14,UPI,Delivered,Express
O002854,C03744,2024-06-21,UPI,Delivered,Standard
O002855,C01039,2024-01-13,Credit Card,Delivered,Express
O002856,C03256,2025-04-06,Debit Card,Delivered,Standard
O002857,C07615,2025-11-23,UPI,Delivered,Standard
O002858,C02739,2025-02-10,Credit Card,Delivered,Express
O002859,C06848,2025-08-17,Debit Card,Delivered,Express
O002860,C06468,2025-11-16,Wallet,Delivered,Standard
O002861,C04817,2024-09-23,UPI,Delivered,Standard
O002862,C01249,2024-08-26,Debit Card,Returned,Standard
O002863,C00473,2025-01-01,Debit Card,Delivered,Express
O002864,C05142,2024-05-22,UPI,Delivered,Standard
O002865,C03862,2025-03-04,Net Banking,Delivered,Standard
O002866,C01093,2025-06-15,Credit Card,Delivered,Same Day
O002867,C06087,2025-02-24,Wallet,Delivered,Standard
O002868,C06486,2024-11-11,Credit Card,Delivered,Express
O002869,C03458,2024-05-29,UPI,Delivered,Standard
O002870,C01161,2025-07-19,Net Banking,Delivered,Standard
O002871,C07611,2024-06-29,UPI,Delivered,Express
O002872,C06580,2025-12-30,UPI,Delivered,Standard
O002873,C01925,2025-11-20,COD,Returned,Standard
O002874,C06252,2024-05-22,Credit Card,Delivered,Express
O002875,C00511,2025-11-02,UPI,Delivered,Standard
O002876,C03421,2024-03-13,UPI,Delivered,Standard
O002877,C05090,2025-08-09,UPI,Delivered,Standard
O002878,C03692,2024-04-22,Net Banking,Delivered,Standard
O002879,C03778,2024-10-24,Credit Card,Cancelled,Standard
O002880,C00036,2024-07-06,Credit Card,Delivered,Express
O002881,C00202,2025-10-28,Credit Card,Delivered,Standard
O002882,C07880,2024-04-20,Debit Card,Delivered,Standard
O002883,C00918,2025-10-16,Debit Card,Delivered,Express
O002884,C03009,2025-01-18,Debit Card,Delivered,Standard
O002885,C07567,2024-11-30,Net Banking,Delivered,Express
O002886,C02320,2024-04-17,Credit Card,Delivered,Standard
O002887,C01749,2024-09-08,Credit Card,Delivered,Standard
O002888,C00755,2025-02-21,Debit Card,Delivered,Standard
O002889,C07979,2025-06-18,Net Banking,Delivered,Express
O002890,C06041,2024-02-03,Net Banking,Delivered,Express
O002891,C07821,2025-02-19,Credit Card,Delivered,Standard
O002892,C06170,2024-12-22,UPI,Delivered,Standard
O002893,C06715,2024-10-08,UPI,Cancelled,Standard
O002894,C01220,2024-06-13,COD,Delivered,Express
O002895,C05381,2025-09-26,Debit Card,Delivered,Standard
O002896,C00131,2025-05-06,UPI,Delivered,Express
O002897,C01695,2025-05-13,Debit Card,Delivered,Express
O002898,C04186,2024-10-20,UPI,Delivered,Standard
O002899,C03380,2025-02-12,Credit Card,Delivered,Standard
O002900,C00504,2024-09-24,Debit Card,Delivered,Standard
O002901,C04244,2025-01-02,Wallet,Delivered,Express
O002902,C06529,2024-12-13,Wallet,Delivered,Standard
O002903,C02223,2024-06-12,Debit Card,Delivered,Same Day
O002904,C07588,2025-05-13,Wallet,Delivered,Standard
O002905,C07458,2025-06-03,Credit Card,Cancelled,Standard
O002906,C02063,2024-12-13,Net Banking,Delivered,Express
O002907,C07963,2024-05-10,COD,Delivered,Standard
O002908,C06391,2024-12-18,Net Banking,Delivered,Standard
O002909,C07359,2024-06-08,Debit Card,Returned,Express
O002910,C06214,2025-04-23,Wallet,Delivered,Standard
O002911,C01695,2025-09-10,Wallet,Delivered,Standard
O002912,C00088,2024-11-01,UPI,Delivered,Standard
O002913,C05277,2024-04-20,Wallet,Delivered,Standard
O002914,C04844,2025-08-20,UPI,Delivered,Standard
O002915,C07724,2025-11-22,UPI,Delivered,Standard
O002916,C02788,2025-12-22,Debit Card,Delivered,Standard
O002917,C04234,2024-08-23,UPI,Delivered,Standard
O002918,C02808,2025-02-17,COD,Delivered,Standard
O002919,C00317,2024-04-23,Wallet,Delivered,Standard
O002920,C04336,2025-07-29,Net Banking,Delivered,Standard
O002921,C05337,2024-10-09,Credit Card,Delivered,Standard
O002922,C01856,2025-04-17,Credit Card,Delivered,Express
O002923,C05964,2025-10-31,Credit Card,Delivered,Express
O002924,C03194,2024-04-20,Credit Card,Delivered,Standard
O002925,C03770,2025-06-20,Credit Card,Returned,Standard
O002926,C01967,2025-08-10,COD,Delivered,Same Day
O002927,C03359,2025-04-24,Credit Card,Delivered,Standard
O002928,C07994,2024-07-14,UPI,Delivered,Standard
O002929,C00948,2025-11-06,Credit Card,Delivered,Standard
O002930,C00087,2024-03-16,Debit Card,Cancelled,Express
O002931,C04674,2025-01-06,Net Banking,Delivered,Express
O002932,C00040,2024-02-25,Net Banking,Returned,Express
O002933,C05494,2024-07-08,Wallet,Cancelled,Standard
O002934,C00234,2024-04-12,Debit Card,Delivered,Express
O002935,C02101,2024-02-20,COD,Delivered,Standard
O002936,C04581,2024-11-22,Debit Card,Cancelled,Standard
O002937,C05469,2025-04-23,UPI,Delivered,Standard
O002938,C03751,2025-11-01,UPI,Delivered,Standard
O002939,C04144,2025-11-21,Debit Card,Delivered,Express
O002940,C04426,2025-07-21,UPI,Delivered,Standard
O002941,C03592,2025-11-01,Debit Card,Delivered,Standard
O002942,C06769,2024-06-08,Credit Card,Delivered,Standard
O002943,C00759,2025-09-16,Wallet,Delivered,Standard
O002944,C06152,2024-09-18,Wallet,Delivered,Standard
O002945,C01347,2025-03-30,Credit Card,Delivered,Standard
O002946,C04957,2024-04-22,Debit Card,Cancelled,Standard
O002947,C05710,2025-12-14,UPI,Delivered,Standard
O002948,C05243,2024-04-04,Credit Card,Delivered,Standard
O002949,C07363,2024-08-15,Credit Card,Delivered,Standard
O002950,C02018,2025-04-29,Net Banking,Delivered,Standard
O002951,C05412,2024-06-03,Debit Card,Delivered,Standard
O002952,C04876,2024-07-14,Credit Card,Delivered,Standard
O002953,C00792,2025-05-23,Credit Card,Delivered,Express
O002954,C02815,2025-07-19,Credit Card,Delivered,Standard
O002955,C04345,2024-11-03,Credit Card,Delivered,Standard
O002956,C04893,2024-04-23,UPI,Delivered,Standard
O002957,C01286,2025-10-21,UPI,Delivered,Express
O002958,C05159,2024-05-07,Debit Card,Delivered,Standard
O002959,C01823,2025-10-09,UPI,Delivered,Standard
O002960,C05581,2024-12-16,UPI,Delivered,Express
O002961,C07925,2025-07-21,Net Banking,Delivered,Same Day
O002962,C05029,2024-06-02,Credit Card,Delivered,Standard
O002963,C04269,2025-03-14,UPI,Delivered,Same Day
O002964,C05148,2024-02-07,Credit Card,Delivered,Express
O002965,C07938,2024-05-07,Credit Card,Delivered,Standard
O002966,C07237,2025-10-25,Credit Card,Delivered,Same Day
O002967,C02560,2024-07-28,COD,Delivered,Standard
O002968,C06535,2024-10-10,UPI,Delivered,Express
O002969,C06837,2024-01-13,UPI,Delivered,Express
O002970,C00138,2024-03-08,Credit Card,Delivered,Standard
O002971,C06663,2024-07-01,Credit Card,Delivered,Standard
O002972,C07511,2025-11-07,Credit Card,Cancelled,Standard
O002973,C00712,2024-04-18,UPI,Delivered,Standard
O002974,C01826,2024-02-09,Debit Card,Delivered,Express
O002975,C00768,2025-01-24,COD,Delivered,Standard
O002976,C07743,2024-01-02,Net Banking,Delivered,Express
O002977,C03143,2025-09-23,COD,Delivered,Standard
O002978,C04746,2024-12-02,Net Banking,Delivered,Express
O002979,C03551,2025-07-25,UPI,Delivered,Standard
O002980,C03894,2024-11-09,COD,Delivered,Standard
O002981,C06895,2024-05-18,Debit Card,Delivered,Standard
O002982,C02142,2025-12-09,Debit Card,Delivered,Express
O002983,C07942,2025-04-28,UPI,Delivered,Same Day
O002984,C00752,2025-01-30,Debit Card,Delivered,Standard
O002985,C05463,2025-04-09,Credit Card,Delivered,Standard
O002986,C03245,2024-07-07,Net Banking,Delivered,Express
O002987,C05679,2024-02-27,UPI,Delivered,Express
O002988,C01651,2025-10-19,Wallet,Cancelled,Standard
O002989,C02674,2024-04-20,Debit Card,Delivered,Standard
O002990,C05056,2024-11-06,UPI,Delivered,Standard
O002991,C04104,2024-02-10,Net Banking,Cancelled,Standard
O002992,C02860,2025-11-02,UPI,Delivered,Standard
O002993,C06677,2024-06-14,UPI,Delivered,Standard
O002994,C03409,2024-09-12,UPI,Delivered,Standard
O002995,C07351,2024-08-11,COD,Delivered,Express
O002996,C07697,2025-06-13,Credit Card,Delivered,Express
O002997,C02132,2024-10-17,Credit Card,Delivered,Express
O002998,C01605,2025-08-24,Debit Card,Delivered,Express
O002999,C07511,2025-07-17,COD,Delivered,Express
O003000,C02956,2024-06-30,Credit Card,Delivered,Standard
O003001,C00618,2024-10-25,Debit Card,Delivered,Standard
O003002,C06328,2024-08-03,UPI,Delivered,Same Day
O003003,C06456,2024-12-03,UPI,Delivered,Express
O003004,C07003,2024-02-07,Credit Card,Delivered,Express
O003005,C05564,2025-11-02,Debit Card,Delivered,Standard
O003006,C05630,2024-01-29,UPI,Delivered,Standard
O003007,C02135,2024-09-21,Credit Card,Delivered,Express
O003008,C03274,2024-03-31,Credit Card,Delivered,Standard
O003009,C04398,2025-11-12,UPI,Delivered,Same Day
O003010,C05148,2025-11-30,UPI,Delivered,Standard
O003011,C07496,2025-10-29,Credit Card,Delivered,Standard
O003012,C04688,2025-09-20,COD,Delivered,Standard
O003013,C03091,2024-03-02,Debit Card,Delivered,Standard
O003014,C01681,2025-09-18,Credit Card,Delivered,Express
O003015,C07346,2024-06-20,Debit Card,Delivered,Standard
O003016,C06737,2024-08-20,Credit Card,Delivered,Standard
O003017,C07166,2024-09-17,Net Banking,Delivered,Standard
O003018,C03490,2025-12-05,Credit Card,Cancelled,Standard
O003019,C01028,2024-08-25,UPI,Delivered,Same Day
O003020,C06911,2025-04-24,Debit Card,Delivered,Express
O003021,C07520,2025-05-15,UPI,Delivered,Standard
O003022,C05187,2025-11-10,Credit Card,Delivered,Standard
O003023,C04051,2024-01-26,UPI,Delivered,Standard
O003024,C04199,2025-07-27,Debit Card,Delivered,Standard
O003025,C01940,2025-08-18,Credit Card,Cancelled,Express
O003026,C03358,2025-04-07,UPI,Delivered,Standard
O003027,C00621,2025-03-15,Credit Card,Delivered,Express
O003028,C01557,2025-12-29,Net Banking,Delivered,Standard
O003029,C02587,2025-12-27,UPI,Delivered,Express
O003030,C04845,2025-07-17,UPI,Delivered,Standard
O003031,C05439,2025-08-04,Debit Card,Delivered,Standard
O003032,C04004,2025-01-16,Debit Card,Delivered,Same Day
O003033,C06722,2025-06-09,Net Banking,Delivered,Express
O003034,C04292,2025-10-10,UPI,Delivered,Standard
O003035,C04288,2025-09-13,COD,Delivered,Standard
O003036,C07010,2025-07-22,Debit Card,Returned,Standard
O003037,C00979,2024-08-09,UPI,Delivered,Standard
O003038,C04712,2024-01-26,UPI,Delivered,Express
O003039,C01593,2025-05-31,UPI,Delivered,Standard
O003040,C04336,2025-01-16,Debit Card,Delivered,Standard
O003041,C04251,2025-12-05,Credit Card,Delivered,Standard
O003042,C04284,2025-03-26,UPI,Returned,Standard
O003043,C06994,2025-11-07,UPI,Delivered,Standard
O003044,C03007,2025-08-21,COD,Delivered,Standard
O003045,C00411,2024-02-17,COD,Delivered,Standard
O003046,C07162,2024-05-31,Debit Card,Delivered,Standard
O003047,C02458,2025-07-02,Credit Card,Returned,Standard
O003048,C06707,2024-03-15,Credit Card,Delivered,Standard
O003049,C06240,2025-01-17,Debit Card,Cancelled,Standard
O003050,C04187,2024-10-26,Net Banking,Delivered,Standard
O003051,C06101,2024-01-22,UPI,Delivered,Express
O003052,C03813,2025-06-27,UPI,Delivered,Standard
O003053,C07755,2024-04-23,Credit Card,Delivered,Standard
O003054,C05090,2025-06-23,Wallet,Delivered,Standard
O003055,C02126,2024-04-30,UPI,Delivered,Express
O003056,C03256,2025-04-03,UPI,Cancelled,Standard
O003057,C06845,2024-08-20,UPI,Returned,Standard
O003058,C07929,2024-01-06,Credit Card,Delivered,Same Day
O003059,C00096,2025-04-05,Debit Card,Delivered,Standard
O003060,C00782,2024-12-20,UPI,Delivered,Standard
O003061,C07010,2024-06-20,Debit Card,Delivered,Express
O003062,C01250,2024-08-19,UPI,Delivered,Standard
O003063,C02181,2025-02-01,Net Banking,Delivered,Standard
O003064,C02484,2025-11-02,Credit Card,Delivered,Standard
O003065,C05528,2024-05-25,Credit Card,Delivered,Standard
O003066,C07057,2025-03-29,Wallet,Delivered,Express
O003067,C04894,2024-09-24,Net Banking,Delivered,Standard
O003068,C02751,2025-11-19,Credit Card,Delivered,Standard
O003069,C03662,2025-12-22,Credit Card,Delivered,Express
O003070,C05710,2024-07-29,Credit Card,Cancelled,Same Day
O003071,C06793,2025-11-11,UPI,Delivered,Standard
O003072,C03555,2025-03-06,Debit Card,Delivered,Standard
O003073,C04035,2024-03-12,Credit Card,Delivered,Express
O003074,C01832,2024-02-05,Net Banking,Delivered,Standard
O003075,C01164,2025-12-11,Wallet,Delivered,Standard
O003076,C06606,2025-05-01,UPI,Delivered,Express
O003077,C07359,2024-01-21,Debit Card,Delivered,Standard
O003078,C06328,2024-02-07,Debit Card,Delivered,Standard
O003079,C07503,2024-01-28,Credit Card,Cancelled,Standard
O003080,C06514,2024-06-23,UPI,Delivered,Standard
O003081,C04144,2024-03-24,COD,Delivered,Standard
O003082,C02693,2024-12-16,UPI,Delivered,Standard
O003083,C03729,2025-04-21,Net Banking,Delivered,Standard
O003084,C04542,2024-11-24,Net Banking,Delivered,Express
O003085,C05857,2025-01-22,Credit Card,Delivered,Standard
O003086,C04773,2025-08-18,Debit Card,Delivered,Express
O003087,C02784,2025-09-08,COD,Delivered,Standard
O003088,C05474,2025-01-21,COD,Delivered,Standard
O003089,C07507,2025-09-18,Credit Card,Delivered,Standard
O003090,C04276,2024-05-15,COD,Delivered,Standard
O003091,C00578,2024-03-28,Debit Card,Delivered,Standard
O003092,C03554,2025-05-11,UPI,Delivered,Standard
O003093,C01272,2024-09-09,Wallet,Delivered,Standard
O003094,C02490,2024-01-21,UPI,Delivered,Standard
O003095,C06235,2025-10-28,COD,Delivered,Standard
O003096,C00926,2024-03-13,UPI,Delivered,Express
O003097,C05124,2025-12-01,Credit Card,Returned,Standard
O003098,C05049,2025-07-05,UPI,Delivered,Same Day
O003099,C02143,2025-07-21,Debit Card,Delivered,Standard
O003100,C06655,2024-08-11,Debit Card,Delivered,Standard
O003101,C02499,2024-12-28,Debit Card,Delivered,Express
O003102,C00535,2024-12-31,Wallet,Delivered,Standard
O003103,C00885,2025-08-13,UPI,Delivered,Same Day
O003104,C06763,2024-07-26,Credit Card,Delivered,Standard
O003105,C01104,2024-04-26,Credit Card,Delivered,Same Day
O003106,C04789,2025-05-18,UPI,Delivered,Same Day
O003107,C06263,2025-12-07,COD,Delivered,Express
O003108,C04118,2024-11-27,Credit Card,Delivered,Same Day
O003109,C07823,2024-06-19,Credit Card,Delivered,Standard
O003110,C00975,2025-10-17,UPI,Delivered,Express
O003111,C00598,2025-05-01,COD,Delivered,Express
O003112,C07097,2025-01-08,UPI,Delivered,Express
O003113,C06799,2024-09-28,Wallet,Delivered,Standard
O003114,C05215,2024-04-20,UPI,Cancelled,Express
O003115,C02122,2024-04-21,Credit Card,Delivered,Standard
O003116,C06941,2024-11-08,Net Banking,Delivered,Standard
O003117,C07003,2024-05-17,Credit Card,Delivered,Express
O003118,C02697,2025-03-02,Credit Card,Returned,Standard
O003119,C01208,2024-10-03,Net Banking,Delivered,Standard
O003120,C07323,2024-05-01,Wallet,Delivered,Express
O003121,C06687,2024-09-20,UPI,Delivered,Standard
O003122,C01758,2025-07-29,Wallet,Cancelled,Standard
O003123,C07472,2024-12-11,Credit Card,Delivered,Standard
O003124,C07275,2024-01-29,Net Banking,Delivered,Express
O003125,C02085,2025-02-15,UPI,Delivered,Express
O003126,C05664,2025-09-07,UPI,Delivered,Standard
O003127,C03157,2024-07-11,UPI,Delivered,Same Day
O003128,C04054,2025-05-06,UPI,Returned,Standard
O003129,C04443,2025-06-21,Net Banking,Delivered,Standard
O003130,C06475,2024-08-03,UPI,Delivered,Express
O003131,C07046,2024-07-19,COD,Delivered,Express
O003132,C05200,2024-09-15,Credit Card,Delivered,Standard
O003133,C02677,2024-08-06,Debit Card,Delivered,Standard
O003134,C06706,2025-09-28,UPI,Delivered,Standard
O003135,C05198,2024-12-07,Debit Card,Delivered,Standard
O003136,C03512,2024-02-06,Wallet,Delivered,Standard
O003137,C06936,2025-03-29,UPI,Delivered,Express
O003138,C01425,2024-05-18,UPI,Returned,Express
O003139,C07199,2025-12-14,Credit Card,Cancelled,Standard
O003140,C02111,2025-03-06,UPI,Delivered,Standard
O003141,C06007,2024-02-23,UPI,Delivered,Standard
O003142,C06371,2025-08-29,Credit Card,Delivered,Standard
O003143,C04597,2024-10-09,COD,Delivered,Standard
O003144,C05812,2025-06-10,Debit Card,Delivered,Express
O003145,C01162,2025-06-08,Net Banking,Delivered,Standard
O003146,C02351,2024-03-28,UPI,Delivered,Express
O003147,C06974,2024-06-26,Debit Card,Delivered,Standard
O003148,C01908,2025-06-17,UPI,Returned,Standard
O003149,C07572,2025-04-04,Credit Card,Delivered,Standard
O003150,C04940,2024-09-07,UPI,Delivered,Standard
O003151,C05608,2025-11-27,UPI,Delivered,Standard
O003152,C02307,2025-03-06,Net Banking,Delivered,Standard
O003153,C02038,2024-02-05,Debit Card,Delivered,Express
O003154,C04896,2024-03-28,Debit Card,Delivered,Express
O003155,C06107,2024-10-30,Wallet,Delivered,Standard
O003156,C07912,2025-10-26,UPI,Delivered,Express
O003157,C01011,2025-07-16,Credit Card,Delivered,Standard
O003158,C05575,2024-10-10,Wallet,Delivered,Same Day
O003159,C05242,2024-06-20,Credit Card,Delivered,Standard
O003160,C07028,2024-10-23,Credit Card,Delivered,Express
O003161,C07765,2025-06-15,Debit Card,Delivered,Standard
O003162,C03683,2024-04-23,Debit Card,Delivered,Standard
O003163,C03769,2024-03-13,Debit Card,Delivered,Express
O003164,C03419,2025-10-09,UPI,Cancelled,Same Day
O003165,C01979,2025-06-11,UPI,Delivered,Express
O003166,C03326,2025-03-22,Debit Card,Delivered,Standard
O003167,C05369,2025-05-16,Debit Card,Delivered,Standard
O003168,C03436,2025-01-02,Credit Card,Delivered,Standard
O003169,C00753,2024-03-12,Debit Card,Delivered,Standard
O003170,C06505,2024-03-20,Credit Card,Delivered,Standard
O003171,C07476,2025-05-30,UPI,Delivered,Express
O003172,C06374,2024-10-13,Wallet,Delivered,Standard
O003173,C05292,2024-04-09,Debit Card,Delivered,Standard
O003174,C01513,2025-08-15,Credit Card,Delivered,Standard
O003175,C00264,2025-04-24,Net Banking,Delivered,Standard
O003176,C06524,2025-07-15,UPI,Returned,Standard
O003177,C02255,2024-06-11,UPI,Delivered,Standard
O003178,C02296,2024-10-20,Wallet,Delivered,Same Day
O003179,C00362,2025-12-14,UPI,Delivered,Standard
O003180,C01250,2024-08-31,UPI,Delivered,Express
O003181,C04535,2025-07-11,Debit Card,Delivered,Standard
O003182,C04393,2024-09-10,Debit Card,Delivered,Standard
O003183,C00267,2024-06-09,Net Banking,Delivered,Express
O003184,C03812,2024-02-17,Debit Card,Delivered,Standard
O003185,C04383,2024-12-23,Debit Card,Delivered,Express
O003186,C07473,2024-01-01,COD,Delivered,Standard
O003187,C01600,2024-06-16,UPI,Delivered,Standard
O003188,C04933,2024-06-15,Credit Card,Returned,Express
O003189,C01160,2024-12-21,Credit Card,Delivered,Standard
O003190,C02767,2025-12-17,Debit Card,Delivered,Standard
O003191,C03557,2025-10-09,UPI,Delivered,Express
O003192,C05310,2025-10-18,UPI,Delivered,Standard
O003193,C00802,2024-06-07,Net Banking,Delivered,Express
O003194,C03531,2025-10-25,UPI,Delivered,Standard
O003195,C00818,2024-05-16,UPI,Delivered,Express
O003196,C06929,2025-11-23,UPI,Delivered,Standard
O003197,C07494,2024-04-22,UPI,Delivered,Standard
O003198,C01696,2025-06-16,Debit Card,Delivered,Standard
O003199,C07120,2024-11-06,UPI,Returned,Standard
O003200,C06855,2024-01-12,Credit Card,Delivered,Standard
O003201,C04443,2025-03-08,UPI,Delivered,Standard
O003202,C04695,2025-08-14,Wallet,Delivered,Standard
O003203,C06814,2024-10-10,Debit Card,Delivered,Standard
O003204,C05025,2025-07-04,Debit Card,Delivered,Standard
O003205,C07205,2025-02-13,Credit Card,Cancelled,Standard
O003206,C00787,2025-11-02,COD,Delivered,Standard
O003207,C02332,2024-12-14,Net Banking,Delivered,Standard
O003208,C06209,2024-03-19,Credit Card,Delivered,Same Day
O003209,C05284,2025-12-06,Net Banking,Delivered,Standard
O003210,C04716,2025-01-29,UPI,Delivered,Express
O003211,C02945,2025-05-27,COD,Delivered,Express
O003212,C02484,2024-02-10,UPI,Delivered,Standard
O003213,C00602,2024-03-13,UPI,Delivered,Express
O003214,C04637,2025-02-05,UPI,Delivered,Express
O003215,C00002,2025-12-31,Credit Card,Delivered,Standard
O003216,C03774,2024-08-31,Debit Card,Delivered,Standard
O003217,C05603,2025-10-21,Wallet,Delivered,Standard
O003218,C01530,2025-08-07,UPI,Delivered,Standard
O003219,C03588,2024-12-01,Debit Card,Delivered,Standard
O003220,C06227,2024-01-02,UPI,Delivered,Standard
O003221,C04677,2025-02-07,Debit Card,Delivered,Standard
O003222,C00495,2025-04-12,Wallet,Delivered,Express
O003223,C04336,2024-05-06,Debit Card,Delivered,Standard
O003224,C06090,2024-07-04,Credit Card,Delivered,Standard
O003225,C05531,2024-12-23,UPI,Delivered,Express
O003226,C03578,2025-01-11,Credit Card,Delivered,Express
O003227,C04642,2024-02-18,Wallet,Cancelled,Standard
O003228,C02280,2024-06-01,Wallet,Delivered,Express
O003229,C06072,2024-01-10,Net Banking,Delivered,Standard
O003230,C05677,2024-01-04,Net Banking,Delivered,Express
O003231,C06500,2024-05-31,UPI,Delivered,Express
O003232,C01269,2024-11-03,Credit Card,Cancelled,Express
O003233,C05341,2025-10-14,Credit Card,Delivered,Standard
O003234,C04318,2025-08-20,Debit Card,Delivered,Standard
O003235,C00698,2025-05-03,Wallet,Delivered,Standard
O003236,C03798,2025-06-06,Credit Card,Delivered,Standard
O003237,C07996,2024-07-11,UPI,Returned,Standard
O003238,C00031,2024-04-16,Debit Card,Delivered,Standard
O003239,C03281,2024-09-03,UPI,Delivered,Same Day
O003240,C06219,2024-06-07,UPI,Delivered,Express
O003241,C01256,2025-02-16,COD,Delivered,Same Day
O003242,C05540,2025-12-28,UPI,Delivered,Same Day
O003243,C07160,2024-05-23,UPI,Delivered,Standard
O003244,C05939,2024-05-18,Credit Card,Delivered,Express
O003245,C06787,2025-02-16,UPI,Delivered,Express
O003246,C01750,2024-05-02,Credit Card,Delivered,Standard
O003247,C02828,2025-09-28,Credit Card,Delivered,Standard
O003248,C04987,2025-07-05,COD,Delivered,Standard
O003249,C00934,2024-09-13,Wallet,Delivered,Same Day
O003250,C02714,2025-06-02,Debit Card,Delivered,Express
O003251,C05586,2025-05-01,Debit Card,Delivered,Standard
O003252,C07098,2024-01-17,Debit Card,Delivered,Standard
O003253,C05406,2024-03-18,UPI,Delivered,Standard
O003254,C00481,2024-11-29,UPI,Delivered,Express
O003255,C04917,2024-08-20,Debit Card,Cancelled,Standard
O003256,C02632,2025-10-08,UPI,Delivered,Standard
O003257,C04688,2024-06-26,COD,Delivered,Standard
O003258,C05495,2024-03-15,COD,Returned,Express
O003259,C06789,2025-01-08,Net Banking,Delivered,Express
O003260,C03213,2024-04-14,UPI,Delivered,Express
O003261,C07169,2025-12-25,COD,Cancelled,Standard
O003262,C04235,2024-07-16,UPI,Delivered,Standard
O003263,C04226,2025-09-23,Credit Card,Delivered,Standard
O003264,C02816,2024-01-15,UPI,Delivered,Standard
O003265,C05070,2024-07-25,Wallet,Delivered,Express
O003266,C00833,2024-08-31,UPI,Delivered,Express
O003267,C06200,2024-10-10,Debit Card,Delivered,Standard
O003268,C06494,2024-11-08,Credit Card,Delivered,Standard
O003269,C05468,2025-04-07,Wallet,Delivered,Standard
O003270,C01071,2024-08-31,Credit Card,Delivered,Standard
O003271,C06206,2025-08-14,Debit Card,Delivered,Express
O003272,C01537,2024-01-06,Credit Card,Delivered,Standard
O003273,C01501,2025-11-17,UPI,Delivered,Standard
O003274,C07921,2025-03-28,UPI,Delivered,Standard
O003275,C05305,2024-05-04,Debit Card,Delivered,Standard
O003276,C01522,2024-09-05,Credit Card,Delivered,Standard
O003277,C02672,2025-08-30,UPI,Delivered,Standard
O003278,C06960,2025-07-08,Debit Card,Delivered,Standard
O003279,C05080,2025-12-17,COD,Delivered,Same Day
O003280,C02909,2025-10-09,Credit Card,Delivered,Standard
O003281,C03469,2024-02-02,UPI,Returned,Standard
O003282,C04520,2025-12-29,Credit Card,Delivered,Standard
O003283,C01641,2024-11-19,UPI,Delivered,Standard
O003284,C00927,2024-06-18,UPI,Delivered,Express
O003285,C02127,2024-09-01,Credit Card,Delivered,Same Day
O003286,C01694,2025-11-20,Credit Card,Delivered,Express
O003287,C06720,2025-07-16,Net Banking,Delivered,Standard
O003288,C03555,2024-11-22,Debit Card,Delivered,Standard
O003289,C02828,2025-12-06,UPI,Delivered,Standard
O003290,C07007,2024-06-02,Debit Card,Delivered,Standard
O003291,C02628,2024-05-13,Credit Card,Delivered,Express
O003292,C01920,2025-12-04,Debit Card,Cancelled,Standard
O003293,C07452,2025-09-04,Wallet,Delivered,Same Day
O003294,C07889,2024-11-30,COD,Delivered,Same Day
O003295,C05699,2025-11-06,Wallet,Delivered,Standard
O003296,C00047,2025-06-05,Debit Card,Delivered,Standard
O003297,C01204,2025-05-25,UPI,Delivered,Standard
O003298,C06848,2025-08-11,Debit Card,Delivered,Standard
O003299,C03617,2025-11-20,COD,Delivered,Express
O003300,C00254,2024-07-06,Credit Card,Delivered,Standard
O003301,C03726,2024-11-07,Wallet,Delivered,Standard
O003302,C07913,2025-10-09,Debit Card,Delivered,Express
O003303,C03007,2025-01-08,Wallet,Delivered,Standard
O003304,C05422,2024-03-10,Credit Card,Delivered,Standard
O003305,C06799,2024-12-12,Debit Card,Delivered,Standard
O003306,C04762,2024-03-12,UPI,Delivered,Standard
O003307,C06579,2024-04-23,UPI,Delivered,Express
O003308,C02674,2025-03-03,Net Banking,Delivered,Standard
O003309,C07566,2024-02-04,UPI,Delivered,Express
O003310,C05242,2025-12-30,Credit Card,Delivered,Standard
O003311,C02295,2025-02-18,Debit Card,Delivered,Standard
O003312,C02647,2025-05-01,Debit Card,Delivered,Express
O003313,C04709,2025-12-17,UPI,Delivered,Standard
O003314,C05646,2025-06-21,Net Banking,Delivered,Standard
O003315,C02497,2025-07-16,Debit Card,Delivered,Standard
O003316,C02064,2025-10-04,UPI,Delivered,Express
O003317,C07003,2024-10-20,Debit Card,Delivered,Standard
O003318,C03923,2025-07-03,Credit Card,Delivered,Standard
O003319,C02688,2025-04-08,Net Banking,Delivered,Express
O003320,C07012,2025-11-10,Credit Card,Delivered,Standard
O003321,C07092,2025-10-14,Debit Card,Delivered,Standard
O003322,C07190,2024-11-19,Net Banking,Delivered,Standard
O003323,C01578,2025-08-05,Credit Card,Delivered,Express
O003324,C02730,2024-05-20,Wallet,Delivered,Express
O003325,C07531,2025-02-24,Credit Card,Delivered,Standard
O003326,C03370,2025-10-21,Wallet,Delivered,Standard
O003327,C03745,2025-05-30,UPI,Delivered,Standard
O003328,C01769,2024-12-20,Debit Card,Delivered,Standard
O003329,C00152,2025-06-05,Debit Card,Delivered,Standard
O003330,C00409,2024-06-24,Wallet,Delivered,Express
O003331,C00963,2024-06-19,UPI,Delivered,Standard
O003332,C07352,2025-10-29,UPI,Delivered,Express
O003333,C01217,2025-05-06,Credit Card,Delivered,Standard
O003334,C00613,2024-11-10,Wallet,Delivered,Express
O003335,C05058,2025-11-10,UPI,Cancelled,Standard
O003336,C02739,2024-04-04,Credit Card,Delivered,Standard
O003337,C01717,2024-05-27,Credit Card,Delivered,Standard
O003338,C01215,2025-10-13,UPI,Delivered,Same Day
O003339,C05454,2024-02-28,UPI,Returned,Standard
O003340,C03007,2025-11-23,UPI,Delivered,Express
O003341,C02722,2024-09-12,Credit Card,Delivered,Standard
O003342,C03122,2024-11-22,Credit Card,Delivered,Standard
O003343,C05207,2025-08-29,Net Banking,Delivered,Standard
O003344,C01501,2025-02-14,UPI,Delivered,Standard
O003345,C06731,2024-04-09,Debit Card,Delivered,Standard
O003346,C06866,2024-01-05,Debit Card,Delivered,Standard
O003347,C06386,2025-09-19,Credit Card,Delivered,Express
O003348,C04486,2024-06-28,Debit Card,Delivered,Express
O003349,C04359,2024-03-02,Credit Card,Delivered,Express
O003350,C07053,2024-02-09,Debit Card,Delivered,Express
O003351,C06850,2025-11-26,Debit Card,Delivered,Standard
O003352,C04746,2024-12-19,Credit Card,Delivered,Standard
O003353,C02559,2024-05-03,UPI,Delivered,Standard
O003354,C00830,2025-06-22,COD,Delivered,Standard
O003355,C04083,2025-06-05,UPI,Delivered,Standard
O003356,C03429,2025-08-06,UPI,Delivered,Standard
O003357,C07952,2025-06-09,Credit Card,Delivered,Standard
O003358,C01716,2024-01-04,UPI,Delivered,Standard
O003359,C04379,2024-03-15,Net Banking,Delivered,Express
O003360,C05313,2024-02-08,Credit Card,Delivered,Standard
O003361,C07349,2025-10-18,UPI,Delivered,Standard
O003362,C04567,2025-04-04,COD,Delivered,Express
O003363,C01892,2025-06-22,Debit Card,Cancelled,Standard
O003364,C05775,2025-09-07,UPI,Delivered,Standard
O003365,C01285,2024-01-28,Credit Card,Returned,Express
O003366,C06806,2024-07-16,Credit Card,Delivered,Standard
O003367,C05662,2024-02-25,UPI,Delivered,Same Day
O003368,C02342,2024-03-30,Net Banking,Delivered,Express
O003369,C04518,2024-02-16,UPI,Delivered,Express
O003370,C00467,2025-08-04,UPI,Delivered,Standard
O003371,C07922,2024-01-23,Net Banking,Delivered,Standard
O003372,C04021,2024-06-18,UPI,Delivered,Standard
O003373,C01946,2024-07-09,UPI,Delivered,Express
O003374,C01199,2025-10-07,COD,Delivered,Standard
O003375,C02529,2025-01-19,Credit Card,Delivered,Express
O003376,C00286,2024-08-17,Credit Card,Delivered,Standard
O003377,C02605,2025-12-23,Debit Card,Delivered,Standard
O003378,C00281,2024-07-01,Debit Card,Delivered,Express
O003379,C06100,2024-08-28,Wallet,Returned,Standard
O003380,C05740,2025-02-26,Net Banking,Delivered,Standard
O003381,C01177,2024-06-02,Credit Card,Delivered,Standard
O003382,C07822,2024-10-19,Wallet,Delivered,Express
O003383,C02034,2024-09-20,Debit Card,Delivered,Standard
O003384,C07531,2024-11-24,UPI,Delivered,Express
O003385,C00145,2024-06-17,UPI,Delivered,Standard
O003386,C01617,2024-05-10,Credit Card,Delivered,Express
O003387,C02694,2024-09-15,UPI,Delivered,Standard
O003388,C00915,2025-02-10,Wallet,Delivered,Standard
O003389,C00455,2024-03-19,Net Banking,Delivered,Express
O003390,C00989,2024-12-25,Credit Card,Delivered,Standard
O003391,C01144,2025-09-21,Debit Card,Delivered,Standard
O003392,C01816,2025-10-14,Debit Card,Delivered,Express
O003393,C00789,2025-10-07,Credit Card,Delivered,Same Day
O003394,C02378,2025-04-19,Wallet,Delivered,Express
O003395,C00030,2025-03-19,Debit Card,Delivered,Standard
O003396,C03913,2025-08-20,Credit Card,Delivered,Standard
O003397,C04390,2024-03-08,Credit Card,Delivered,Standard
O003398,C03725,2024-01-29,Net Banking,Delivered,Standard
O003399,C01452,2025-01-30,UPI,Delivered,Express
O003400,C01129,2025-06-03,Debit Card,Delivered,Same Day
O003401,C04196,2024-02-26,Debit Card,Delivered,Standard
O003402,C01906,2025-05-16,Net Banking,Delivered,Express
O003403,C06416,2024-01-27,Debit Card,Delivered,Standard
O003404,C02317,2024-10-30,Credit Card,Delivered,Standard
O003405,C07191,2024-10-20,Wallet,Delivered,Standard
O003406,C01863,2024-02-11,Credit Card,Delivered,Express
O003407,C06565,2025-08-01,Credit Card,Delivered,Standard
O003408,C02053,2025-09-03,Net Banking,Delivered,Standard
O003409,C00387,2025-08-21,Net Banking,Delivered,Express
O003410,C05979,2024-09-28,UPI,Delivered,Standard
O003411,C02348,2024-07-26,Credit Card,Delivered,Standard
O003412,C00744,2025-07-17,Credit Card,Delivered,Standard
O003413,C07210,2025-10-09,UPI,Delivered,Express
O003414,C00986,2024-11-11,COD,Delivered,Express
O003415,C03727,2025-05-30,UPI,Delivered,Express
O003416,C06961,2024-12-28,UPI,Delivered,Express
O003417,C06102,2025-04-25,UPI,Delivered,Standard
O003418,C07971,2024-09-23,UPI,Delivered,Express
O003419,C04076,2024-04-09,Credit Card,Delivered,Standard
O003420,C03943,2025-09-06,Wallet,Delivered,Express
O003421,C07417,2025-04-21,UPI,Delivered,Express
O003422,C06976,2025-12-10,Net Banking,Delivered,Standard
O003423,C01491,2024-11-26,UPI,Delivered,Standard
O003424,C07287,2024-02-21,Net Banking,Delivered,Standard
O003425,C04229,2025-06-06,Net Banking,Delivered,Standard
O003426,C04712,2025-06-15,Credit Card,Delivered,Standard
O003427,C00934,2025-05-04,COD,Delivered,Express
O003428,C00440,2024-06-17,Net Banking,Delivered,Standard
O003429,C03120,2024-09-13,Wallet,Returned,Same Day
O003430,C01612,2024-07-06,UPI,Delivered,Standard
O003431,C02153,2025-01-19,Credit Card,Delivered,Standard
O003432,C02355,2025-01-27,Credit Card,Delivered,Same Day
O003433,C07563,2025-06-15,UPI,Delivered,Standard
O003434,C01603,2024-03-20,UPI,Delivered,Express
O003435,C03843,2024-02-24,Debit Card,Delivered,Standard
O003436,C03504,2025-11-14,UPI,Delivered,Express
O003437,C00760,2025-12-04,Credit Card,Delivered,Same Day
O003438,C04388,2024-04-30,UPI,Delivered,Express
O003439,C06822,2025-06-18,COD,Delivered,Standard
O003440,C07137,2024-12-12,Credit Card,Delivered,Express
O003441,C02741,2025-01-29,COD,Delivered,Standard
O003442,C02009,2025-06-27,UPI,Delivered,Standard
O003443,C06268,2025-04-05,UPI,Delivered,Express
O003444,C04778,2025-02-28,Debit Card,Cancelled,Standard
O003445,C06412,2024-05-24,Credit Card,Delivered,Same Day
O003446,C01910,2024-07-23,Debit Card,Delivered,Standard
O003447,C03129,2025-10-04,UPI,Delivered,Standard
O003448,C04775,2024-04-06,Credit Card,Delivered,Standard
O003449,C01710,2025-06-05,Credit Card,Cancelled,Express
O003450,C05331,2025-11-08,UPI,Delivered,Express
O003451,C02280,2025-07-16,Credit Card,Returned,Standard
O003452,C06416,2024-05-22,COD,Cancelled,Standard
O003453,C05202,2025-02-05,Credit Card,Delivered,Express
O003454,C02119,2025-08-24,UPI,Delivered,Express
O003455,C01576,2024-11-16,Debit Card,Delivered,Express
O003456,C02389,2025-05-19,Debit Card,Delivered,Same Day
O003457,C03983,2025-07-04,Credit Card,Delivered,Standard
O003458,C01930,2025-04-22,Credit Card,Delivered,Standard
O003459,C07121,2024-01-03,Credit Card,Delivered,Standard
O003460,C05946,2024-12-19,Net Banking,Delivered,Same Day
O003461,C03944,2025-08-03,UPI,Delivered,Standard
O003462,C07000,2025-08-15,Debit Card,Delivered,Express
O003463,C07626,2024-10-28,UPI,Delivered,Standard
O003464,C06285,2025-10-05,COD,Delivered,Standard
O003465,C00255,2025-07-24,UPI,Delivered,Standard
O003466,C06206,2025-10-19,UPI,Delivered,Standard
O003467,C05858,2024-11-08,Wallet,Delivered,Express
O003468,C04547,2025-03-21,Debit Card,Delivered,Standard
O003469,C03067,2024-09-17,COD,Delivered,Standard
O003470,C05277,2024-07-17,Debit Card,Cancelled,Standard
O003471,C00078,2025-07-20,UPI,Delivered,Standard
O003472,C02790,2025-08-11,COD,Delivered,Standard
O003473,C06213,2024-03-20,UPI,Delivered,Standard
O003474,C07593,2025-03-06,Debit Card,Delivered,Express
O003475,C04575,2025-04-16,Credit Card,Delivered,Express
O003476,C07053,2024-03-14,Wallet,Delivered,Standard
O003477,C06596,2025-11-26,Wallet,Cancelled,Standard
O003478,C01974,2025-09-07,Wallet,Delivered,Express
O003479,C05819,2025-02-01,Credit Card,Delivered,Standard
O003480,C01594,2024-03-14,Wallet,Delivered,Standard
O003481,C03470,2025-04-30,UPI,Delivered,Standard
O003482,C01912,2024-08-04,UPI,Delivered,Same Day
O003483,C06351,2024-04-05,Debit Card,Delivered,Standard
O003484,C06948,2024-10-27,UPI,Delivered,Standard
O003485,C03533,2024-08-31,Credit Card,Delivered,Standard
O003486,C02530,2025-01-21,COD,Delivered,Standard
O003487,C05578,2024-06-18,Credit Card,Cancelled,Express
O003488,C02637,2025-12-09,Net Banking,Delivered,Standard
O003489,C04054,2024-08-09,UPI,Delivered,Standard
O003490,C06329,2024-07-12,Credit Card,Delivered,Same Day
O003491,C07468,2024-10-08,Credit Card,Delivered,Standard
O003492,C04591,2025-11-20,UPI,Delivered,Standard
O003493,C06233,2024-10-30,Credit Card,Delivered,Express
O003494,C06374,2024-07-21,UPI,Delivered,Standard
O003495,C03929,2024-11-23,Net Banking,Delivered,Standard
O003496,C03637,2025-01-25,Credit Card,Delivered,Express
O003497,C01510,2024-07-15,UPI,Delivered,Express
O003498,C06308,2025-07-10,Credit Card,Delivered,Standard
O003499,C03790,2024-01-24,Credit Card,Delivered,Standard
O003500,C04925,2025-03-18,COD,Delivered,Express
O003501,C04161,2025-04-20,UPI,Delivered,Same Day
O003502,C00752,2025-12-27,UPI,Delivered,Express
O003503,C00202,2024-08-08,Debit Card,Delivered,Standard
O003504,C05896,2025-02-28,Credit Card,Delivered,Standard
O003505,C01060,2024-05-19,Credit Card,Delivered,Same Day
O003506,C06745,2025-08-25,Credit Card,Delivered,Standard
O003507,C00928,2024-07-29,UPI,Delivered,Standard
O003508,C01258,2024-04-10,Net Banking,Delivered,Standard
O003509,C01387,2025-08-22,UPI,Delivered,Standard
O003510,C00837,2024-05-17,Net Banking,Delivered,Standard
O003511,C06348,2024-05-13,Credit Card,Delivered,Standard
O003512,C04970,2025-11-20,Debit Card,Delivered,Standard
O003513,C03251,2024-05-19,UPI,Delivered,Standard
O003514,C06456,2024-06-13,Credit Card,Delivered,Express
O003515,C01474,2025-09-11,Credit Card,Delivered,Standard
O003516,C04144,2024-03-09,UPI,Delivered,Standard
O003517,C04161,2024-05-02,Credit Card,Delivered,Standard
O003518,C06093,2025-01-17,UPI,Delivered,Express
O003519,C07562,2025-11-09,UPI,Delivered,Standard
O003520,C07548,2024-04-02,Debit Card,Returned,Standard
O003521,C03198,2024-03-11,Debit Card,Delivered,Standard
O003522,C01309,2024-05-01,UPI,Delivered,Standard
O003523,C02853,2024-10-14,UPI,Delivered,Standard
O003524,C00907,2025-02-05,UPI,Delivered,Standard
O003525,C03506,2024-08-31,Debit Card,Delivered,Standard
O003526,C04072,2024-08-21,UPI,Delivered,Standard
O003527,C02744,2024-05-19,Debit Card,Delivered,Standard
O003528,C02139,2024-06-07,Net Banking,Delivered,Express
O003529,C07323,2024-08-22,UPI,Delivered,Express
O003530,C07508,2025-10-16,COD,Delivered,Express
O003531,C06090,2024-09-28,UPI,Cancelled,Standard
O003532,C03878,2024-11-26,Credit Card,Cancelled,Same Day
O003533,C01561,2025-05-11,Credit Card,Delivered,Standard
O003534,C04934,2024-06-11,UPI,Delivered,Express
O003535,C02724,2024-02-17,Net Banking,Delivered,Standard
O003536,C04576,2025-07-10,Credit Card,Cancelled,Standard
O003537,C06947,2025-02-18,Debit Card,Delivered,Standard
O003538,C06243,2024-05-27,Debit Card,Delivered,Express
O003539,C04021,2024-10-15,UPI,Delivered,Express
O003540,C00309,2025-07-09,Credit Card,Delivered,Standard
O003541,C05887,2025-09-19,Debit Card,Delivered,Standard
O003542,C01340,2024-12-28,Credit Card,Delivered,Same Day
O003543,C06848,2025-02-14,Credit Card,Delivered,Express
O003544,C00825,2025-01-19,UPI,Delivered,Express
O003545,C02476,2024-07-09,Debit Card,Delivered,Express
O003546,C01668,2024-02-15,UPI,Delivered,Express
O003547,C03485,2024-01-28,Credit Card,Delivered,Express
O003548,C06874,2025-01-18,UPI,Delivered,Standard
O003549,C02579,2024-10-21,Credit Card,Returned,Standard
O003550,C01478,2024-03-20,Credit Card,Delivered,Express
O003551,C04215,2024-05-27,UPI,Delivered,Standard
O003552,C01811,2025-03-11,COD,Cancelled,Standard
O003553,C02537,2024-01-27,Wallet,Delivered,Same Day
O003554,C01277,2024-08-29,Debit Card,Delivered,Standard
O003555,C02599,2025-04-10,Credit Card,Delivered,Standard
O003556,C01732,2025-02-16,Net Banking,Delivered,Standard
O003557,C02399,2025-07-26,UPI,Delivered,Standard
O003558,C07311,2024-09-17,UPI,Delivered,Express
O003559,C03757,2024-01-28,Debit Card,Delivered,Standard
O003560,C07566,2025-03-16,UPI,Delivered,Standard
O003561,C05247,2025-04-23,Debit Card,Returned,Standard
O003562,C07340,2025-03-28,COD,Delivered,Express
O003563,C04817,2024-01-30,Credit Card,Delivered,Standard
O003564,C03027,2025-02-26,Credit Card,Delivered,Express
O003565,C07370,2024-04-07,Credit Card,Delivered,Standard
O003566,C00738,2024-11-04,Net Banking,Delivered,Standard
O003567,C06828,2024-03-16,UPI,Delivered,Standard
O003568,C05686,2025-06-15,Debit Card,Delivered,Same Day
O003569,C06087,2024-01-22,Credit Card,Delivered,Same Day
O003570,C07737,2024-04-05,UPI,Delivered,Express
O003571,C04364,2024-09-17,UPI,Delivered,Standard
O003572,C03514,2024-04-20,Net Banking,Delivered,Standard
O003573,C01800,2024-10-10,Credit Card,Delivered,Standard
O003574,C04894,2025-02-01,Credit Card,Delivered,Standard
O003575,C01880,2025-11-27,Debit Card,Delivered,Standard
O003576,C02014,2024-07-15,Debit Card,Delivered,Standard
O003577,C01326,2024-12-09,Debit Card,Delivered,Standard
O003578,C02016,2024-08-16,Net Banking,Delivered,Standard
O003579,C06440,2025-03-26,Debit Card,Delivered,Standard
O003580,C06714,2025-07-17,Wallet,Delivered,Express
O003581,C01950,2025-09-29,Credit Card,Returned,Standard
O003582,C03186,2024-10-18,UPI,Delivered,Same Day
O003583,C06887,2025-02-26,Wallet,Delivered,Standard
O003584,C02014,2025-12-05,UPI,Delivered,Same Day
O003585,C05129,2025-04-02,UPI,Delivered,Standard
O003586,C02730,2024-05-29,Credit Card,Delivered,Standard
O003587,C05330,2025-08-18,Debit Card,Delivered,Standard
O003588,C01491,2025-05-26,UPI,Delivered,Standard
O003589,C04177,2024-01-03,Debit Card,Delivered,Standard
O003590,C04720,2024-04-15,Credit Card,Delivered,Express
O003591,C00766,2024-05-17,Credit Card,Delivered,Same Day
O003592,C05377,2024-12-03,Credit Card,Cancelled,Standard
O003593,C03488,2025-02-18,Credit Card,Delivered,Standard
O003594,C02364,2025-04-10,Credit Card,Returned,Standard
O003595,C06518,2025-11-21,Credit Card,Delivered,Standard
O003596,C01938,2025-12-31,UPI,Delivered,Express
O003597,C01175,2024-10-05,Credit Card,Delivered,Standard
O003598,C04978,2025-10-01,UPI,Delivered,Standard
O003599,C07348,2024-10-26,Credit Card,Delivered,Standard
O003600,C02956,2024-03-31,Net Banking,Delivered,Standard
O003601,C05329,2025-06-08,Credit Card,Delivered,Standard
O003602,C02191,2024-05-06,Net Banking,Delivered,Standard
O003603,C07611,2025-09-24,UPI,Delivered,Standard
O003604,C07178,2025-11-03,Credit Card,Delivered,Standard
O003605,C01732,2025-09-19,Debit Card,Delivered,Standard
O003606,C01051,2024-11-08,UPI,Delivered,Express
O003607,C00628,2025-10-10,Wallet,Delivered,Standard
O003608,C06512,2025-12-30,UPI,Delivered,Standard
O003609,C04894,2025-06-26,Wallet,Delivered,Standard
O003610,C07548,2025-06-28,Debit Card,Delivered,Express
O003611,C02310,2025-10-24,UPI,Delivered,Standard
O003612,C04494,2025-03-09,UPI,Returned,Standard
O003613,C05557,2025-01-19,UPI,Delivered,Standard
O003614,C07177,2025-10-01,Credit Card,Delivered,Standard
O003615,C03798,2024-02-16,Net Banking,Delivered,Express
O003616,C06513,2025-08-16,UPI,Delivered,Standard
O003617,C05332,2025-07-08,UPI,Delivered,Standard
O003618,C01798,2024-09-11,UPI,Delivered,Express
O003619,C06827,2024-03-10,Net Banking,Delivered,Standard
O003620,C01203,2024-01-07,Debit Card,Delivered,Express
O003621,C04871,2024-08-19,UPI,Delivered,Standard
O003622,C05086,2024-05-27,Credit Card,Delivered,Standard
O003623,C01100,2025-07-21,COD,Delivered,Standard
O003624,C07721,2024-07-01,Credit Card,Returned,Standard
O003625,C07588,2024-10-07,Wallet,Delivered,Express
O003626,C02018,2025-06-12,Credit Card,Delivered,Standard
O003627,C00652,2024-08-17,Debit Card,Delivered,Standard
O003628,C04701,2025-03-09,UPI,Delivered,Standard
O003629,C06848,2024-04-28,UPI,Delivered,Express
O003630,C07087,2025-09-08,UPI,Delivered,Same Day
O003631,C03913,2025-09-02,Wallet,Delivered,Same Day
O003632,C05285,2025-10-22,Wallet,Delivered,Standard
O003633,C07273,2024-12-05,UPI,Delivered,Standard
O003634,C02924,2024-07-10,UPI,Delivered,Standard
O003635,C05184,2024-06-03,Debit Card,Returned,Express
O003636,C01135,2024-05-12,Debit Card,Delivered,Standard
O003637,C07218,2024-10-14,UPI,Delivered,Standard
O003638,C05771,2025-01-31,Credit Card,Delivered,Same Day
O003639,C05646,2025-06-30,Credit Card,Delivered,Standard
O003640,C03742,2024-05-19,Debit Card,Delivered,Standard
O003641,C04028,2025-01-13,Credit Card,Returned,Express
O003642,C07190,2025-10-17,Credit Card,Delivered,Express
O003643,C05780,2024-02-06,Debit Card,Delivered,Express
O003644,C01433,2024-12-07,Wallet,Delivered,Express
O003645,C05866,2025-09-07,Credit Card,Delivered,Express
O003646,C00814,2025-06-01,Credit Card,Delivered,Standard
O003647,C04030,2024-07-06,COD,Delivered,Standard
O003648,C05130,2024-05-22,Credit Card,Delivered,Standard
O003649,C01439,2025-04-19,Debit Card,Delivered,Standard
O003650,C05109,2025-06-15,Net Banking,Delivered,Standard
O003651,C00072,2024-12-15,Net Banking,Delivered,Same Day
O003652,C06436,2025-07-26,Credit Card,Cancelled,Standard
O003653,C01904,2025-04-04,UPI,Delivered,Standard
O003654,C04245,2025-03-26,UPI,Delivered,Standard
O003655,C06374,2024-11-22,Credit Card,Delivered,Standard
O003656,C01885,2025-08-10,COD,Delivered,Standard
O003657,C07880,2025-04-07,Wallet,Delivered,Standard
O003658,C04576,2025-10-22,Debit Card,Delivered,Standard
O003659,C00953,2024-10-14,Debit Card,Delivered,Standard
O003660,C06998,2024-04-25,Credit Card,Delivered,Standard
O003661,C05677,2024-03-12,UPI,Delivered,Same Day
O003662,C04223,2025-01-10,UPI,Delivered,Standard
O003663,C01451,2025-05-23,UPI,Delivered,Standard
O003664,C06438,2025-12-28,UPI,Delivered,Standard
O003665,C02082,2025-08-19,Debit Card,Delivered,Standard
O003666,C06081,2024-11-26,Net Banking,Delivered,Standard
O003667,C03077,2024-08-10,Credit Card,Cancelled,Express
O003668,C01868,2024-01-17,Credit Card,Cancelled,Standard
O003669,C01672,2025-12-04,Credit Card,Delivered,Express
O003670,C04688,2025-01-02,Credit Card,Delivered,Standard
O003671,C05100,2024-07-31,Wallet,Delivered,Standard
O003672,C04122,2025-04-14,Credit Card,Delivered,Express
O003673,C00222,2025-09-23,Debit Card,Delivered,Standard
O003674,C03436,2025-10-24,Net Banking,Delivered,Express
O003675,C07797,2024-11-11,Net Banking,Delivered,Standard
O003676,C00801,2024-04-22,Net Banking,Delivered,Standard
O003677,C00184,2025-03-28,Debit Card,Delivered,Standard
O003678,C06754,2025-12-05,UPI,Delivered,Express
O003679,C05781,2024-02-24,UPI,Delivered,Standard
O003680,C05277,2024-05-17,Credit Card,Delivered,Standard
O003681,C04693,2025-10-09,Debit Card,Delivered,Express
O003682,C00750,2025-03-04,Debit Card,Delivered,Standard
O003683,C06965,2024-07-07,Wallet,Delivered,Standard
O003684,C03723,2024-07-19,Debit Card,Delivered,Standard
O003685,C07277,2025-03-30,UPI,Delivered,Standard
O003686,C07211,2025-12-23,UPI,Delivered,Standard
O003687,C06576,2025-03-28,Net Banking,Delivered,Same Day
O003688,C07414,2025-12-15,Credit Card,Delivered,Express
O003689,C01923,2024-12-01,Debit Card,Delivered,Express
O003690,C04247,2024-04-03,UPI,Delivered,Express
O003691,C02419,2024-01-05,COD,Delivered,Standard
O003692,C01605,2024-06-05,COD,Delivered,Standard
O003693,C00099,2024-05-04,Debit Card,Delivered,Standard
O003694,C06831,2025-11-27,Credit Card,Delivered,Standard
O003695,C03488,2024-09-13,Credit Card,Delivered,Express
O003696,C06746,2024-11-10,COD,Delivered,Standard
O003697,C02771,2024-05-05,Credit Card,Delivered,Same Day
O003698,C03571,2024-07-10,COD,Delivered,Standard
O003699,C03247,2024-10-11,Credit Card,Returned,Same Day
O003700,C06721,2024-10-16,Net Banking,Delivered,Standard
O003701,C00174,2024-12-27,UPI,Delivered,Standard
O003702,C03348,2025-02-12,Credit Card,Delivered,Standard
O003703,C06732,2024-04-23,Credit Card,Delivered,Standard
O003704,C07011,2024-09-14,Debit Card,Delivered,Same Day
O003705,C00154,2025-01-02,Credit Card,Delivered,Standard
O003706,C04536,2024-04-16,UPI,Delivered,Standard
O003707,C02681,2025-05-17,UPI,Delivered,Express
O003708,C01322,2024-01-28,UPI,Delivered,Express
O003709,C07536,2024-05-23,Wallet,Delivered,Same Day
O003710,C02775,2024-11-25,Wallet,Returned,Standard
O003711,C06894,2024-11-21,Debit Card,Delivered,Standard
O003712,C05495,2025-05-07,UPI,Delivered,Standard
O003713,C00146,2024-04-21,Wallet,Cancelled,Express
O003714,C03590,2025-02-21,Credit Card,Delivered,Standard
O003715,C01515,2025-06-29,Debit Card,Delivered,Standard
O003716,C00290,2024-02-03,Credit Card,Delivered,Express
O003717,C00023,2024-02-21,Debit Card,Delivered,Express
O003718,C03269,2025-08-29,UPI,Delivered,Express
O003719,C01561,2024-05-04,Credit Card,Delivered,Express
O003720,C07897,2024-12-03,Net Banking,Delivered,Standard
O003721,C07755,2024-07-30,Wallet,Delivered,Standard
O003722,C02842,2024-01-10,COD,Delivered,Standard
O003723,C04814,2025-04-27,UPI,Delivered,Same Day
O003724,C03161,2025-09-27,Debit Card,Delivered,Standard
O003725,C02808,2024-09-12,Credit Card,Delivered,Express
O003726,C05915,2025-06-27,UPI,Delivered,Standard
O003727,C06408,2024-01-13,Net Banking,Delivered,Express
O003728,C00854,2024-07-14,Net Banking,Delivered,Express
O003729,C06001,2024-04-30,UPI,Delivered,Standard
O003730,C04377,2025-03-12,Wallet,Delivered,Express
O003731,C02077,2025-05-23,COD,Delivered,Standard
O003732,C07566,2024-04-28,Credit Card,Delivered,Express
O003733,C05540,2024-07-30,Credit Card,Delivered,Standard
O003734,C01892,2025-07-25,Credit Card,Delivered,Standard
O003735,C06812,2024-01-19,Net Banking,Delivered,Standard
O003736,C05332,2025-08-31,Net Banking,Delivered,Standard
O003737,C03214,2025-09-13,UPI,Delivered,Standard
O003738,C04238,2024-08-09,Debit Card,Returned,Express
O003739,C06753,2025-03-16,Credit Card,Delivered,Same Day
O003740,C03876,2025-12-17,Credit Card,Delivered,Standard
O003741,C00508,2024-07-28,UPI,Returned,Express
O003742,C01574,2025-08-24,Credit Card,Delivered,Standard
O003743,C01272,2025-06-14,Credit Card,Delivered,Standard
O003744,C00246,2025-02-21,Debit Card,Delivered,Standard
O003745,C01662,2025-02-23,UPI,Delivered,Standard
O003746,C07616,2024-01-16,Debit Card,Delivered,Standard
O003747,C04576,2025-05-15,UPI,Delivered,Standard
O003748,C01820,2025-04-06,Credit Card,Delivered,Standard
O003749,C03914,2025-05-17,Credit Card,Delivered,Same Day
O003750,C02422,2025-03-14,Debit Card,Delivered,Standard
O003751,C03867,2024-11-11,UPI,Delivered,Standard
O003752,C05086,2025-02-27,UPI,Delivered,Express
O003753,C00490,2025-10-09,Credit Card,Delivered,Standard
O003754,C03318,2025-03-29,Debit Card,Delivered,Standard
O003755,C05370,2025-02-24,UPI,Delivered,Standard
O003756,C07570,2024-12-19,Debit Card,Delivered,Standard
O003757,C00312,2024-05-09,Debit Card,Returned,Express
O003758,C00138,2025-02-12,Net Banking,Delivered,Standard
O003759,C04808,2025-09-23,UPI,Delivered,Standard
O003760,C07422,2024-09-09,Credit Card,Delivered,Standard
O003761,C06507,2025-03-15,UPI,Delivered,Standard
O003762,C00648,2024-12-01,Credit Card,Delivered,Express
O003763,C01007,2025-08-21,UPI,Delivered,Standard
O003764,C07627,2024-05-06,UPI,Delivered,Standard
O003765,C03801,2025-12-30,Net Banking,Delivered,Express
O003766,C04287,2024-02-02,Net Banking,Delivered,Standard
O003767,C07166,2024-03-09,Credit Card,Delivered,Standard
O003768,C02800,2024-11-04,UPI,Delivered,Standard
O003769,C03711,2025-01-19,UPI,Delivered,Standard
O003770,C06444,2024-11-20,Credit Card,Delivered,Standard
O003771,C04532,2024-11-11,Credit Card,Delivered,Standard
O003772,C06252,2024-09-13,Net Banking,Delivered,Standard
O003773,C00998,2025-10-15,Wallet,Delivered,Standard
O003774,C07388,2024-05-06,Credit Card,Delivered,Standard
O003775,C00789,2024-01-09,Credit Card,Returned,Standard
O003776,C04255,2025-03-27,UPI,Delivered,Same Day
O003777,C00452,2025-12-12,COD,Delivered,Standard
O003778,C00432,2024-08-09,Credit Card,Delivered,Standard
O003779,C06894,2024-12-14,Debit Card,Delivered,Standard
O003780,C02899,2024-11-15,Wallet,Delivered,Standard
O003781,C07010,2024-10-31,Credit Card,Delivered,Standard
O003782,C04166,2024-12-01,Credit Card,Delivered,Standard
O003783,C03381,2025-06-11,UPI,Delivered,Standard
O003784,C07370,2024-11-21,Credit Card,Delivered,Standard
O003785,C00687,2024-10-06,UPI,Delivered,Express
O003786,C02036,2024-01-10,Net Banking,Delivered,Standard
O003787,C01220,2024-10-18,Net Banking,Delivered,Standard
O003788,C06243,2024-07-13,UPI,Delivered,Standard
O003789,C00502,2025-05-02,Credit Card,Delivered,Standard
O003790,C07476,2025-12-04,UPI,Delivered,Standard
O003791,C00442,2024-04-12,UPI,Delivered,Express
O003792,C00351,2024-07-26,Credit Card,Delivered,Express
O003793,C05234,2025-11-02,Debit Card,Returned,Standard
O003794,C05470,2025-06-23,Debit Card,Delivered,Express
O003795,C01417,2025-10-30,UPI,Delivered,Same Day
O003796,C06235,2024-09-03,Credit Card,Delivered,Standard
O003797,C01706,2025-11-11,Credit Card,Cancelled,Standard
O003798,C03309,2024-02-10,Credit Card,Delivered,Standard
O003799,C06118,2025-02-13,Net Banking,Delivered,Express
O003800,C04347,2025-04-01,Credit Card,Delivered,Standard
O003801,C01272,2024-05-13,Credit Card,Cancelled,Standard
O003802,C03723,2024-11-23,COD,Delivered,Express
O003803,C02364,2025-09-04,COD,Delivered,Standard
O003804,C07018,2024-12-15,Credit Card,Cancelled,Standard
O003805,C01429,2024-11-24,Credit Card,Delivered,Express
O003806,C04290,2025-04-30,Credit Card,Delivered,Standard
O003807,C05093,2024-12-04,Credit Card,Delivered,Express
O003808,C03116,2025-05-24,UPI,Delivered,Standard
O003809,C04642,2025-06-19,UPI,Delivered,Standard
O003810,C02389,2025-12-04,UPI,Delivered,Standard
O003811,C05877,2024-08-24,Credit Card,Delivered,Standard
O003812,C01155,2024-11-08,COD,Delivered,Standard
O003813,C03876,2024-03-16,UPI,Delivered,Express
O003814,C00687,2025-01-26,Credit Card,Delivered,Express
O003815,C06562,2025-01-31,Credit Card,Delivered,Standard
O003816,C01878,2024-08-17,Debit Card,Delivered,Standard
O003817,C04674,2025-10-02,Credit Card,Delivered,Express
O003818,C06969,2025-12-30,UPI,Delivered,Express
O003819,C06849,2025-01-05,Credit Card,Delivered,Express
O003820,C04493,2024-06-05,Credit Card,Cancelled,Standard
O003821,C03453,2024-06-15,UPI,Delivered,Standard
O003822,C05166,2025-01-22,UPI,Delivered,Standard
O003823,C03569,2025-08-12,COD,Returned,Standard
O003824,C01219,2024-11-06,COD,Delivered,Standard
O003825,C04968,2025-05-30,UPI,Delivered,Standard
O003826,C01072,2024-02-25,Debit Card,Delivered,Standard
O003827,C06159,2024-12-06,Credit Card,Delivered,Express
O003828,C01164,2024-01-15,UPI,Delivered,Standard
O003829,C00528,2024-10-04,Credit Card,Delivered,Standard
O003830,C02424,2025-04-13,Credit Card,Cancelled,Standard
O003831,C07817,2025-10-08,Debit Card,Delivered,Express
O003832,C06909,2024-07-12,COD,Delivered,Standard
O003833,C05349,2025-10-28,Credit Card,Delivered,Standard
O003834,C06576,2024-02-27,UPI,Delivered,Standard
O003835,C03449,2025-09-17,UPI,Delivered,Standard
O003836,C02458,2025-12-23,UPI,Cancelled,Express
O003837,C04718,2025-03-22,Credit Card,Delivered,Standard
O003838,C01328,2025-08-10,UPI,Delivered,Standard
O003839,C00913,2025-01-07,Credit Card,Delivered,Standard
O003840,C01899,2024-10-15,Debit Card,Delivered,Standard
O003841,C04894,2025-09-22,Credit Card,Delivered,Express
O003842,C06060,2025-02-13,Net Banking,Delivered,Express
O003843,C06260,2024-10-04,COD,Delivered,Standard
O003844,C05142,2024-10-20,UPI,Delivered,Standard
O003845,C06507,2025-11-28,UPI,Delivered,Standard
O003846,C06304,2024-09-11,UPI,Delivered,Standard
O003847,C05015,2025-09-02,Debit Card,Delivered,Standard
O003848,C00344,2025-01-18,Debit Card,Delivered,Standard
O003849,C05918,2024-08-05,Net Banking,Delivered,Standard
O003850,C07827,2024-02-02,UPI,Delivered,Standard
O003851,C03390,2024-08-05,Credit Card,Delivered,Express
O003852,C01721,2025-08-01,Credit Card,Delivered,Express
O003853,C01979,2025-04-07,Net Banking,Delivered,Express
O003854,C01203,2024-04-16,UPI,Delivered,Same Day
O003855,C03205,2025-11-06,Credit Card,Delivered,Standard
O003856,C03349,2024-08-30,Net Banking,Delivered,Standard
O003857,C04937,2025-08-14,Debit Card,Delivered,Standard
O003858,C02138,2024-05-07,Credit Card,Delivered,Express
O003859,C00091,2024-12-07,Wallet,Delivered,Standard
O003860,C05797,2025-07-19,Debit Card,Delivered,Same Day
O003861,C06865,2024-10-30,UPI,Delivered,Express
O003862,C07691,2025-01-21,Credit Card,Delivered,Express
O003863,C04576,2024-11-13,UPI,Delivered,Standard
O003864,C01402,2025-02-11,Credit Card,Delivered,Standard
O003865,C07856,2025-04-06,UPI,Delivered,Standard
O003866,C02687,2025-07-07,UPI,Delivered,Standard
O003867,C06948,2024-05-20,Credit Card,Delivered,Express
O003868,C01205,2024-11-13,UPI,Delivered,Express
O003869,C01224,2024-12-28,UPI,Delivered,Standard
O003870,C00576,2024-03-29,Wallet,Delivered,Standard
O003871,C02366,2024-09-20,Debit Card,Delivered,Standard
O003872,C00300,2024-07-09,Credit Card,Delivered,Express
O003873,C05877,2025-07-29,Debit Card,Delivered,Express
O003874,C01482,2024-05-03,Credit Card,Delivered,Standard
O003875,C00667,2024-09-11,Debit Card,Delivered,Express
O003876,C05241,2025-09-12,UPI,Delivered,Express
O003877,C04407,2024-10-21,UPI,Delivered,Standard
O003878,C05283,2025-06-08,UPI,Cancelled,Standard
O003879,C06305,2025-03-28,UPI,Delivered,Standard
O003880,C04782,2024-02-04,Net Banking,Cancelled,Standard
O003881,C03136,2024-05-15,Credit Card,Delivered,Standard
O003882,C00966,2025-01-08,Credit Card,Delivered,Express
O003883,C03637,2024-06-22,UPI,Returned,Standard
O003884,C06803,2024-04-28,Debit Card,Delivered,Express
O003885,C03846,2025-02-05,Wallet,Delivered,Standard
O003886,C02593,2025-02-15,Debit Card,Delivered,Express
O003887,C06578,2025-06-10,Wallet,Delivered,Standard
O003888,C05523,2024-01-08,COD,Delivered,Express
O003889,C00429,2025-02-21,COD,Delivered,Standard
O003890,C04978,2025-03-05,Credit Card,Delivered,Standard
O003891,C02262,2024-02-25,COD,Delivered,Standard
O003892,C05404,2025-12-25,Debit Card,Delivered,Standard
O003893,C02399,2024-11-19,COD,Delivered,Express
O003894,C05272,2025-11-23,Debit Card,Delivered,Standard
O003895,C01561,2025-08-24,Credit Card,Delivered,Express
O003896,C05642,2024-12-18,Credit Card,Delivered,Express
O003897,C02570,2024-12-06,Debit Card,Delivered,Express
O003898,C01194,2025-09-15,Debit Card,Delivered,Standard
O003899,C01468,2024-01-10,Net Banking,Delivered,Standard
O003900,C03228,2024-06-09,Net Banking,Returned,Standard
O003901,C01620,2025-10-17,Credit Card,Delivered,Standard
O003902,C01340,2025-04-03,UPI,Delivered,Same Day
O003903,C00208,2024-06-20,UPI,Delivered,Standard
O003904,C00651,2025-03-26,Debit Card,Delivered,Standard
O003905,C07211,2025-10-20,COD,Delivered,Standard
O003906,C00358,2024-06-26,Credit Card,Delivered,Express
O003907,C07449,2024-01-23,UPI,Delivered,Standard
O003908,C07418,2025-11-15,Credit Card,Delivered,Standard
O003909,C00154,2024-06-30,UPI,Delivered,Standard
O003910,C06800,2024-03-23,Credit Card,Delivered,Standard
O003911,C05603,2025-07-19,UPI,Delivered,Standard
O003912,C07449,2025-02-23,Wallet,Delivered,Standard
O003913,C07566,2024-04-11,Wallet,Delivered,Express
O003914,C04600,2025-08-04,Debit Card,Delivered,Standard
O003915,C02931,2024-05-02,Debit Card,Delivered,Standard
O003916,C00071,2025-08-11,Credit Card,Delivered,Express
O003917,C01443,2025-10-27,Net Banking,Delivered,Standard
O003918,C06337,2024-10-06,Net Banking,Cancelled,Standard
O003919,C06587,2025-10-11,Debit Card,Delivered,Express
O003920,C01482,2024-05-26,UPI,Delivered,Express
O003921,C03508,2024-11-03,Debit Card,Delivered,Standard
O003922,C05448,2025-09-22,Wallet,Delivered,Standard
O003923,C06969,2024-10-30,Credit Card,Delivered,Standard
O003924,C00631,2024-08-06,Wallet,Delivered,Standard
O003925,C01080,2024-03-08,Debit Card,Delivered,Standard
O003926,C07601,2024-05-17,Wallet,Delivered,Standard
O003927,C02795,2025-09-14,UPI,Delivered,Standard
O003928,C02771,2025-11-28,Credit Card,Delivered,Standard
O003929,C06808,2025-11-30,Credit Card,Delivered,Standard
O003930,C01422,2025-08-22,UPI,Delivered,Same Day
O003931,C00065,2025-05-05,Credit Card,Delivered,Standard
O003932,C04968,2025-12-01,Credit Card,Delivered,Express
O003933,C05591,2025-06-03,UPI,Delivered,Standard
O003934,C02515,2024-06-30,Debit Card,Delivered,Standard
O003935,C07544,2024-06-30,Credit Card,Delivered,Standard
O003936,C06048,2025-01-16,Net Banking,Delivered,Standard
O003937,C03916,2024-01-19,Net Banking,Delivered,Standard
O003938,C06689,2024-04-30,Credit Card,Delivered,Same Day
O003939,C03987,2025-11-05,Wallet,Delivered,Standard
O003940,C05097,2024-04-20,UPI,Delivered,Standard
O003941,C02075,2025-09-17,Credit Card,Delivered,Standard
O003942,C07201,2025-03-19,UPI,Delivered,Standard
O003943,C02362,2024-11-27,Wallet,Cancelled,Standard
O003944,C01996,2024-10-21,Debit Card,Delivered,Standard
O003945,C06622,2025-07-14,Debit Card,Delivered,Express
O003946,C06324,2025-01-31,Credit Card,Delivered,Standard
O003947,C02328,2024-06-15,Credit Card,Delivered,Standard
O003948,C07074,2024-10-25,Credit Card,Delivered,Standard
O003949,C07759,2025-10-26,Debit Card,Delivered,Standard
O003950,C04511,2025-08-29,Credit Card,Delivered,Express
O003951,C05033,2025-08-31,Wallet,Delivered,Same Day
O003952,C01675,2024-03-11,Debit Card,Delivered,Express
O003953,C00499,2025-06-22,Debit Card,Cancelled,Standard
O003954,C03744,2024-09-05,UPI,Delivered,Express
O003955,C03084,2024-12-01,Credit Card,Delivered,Standard
O003956,C02031,2025-07-29,Net Banking,Delivered,Express
O003957,C05202,2025-09-09,Net Banking,Delivered,Standard
O003958,C03781,2024-03-05,UPI,Delivered,Standard
O003959,C01654,2025-07-27,COD,Delivered,Standard
O003960,C00907,2024-02-22,Debit Card,Delivered,Express
O003961,C07563,2024-01-09,Credit Card,Returned,Standard
O003962,C00902,2024-11-17,UPI,Delivered,Express
O003963,C07575,2025-01-16,UPI,Delivered,Same Day
O003964,C04162,2025-05-28,Credit Card,Delivered,Standard
O003965,C05465,2024-01-15,Credit Card,Delivered,Standard
O003966,C03135,2024-09-11,Credit Card,Delivered,Standard
O003967,C00374,2024-12-22,UPI,Delivered,Express
O003968,C07111,2025-11-10,COD,Delivered,Express
O003969,C05479,2025-03-07,Credit Card,Returned,Standard
O003970,C01733,2024-03-22,UPI,Delivered,Standard
O003971,C01616,2025-05-07,UPI,Delivered,Standard
O003972,C06429,2024-12-17,Debit Card,Delivered,Standard
O003973,C05242,2024-03-07,Wallet,Delivered,Standard
O003974,C05955,2025-08-26,Credit Card,Delivered,Express
O003975,C07901,2025-08-28,Wallet,Delivered,Express
O003976,C03476,2025-09-17,Wallet,Delivered,Standard
O003977,C02149,2024-08-26,UPI,Delivered,Standard
O003978,C06616,2025-08-08,UPI,Delivered,Standard
O003979,C01407,2025-03-08,Debit Card,Delivered,Standard
O003980,C02400,2024-12-26,Wallet,Delivered,Standard
O003981,C03626,2025-09-11,UPI,Delivered,Standard
O003982,C07750,2025-08-14,Credit Card,Delivered,Standard
O003983,C03969,2024-12-27,Debit Card,Delivered,Standard
O003984,C05732,2024-11-17,UPI,Delivered,Standard
O003985,C03781,2025-12-06,Credit Card,Delivered,Standard
O003986,C00859,2024-02-15,UPI,Delivered,Standard
O003987,C04757,2025-05-04,Wallet,Returned,Standard
O003988,C03892,2025-01-19,UPI,Delivered,Express
O003989,C00304,2024-01-22,UPI,Returned,Standard
O003990,C03253,2025-05-15,Credit Card,Delivered,Standard
O003991,C00699,2024-09-05,Credit Card,Delivered,Express
O003992,C07614,2025-09-26,Net Banking,Delivered,Standard
O003993,C03183,2024-08-25,UPI,Delivered,Standard
O003994,C05469,2025-10-15,Wallet,Delivered,Same Day
O003995,C04870,2025-01-09,Wallet,Delivered,Express
O003996,C03934,2024-01-10,Debit Card,Delivered,Standard
O003997,C00253,2025-10-31,Debit Card,Delivered,Standard
O003998,C02400,2024-11-13,COD,Delivered,Standard
O003999,C05129,2024-02-23,UPI,Delivered,Standard
O004000,C00015,2025-08-28,Credit Card,Delivered,Express
O004001,C06313,2025-04-19,UPI,Delivered,Standard
O004002,C02514,2024-06-17,Credit Card,Delivered,Express
O004003,C00871,2024-01-04,UPI,Delivered,Express
O004004,C01789,2025-06-05,Wallet,Delivered,Standard
O004005,C04939,2024-07-28,Credit Card,Delivered,Express
O004006,C06707,2025-10-29,UPI,Delivered,Same Day
O004007,C06017,2024-12-24,Credit Card,Returned,Standard
O004008,C04158,2025-10-18,COD,Delivered,Standard
O004009,C06206,2025-08-30,COD,Delivered,Standard
O004010,C07566,2024-12-21,UPI,Delivered,Standard
O004011,C06897,2024-08-21,Debit Card,Delivered,Express
O004012,C04278,2025-11-22,UPI,Cancelled,Standard
O004013,C01098,2025-01-04,Wallet,Delivered,Standard
O004014,C01224,2024-06-06,UPI,Cancelled,Standard
O004015,C05402,2025-08-07,UPI,Delivered,Express
O004016,C05080,2024-04-03,Net Banking,Delivered,Standard
O004017,C00375,2024-06-03,Debit Card,Delivered,Standard
O004018,C04236,2025-01-23,UPI,Delivered,Standard
O004019,C03626,2024-05-31,Credit Card,Delivered,Express
O004020,C03341,2024-12-18,UPI,Delivered,Express
O004021,C01045,2025-03-09,COD,Delivered,Standard
O004022,C03578,2024-02-24,UPI,Delivered,Express
O004023,C00943,2025-01-19,Credit Card,Delivered,Standard
O004024,C05902,2025-01-27,UPI,Delivered,Standard
O004025,C03877,2024-10-11,Credit Card,Delivered,Standard
O004026,C01468,2024-08-10,UPI,Delivered,Standard
O004027,C07579,2025-08-14,Wallet,Delivered,Standard
O004028,C05230,2024-01-16,Debit Card,Delivered,Standard
O004029,C02063,2024-04-27,Debit Card,Delivered,Standard
O004030,C04518,2024-10-12,COD,Delivered,Express
O004031,C07595,2024-08-07,Net Banking,Delivered,Standard
O004032,C03143,2024-09-20,Credit Card,Delivered,Express
O004033,C02365,2025-09-23,Net Banking,Delivered,Standard
O004034,C07668,2024-05-29,Debit Card,Delivered,Standard
O004035,C01995,2024-05-09,Wallet,Delivered,Express
O004036,C00779,2025-02-28,Net Banking,Delivered,Standard
O004037,C04129,2025-02-10,Net Banking,Delivered,Express
O004038,C00193,2025-07-30,COD,Delivered,Standard
O004039,C02535,2024-11-05,Wallet,Delivered,Standard
O004040,C02614,2024-05-11,Credit Card,Delivered,Express
O004041,C06519,2024-01-01,UPI,Delivered,Same Day
O004042,C02052,2024-07-20,Debit Card,Delivered,Express
O004043,C01502,2024-04-04,Net Banking,Cancelled,Express
O004044,C00004,2024-07-09,Credit Card,Delivered,Standard
O004045,C01423,2024-03-28,Credit Card,Delivered,Express
O004046,C02624,2025-03-29,UPI,Delivered,Express
O004047,C07563,2025-08-16,Net Banking,Cancelled,Standard
O004048,C02783,2024-12-29,Credit Card,Returned,Standard
O004049,C02778,2024-11-21,Net Banking,Delivered,Express
O004050,C04978,2024-12-25,UPI,Delivered,Standard
O004051,C05562,2025-09-15,Credit Card,Delivered,Express
O004052,C06235,2025-01-15,Credit Card,Delivered,Standard
O004053,C00698,2024-09-28,Credit Card,Delivered,Standard
O004054,C01921,2024-07-05,Debit Card,Cancelled,Standard
O004055,C00988,2024-08-25,Credit Card,Delivered,Standard
O004056,C03287,2025-01-23,UPI,Delivered,Standard
O004057,C00442,2025-03-11,Credit Card,Delivered,Standard
O004058,C02274,2024-08-08,COD,Delivered,Standard
O004059,C05005,2024-12-09,Net Banking,Delivered,Standard
O004060,C00278,2025-01-19,Net Banking,Delivered,Same Day
O004061,C02316,2024-05-22,UPI,Delivered,Express
O004062,C04769,2024-10-30,UPI,Returned,Express
O004063,C06235,2025-09-10,UPI,Delivered,Same Day
O004064,C01270,2024-04-02,Debit Card,Delivered,Standard
O004065,C02768,2025-12-25,UPI,Delivered,Express
O004066,C02142,2025-03-24,Credit Card,Delivered,Express
O004067,C05767,2024-01-11,UPI,Delivered,Standard
O004068,C01920,2024-11-18,Credit Card,Delivered,Standard
O004069,C02428,2024-01-04,Net Banking,Delivered,Standard
O004070,C07708,2025-02-13,Credit Card,Delivered,Standard
O004071,C07854,2025-04-20,COD,Delivered,Standard
O004072,C05803,2025-03-19,UPI,Delivered,Standard
O004073,C03797,2024-08-10,Wallet,Delivered,Standard
O004074,C02846,2025-02-01,Debit Card,Delivered,Express
O004075,C04415,2025-09-08,Credit Card,Delivered,Standard
O004076,C06947,2024-10-09,Credit Card,Delivered,Standard
O004077,C07566,2025-03-31,Debit Card,Delivered,Standard
O004078,C03219,2024-06-22,Credit Card,Delivered,Express
O004079,C05469,2024-08-04,Credit Card,Delivered,Standard
O004080,C06888,2024-05-29,Credit Card,Delivered,Express
O004081,C05996,2024-08-31,UPI,Delivered,Standard
O004082,C00471,2024-11-16,Credit Card,Delivered,Standard
O004083,C02275,2024-03-12,UPI,Delivered,Express
O004084,C00907,2025-01-15,Wallet,Delivered,Standard
O004085,C07074,2025-07-08,UPI,Delivered,Standard
O004086,C02174,2025-10-06,Credit Card,Delivered,Standard
O004087,C05203,2024-08-22,Debit Card,Delivered,Standard
O004088,C00894,2025-09-22,Debit Card,Delivered,Standard
O004089,C06372,2024-05-14,Credit Card,Returned,Standard
O004090,C04062,2025-01-15,Net Banking,Delivered,Express
O004091,C04968,2024-08-30,COD,Returned,Standard
O004092,C00504,2025-05-27,UPI,Delivered,Standard
O004093,C02351,2025-01-08,UPI,Delivered,Standard
O004094,C05575,2025-06-12,UPI,Delivered,Standard
O004095,C00242,2024-07-14,UPI,Delivered,Express
O004096,C06921,2025-08-08,UPI,Delivered,Standard
O004097,C05598,2024-11-22,UPI,Delivered,Standard
O004098,C01530,2024-02-05,Wallet,Delivered,Standard
O004099,C04129,2025-11-02,Debit Card,Delivered,Express
O004100,C02347,2024-06-14,Credit Card,Cancelled,Standard
O004101,C06258,2025-08-14,Debit Card,Delivered,Same Day
O004102,C05411,2024-08-03,UPI,Delivered,Standard
O004103,C00424,2024-04-17,COD,Delivered,Standard
O004104,C07495,2024-03-06,Net Banking,Delivered,Standard
O004105,C05537,2025-05-10,Wallet,Delivered,Standard
O004106,C05045,2025-04-15,UPI,Returned,Express
O004107,C05520,2025-10-10,Debit Card,Delivered,Express
O004108,C06596,2024-12-11,Net Banking,Delivered,Standard
O004109,C06394,2025-03-11,Credit Card,Delivered,Express
O004110,C02019,2025-10-30,UPI,Delivered,Standard
O004111,C00563,2024-07-15,Credit Card,Delivered,Standard
O004112,C04199,2025-01-13,UPI,Delivered,Standard
O004113,C03517,2024-10-30,Credit Card,Delivered,Express
O004114,C02152,2024-05-09,Debit Card,Delivered,Same Day
O004115,C05068,2025-11-04,Net Banking,Cancelled,Standard
O004116,C01779,2024-07-28,UPI,Delivered,Standard
O004117,C03216,2024-05-21,Wallet,Delivered,Standard
O004118,C03555,2025-02-27,Debit Card,Delivered,Express
O004119,C04152,2025-10-14,Net Banking,Delivered,Express
O004120,C07241,2024-01-08,Credit Card,Delivered,Standard
O004121,C00926,2025-11-23,Net Banking,Delivered,Standard
O004122,C00022,2025-08-28,Credit Card,Delivered,Standard
O004123,C04815,2024-07-05,COD,Delivered,Standard
O004124,C07739,2024-06-10,UPI,Delivered,Same Day
O004125,C07693,2025-06-06,UPI,Delivered,Express
O004126,C04166,2025-04-20,Net Banking,Delivered,Standard
O004127,C08000,2024-11-25,Net Banking,Delivered,Standard
O004128,C05685,2024-01-09,Debit Card,Delivered,Express
O004129,C04231,2025-01-02,UPI,Delivered,Standard
O004130,C03225,2024-11-05,UPI,Delivered,Express
O004131,C05208,2024-07-19,UPI,Delivered,Standard
O004132,C00907,2024-04-09,UPI,Delivered,Standard
O004133,C00344,2025-08-03,UPI,Delivered,Standard
O004134,C05181,2024-11-29,UPI,Delivered,Standard
O004135,C01062,2024-03-01,Net Banking,Delivered,Express
O004136,C02484,2024-09-10,COD,Delivered,Express
O004137,C00113,2024-03-05,Credit Card,Delivered,Standard
O004138,C05196,2024-10-18,Net Banking,Cancelled,Standard
O004139,C05310,2024-05-27,COD,Delivered,Standard
O004140,C05971,2025-01-10,Debit Card,Delivered,Standard
O004141,C01712,2025-04-29,Net Banking,Delivered,Standard
O004142,C02350,2024-10-16,Credit Card,Delivered,Express
O004143,C00409,2024-11-05,UPI,Delivered,Express
O004144,C02581,2024-03-14,Credit Card,Delivered,Standard
O004145,C06722,2024-07-30,Debit Card,Delivered,Express
O004146,C04361,2024-05-13,Wallet,Delivered,Standard
O004147,C04210,2025-03-28,Net Banking,Delivered,Same Day
O004148,C04210,2025-05-30,Credit Card,Delivered,Standard
O004149,C04515,2024-05-15,Net Banking,Delivered,Standard
O004150,C07181,2025-04-19,Debit Card,Delivered,Standard
O004151,C06886,2024-03-30,Debit Card,Delivered,Same Day
O004152,C03509,2024-03-24,UPI,Delivered,Express
O004153,C03906,2025-11-26,UPI,Delivered,Standard
O004154,C02442,2024-03-20,Credit Card,Delivered,Standard
O004155,C03227,2025-09-29,UPI,Delivered,Standard
O004156,C01703,2025-06-27,UPI,Delivered,Standard
O004157,C01468,2025-02-02,Wallet,Delivered,Standard
O004158,C01204,2024-04-07,COD,Delivered,Express
O004159,C06693,2024-10-13,Debit Card,Delivered,Express
O004160,C00240,2025-05-16,UPI,Delivered,Standard
O004161,C01946,2025-07-12,UPI,Delivered,Express
O004162,C06510,2024-09-12,UPI,Delivered,Standard
O004163,C02931,2025-06-03,UPI,Cancelled,Standard
O004164,C01357,2024-06-28,Debit Card,Delivered,Standard
O004165,C03798,2025-05-26,UPI,Delivered,Express
O004166,C04739,2025-06-13,UPI,Delivered,Standard
O004167,C04215,2024-05-02,UPI,Delivered,Standard
O004168,C01407,2024-06-17,UPI,Delivered,Standard
O004169,C06638,2024-03-08,COD,Delivered,Standard
O004170,C00127,2024-07-13,Credit Card,Delivered,Standard
O004171,C00255,2024-10-07,UPI,Delivered,Standard
O004172,C04903,2024-06-17,COD,Delivered,Standard
O004173,C06703,2024-03-25,COD,Returned,Standard
O004174,C07522,2025-04-18,Net Banking,Delivered,Express
O004175,C04482,2024-05-30,Credit Card,Delivered,Standard
O004176,C07888,2025-08-23,UPI,Cancelled,Standard
O004177,C00437,2025-06-27,Net Banking,Delivered,Standard
O004178,C05450,2025-02-03,Credit Card,Delivered,Express
O004179,C04888,2025-06-27,Debit Card,Delivered,Standard
O004180,C00243,2025-07-14,Credit Card,Delivered,Express
O004181,C00871,2024-06-30,Credit Card,Delivered,Express
O004182,C01946,2024-10-06,Credit Card,Returned,Standard
O004183,C02724,2025-11-12,UPI,Delivered,Standard
O004184,C03671,2024-12-23,Credit Card,Cancelled,Standard
O004185,C06079,2025-05-13,Credit Card,Delivered,Standard
O004186,C00861,2024-02-11,Wallet,Delivered,Standard
O004187,C02019,2024-01-23,UPI,Delivered,Express
O004188,C00158,2025-03-31,Credit Card,Delivered,Standard
O004189,C02724,2025-04-16,UPI,Delivered,Express
O004190,C01961,2025-04-03,COD,Returned,Express
O004191,C00786,2024-07-19,Net Banking,Delivered,Express
O004192,C05639,2025-11-15,UPI,Delivered,Standard
O004193,C01754,2024-02-17,COD,Delivered,Express
O004194,C05887,2025-06-07,COD,Delivered,Standard
O004195,C00813,2024-08-30,Net Banking,Delivered,Express
O004196,C07083,2025-04-30,Debit Card,Delivered,Standard
O004197,C03778,2024-03-26,Credit Card,Delivered,Express
O004198,C06004,2024-03-12,Wallet,Delivered,Standard
O004199,C04875,2024-12-06,Credit Card,Delivered,Standard
O004200,C02843,2025-07-16,Net Banking,Delivered,Standard
O004201,C00276,2025-01-07,UPI,Delivered,Standard
O004202,C02523,2025-04-10,COD,Delivered,Standard
O004203,C01653,2025-10-01,Credit Card,Delivered,Standard
O004204,C07732,2025-05-29,Credit Card,Delivered,Express
O004205,C03534,2025-09-07,COD,Delivered,Standard
O004206,C00052,2025-05-07,Debit Card,Delivered,Standard
O004207,C00921,2024-01-09,Net Banking,Delivered,Same Day
O004208,C07245,2025-07-16,Credit Card,Delivered,Standard
O004209,C03505,2025-05-29,Net Banking,Delivered,Standard
O004210,C00392,2025-06-27,Debit Card,Delivered,Same Day
O004211,C03592,2024-08-02,UPI,Delivered,Standard
O004212,C05780,2024-09-11,UPI,Delivered,Standard
O004213,C00232,2025-03-20,Credit Card,Delivered,Standard
O004214,C03276,2024-08-24,COD,Cancelled,Standard
O004215,C04177,2025-12-25,UPI,Returned,Standard
O004216,C01022,2025-08-14,Wallet,Delivered,Same Day
O004217,C05841,2025-10-16,UPI,Cancelled,Express
O004218,C03488,2024-05-22,UPI,Delivered,Standard
O004219,C07252,2024-09-15,Credit Card,Delivered,Standard
O004220,C00926,2024-10-18,Credit Card,Delivered,Standard
O004221,C06346,2025-08-31,UPI,Delivered,Express
O004222,C06608,2024-08-06,COD,Delivered,Standard
O004223,C07798,2024-12-23,Debit Card,Delivered,Standard
O004224,C05242,2025-04-17,UPI,Delivered,Standard
O004225,C02169,2025-04-26,Wallet,Delivered,Standard
O004226,C06087,2025-12-03,Credit Card,Delivered,Standard
O004227,C06200,2024-08-07,Net Banking,Delivered,Standard
O004228,C02389,2025-07-18,Wallet,Delivered,Standard
O004229,C05008,2024-03-01,Credit Card,Delivered,Standard
O004230,C04226,2025-11-13,Net Banking,Delivered,Standard
O004231,C07707,2025-05-29,Credit Card,Delivered,Same Day
O004232,C02338,2025-01-06,UPI,Cancelled,Same Day
O004233,C07289,2024-05-09,Debit Card,Returned,Standard
O004234,C04487,2024-04-09,Credit Card,Delivered,Standard
O004235,C06485,2025-02-07,COD,Delivered,Standard
O004236,C03001,2025-06-16,Net Banking,Delivered,Standard
O004237,C00687,2024-10-16,Debit Card,Delivered,Standard
O004238,C04228,2024-05-22,Net Banking,Delivered,Standard
O004239,C05339,2025-12-15,UPI,Delivered,Standard
O004240,C00113,2024-11-29,Debit Card,Delivered,Standard
O004241,C06235,2024-01-28,UPI,Delivered,Express
O004242,C05875,2024-11-09,Credit Card,Delivered,Standard
O004243,C00843,2025-03-09,UPI,Delivered,Standard
O004244,C00058,2025-05-07,Credit Card,Delivered,Express
O004245,C04755,2025-03-31,UPI,Delivered,Standard
O004246,C07988,2024-04-20,Credit Card,Delivered,Standard
O004247,C05098,2024-11-30,Debit Card,Delivered,Standard
O004248,C05743,2025-05-16,UPI,Cancelled,Express
O004249,C05489,2024-01-25,Debit Card,Delivered,Express
O004250,C02402,2025-01-19,Debit Card,Delivered,Express
O004251,C05677,2024-01-19,Debit Card,Delivered,Standard
O004252,C04407,2024-11-23,Credit Card,Delivered,Express
O004253,C04576,2024-11-30,UPI,Delivered,Standard
O004254,C01386,2024-02-20,UPI,Delivered,Standard
O004255,C01663,2025-10-15,Debit Card,Delivered,Express
O004256,C03987,2024-10-08,COD,Returned,Express
O004257,C07385,2024-02-17,COD,Delivered,Standard
O004258,C00316,2025-04-01,COD,Delivered,Standard
O004259,C03142,2024-01-07,Debit Card,Delivered,Standard
O004260,C07834,2024-07-25,UPI,Delivered,Express
O004261,C02916,2025-06-30,UPI,Delivered,Standard
O004262,C05544,2024-01-04,Credit Card,Delivered,Standard
O004263,C01732,2024-02-21,UPI,Delivered,Standard
O004264,C02509,2025-11-14,Debit Card,Delivered,Standard
O004265,C05495,2024-01-24,Net Banking,Delivered,Express
O004266,C01891,2025-11-17,Net Banking,Delivered,Standard
O004267,C04977,2025-12-17,COD,Delivered,Standard
O004268,C00889,2025-12-07,Debit Card,Delivered,Express
O004269,C05871,2025-11-22,COD,Delivered,Standard
O004270,C01223,2025-09-06,Wallet,Delivered,Standard
O004271,C01701,2024-07-18,Wallet,Delivered,Standard
O004272,C04146,2024-09-08,Wallet,Delivered,Standard
O004273,C00800,2025-05-28,UPI,Delivered,Same Day
O004274,C04021,2024-04-17,Credit Card,Delivered,Express
O004275,C06116,2025-06-09,Credit Card,Delivered,Standard
O004276,C03339,2025-06-12,COD,Delivered,Standard
O004277,C05775,2025-09-25,UPI,Delivered,Standard
O004278,C01041,2024-08-03,Credit Card,Delivered,Standard
O004279,C04361,2024-12-31,Credit Card,Delivered,Standard
O004280,C02156,2025-04-28,Credit Card,Delivered,Express
O004281,C04138,2024-03-31,Wallet,Delivered,Standard
O004282,C00802,2024-03-01,UPI,Delivered,Standard
O004283,C02343,2024-07-27,Net Banking,Delivered,Same Day
O004284,C02517,2025-11-19,Debit Card,Delivered,Standard
O004285,C06449,2025-09-16,COD,Delivered,Express
O004286,C03580,2025-01-28,Credit Card,Delivered,Express
O004287,C04026,2025-02-19,UPI,Delivered,Standard
O004288,C04321,2024-02-10,UPI,Delivered,Express
O004289,C01735,2025-04-25,Wallet,Delivered,Standard
O004290,C05361,2025-08-14,Credit Card,Delivered,Same Day
O004291,C02058,2024-02-21,Credit Card,Delivered,Standard
O004292,C05469,2024-02-11,UPI,Delivered,Express
O004293,C01537,2024-11-09,UPI,Cancelled,Express
O004294,C01899,2024-11-02,Credit Card,Delivered,Standard
O004295,C03846,2025-09-05,Credit Card,Delivered,Standard
O004296,C01851,2024-12-02,UPI,Delivered,Standard
O004297,C03291,2025-02-25,Credit Card,Delivered,Same Day
O004298,C05568,2025-02-15,COD,Delivered,Express
O004299,C02062,2025-07-24,UPI,Delivered,Standard
O004300,C01028,2025-06-19,UPI,Delivered,Standard
O004301,C06831,2025-05-13,UPI,Delivered,Standard
O004302,C07287,2024-05-09,UPI,Cancelled,Standard
O004303,C07839,2025-06-26,Debit Card,Delivered,Express
O004304,C06060,2024-05-20,UPI,Delivered,Standard
O004305,C05710,2025-09-24,Net Banking,Delivered,Express
O004306,C06082,2024-01-28,Wallet,Delivered,Same Day
O004307,C03245,2024-01-29,UPI,Delivered,Standard
O004308,C06850,2025-03-04,Debit Card,Cancelled,Standard
O004309,C03611,2025-01-09,Debit Card,Delivered,Standard
O004310,C03510,2025-05-08,Debit Card,Delivered,Standard
O004311,C03592,2025-10-20,Debit Card,Delivered,Standard
O004312,C01880,2025-02-23,Debit Card,Delivered,Standard
O004313,C02882,2025-08-21,Credit Card,Delivered,Express
O004314,C05005,2025-05-28,Credit Card,Delivered,Standard
O004315,C07454,2024-08-09,Debit Card,Delivered,Standard
O004316,C07504,2025-08-04,Debit Card,Delivered,Standard
O004317,C06209,2025-07-29,Wallet,Delivered,Standard
O004318,C06589,2025-07-20,Net Banking,Returned,Standard
O004319,C02026,2024-11-10,Wallet,Delivered,Standard
O004320,C01493,2024-03-31,COD,Delivered,Standard
O004321,C01071,2025-03-11,Credit Card,Delivered,Express
O004322,C04732,2024-04-16,UPI,Delivered,Express
O004323,C03987,2024-02-07,Wallet,Delivered,Standard
O004324,C05550,2025-07-11,UPI,Delivered,Standard
O004325,C04445,2025-12-14,UPI,Delivered,Standard
O004326,C01824,2024-10-03,UPI,Delivered,Standard
O004327,C04180,2025-05-25,UPI,Delivered,Express
O004328,C04627,2024-04-15,Credit Card,Delivered,Standard
O004329,C07435,2024-08-15,Credit Card,Delivered,Standard
O004330,C05734,2025-09-02,UPI,Delivered,Express
O004331,C03534,2025-04-24,Credit Card,Delivered,Standard
O004332,C05762,2024-07-08,UPI,Delivered,Standard
O004333,C04800,2024-07-14,Credit Card,Delivered,Standard
O004334,C06924,2024-04-14,COD,Delivered,Standard
O004335,C05035,2024-04-25,UPI,Delivered,Standard
O004336,C06732,2025-05-25,Credit Card,Delivered,Standard
O004337,C03872,2025-04-02,Credit Card,Delivered,Standard
O004338,C02436,2024-12-27,UPI,Delivered,Express
O004339,C00861,2025-02-12,Credit Card,Cancelled,Express
O004340,C00099,2024-01-14,UPI,Delivered,Standard
O004341,C02522,2024-08-17,UPI,Delivered,Standard
O004342,C07415,2025-03-02,Debit Card,Delivered,Standard
O004343,C01714,2025-09-06,Net Banking,Delivered,Same Day
O004344,C06429,2025-12-11,UPI,Delivered,Standard
O004345,C02741,2024-01-21,Debit Card,Delivered,Express
O004346,C05629,2025-01-17,Wallet,Delivered,Express
O004347,C05745,2024-08-27,Debit Card,Delivered,Standard
O004348,C02347,2024-01-04,Credit Card,Delivered,Standard
O004349,C04392,2025-10-18,UPI,Delivered,Express
O004350,C05210,2025-07-31,Net Banking,Delivered,Standard
O004351,C01885,2025-06-04,Wallet,Delivered,Standard
O004352,C03910,2025-07-02,Credit Card,Delivered,Express
O004353,C05038,2024-08-13,Credit Card,Delivered,Express
O004354,C01108,2025-10-23,UPI,Delivered,Express
O004355,C00945,2024-01-24,UPI,Delivered,Standard
O004356,C00313,2024-03-31,Credit Card,Delivered,Express
O004357,C02393,2025-04-20,UPI,Cancelled,Standard
O004358,C06575,2024-05-21,UPI,Delivered,Standard
O004359,C00819,2024-09-08,UPI,Delivered,Same Day
O004360,C05649,2025-12-04,Credit Card,Delivered,Standard
O004361,C04838,2025-07-06,Net Banking,Delivered,Standard
O004362,C07304,2024-02-13,Debit Card,Delivered,Standard
O004363,C02190,2025-09-10,UPI,Delivered,Same Day
O004364,C04180,2025-08-02,UPI,Delivered,Standard
O004365,C06543,2025-12-25,UPI,Delivered,Standard
O004366,C05148,2024-12-07,UPI,Delivered,Standard
O004367,C00922,2024-12-15,Credit Card,Delivered,Express
O004368,C00900,2024-04-20,Credit Card,Returned,Express
O004369,C04935,2025-08-11,Credit Card,Delivered,Express
O004370,C05765,2025-05-13,UPI,Delivered,Standard
O004371,C03954,2024-01-22,Credit Card,Delivered,Same Day
O004372,C05604,2024-09-12,COD,Delivered,Standard
O004373,C04701,2024-06-29,UPI,Delivered,Express
O004374,C04708,2025-06-02,Net Banking,Delivered,Express
O004375,C05142,2024-11-09,Wallet,Delivered,Standard
O004376,C07157,2024-03-12,COD,Delivered,Express
O004377,C01417,2024-11-30,UPI,Delivered,Standard
O004378,C00797,2025-10-19,UPI,Delivered,Express
O004379,C01514,2025-04-05,Credit Card,Delivered,Express
O004380,C03978,2025-01-21,Wallet,Delivered,Standard
O004381,C06834,2024-09-21,Net Banking,Delivered,Express
O004382,C06441,2025-07-23,Net Banking,Delivered,Standard
O004383,C06092,2024-04-08,Credit Card,Delivered,Express
O004384,C02703,2024-11-09,COD,Cancelled,Express
O004385,C02363,2024-01-21,Wallet,Delivered,Standard
O004386,C06429,2025-02-13,Debit Card,Delivered,Standard
O004387,C07446,2024-01-23,UPI,Delivered,Standard
O004388,C03888,2025-07-06,Credit Card,Delivered,Standard
O004389,C00599,2025-06-28,Credit Card,Delivered,Standard
O004390,C00873,2024-06-26,UPI,Delivered,Standard
O004391,C03605,2024-01-04,UPI,Delivered,Same Day
O004392,C00646,2025-04-19,Credit Card,Delivered,Express
O004393,C00972,2025-05-16,UPI,Delivered,Standard
O004394,C04733,2024-05-19,Debit Card,Delivered,Standard
O004395,C04029,2025-05-30,Credit Card,Delivered,Standard
O004396,C00003,2024-09-24,UPI,Cancelled,Standard
O004397,C01641,2025-10-11,Debit Card,Delivered,Standard
O004398,C01954,2024-09-17,UPI,Delivered,Standard
O004399,C04670,2024-05-14,Credit Card,Delivered,Express
O004400,C03562,2025-05-14,UPI,Delivered,Express
O004401,C01631,2025-06-27,UPI,Delivered,Standard
O004402,C00088,2025-11-04,Credit Card,Returned,Express
O004403,C02674,2025-02-03,UPI,Delivered,Express
O004404,C01039,2025-08-23,Credit Card,Delivered,Standard
O004405,C00798,2024-04-07,Debit Card,Delivered,Standard
O004406,C06874,2025-10-06,Credit Card,Delivered,Standard
O004407,C02656,2025-03-24,Credit Card,Delivered,Express
O004408,C07458,2025-07-25,Wallet,Delivered,Express
O004409,C01642,2024-06-12,Wallet,Delivered,Standard
O004410,C03700,2025-02-14,COD,Delivered,Standard
O004411,C04224,2024-10-25,UPI,Returned,Standard
O004412,C01568,2024-09-14,Credit Card,Delivered,Standard
O004413,C02796,2025-01-22,Credit Card,Delivered,Standard
O004414,C05564,2024-08-11,UPI,Delivered,Standard
O004415,C02886,2024-06-28,UPI,Delivered,Standard
O004416,C02815,2025-07-31,Credit Card,Delivered,Standard
O004417,C07754,2024-11-22,UPI,Delivered,Standard
O004418,C00763,2024-10-06,Credit Card,Delivered,Standard
O004419,C06480,2025-09-10,UPI,Delivered,Express
O004420,C06488,2024-02-16,Debit Card,Delivered,Standard
O004421,C00742,2025-11-29,UPI,Delivered,Standard
O004422,C04273,2025-04-03,Net Banking,Delivered,Express
O004423,C03215,2024-01-20,UPI,Delivered,Express
O004424,C02656,2024-03-08,Wallet,Returned,Standard
O004425,C03254,2024-10-17,Debit Card,Delivered,Standard
O004426,C02016,2025-09-21,Debit Card,Delivered,Standard
O004427,C07562,2024-03-24,UPI,Delivered,Same Day
O004428,C05208,2024-08-14,Credit Card,Delivered,Express
O004429,C00401,2024-01-19,Credit Card,Delivered,Standard
O004430,C01481,2024-12-11,Net Banking,Delivered,Standard
O004431,C06076,2024-07-26,UPI,Delivered,Standard
O004432,C01574,2024-11-22,Debit Card,Delivered,Express
O004433,C00964,2024-07-14,UPI,Delivered,Express
O004434,C05030,2025-07-09,COD,Delivered,Standard
O004435,C01560,2025-03-26,Wallet,Delivered,Standard
O004436,C02342,2025-01-08,Credit Card,Delivered,Standard
O004437,C02427,2024-03-03,Credit Card,Delivered,Standard
O004438,C01462,2025-07-15,UPI,Delivered,Same Day
O004439,C07249,2025-11-22,UPI,Delivered,Standard
O004440,C02642,2025-11-14,Net Banking,Delivered,Standard
O004441,C07088,2024-11-11,Wallet,Delivered,Standard
O004442,C03388,2024-09-06,UPI,Delivered,Standard
O004443,C04384,2025-12-27,Debit Card,Delivered,Express
O004444,C05789,2024-02-26,Credit Card,Returned,Standard
O004445,C05248,2025-02-16,Net Banking,Delivered,Express
O004446,C05979,2025-04-14,Credit Card,Delivered,Standard
O004447,C07409,2025-03-03,Debit Card,Delivered,Standard
O004448,C05877,2025-04-13,Debit Card,Delivered,Express
O004449,C05644,2025-12-03,Credit Card,Delivered,Standard
O004450,C03290,2025-09-08,UPI,Delivered,Standard
O004451,C06969,2024-02-18,Credit Card,Delivered,Standard
O004452,C01079,2024-02-10,UPI,Delivered,Standard
O004453,C00597,2025-01-12,Net Banking,Delivered,Standard
O004454,C04848,2025-09-20,UPI,Delivered,Standard
O004455,C05005,2025-09-28,Debit Card,Delivered,Express
O004456,C05378,2024-09-08,Net Banking,Delivered,Standard
O004457,C05417,2024-07-30,Credit Card,Delivered,Express
O004458,C01381,2025-10-02,UPI,Delivered,Standard
O004459,C00185,2025-04-07,COD,Delivered,Standard
O004460,C03370,2024-02-06,Credit Card,Delivered,Standard
O004461,C04445,2025-03-24,UPI,Delivered,Express
O004462,C05970,2025-06-27,Credit Card,Delivered,Standard
O004463,C05263,2025-06-01,Credit Card,Delivered,Express
O004464,C05773,2024-10-07,COD,Delivered,Standard
O004465,C02747,2024-02-11,Credit Card,Delivered,Standard
O004466,C02424,2025-10-21,UPI,Delivered,Standard
O004467,C01313,2025-01-03,Credit Card,Delivered,Standard
O004468,C07516,2025-06-22,Wallet,Delivered,Standard
O004469,C02796,2024-04-29,UPI,Delivered,Express
O004470,C05900,2025-06-10,Credit Card,Delivered,Standard
O004471,C05431,2024-08-19,UPI,Delivered,Express
O004472,C04362,2024-08-04,Net Banking,Delivered,Express
O004473,C04484,2024-05-05,UPI,Delivered,Standard
O004474,C04783,2025-07-08,UPI,Delivered,Same Day
O004475,C00523,2025-03-01,UPI,Delivered,Express
O004476,C04687,2025-05-29,Wallet,Cancelled,Express
O004477,C03152,2025-05-14,Debit Card,Delivered,Standard
O004478,C06461,2024-02-28,UPI,Delivered,Same Day
O004479,C03496,2025-03-23,Credit Card,Delivered,Standard
O004480,C07192,2024-02-05,Credit Card,Delivered,Standard
O004481,C06436,2025-10-19,UPI,Delivered,Standard
O004482,C03334,2025-12-02,UPI,Delivered,Express
O004483,C07901,2025-10-17,Credit Card,Delivered,Express
O004484,C04386,2025-08-21,Credit Card,Cancelled,Express
O004485,C01349,2025-02-02,UPI,Delivered,Standard
O004486,C00079,2025-04-24,UPI,Delivered,Standard
O004487,C07517,2025-10-12,COD,Delivered,Standard
O004488,C07200,2025-10-17,COD,Delivered,Express
O004489,C02455,2024-12-22,Credit Card,Delivered,Standard
O004490,C05682,2025-03-18,Debit Card,Delivered,Standard
O004491,C06366,2025-02-12,UPI,Delivered,Standard
O004492,C06429,2024-01-08,COD,Delivered,Standard
O004493,C03037,2025-05-30,Net Banking,Delivered,Standard
O004494,C07024,2025-06-12,UPI,Delivered,Same Day
O004495,C04548,2025-03-31,UPI,Delivered,Express
O004496,C05302,2025-02-14,UPI,Delivered,Standard
O004497,C05331,2025-09-02,Credit Card,Delivered,Express
O004498,C00537,2025-06-08,Credit Card,Delivered,Standard
O004499,C01869,2024-04-28,Credit Card,Delivered,Express
O004500,C07806,2024-10-25,Wallet,Delivered,Standard
O004501,C06957,2024-01-05,UPI,Delivered,Express
O004502,C00202,2025-03-07,Net Banking,Delivered,Same Day
O004503,C01145,2025-10-18,COD,Delivered,Standard
O004504,C01295,2024-12-29,Credit Card,Delivered,Standard
O004505,C07815,2025-07-08,Credit Card,Delivered,Standard
O004506,C07988,2024-04-01,UPI,Returned,Standard
O004507,C05275,2025-04-16,Credit Card,Delivered,Standard
O004508,C03377,2025-07-09,UPI,Delivered,Same Day
O004509,C02505,2025-09-30,Wallet,Delivered,Standard
O004510,C01769,2025-12-25,Wallet,Delivered,Express
O004511,C04965,2025-01-31,UPI,Delivered,Express
O004512,C01132,2024-07-06,Debit Card,Delivered,Express
O004513,C01360,2025-12-22,Debit Card,Delivered,Standard
O004514,C02311,2025-03-30,Credit Card,Delivered,Standard
O004515,C04110,2025-01-12,Credit Card,Delivered,Same Day
O004516,C02917,2024-09-20,UPI,Delivered,Standard
O004517,C04508,2024-05-23,UPI,Cancelled,Standard
O004518,C04394,2024-11-21,Credit Card,Delivered,Standard
O004519,C07669,2024-07-05,Net Banking,Delivered,Standard
O004520,C00773,2025-09-07,Wallet,Delivered,Standard
O004521,C00740,2025-08-24,UPI,Delivered,Same Day
O004522,C03678,2024-03-28,Debit Card,Delivered,Standard
O004523,C01037,2024-10-26,UPI,Delivered,Standard
O004524,C04195,2025-05-09,UPI,Delivered,Standard
O004525,C01770,2024-08-25,Credit Card,Delivered,Same Day
O004526,C02496,2025-03-15,Wallet,Delivered,Standard
O004527,C01368,2025-09-13,UPI,Delivered,Express
O004528,C01618,2024-08-12,UPI,Delivered,Standard
O004529,C00577,2024-07-23,Wallet,Delivered,Same Day
O004530,C01996,2024-07-02,UPI,Delivered,Standard
O004531,C01491,2024-07-22,Debit Card,Delivered,Express
O004532,C05685,2024-04-19,Credit Card,Delivered,Standard
O004533,C01854,2024-06-16,Debit Card,Delivered,Express
O004534,C07736,2025-11-18,Debit Card,Delivered,Express
O004535,C07741,2024-12-16,UPI,Delivered,Express
O004536,C05045,2025-12-27,Credit Card,Delivered,Standard
O004537,C00320,2025-05-23,Credit Card,Delivered,Express
O004538,C06010,2024-04-23,UPI,Delivered,Express
O004539,C00805,2025-07-19,UPI,Delivered,Standard
O004540,C03586,2024-05-21,UPI,Delivered,Express
O004541,C02382,2025-05-02,COD,Delivered,Standard
O004542,C00281,2024-08-27,Credit Card,Delivered,Express
O004543,C04044,2025-10-18,Debit Card,Cancelled,Standard
O004544,C00809,2024-09-02,Credit Card,Delivered,Express
O004545,C06697,2024-06-16,Net Banking,Delivered,Express
O004546,C05072,2025-12-04,UPI,Delivered,Standard
O004547,C05764,2025-09-23,UPI,Delivered,Same Day
O004548,C00208,2025-07-24,Credit Card,Delivered,Express
O004549,C05370,2024-04-09,COD,Delivered,Standard
O004550,C00031,2024-09-06,COD,Delivered,Standard
O004551,C01491,2024-01-15,Credit Card,Delivered,Standard
O004552,C05678,2025-08-05,Debit Card,Delivered,Express
O004553,C03424,2024-05-09,COD,Delivered,Same Day
O004554,C07337,2025-05-10,Credit Card,Delivered,Standard
O004555,C03678,2025-06-14,Credit Card,Delivered,Express
O004556,C00987,2024-10-12,Credit Card,Delivered,Standard
O004557,C00805,2024-07-22,COD,Delivered,Express
O004558,C01745,2024-05-04,UPI,Delivered,Standard
O004559,C02918,2025-07-16,UPI,Delivered,Standard
O004560,C07379,2025-02-21,UPI,Delivered,Standard
O004561,C06066,2025-12-26,Wallet,Delivered,Standard
O004562,C02034,2025-01-12,Debit Card,Delivered,Standard
O004563,C01912,2025-12-01,UPI,Delivered,Express
O004564,C01888,2024-10-19,Wallet,Cancelled,Standard
O004565,C05230,2024-09-10,UPI,Delivered,Express
O004566,C04388,2025-11-18,Credit Card,Delivered,Standard
O004567,C05439,2025-12-28,Credit Card,Delivered,Standard
O004568,C01565,2024-08-01,COD,Delivered,Standard
O004569,C00168,2025-07-31,Credit Card,Delivered,Standard
O004570,C06535,2025-03-16,UPI,Delivered,Standard
O004571,C01914,2024-04-10,Debit Card,Delivered,Express
O004572,C03424,2024-07-09,Wallet,Delivered,Standard
O004573,C06309,2024-08-14,UPI,Delivered,Standard
O004574,C07042,2025-08-22,Credit Card,Delivered,Express
O004575,C07531,2024-11-17,UPI,Delivered,Standard
O004576,C01021,2024-10-10,Debit Card,Delivered,Standard
O004577,C05439,2024-03-07,Credit Card,Delivered,Standard
O004578,C01420,2025-09-29,UPI,Delivered,Standard
O004579,C07664,2025-08-23,UPI,Delivered,Express
O004580,C04429,2024-08-23,Debit Card,Cancelled,Express
O004581,C00738,2024-02-01,UPI,Cancelled,Express
O004582,C03363,2024-08-12,Credit Card,Cancelled,Standard
O004583,C03818,2024-05-06,COD,Delivered,Standard
O004584,C06502,2024-12-13,Debit Card,Delivered,Standard
O004585,C03290,2024-12-16,Net Banking,Delivered,Same Day
O004586,C02503,2024-03-17,Net Banking,Delivered,Express
O004587,C04417,2024-04-11,COD,Delivered,Standard
O004588,C05439,2024-11-26,UPI,Delivered,Express
O004589,C04286,2025-09-06,Credit Card,Delivered,Standard
O004590,C06528,2025-07-04,Wallet,Delivered,Same Day
O004591,C01681,2025-12-21,Credit Card,Delivered,Standard
O004592,C05506,2024-09-30,Debit Card,Delivered,Standard
O004593,C00914,2024-07-17,Debit Card,Delivered,Standard
O004594,C06426,2025-10-25,Debit Card,Delivered,Standard
O004595,C04600,2025-03-15,Credit Card,Delivered,Express
O004596,C06119,2025-05-26,Credit Card,Delivered,Express
O004597,C04511,2024-10-14,UPI,Delivered,Standard
O004598,C03438,2025-01-08,Credit Card,Delivered,Standard
O004599,C01347,2024-07-08,Credit Card,Delivered,Same Day
O004600,C03341,2024-07-01,UPI,Delivered,Standard
O004601,C04226,2025-09-02,Credit Card,Delivered,Same Day
O004602,C07638,2025-04-10,UPI,Delivered,Standard
O004603,C01166,2024-10-08,Credit Card,Delivered,Standard
O004604,C07137,2024-02-09,UPI,Delivered,Express
O004605,C00888,2024-04-25,Credit Card,Delivered,Standard
O004606,C02508,2024-02-09,UPI,Delivered,Standard
O004607,C04591,2024-03-12,Net Banking,Delivered,Standard
O004608,C05671,2024-01-09,UPI,Delivered,Express
O004609,C01184,2025-02-18,Net Banking,Cancelled,Express
O004610,C06648,2024-06-08,UPI,Delivered,Standard
O004611,C03409,2025-02-18,Net Banking,Delivered,Standard
O004612,C01318,2024-04-05,UPI,Delivered,Standard
O004613,C02543,2025-08-14,Debit Card,Returned,Standard
O004614,C05777,2024-03-15,Debit Card,Delivered,Standard
O004615,C06499,2025-12-07,Credit Card,Delivered,Same Day
O004616,C07402,2025-05-04,UPI,Delivered,Express
O004617,C05649,2025-06-24,Credit Card,Delivered,Express
O004618,C04215,2025-05-09,Debit Card,Delivered,Standard
O004619,C03113,2025-10-08,Debit Card,Delivered,Standard
O004620,C05531,2025-07-15,Credit Card,Delivered,Standard
O004621,C00366,2025-09-02,Net Banking,Delivered,Standard
O004622,C03458,2024-06-04,Credit Card,Delivered,Standard
O004623,C07001,2025-01-31,Credit Card,Delivered,Standard
O004624,C01888,2024-02-04,COD,Delivered,Standard
O004625,C00128,2025-08-22,UPI,Delivered,Standard
O004626,C07545,2025-07-12,Wallet,Delivered,Express
O004627,C04570,2025-08-15,Credit Card,Delivered,Standard
O004628,C03757,2025-05-20,UPI,Delivered,Standard
O004629,C07529,2024-07-17,UPI,Delivered,Express
O004630,C07268,2025-11-19,Credit Card,Delivered,Standard
O004631,C06727,2025-01-20,Credit Card,Delivered,Standard
O004632,C03426,2024-08-18,UPI,Delivered,Standard
O004633,C07505,2025-09-17,Credit Card,Delivered,Express
O004634,C05234,2024-09-24,UPI,Delivered,Standard
O004635,C03508,2025-10-03,Credit Card,Delivered,Standard
O004636,C06611,2024-01-17,Net Banking,Delivered,Express
O004637,C06468,2025-10-12,Debit Card,Delivered,Standard
O004638,C05718,2024-01-05,COD,Delivered,Standard
O004639,C00099,2025-01-23,Debit Card,Delivered,Express
O004640,C06446,2025-06-18,UPI,Delivered,Standard
O004641,C04285,2024-12-30,Wallet,Delivered,Express
O004642,C05509,2025-10-13,Credit Card,Delivered,Standard
O004643,C04959,2024-06-30,COD,Returned,Express
O004644,C07489,2025-10-17,Credit Card,Delivered,Standard
O004645,C00559,2025-04-21,Credit Card,Delivered,Express
O004646,C06416,2025-06-15,UPI,Delivered,Same Day
O004647,C04477,2025-04-24,Wallet,Delivered,Standard
O004648,C04674,2024-04-10,Wallet,Delivered,Standard
O004649,C07255,2024-08-14,Debit Card,Delivered,Standard
O004650,C02484,2024-10-21,Credit Card,Delivered,Standard
O004651,C00947,2025-12-25,UPI,Delivered,Standard
O004652,C07809,2024-05-15,Debit Card,Delivered,Standard
O004653,C05205,2025-02-18,COD,Delivered,Standard
O004654,C00570,2024-01-17,Debit Card,Delivered,Standard
O004655,C01414,2025-06-07,Net Banking,Cancelled,Standard
O004656,C00861,2025-03-02,Credit Card,Delivered,Standard
O004657,C03257,2025-11-05,Wallet,Delivered,Express
O004658,C06145,2024-11-29,Debit Card,Delivered,Standard
O004659,C02343,2025-04-25,Debit Card,Delivered,Express
O004660,C03256,2025-01-22,Credit Card,Delivered,Standard
O004661,C04110,2025-03-11,Credit Card,Delivered,Express
O004662,C07409,2024-01-01,Credit Card,Delivered,Standard
O004663,C07560,2024-05-24,UPI,Delivered,Express
O004664,C06589,2025-10-19,UPI,Delivered,Standard
O004665,C07981,2024-08-21,UPI,Delivered,Express
O004666,C06550,2024-10-25,Net Banking,Delivered,Standard
O004667,C05482,2024-12-08,Debit Card,Delivered,Standard
O004668,C07125,2024-12-10,UPI,Cancelled,Express
O004669,C01060,2024-10-04,Credit Card,Returned,Standard
O004670,C06465,2025-06-01,UPI,Delivered,Standard
O004671,C07786,2024-06-28,COD,Delivered,Express
O004672,C05979,2024-05-09,UPI,Delivered,Standard
O004673,C03229,2024-11-07,UPI,Delivered,Standard
O004674,C02347,2025-07-25,Net Banking,Delivered,Standard
O004675,C00710,2025-01-18,Debit Card,Delivered,Standard
O004676,C04917,2024-01-25,Credit Card,Delivered,Standard
O004677,C00431,2024-05-17,Debit Card,Delivered,Express
O004678,C03592,2024-10-20,Credit Card,Delivered,Standard
O004679,C07663,2024-05-24,UPI,Delivered,Standard
O004680,C03164,2024-03-11,UPI,Delivered,Standard
O004681,C04454,2025-05-23,Debit Card,Delivered,Standard
O004682,C01475,2025-01-24,Credit Card,Cancelled,Express
O004683,C02747,2024-12-02,Debit Card,Delivered,Standard
O004684,C02199,2025-07-03,UPI,Delivered,Express
O004685,C06822,2025-03-23,Credit Card,Delivered,Standard
O004686,C05655,2025-05-09,COD,Delivered,Same Day
O004687,C03814,2024-05-24,Debit Card,Delivered,Standard
O004688,C01069,2024-06-01,UPI,Delivered,Standard
O004689,C04904,2024-10-15,Net Banking,Delivered,Standard
O004690,C05320,2025-10-16,UPI,Delivered,Standard
O004691,C03556,2024-08-21,UPI,Delivered,Standard
O004692,C06146,2024-09-29,UPI,Delivered,Express
O004693,C04301,2024-02-08,Credit Card,Delivered,Same Day
O004694,C02764,2024-08-14,COD,Delivered,Standard
O004695,C03142,2024-06-08,UPI,Delivered,Standard
O004696,C04195,2024-02-28,Net Banking,Delivered,Standard
O004697,C07566,2025-12-22,Credit Card,Delivered,Standard
O004698,C02529,2025-05-12,Credit Card,Delivered,Express
O004699,C06236,2024-11-08,UPI,Returned,Express
O004700,C03271,2024-04-12,Debit Card,Delivered,Same Day
O004701,C00182,2025-06-07,Credit Card,Delivered,Express
O004702,C03846,2025-11-03,UPI,Delivered,Standard
O004703,C06888,2025-05-14,UPI,Delivered,Standard
O004704,C07708,2025-01-05,COD,Delivered,Standard
O004705,C05952,2024-02-28,Credit Card,Cancelled,Standard
O004706,C01728,2024-10-24,UPI,Cancelled,Standard
O004707,C04702,2024-08-15,Debit Card,Delivered,Standard
O004708,C01344,2024-06-02,Debit Card,Delivered,Express
O004709,C07537,2025-12-21,UPI,Delivered,Express
O004710,C01439,2025-04-23,Credit Card,Delivered,Standard
O004711,C06290,2024-09-27,UPI,Returned,Standard
O004712,C07550,2025-12-02,COD,Delivered,Standard
O004713,C03119,2024-12-28,Debit Card,Delivered,Standard
O004714,C05925,2025-05-18,Wallet,Delivered,Standard
O004715,C01613,2025-04-25,Debit Card,Delivered,Express
O004716,C01551,2025-04-10,Credit Card,Delivered,Standard
O004717,C02126,2025-04-26,UPI,Delivered,Standard
O004718,C05710,2024-05-24,Net Banking,Delivered,Standard
O004719,C03111,2024-02-09,UPI,Delivered,Express
O004720,C06210,2025-04-24,UPI,Delivered,Standard
O004721,C02039,2024-03-07,UPI,Delivered,Standard
O004722,C06583,2024-11-19,Credit Card,Delivered,Standard
O004723,C04191,2025-03-03,Debit Card,Returned,Standard
O004724,C00180,2024-02-28,Debit Card,Delivered,Express
O004725,C04580,2024-06-01,UPI,Delivered,Standard
O004726,C04225,2025-11-08,Net Banking,Delivered,Express
O004727,C00510,2024-08-13,Debit Card,Delivered,Standard
O004728,C06562,2025-01-15,UPI,Delivered,Express
O004729,C07741,2024-08-29,Debit Card,Cancelled,Standard
O004730,C01500,2025-05-27,COD,Delivered,Standard
O004731,C02327,2024-11-13,Credit Card,Delivered,Standard
O004732,C05247,2025-04-07,Net Banking,Delivered,Standard
O004733,C07357,2024-07-27,Wallet,Delivered,Express
O004734,C05497,2024-06-09,Credit Card,Delivered,Express
O004735,C02904,2025-01-01,UPI,Delivered,Standard
O004736,C04195,2025-10-23,UPI,Delivered,Same Day
O004737,C00527,2024-07-28,UPI,Cancelled,Standard
O004738,C02520,2024-03-23,Wallet,Delivered,Standard
O004739,C06417,2024-11-04,Credit Card,Delivered,Express
O004740,C02167,2025-06-24,Credit Card,Delivered,Standard
O004741,C06216,2025-09-08,Wallet,Delivered,Standard
O004742,C03730,2025-01-09,Wallet,Delivered,Express
O004743,C01647,2025-03-12,Credit Card,Delivered,Standard
O004744,C00709,2025-02-26,Debit Card,Delivered,Standard
O004745,C06905,2025-09-10,Debit Card,Delivered,Standard
O004746,C01186,2024-01-31,UPI,Delivered,Standard
O004747,C02583,2025-02-19,UPI,Delivered,Express
O004748,C00264,2024-04-09,Debit Card,Delivered,Standard
O004749,C07566,2025-01-27,Debit Card,Returned,Standard
O004750,C05649,2024-08-05,Credit Card,Delivered,Express
O004751,C04110,2025-10-12,Wallet,Delivered,Standard
O004752,C00678,2025-01-23,Debit Card,Delivered,Standard
O004753,C01727,2025-08-30,UPI,Delivered,Standard
O004754,C03785,2025-10-29,COD,Returned,Standard
O004755,C05145,2024-02-07,UPI,Delivered,Same Day
O004756,C00732,2024-04-26,COD,Delivered,Standard
O004757,C00455,2025-01-05,Credit Card,Delivered,Standard
O004758,C05266,2025-06-24,Debit Card,Delivered,Express
O004759,C05715,2024-10-28,Credit Card,Cancelled,Standard
O004760,C02255,2024-07-04,Net Banking,Delivered,Standard
O004761,C07297,2025-04-24,Credit Card,Returned,Standard
O004762,C05655,2025-06-15,Wallet,Delivered,Standard
O004763,C02869,2025-10-31,UPI,Delivered,Standard
O004764,C02608,2024-04-09,UPI,Delivered,Express
O004765,C00366,2025-07-06,Debit Card,Delivered,Standard
O004766,C05295,2025-06-13,UPI,Cancelled,Standard
O004767,C03790,2025-07-05,Credit Card,Delivered,Standard
O004768,C07709,2024-01-06,Net Banking,Cancelled,Standard
O004769,C07213,2024-04-22,Credit Card,Delivered,Express
O004770,C00043,2025-09-02,UPI,Delivered,Standard
O004771,C03383,2024-06-08,UPI,Delivered,Standard
O004772,C02213,2024-05-24,Wallet,Delivered,Standard
O004773,C04978,2025-07-03,Credit Card,Delivered,Standard
O004774,C00409,2025-01-05,Debit Card,Delivered,Standard
O004775,C05596,2025-08-20,COD,Delivered,Express
O004776,C01598,2024-01-01,Wallet,Delivered,Same Day
O004777,C06047,2024-02-19,UPI,Delivered,Standard
O004778,C04433,2024-01-22,Debit Card,Delivered,Express
O004779,C02677,2025-11-03,UPI,Delivered,Same Day
O004780,C02663,2024-07-23,UPI,Delivered,Standard
O004781,C04316,2024-05-16,UPI,Delivered,Standard
O004782,C02254,2024-02-06,UPI,Delivered,Standard
O004783,C05803,2024-12-18,COD,Delivered,Standard
O004784,C04517,2025-02-10,Credit Card,Delivered,Express
O004785,C05785,2024-09-24,UPI,Delivered,Standard
O004786,C00946,2025-01-19,COD,Delivered,Express
O004787,C07407,2025-07-30,Wallet,Delivered,Standard
O004788,C04005,2025-12-30,UPI,Delivered,Standard
O004789,C00986,2025-07-18,Wallet,Cancelled,Express
O004790,C05819,2024-09-03,COD,Delivered,Standard
O004791,C07316,2024-02-03,UPI,Delivered,Standard
O004792,C02587,2025-04-01,Debit Card,Delivered,Express
O004793,C02886,2025-06-07,Debit Card,Cancelled,Standard
O004794,C02725,2025-01-03,Debit Card,Cancelled,Express
O004795,C06640,2025-09-02,UPI,Delivered,Express
O004796,C02846,2024-02-23,UPI,Delivered,Standard
O004797,C00786,2025-05-11,UPI,Returned,Express
O004798,C01322,2025-06-05,UPI,Delivered,Standard
O004799,C01649,2024-03-06,Net Banking,Delivered,Standard
O004800,C03372,2024-02-09,Credit Card,Delivered,Standard
O004801,C06518,2024-11-28,Wallet,Delivered,Standard
O004802,C06551,2024-06-26,UPI,Delivered,Express
O004803,C02783,2025-11-04,Debit Card,Delivered,Standard
O004804,C01982,2024-03-31,Credit Card,Delivered,Standard
O004805,C01348,2024-03-04,Debit Card,Delivered,Express
O004806,C03977,2024-10-05,UPI,Delivered,Standard
O004807,C06608,2024-09-16,Credit Card,Delivered,Express
O004808,C00805,2024-12-07,Credit Card,Delivered,Standard
O004809,C03664,2025-04-01,Credit Card,Delivered,Standard
O004810,C05084,2025-08-11,UPI,Delivered,Standard
O004811,C06285,2025-12-16,UPI,Delivered,Standard
O004812,C01268,2024-11-16,COD,Delivered,Express
O004813,C06658,2024-04-02,Wallet,Delivered,Express
O004814,C04038,2024-06-28,COD,Delivered,Standard
O004815,C03828,2025-02-11,Debit Card,Delivered,Standard
O004816,C06531,2025-12-07,Net Banking,Delivered,Standard
O004817,C01549,2024-03-21,Credit Card,Delivered,Standard
O004818,C03499,2025-09-17,Net Banking,Delivered,Standard
O004819,C05627,2024-08-17,Credit Card,Delivered,Standard
O004820,C01761,2024-03-23,UPI,Delivered,Standard
O004821,C02342,2024-01-18,Credit Card,Delivered,Standard
O004822,C03254,2025-10-07,COD,Delivered,Express
O004823,C07859,2025-05-31,UPI,Delivered,Standard
O004824,C06204,2025-06-01,COD,Delivered,Standard
O004825,C03687,2025-08-30,Credit Card,Delivered,Standard
O004826,C05391,2024-10-21,UPI,Delivered,Standard
O004827,C06433,2025-12-05,COD,Returned,Standard
O004828,C07115,2024-11-10,UPI,Delivered,Standard
O004829,C00903,2025-07-06,UPI,Delivered,Standard
O004830,C07737,2024-01-28,Credit Card,Delivered,Express
O004831,C06599,2025-08-21,Credit Card,Delivered,Standard
O004832,C01589,2024-11-08,Debit Card,Delivered,Standard
O004833,C01016,2024-05-27,UPI,Delivered,Express
O004834,C04648,2025-11-21,UPI,Delivered,Standard
O004835,C05862,2025-02-26,UPI,Cancelled,Standard
O004836,C07841,2025-03-19,UPI,Delivered,Standard
O004837,C05321,2025-03-15,Credit Card,Delivered,Standard
O004838,C04542,2025-09-12,Net Banking,Delivered,Standard
O004839,C04449,2024-03-03,Debit Card,Delivered,Standard
O004840,C06786,2024-12-15,Credit Card,Returned,Standard
O004841,C06906,2025-01-27,UPI,Cancelled,Standard
O004842,C03666,2024-07-15,UPI,Delivered,Express
O004843,C07048,2025-05-12,Credit Card,Delivered,Express
O004844,C07765,2024-04-01,UPI,Delivered,Standard
O004845,C06661,2024-05-31,UPI,Delivered,Express
O004846,C05286,2024-10-10,Credit Card,Delivered,Standard
O004847,C03622,2025-03-01,UPI,Delivered,Same Day
O004848,C02724,2025-02-06,UPI,Delivered,Standard
O004849,C03009,2025-01-18,Net Banking,Delivered,Standard
O004850,C06362,2025-09-07,COD,Delivered,Standard
O004851,C04803,2024-06-10,UPI,Delivered,Standard
O004852,C06756,2025-06-12,UPI,Delivered,Standard
O004853,C05917,2025-07-16,Credit Card,Delivered,Same Day
O004854,C05546,2024-12-24,UPI,Delivered,Express
O004855,C02286,2024-10-10,Wallet,Delivered,Standard
O004856,C05420,2025-07-07,Credit Card,Delivered,Standard
O004857,C01960,2024-07-09,Debit Card,Delivered,Express
O004858,C00266,2024-10-26,Net Banking,Cancelled,Standard
O004859,C02846,2025-09-26,Debit Card,Delivered,Standard
O004860,C02543,2025-12-05,Debit Card,Delivered,Standard
O004861,C02788,2024-01-16,Debit Card,Delivered,Standard
O004862,C06983,2024-04-15,UPI,Delivered,Standard
O004863,C06938,2025-07-05,Debit Card,Delivered,Standard
O004864,C06701,2025-05-18,Debit Card,Delivered,Express
O004865,C03396,2024-04-30,Net Banking,Delivered,Standard
O004866,C07347,2024-02-19,Debit Card,Delivered,Express
O004867,C06623,2025-04-28,Credit Card,Delivered,Standard
O004868,C07635,2025-10-25,Credit Card,Delivered,Express
O004869,C01328,2025-08-23,UPI,Returned,Standard
O004870,C05199,2025-03-01,Net Banking,Delivered,Standard
O004871,C04639,2024-12-10,UPI,Delivered,Express
O004872,C06087,2025-12-04,Wallet,Delivered,Standard
O004873,C02288,2025-09-08,Debit Card,Delivered,Standard
O004874,C07675,2025-05-28,Wallet,Delivered,Same Day
O004875,C01376,2025-12-14,COD,Delivered,Standard
O004876,C00993,2024-06-30,COD,Delivered,Standard
O004877,C06779,2025-02-25,UPI,Delivered,Standard
O004878,C07160,2024-03-31,UPI,Delivered,Standard
O004879,C05201,2025-02-27,Net Banking,Cancelled,Standard
O004880,C05526,2025-04-24,Credit Card,Delivered,Standard
O004881,C07601,2025-04-23,Debit Card,Delivered,Express
O004882,C03464,2024-12-09,Credit Card,Delivered,Standard
O004883,C04769,2024-09-02,UPI,Delivered,Standard
O004884,C01151,2024-07-30,UPI,Delivered,Standard
O004885,C03265,2025-08-05,Debit Card,Delivered,Standard
O004886,C02634,2024-05-09,Credit Card,Delivered,Standard
O004887,C02746,2025-02-25,Debit Card,Delivered,Standard
O004888,C06106,2024-11-05,UPI,Delivered,Standard
O004889,C03745,2024-04-28,UPI,Delivered,Standard
O004890,C06615,2025-09-07,Wallet,Delivered,Standard
O004891,C04846,2024-12-14,Credit Card,Delivered,Standard
O004892,C02428,2025-03-06,Credit Card,Delivered,Express
O004893,C03926,2025-01-05,COD,Delivered,Standard
O004894,C03139,2025-11-04,Credit Card,Delivered,Standard
O004895,C01885,2025-08-28,COD,Delivered,Standard
O004896,C04399,2024-02-20,COD,Delivered,Express
O004897,C07524,2024-02-16,COD,Delivered,Express
O004898,C01190,2025-09-03,COD,Delivered,Express
O004899,C04868,2025-08-15,COD,Delivered,Standard
O004900,C03200,2025-09-26,UPI,Delivered,Express
O004901,C04854,2025-08-04,UPI,Returned,Express
O004902,C04279,2024-02-16,Credit Card,Delivered,Standard
O004903,C01515,2025-07-25,Net Banking,Delivered,Standard
O004904,C01148,2024-11-08,UPI,Delivered,Standard
O004905,C07487,2025-05-29,Net Banking,Delivered,Standard
O004906,C02893,2024-06-26,UPI,Returned,Standard
O004907,C06263,2024-06-29,UPI,Delivered,Standard
O004908,C04236,2025-10-11,Debit Card,Delivered,Standard
O004909,C05802,2025-11-29,UPI,Returned,Express
O004910,C03377,2024-02-07,Debit Card,Delivered,Express
O004911,C01998,2024-02-24,UPI,Delivered,Standard
O004912,C06201,2024-12-15,COD,Delivered,Standard
O004913,C06862,2025-07-04,Wallet,Delivered,Standard
O004914,C00401,2024-02-17,Debit Card,Delivered,Standard
O004915,C00732,2024-09-09,Credit Card,Cancelled,Standard
O004916,C02355,2024-09-21,Net Banking,Delivered,Standard
O004917,C01663,2024-01-28,COD,Delivered,Express
O004918,C06071,2025-05-29,Credit Card,Delivered,Standard
O004919,C05143,2025-08-27,UPI,Delivered,Standard
O004920,C06371,2024-01-08,UPI,Returned,Standard
O004921,C04377,2024-09-30,COD,Delivered,Express
O004922,C00512,2024-05-11,COD,Returned,Express
O004923,C07383,2024-07-23,UPI,Delivered,Standard
O004924,C03769,2025-06-27,UPI,Delivered,Standard
O004925,C05999,2024-03-22,Credit Card,Delivered,Standard
O004926,C01706,2024-09-27,COD,Delivered,Standard
O004927,C00455,2024-11-13,UPI,Returned,Standard
O004928,C07100,2025-01-03,Credit Card,Delivered,Standard
O004929,C05179,2025-06-20,UPI,Delivered,Express
O004930,C03594,2025-04-20,Net Banking,Delivered,Standard
O004931,C06029,2025-04-16,Debit Card,Delivered,Standard
O004932,C02623,2024-02-21,Net Banking,Delivered,Standard
O004933,C07268,2024-10-08,Credit Card,Delivered,Standard
O004934,C07169,2025-10-07,Net Banking,Delivered,Standard
O004935,C00567,2024-06-17,UPI,Cancelled,Express
O004936,C02699,2024-07-08,Wallet,Delivered,Standard
O004937,C03558,2025-04-21,UPI,Delivered,Standard
O004938,C02853,2025-01-29,UPI,Delivered,Standard
O004939,C03718,2025-12-04,UPI,Delivered,Standard
O004940,C03014,2025-06-09,Credit Card,Delivered,Standard
O004941,C01023,2025-04-17,UPI,Delivered,Express
O004942,C04545,2024-04-06,UPI,Delivered,Express
O004943,C03106,2024-06-26,UPI,Delivered,Standard
O004944,C02031,2024-09-28,Credit Card,Delivered,Standard
O004945,C07154,2025-01-08,UPI,Delivered,Express
O004946,C06726,2024-09-17,UPI,Delivered,Standard
O004947,C02007,2025-03-15,Debit Card,Delivered,Standard
O004948,C06087,2025-07-19,UPI,Delivered,Standard
O004949,C03228,2024-09-23,Credit Card,Delivered,Express
O004950,C04226,2025-04-27,Credit Card,Delivered,Standard
O004951,C05725,2024-04-09,Net Banking,Delivered,Same Day
O004952,C06697,2025-06-11,Net Banking,Delivered,Same Day
O004953,C02692,2024-08-13,Debit Card,Returned,Standard
O004954,C04348,2025-12-01,Net Banking,Delivered,Standard
O004955,C03795,2024-04-25,Wallet,Delivered,Standard
O004956,C06086,2024-10-30,COD,Delivered,Standard
O004957,C03988,2025-11-08,Credit Card,Delivered,Standard
O004958,C00452,2025-10-16,UPI,Delivered,Express
O004959,C05256,2025-02-24,Net Banking,Delivered,Express
O004960,C07785,2024-10-21,UPI,Delivered,Same Day
O004961,C05494,2025-06-05,Net Banking,Delivered,Standard
O004962,C00701,2025-12-25,COD,Delivered,Express
O004963,C04739,2024-10-15,Debit Card,Delivered,Standard
O004964,C02207,2025-12-27,Wallet,Delivered,Standard
O004965,C07745,2025-11-19,Credit Card,Delivered,Standard
O004966,C04154,2024-01-19,Debit Card,Delivered,Express
O004967,C01511,2024-12-12,Credit Card,Delivered,Express
O004968,C01494,2025-02-04,COD,Delivered,Standard
O004969,C00543,2025-05-18,Debit Card,Delivered,Express
O004970,C01818,2024-03-02,UPI,Cancelled,Express
O004971,C07907,2025-10-14,Credit Card,Delivered,Standard
O004972,C05245,2025-06-23,Credit Card,Delivered,Standard
O004973,C00202,2025-03-22,Net Banking,Delivered,Express
O004974,C03977,2025-10-04,UPI,Delivered,Standard
O004975,C03415,2024-09-29,Credit Card,Delivered,Standard
O004976,C03439,2025-05-29,UPI,Delivered,Standard
O004977,C03658,2024-08-01,Credit Card,Delivered,Standard
O004978,C01432,2025-09-05,Credit Card,Cancelled,Express
O004979,C04052,2024-02-07,Wallet,Delivered,Standard
O004980,C03271,2025-06-24,Credit Card,Delivered,Express
O004981,C06711,2025-05-10,COD,Delivered,Standard
O004982,C00779,2024-06-14,COD,Delivered,Standard
O004983,C07736,2024-03-15,Credit Card,Delivered,Standard
O004984,C00182,2024-01-04,Credit Card,Delivered,Standard
O004985,C02481,2024-11-03,COD,Delivered,Standard
O004986,C04522,2025-09-13,Debit Card,Delivered,Standard
O004987,C04868,2024-04-08,UPI,Delivered,Standard
O004988,C02195,2025-06-22,Debit Card,Delivered,Same Day
O004989,C07691,2025-12-30,Debit Card,Delivered,Express
O004990,C07172,2025-11-29,UPI,Delivered,Standard
O004991,C03825,2025-08-23,Debit Card,Delivered,Standard
O004992,C03531,2025-01-31,UPI,Delivered,Standard
O004993,C00904,2024-11-29,Debit Card,Delivered,Express
O004994,C07051,2025-08-03,UPI,Returned,Standard
O004995,C00989,2025-06-08,UPI,Cancelled,Standard
O004996,C07897,2025-02-12,Credit Card,Delivered,Express
O004997,C06925,2024-02-18,COD,Delivered,Standard
O004998,C06567,2025-03-25,COD,Delivered,Express
O004999,C07988,2024-11-15,Credit Card,Delivered,Standard
O005000,C06285,2024-11-23,UPI,Delivered,Standard
O005001,C02775,2025-10-02,Debit Card,Delivered,Standard
O005002,C07626,2024-07-17,UPI,Delivered,Standard
O005003,C03748,2024-04-16,COD,Delivered,Standard
O005004,C01612,2025-04-11,Wallet,Delivered,Same Day
O005005,C04586,2024-07-14,UPI,Delivered,Standard
O005006,C05674,2025-04-12,Credit Card,Delivered,Standard
O005007,C02018,2024-07-04,Net Banking,Delivered,Standard
O005008,C05469,2024-11-08,Credit Card,Delivered,Express
O005009,C00314,2024-05-16,UPI,Delivered,Standard
O005010,C07810,2024-02-17,UPI,Delivered,Express
O005011,C03524,2024-04-12,Credit Card,Delivered,Standard
O005012,C05187,2024-08-22,COD,Delivered,Standard
O005013,C00811,2024-06-21,UPI,Delivered,Express
O005014,C04148,2025-05-09,Net Banking,Delivered,Standard
O005015,C06235,2025-07-04,Wallet,Delivered,Express
O005016,C01180,2024-01-24,Wallet,Delivered,Express
O005017,C03285,2024-11-21,COD,Delivered,Standard
O005018,C04562,2025-05-23,Credit Card,Delivered,Express
O005019,C02327,2024-11-18,Credit Card,Delivered,Express
O005020,C05120,2025-02-14,Credit Card,Delivered,Express
O005021,C00998,2024-09-01,Credit Card,Delivered,Standard
O005022,C04280,2025-03-09,Wallet,Delivered,Standard
O005023,C01644,2024-08-08,Debit Card,Delivered,Standard
O005024,C00138,2024-10-12,Debit Card,Delivered,Standard
O005025,C04250,2024-05-27,UPI,Delivered,Express
O005026,C02995,2024-10-06,Credit Card,Delivered,Standard
O005027,C01801,2024-09-22,Credit Card,Delivered,Standard
O005028,C06011,2025-08-01,Debit Card,Delivered,Express
O005029,C02275,2025-09-01,Credit Card,Delivered,Standard
O005030,C05094,2025-12-06,UPI,Delivered,Standard
O005031,C00047,2024-12-15,Debit Card,Delivered,Same Day
O005032,C00182,2025-07-10,UPI,Delivered,Standard
O005033,C03943,2024-03-21,Wallet,Delivered,Standard
O005034,C05387,2025-01-13,Credit Card,Delivered,Same Day
O005035,C06559,2025-04-16,Debit Card,Delivered,Standard
O005036,C07739,2024-02-28,Credit Card,Delivered,Standard
O005037,C00202,2025-09-16,COD,Delivered,Standard
O005038,C06442,2025-09-30,Credit Card,Delivered,Standard
O005039,C03106,2025-12-23,Debit Card,Delivered,Express
O005040,C03682,2025-04-25,UPI,Cancelled,Standard
O005041,C07435,2024-03-24,Debit Card,Delivered,Standard
O005042,C04896,2024-03-16,Debit Card,Delivered,Standard
O005043,C05122,2025-12-04,Debit Card,Delivered,Standard
O005044,C03567,2025-07-20,UPI,Delivered,Standard
O005045,C05020,2024-05-16,Credit Card,Delivered,Standard
O005046,C06374,2024-12-11,Debit Card,Delivered,Standard
O005047,C07124,2024-06-01,UPI,Delivered,Standard
O005048,C00338,2025-07-20,Wallet,Delivered,Standard
O005049,C07252,2024-07-31,UPI,Delivered,Standard
O005050,C02667,2025-05-25,UPI,Delivered,Standard
O005051,C06745,2024-02-03,Net Banking,Cancelled,Standard
O005052,C04211,2024-02-27,UPI,Delivered,Express
O005053,C04576,2024-11-29,UPI,Returned,Standard
O005054,C06573,2025-06-01,COD,Delivered,Standard
O005055,C05443,2024-06-08,Debit Card,Delivered,Express
O005056,C05400,2024-05-09,UPI,Delivered,Express
O005057,C05762,2024-06-03,UPI,Delivered,Express
O005058,C02303,2025-06-19,COD,Delivered,Standard
O005059,C04932,2024-11-13,UPI,Delivered,Standard
O005060,C05469,2024-04-22,Debit Card,Delivered,Standard
O005061,C03206,2024-06-18,UPI,Delivered,Express
O005062,C07457,2025-12-08,UPI,Delivered,Same Day
O005063,C00010,2024-11-08,Debit Card,Delivered,Standard
O005064,C00471,2024-11-21,Net Banking,Delivered,Standard
O005065,C03161,2024-07-01,Credit Card,Delivered,Express
O005066,C04513,2024-03-26,UPI,Delivered,Express
O005067,C00401,2025-06-06,UPI,Delivered,Standard
O005068,C07665,2025-06-04,UPI,Delivered,Standard
O005069,C03578,2025-11-20,Credit Card,Delivered,Express
O005070,C04857,2024-01-19,Credit Card,Delivered,Standard
O005071,C06477,2025-08-20,UPI,Returned,Standard
O005072,C04355,2024-02-06,UPI,Delivered,Standard
O005073,C00002,2024-07-29,Net Banking,Delivered,Standard
O005074,C03738,2024-09-02,UPI,Delivered,Standard
O005075,C00025,2025-09-15,Net Banking,Delivered,Express
O005076,C03744,2025-11-04,UPI,Delivered,Standard
O005077,C01349,2025-11-14,Wallet,Delivered,Standard
O005078,C01274,2025-07-20,UPI,Delivered,Standard
O005079,C05538,2025-09-08,UPI,Delivered,Express
O005080,C00802,2024-10-30,COD,Delivered,Standard
O005081,C05692,2025-06-02,UPI,Delivered,Standard
O005082,C06552,2024-07-25,Debit Card,Delivered,Express
O005083,C07148,2024-01-04,Net Banking,Delivered,Standard
O005084,C02454,2024-11-13,Debit Card,Returned,Express
O005085,C03253,2025-03-30,Credit Card,Delivered,Express
O005086,C01864,2025-03-19,UPI,Delivered,Standard
O005087,C06738,2024-03-05,Debit Card,Delivered,Express
O005088,C04917,2025-01-25,Credit Card,Delivered,Express
O005089,C00335,2024-11-19,UPI,Delivered,Standard
O005090,C05275,2024-05-04,Debit Card,Delivered,Standard
O005091,C07692,2025-04-10,UPI,Delivered,Express
O005092,C00793,2024-01-20,COD,Delivered,Standard
O005093,C04211,2025-02-19,COD,Cancelled,Standard
O005094,C04644,2025-02-22,Wallet,Delivered,Standard
O005095,C07423,2025-04-19,UPI,Cancelled,Standard
O005096,C02853,2024-04-23,Credit Card,Delivered,Standard
O005097,C07912,2024-07-20,Debit Card,Delivered,Standard
O005098,C00645,2024-12-27,Net Banking,Delivered,Standard
O005099,C04955,2024-02-05,Net Banking,Delivered,Standard
O005100,C06210,2025-01-22,Credit Card,Delivered,Express
O005101,C07921,2025-09-12,Credit Card,Delivered,Same Day
O005102,C07693,2024-06-05,UPI,Delivered,Standard
O005103,C07992,2024-01-03,Credit Card,Delivered,Standard
O005104,C07605,2024-02-10,Debit Card,Delivered,Express
O005105,C00659,2025-02-13,Debit Card,Delivered,Standard
O005106,C03230,2025-11-14,Wallet,Delivered,Standard
O005107,C02760,2025-02-24,Net Banking,Delivered,Standard
O005108,C04398,2025-06-17,Wallet,Delivered,Standard
O005109,C01044,2024-09-30,UPI,Delivered,Standard
O005110,C06506,2024-06-26,Debit Card,Delivered,Standard
O005111,C05563,2024-12-28,Credit Card,Delivered,Express
O005112,C02730,2025-01-16,UPI,Delivered,Standard
O005113,C00646,2025-10-03,Wallet,Delivered,Standard
O005114,C04017,2024-04-28,Credit Card,Delivered,Express
O005115,C03015,2024-09-03,Debit Card,Delivered,Standard
O005116,C04164,2024-11-01,Debit Card,Delivered,Express
O005117,C07430,2025-03-20,UPI,Delivered,Standard
O005118,C03769,2025-09-10,Credit Card,Returned,Standard
O005119,C00059,2025-03-04,Credit Card,Delivered,Standard
O005120,C03851,2025-10-21,Credit Card,Delivered,Same Day
O005121,C00961,2025-04-19,COD,Delivered,Standard
O005122,C01834,2024-09-06,Debit Card,Delivered,Standard
O005123,C00416,2025-11-18,UPI,Delivered,Standard
O005124,C02846,2024-07-03,Credit Card,Delivered,Express
O005125,C00815,2024-10-09,UPI,Delivered,Standard
O005126,C05266,2024-06-11,Wallet,Delivered,Same Day
O005127,C00841,2024-10-04,Debit Card,Delivered,Standard
O005128,C00947,2025-08-20,UPI,Delivered,Express
O005129,C03241,2024-01-29,UPI,Delivered,Standard
O005130,C00455,2024-12-02,Credit Card,Delivered,Standard
O005131,C03105,2025-10-07,Net Banking,Delivered,Standard
O005132,C05970,2025-02-07,Credit Card,Delivered,Standard
O005133,C04152,2025-07-13,Credit Card,Returned,Express
O005134,C04693,2025-04-27,Debit Card,Delivered,Express
O005135,C04834,2024-02-27,Debit Card,Delivered,Standard
O005136,C00605,2025-07-06,Credit Card,Cancelled,Express
O005137,C01500,2024-07-19,Wallet,Delivered,Standard
O005138,C03193,2024-05-18,Debit Card,Delivered,Standard
O005139,C02380,2025-01-30,Credit Card,Delivered,Express
O005140,C01011,2024-07-21,Wallet,Returned,Express
O005141,C00002,2024-02-07,Credit Card,Delivered,Standard
O005142,C07772,2024-08-30,COD,Delivered,Standard
O005143,C00047,2025-10-21,UPI,Delivered,Express
O005144,C03830,2024-01-21,UPI,Delivered,Standard
O005145,C00240,2025-09-23,Debit Card,Delivered,Express
O005146,C04727,2025-12-30,UPI,Returned,Express
O005147,C07605,2024-05-04,Wallet,Delivered,Standard
O005148,C07824,2024-08-28,UPI,Returned,Standard
O005149,C05561,2024-08-22,Debit Card,Delivered,Standard
O005150,C06066,2025-07-31,COD,Delivered,Standard
O005151,C06273,2025-06-04,Debit Card,Cancelled,Standard
O005152,C05152,2025-03-21,Debit Card,Delivered,Standard
O005153,C04451,2025-08-17,COD,Delivered,Express
O005154,C00558,2024-01-11,Credit Card,Delivered,Standard
O005155,C03508,2024-06-19,UPI,Delivered,Express
O005156,C02021,2024-10-10,Credit Card,Delivered,Standard
O005157,C05272,2025-09-16,Credit Card,Cancelled,Standard
O005158,C04420,2025-01-20,Debit Card,Delivered,Standard
O005159,C02257,2024-08-24,Credit Card,Delivered,Express
O005160,C05884,2024-09-09,Debit Card,Delivered,Standard
O005161,C04191,2024-11-02,Debit Card,Delivered,Standard
O005162,C00148,2025-07-18,Credit Card,Delivered,Standard
O005163,C03891,2025-04-10,UPI,Delivered,Express
O005164,C01524,2025-01-17,Credit Card,Delivered,Standard
O005165,C01397,2024-12-16,UPI,Delivered,Express
O005166,C05649,2024-01-22,UPI,Delivered,Express
O005167,C01096,2025-08-21,UPI,Delivered,Express
O005168,C04925,2025-09-03,UPI,Delivered,Standard
O005169,C05317,2024-05-09,COD,Delivered,Standard
O005170,C06401,2024-03-07,Credit Card,Delivered,Standard
O005171,C07845,2024-08-31,Debit Card,Delivered,Standard
O005172,C00267,2024-04-15,Debit Card,Delivered,Express
O005173,C00891,2024-09-14,Credit Card,Delivered,Standard
O005174,C00646,2024-04-20,Debit Card,Delivered,Standard
O005175,C01825,2025-02-22,UPI,Delivered,Standard
O005176,C04781,2024-02-05,Debit Card,Delivered,Standard
O005177,C04172,2025-01-17,COD,Delivered,Standard
O005178,C06354,2024-07-25,UPI,Delivered,Standard
O005179,C03148,2025-01-02,COD,Delivered,Same Day
O005180,C07512,2025-07-08,UPI,Delivered,Standard
O005181,C07993,2025-06-09,UPI,Delivered,Express
O005182,C00932,2025-11-24,COD,Delivered,Standard
O005183,C02110,2025-10-17,UPI,Delivered,Standard
O005184,C00998,2025-07-16,Net Banking,Delivered,Standard
O005185,C06948,2025-06-03,UPI,Delivered,Standard
O005186,C06021,2025-10-08,COD,Delivered,Standard
O005187,C06507,2024-04-10,Credit Card,Delivered,Standard
O005188,C06267,2025-11-29,UPI,Delivered,Express
O005189,C00972,2024-01-06,UPI,Delivered,Same Day
O005190,C01824,2025-12-25,Credit Card,Delivered,Standard
O005191,C01067,2024-02-14,Wallet,Delivered,Standard
O005192,C01641,2025-05-07,Credit Card,Delivered,Standard
O005193,C03818,2025-02-14,UPI,Delivered,Standard
O005194,C02338,2024-03-27,Net Banking,Delivered,Standard
O005195,C03108,2024-06-01,COD,Delivered,Standard
O005196,C01540,2024-01-18,Debit Card,Delivered,Standard
O005197,C04906,2024-04-24,Debit Card,Delivered,Same Day
O005198,C06111,2025-02-24,UPI,Delivered,Standard
O005199,C00064,2025-07-10,Debit Card,Delivered,Express
O005200,C06548,2025-04-02,Debit Card,Delivered,Standard
O005201,C03981,2024-05-17,Credit Card,Delivered,Standard
O005202,C04827,2025-05-16,Net Banking,Delivered,Standard
O005203,C05463,2024-05-12,Debit Card,Delivered,Express
O005204,C05476,2025-11-13,UPI,Delivered,Standard
O005205,C04063,2025-11-27,Wallet,Delivered,Standard
O005206,C03844,2024-05-30,Debit Card,Cancelled,Standard
O005207,C07721,2024-05-11,Credit Card,Delivered,Standard
O005208,C01414,2024-04-10,Wallet,Delivered,Standard
O005209,C03542,2024-09-22,UPI,Delivered,Express
O005210,C04416,2024-11-12,UPI,Delivered,Express
O005211,C04078,2024-08-13,UPI,Delivered,Express
O005212,C00611,2025-09-04,Net Banking,Delivered,Standard
O005213,C04346,2025-02-27,Wallet,Delivered,Standard
O005214,C03910,2024-10-04,UPI,Delivered,Standard
O005215,C01076,2024-07-15,UPI,Delivered,Standard
O005216,C02911,2024-06-22,UPI,Delivered,Standard
O005217,C00453,2025-06-28,Wallet,Delivered,Standard
O005218,C02669,2024-06-29,Wallet,Delivered,Standard
O005219,C06138,2024-10-15,Wallet,Delivered,Standard
O005220,C06878,2025-01-06,Debit Card,Delivered,Standard
O005221,C05671,2025-10-19,Debit Card,Delivered,Standard
O005222,C03370,2025-04-13,UPI,Delivered,Express
O005223,C00815,2024-08-12,UPI,Delivered,Express
O005224,C01822,2024-07-17,Debit Card,Delivered,Standard
O005225,C01971,2025-10-15,UPI,Delivered,Standard
O005226,C02731,2025-10-23,UPI,Delivered,Express
O005227,C07832,2025-04-07,Credit Card,Returned,Standard
O005228,C06655,2024-04-10,Wallet,Delivered,Standard
O005229,C06066,2025-04-14,COD,Returned,Standard
O005230,C00569,2025-11-23,Debit Card,Delivered,Standard
O005231,C04560,2024-08-17,Debit Card,Delivered,Standard
O005232,C05758,2024-04-30,UPI,Delivered,Same Day
O005233,C03866,2025-07-25,UPI,Delivered,Same Day
O005234,C06655,2025-04-11,Net Banking,Delivered,Express
O005235,C05327,2025-07-25,Credit Card,Cancelled,Standard
O005236,C01561,2024-12-04,Debit Card,Delivered,Standard
O005237,C01137,2025-12-30,UPI,Delivered,Express
O005238,C00674,2025-02-11,Credit Card,Cancelled,Standard
O005239,C05627,2025-06-15,Net Banking,Delivered,Express
O005240,C02718,2024-10-13,UPI,Returned,Standard
O005241,C06164,2025-05-30,UPI,Delivered,Standard
O005242,C01626,2024-10-10,UPI,Delivered,Standard
O005243,C00340,2025-06-09,Debit Card,Delivered,Standard
O005244,C07883,2025-03-14,Debit Card,Delivered,Standard
O005245,C00814,2025-10-10,Credit Card,Delivered,Standard
O005246,C06656,2024-10-14,Debit Card,Delivered,Express
O005247,C00650,2025-06-07,Debit Card,Delivered,Standard
O005248,C07667,2025-03-13,UPI,Delivered,Standard
O005249,C05052,2025-02-12,Wallet,Cancelled,Standard
O005250,C03741,2024-03-28,Wallet,Delivered,Standard
O005251,C00485,2024-09-02,Wallet,Delivered,Standard
O005252,C03439,2024-11-13,UPI,Delivered,Standard
O005253,C00035,2024-10-26,Debit Card,Delivered,Standard
O005254,C01042,2025-12-18,UPI,Delivered,Standard
O005255,C07304,2025-02-14,Wallet,Delivered,Standard
O005256,C01064,2025-11-06,COD,Delivered,Express
O005257,C02587,2025-07-01,Credit Card,Cancelled,Standard
O005258,C06285,2024-10-14,COD,Delivered,Express
O005259,C06351,2024-08-08,Debit Card,Delivered,Standard
O005260,C04816,2024-01-22,Net Banking,Delivered,Standard
O005261,C04489,2024-09-04,Wallet,Delivered,Standard
O005262,C04404,2024-03-18,COD,Delivered,Express
O005263,C00226,2024-02-02,Credit Card,Delivered,Standard
O005264,C01021,2025-06-15,UPI,Delivered,Standard
O005265,C05495,2025-08-10,UPI,Delivered,Express
O005266,C07084,2025-06-09,Credit Card,Delivered,Same Day
O005267,C05116,2025-07-03,Wallet,Delivered,Standard
O005268,C07168,2024-04-21,COD,Delivered,Standard
O005269,C05435,2025-02-15,Debit Card,Cancelled,Standard
O005270,C01970,2025-02-03,Debit Card,Delivered,Express
O005271,C06029,2025-02-28,Wallet,Delivered,Express
O005272,C01592,2025-05-06,Net Banking,Delivered,Same Day
O005273,C05715,2025-06-23,UPI,Returned,Express
O005274,C06090,2025-06-04,Credit Card,Delivered,Express
O005275,C01118,2024-10-21,Net Banking,Delivered,Standard
O005276,C00565,2025-03-21,Credit Card,Delivered,Same Day
O005277,C06331,2025-02-14,UPI,Delivered,Standard
O005278,C04990,2024-06-05,Wallet,Cancelled,Standard
O005279,C02034,2024-07-12,Net Banking,Delivered,Standard
O005280,C05671,2024-09-14,Credit Card,Delivered,Express
O005281,C00755,2024-04-14,UPI,Delivered,Express
O005282,C05496,2024-07-21,UPI,Delivered,Express
O005283,C07850,2025-01-17,UPI,Returned,Express
O005284,C01727,2024-07-03,Debit Card,Delivered,Same Day
O005285,C07884,2025-12-31,UPI,Delivered,Same Day
O005286,C02931,2025-03-10,Debit Card,Delivered,Express
O005287,C01769,2024-09-18,Wallet,Delivered,Express
O005288,C02396,2024-07-25,COD,Delivered,Standard
O005289,C07925,2025-04-04,UPI,Delivered,Standard
O005290,C02783,2025-12-04,Debit Card,Delivered,Express
O005291,C05391,2024-09-11,Credit Card,Delivered,Express
O005292,C02768,2024-01-02,Debit Card,Delivered,Standard
O005293,C01072,2024-02-27,Debit Card,Delivered,Standard
O005294,C01274,2025-12-14,Debit Card,Delivered,Standard
O005295,C04846,2024-03-28,Credit Card,Delivered,Standard
O005296,C01946,2024-04-17,Wallet,Delivered,Standard
O005297,C07586,2025-05-01,COD,Delivered,Express
O005298,C02878,2024-07-29,UPI,Delivered,Same Day
O005299,C07979,2024-08-01,UPI,Cancelled,Standard
O005300,C01351,2025-12-30,Debit Card,Delivered,Standard
O005301,C05710,2025-07-14,UPI,Delivered,Express
O005302,C07124,2025-03-03,Credit Card,Delivered,Standard
O005303,C07942,2024-08-02,Debit Card,Delivered,Express
O005304,C06738,2024-04-29,UPI,Delivered,Same Day
O005305,C00917,2024-04-01,COD,Delivered,Standard
O005306,C03329,2024-01-27,Credit Card,Cancelled,Express
O005307,C06146,2024-09-30,Credit Card,Delivered,Standard
O005308,C06721,2025-07-24,Debit Card,Delivered,Express
O005309,C07827,2024-04-20,Net Banking,Delivered,Express
O005310,C04062,2025-10-02,UPI,Delivered,Standard
O005311,C03735,2024-03-11,Credit Card,Delivered,Standard
O005312,C01722,2025-06-22,COD,Delivered,Express
O005313,C06805,2024-04-19,Credit Card,Delivered,Standard
O005314,C07988,2024-09-05,Credit Card,Delivered,Standard
O005315,C01716,2024-02-29,Debit Card,Delivered,Express
O005316,C07827,2025-10-03,UPI,Delivered,Standard
O005317,C06145,2024-02-16,UPI,Delivered,Standard
O005318,C02917,2024-08-12,UPI,Delivered,Standard
O005319,C02969,2025-04-19,COD,Delivered,Same Day
O005320,C06706,2024-10-06,Wallet,Delivered,Express
O005321,C00550,2024-02-12,UPI,Delivered,Express
O005322,C00618,2025-07-16,UPI,Delivered,Express
O005323,C07201,2025-05-06,COD,Delivered,Standard
O005324,C00892,2025-04-28,UPI,Delivered,Express
O005325,C00852,2024-01-27,UPI,Delivered,Standard
O005326,C04390,2025-04-03,COD,Delivered,Express
O005327,C04993,2024-05-02,Net Banking,Cancelled,Standard
O005328,C07562,2024-10-19,UPI,Delivered,Standard
O005329,C07397,2024-08-11,UPI,Delivered,Standard
O005330,C03152,2024-12-13,Debit Card,Returned,Express
O005331,C05731,2024-05-21,Debit Card,Delivered,Standard
O005332,C07734,2024-01-14,UPI,Delivered,Same Day
O005333,C03719,2024-10-30,Debit Card,Delivered,Standard
O005334,C01973,2024-12-14,Credit Card,Delivered,Standard
O005335,C05703,2024-06-25,Net Banking,Delivered,Standard
O005336,C02098,2024-11-05,Credit Card,Delivered,Standard
O005337,C03120,2025-07-05,Debit Card,Delivered,Same Day
O005338,C06101,2025-08-24,Net Banking,Delivered,Express
O005339,C05504,2025-03-22,Credit Card,Delivered,Express
O005340,C06294,2024-04-03,Credit Card,Delivered,Express
O005341,C07929,2024-02-13,Debit Card,Delivered,Express
O005342,C05270,2024-07-11,COD,Delivered,Standard
O005343,C00652,2025-01-19,Debit Card,Returned,Express
O005344,C02783,2024-08-24,Wallet,Delivered,Standard
O005345,C07287,2024-11-08,Credit Card,Delivered,Standard
O005346,C07396,2024-02-02,UPI,Delivered,Express
O005347,C06582,2024-10-19,UPI,Delivered,Express
O005348,C04654,2025-01-01,UPI,Delivered,Standard
O005349,C04495,2024-08-19,Net Banking,Delivered,Express
O005350,C03981,2025-04-12,Debit Card,Delivered,Same Day
O005351,C06506,2025-09-04,Credit Card,Delivered,Standard
O005352,C06939,2025-06-02,UPI,Delivered,Standard
O005353,C07086,2024-02-24,Credit Card,Delivered,Standard
O005354,C03734,2025-05-07,Debit Card,Delivered,Express
O005355,C06657,2025-12-05,Credit Card,Delivered,Express
O005356,C01397,2025-12-03,Credit Card,Delivered,Standard
O005357,C04748,2025-04-01,Net Banking,Delivered,Express
O005358,C02533,2025-01-08,UPI,Delivered,Standard
O005359,C05324,2024-01-06,Credit Card,Delivered,Standard
O005360,C05861,2025-07-07,Debit Card,Delivered,Standard
O005361,C06708,2025-05-23,Debit Card,Delivered,Standard
O005362,C06554,2024-03-20,Net Banking,Delivered,Standard
O005363,C06784,2025-07-07,Net Banking,Delivered,Express
O005364,C06249,2024-01-02,UPI,Delivered,Express
O005365,C07774,2024-05-26,COD,Delivered,Standard
O005366,C00905,2024-12-13,UPI,Delivered,Same Day
O005367,C00431,2024-10-11,UPI,Delivered,Express
O005368,C02800,2025-08-31,Debit Card,Cancelled,Standard
O005369,C00794,2024-03-26,Debit Card,Delivered,Standard
O005370,C01200,2024-01-14,Debit Card,Delivered,Standard
O005371,C03424,2025-03-20,Wallet,Delivered,Standard
O005372,C05805,2024-06-14,UPI,Delivered,Express
O005373,C03972,2024-11-01,Credit Card,Delivered,Express
O005374,C05666,2025-11-23,COD,Delivered,Standard
O005375,C01312,2025-12-18,Wallet,Delivered,Same Day
O005376,C00571,2025-06-05,Debit Card,Delivered,Express
O005377,C07100,2025-11-25,Credit Card,Delivered,Standard
O005378,C00096,2025-09-03,COD,Delivered,Express
O005379,C07671,2025-11-28,UPI,Delivered,Express
O005380,C04073,2024-05-30,UPI,Delivered,Express
O005381,C01518,2025-10-08,Net Banking,Delivered,Standard
O005382,C04562,2024-12-20,UPI,Cancelled,Standard
O005383,C02443,2025-04-29,COD,Delivered,Standard
O005384,C04934,2025-08-04,UPI,Delivered,Standard
O005385,C05012,2024-05-14,UPI,Delivered,Standard
O005386,C05266,2024-03-23,Debit Card,Delivered,Express
O005387,C05863,2025-12-26,Credit Card,Cancelled,Express
O005388,C01698,2024-03-06,Debit Card,Delivered,Standard
O005389,C02347,2025-03-29,Wallet,Delivered,Express
O005390,C01286,2024-05-04,Wallet,Cancelled,Standard
O005391,C02999,2024-03-07,Credit Card,Delivered,Standard
O005392,C04225,2025-12-28,Debit Card,Delivered,Standard
O005393,C05210,2024-10-04,Net Banking,Delivered,Express
O005394,C02249,2024-07-03,Credit Card,Delivered,Standard
O005395,C05646,2025-11-12,UPI,Delivered,Standard
O005396,C03296,2025-12-07,COD,Delivered,Same Day
O005397,C03403,2025-02-27,Net Banking,Delivered,Standard
O005398,C07032,2024-11-16,Wallet,Delivered,Standard
O005399,C04109,2025-01-13,UPI,Delivered,Standard
O005400,C01264,2025-01-16,Credit Card,Delivered,Express
O005401,C04591,2024-10-03,Credit Card,Delivered,Standard
O005402,C07742,2025-07-08,Credit Card,Delivered,Express
O005403,C04913,2025-01-22,UPI,Delivered,Standard
O005404,C05655,2024-04-12,UPI,Delivered,Standard
O005405,C06444,2025-01-21,Wallet,Delivered,Express
O005406,C00627,2025-09-19,Credit Card,Delivered,Standard
O005407,C07658,2024-09-12,UPI,Delivered,Standard
O005408,C05138,2024-02-02,Net Banking,Cancelled,Standard
O005409,C03409,2025-05-22,Credit Card,Delivered,Express
O005410,C03519,2025-10-05,Credit Card,Delivered,Express
O005411,C03433,2024-04-16,Net Banking,Delivered,Express
O005412,C02834,2025-06-17,Wallet,Delivered,Standard
O005413,C06327,2025-03-25,Credit Card,Delivered,Same Day
O005414,C05410,2024-04-13,UPI,Delivered,Standard
O005415,C03686,2025-01-08,UPI,Delivered,Express
O005416,C02995,2025-07-28,Debit Card,Delivered,Standard
O005417,C07167,2025-08-19,Wallet,Delivered,Express
O005418,C03974,2025-11-21,COD,Cancelled,Standard
O005419,C01805,2025-08-24,Credit Card,Delivered,Standard
O005420,C04459,2024-07-01,UPI,Delivered,Express
O005421,C00747,2025-10-02,UPI,Delivered,Express
O005422,C03907,2025-01-14,UPI,Delivered,Standard
O005423,C03236,2025-08-26,Debit Card,Delivered,Standard
O005424,C05903,2024-09-11,UPI,Delivered,Same Day
O005425,C01702,2024-03-19,Net Banking,Delivered,Standard
O005426,C03031,2025-01-28,Credit Card,Delivered,Standard
O005427,C02837,2025-07-31,Net Banking,Delivered,Express
O005428,C01407,2025-04-22,COD,Delivered,Express
O005429,C05930,2025-03-02,Credit Card,Delivered,Standard
O005430,C05879,2024-10-15,Credit Card,Delivered,Express
O005431,C01801,2024-11-04,Net Banking,Delivered,Express
O005432,C06873,2024-07-06,Debit Card,Delivered,Standard
O005433,C07841,2024-10-12,UPI,Delivered,Express
O005434,C00238,2024-10-16,Net Banking,Delivered,Standard
O005435,C04455,2024-01-29,Debit Card,Delivered,Express
O005436,C02657,2024-04-28,Credit Card,Delivered,Standard
O005437,C06715,2025-05-02,UPI,Delivered,Standard
O005438,C07010,2024-07-05,Credit Card,Delivered,Standard
O005439,C07494,2025-04-01,Credit Card,Returned,Standard
O005440,C04415,2025-04-07,UPI,Returned,Standard
O005441,C00912,2024-10-06,Credit Card,Delivered,Express
O005442,C01331,2024-02-16,UPI,Delivered,Standard
O005443,C05833,2024-10-26,Credit Card,Delivered,Standard
O005444,C00326,2024-01-19,Credit Card,Delivered,Standard
O005445,C05356,2025-04-26,Credit Card,Delivered,Express
O005446,C01825,2024-10-05,Credit Card,Delivered,Standard
O005447,C07513,2024-02-18,Credit Card,Cancelled,Same Day
O005448,C00359,2024-02-27,Debit Card,Delivered,Standard
O005449,C07981,2024-04-11,Credit Card,Delivered,Standard
O005450,C00394,2025-05-05,Credit Card,Delivered,Same Day
O005451,C07968,2024-02-05,COD,Delivered,Same Day
O005452,C05517,2025-07-18,UPI,Delivered,Same Day
O005453,C00874,2025-07-30,Wallet,Delivered,Standard
O005454,C06286,2024-06-27,Wallet,Delivered,Express
O005455,C04167,2024-12-23,Credit Card,Delivered,Express
O005456,C03703,2025-12-26,UPI,Delivered,Standard
O005457,C05003,2024-01-01,COD,Delivered,Express
O005458,C01457,2024-10-30,UPI,Delivered,Express
O005459,C02590,2024-05-14,Debit Card,Delivered,Standard
O005460,C06531,2025-09-29,Debit Card,Delivered,Standard
O005461,C00914,2025-03-24,UPI,Delivered,Same Day
O005462,C05758,2024-01-29,COD,Delivered,Standard
O005463,C01685,2024-10-05,Net Banking,Delivered,Express
O005464,C03769,2024-12-16,Credit Card,Delivered,Express
O005465,C01913,2024-12-20,Credit Card,Delivered,Standard
O005466,C05111,2025-08-13,Credit Card,Delivered,Standard
O005467,C06662,2025-02-05,Credit Card,Delivered,Standard
O005468,C07192,2025-04-22,Credit Card,Delivered,Express
O005469,C00756,2025-05-02,UPI,Delivered,Standard
O005470,C07570,2024-10-04,Wallet,Delivered,Standard
O005471,C03365,2024-10-02,Credit Card,Delivered,Same Day
O005472,C07109,2025-05-21,UPI,Delivered,Express
O005473,C03668,2025-08-29,Debit Card,Delivered,Standard
O005474,C03450,2025-12-23,Credit Card,Delivered,Express
O005475,C01433,2025-08-29,Credit Card,Delivered,Standard
O005476,C00132,2025-08-29,Credit Card,Delivered,Same Day
O005477,C01961,2025-03-16,Credit Card,Delivered,Express
O005478,C00806,2025-04-06,UPI,Delivered,Standard
O005479,C04868,2025-01-19,UPI,Cancelled,Standard
O005480,C06389,2024-12-17,Credit Card,Delivered,Standard
O005481,C00281,2024-04-11,Net Banking,Delivered,Standard
O005482,C02783,2024-12-22,Debit Card,Delivered,Standard
O005483,C07679,2025-03-18,Credit Card,Delivered,Standard
O005484,C00931,2024-01-08,Credit Card,Delivered,Standard
O005485,C04630,2024-10-20,Debit Card,Delivered,Standard
O005486,C03565,2024-08-13,Debit Card,Delivered,Express
O005487,C06754,2024-01-30,Wallet,Delivered,Standard
O005488,C05104,2024-12-25,Credit Card,Delivered,Same Day
O005489,C04184,2025-04-15,UPI,Delivered,Standard
O005490,C01587,2024-03-15,Net Banking,Delivered,Standard
O005491,C05363,2024-06-14,UPI,Delivered,Express
O005492,C06735,2025-08-03,UPI,Delivered,Express
O005493,C04769,2024-06-10,UPI,Delivered,Standard
O005494,C05683,2025-12-08,Credit Card,Delivered,Standard
O005495,C03112,2025-11-25,UPI,Delivered,Standard
O005496,C02409,2024-09-11,Net Banking,Delivered,Standard
O005497,C03876,2024-10-18,Credit Card,Delivered,Express
O005498,C00707,2025-06-16,Credit Card,Delivered,Same Day
O005499,C04230,2025-03-03,Credit Card,Returned,Express
O005500,C02327,2025-11-10,Wallet,Delivered,Express
O005501,C03934,2024-03-22,COD,Delivered,Standard
O005502,C06684,2025-11-12,Debit Card,Delivered,Express
O005503,C06841,2024-05-31,Net Banking,Delivered,Standard
O005504,C06401,2025-06-03,UPI,Delivered,Express
O005505,C01073,2024-10-26,UPI,Delivered,Standard
O005506,C02167,2025-12-07,Credit Card,Delivered,Standard
O005507,C05445,2024-06-20,Credit Card,Delivered,Standard
O005508,C06030,2025-10-19,Debit Card,Delivered,Standard
O005509,C04077,2024-02-11,Credit Card,Delivered,Standard
O005510,C06431,2025-09-12,Debit Card,Cancelled,Standard
O005511,C01494,2025-04-11,UPI,Delivered,Standard
O005512,C00913,2025-03-17,UPI,Delivered,Express
O005513,C06622,2025-02-06,Credit Card,Delivered,Standard
O005514,C02777,2025-06-19,Net Banking,Cancelled,Standard
O005515,C02442,2025-03-31,Credit Card,Delivered,Standard
O005516,C00757,2024-12-09,Credit Card,Delivered,Standard
O005517,C04513,2025-11-20,UPI,Delivered,Standard
O005518,C01501,2025-09-22,COD,Delivered,Standard
O005519,C04039,2024-01-22,UPI,Returned,Standard
O005520,C07777,2024-09-28,UPI,Delivered,Express
O005521,C04027,2025-06-07,Credit Card,Delivered,Express
O005522,C07828,2025-05-21,Debit Card,Delivered,Same Day
O005523,C02720,2024-05-14,UPI,Delivered,Standard
O005524,C06235,2025-12-04,Debit Card,Delivered,Express
O005525,C04467,2024-01-15,UPI,Delivered,Same Day
O005526,C01977,2025-07-20,UPI,Delivered,Same Day
O005527,C07566,2024-10-28,Debit Card,Delivered,Standard
O005528,C04627,2025-08-30,UPI,Delivered,Standard
O005529,C05981,2024-06-29,UPI,Delivered,Standard
O005530,C07329,2025-03-22,COD,Delivered,Standard
O005531,C00744,2024-09-09,UPI,Delivered,Standard
O005532,C07788,2024-08-26,COD,Delivered,Standard
O005533,C06242,2025-09-30,UPI,Delivered,Standard
O005534,C03954,2024-09-01,Debit Card,Delivered,Standard
O005535,C02353,2024-06-22,UPI,Delivered,Standard
O005536,C05106,2024-08-31,UPI,Delivered,Standard
O005537,C04640,2024-09-27,UPI,Delivered,Standard
O005538,C04425,2024-09-23,Credit Card,Delivered,Standard
O005539,C03547,2025-12-25,COD,Delivered,Express
O005540,C00129,2024-01-18,Credit Card,Delivered,Standard
O005541,C06086,2025-06-02,Wallet,Delivered,Standard
O005542,C03306,2025-03-28,Debit Card,Delivered,Standard
O005543,C06334,2024-03-02,UPI,Delivered,Standard
O005544,C00433,2025-01-16,Wallet,Delivered,Same Day
O005545,C05920,2025-04-09,Debit Card,Delivered,Express
O005546,C01894,2025-06-28,Credit Card,Delivered,Standard
O005547,C02629,2024-11-30,Debit Card,Cancelled,Standard
O005548,C03491,2025-09-29,Credit Card,Delivered,Standard
O005549,C07700,2024-06-22,Debit Card,Delivered,Express
O005550,C02320,2024-02-17,Debit Card,Delivered,Express
O005551,C07263,2025-06-08,COD,Delivered,Standard
O005552,C07902,2024-01-02,Wallet,Delivered,Express
O005553,C01166,2025-01-17,UPI,Delivered,Same Day
O005554,C02914,2025-04-27,Credit Card,Returned,Express
O005555,C01530,2024-11-26,Credit Card,Delivered,Standard
O005556,C05179,2025-03-28,Credit Card,Delivered,Express
O005557,C02744,2025-01-07,Debit Card,Delivered,Standard
O005558,C03256,2025-11-16,UPI,Returned,Standard
O005559,C03776,2024-02-08,Credit Card,Delivered,Standard
O005560,C07811,2024-06-21,UPI,Delivered,Express
O005561,C07901,2025-06-01,Debit Card,Delivered,Standard
O005562,C02817,2024-01-11,Credit Card,Delivered,Standard
O005563,C02443,2024-11-19,Wallet,Delivered,Express
O005564,C06098,2024-07-11,Net Banking,Delivered,Standard
O005565,C04681,2025-03-27,Credit Card,Delivered,Standard
O005566,C05524,2024-04-01,Net Banking,Delivered,Same Day
O005567,C04300,2024-10-06,Net Banking,Delivered,Standard
O005568,C06128,2025-01-13,UPI,Delivered,Standard
O005569,C03316,2025-01-19,UPI,Delivered,Same Day
O005570,C00910,2024-05-10,Debit Card,Delivered,Express
O005571,C02256,2025-09-20,Debit Card,Delivered,Standard
O005572,C02030,2025-09-02,UPI,Delivered,Standard
O005573,C04583,2025-07-15,Debit Card,Delivered,Standard
O005574,C01930,2024-08-31,COD,Delivered,Express
O005575,C01593,2024-09-09,Wallet,Cancelled,Express
O005576,C06596,2025-09-28,Net Banking,Delivered,Express
O005577,C06684,2025-02-03,Net Banking,Delivered,Standard
O005578,C06783,2025-10-31,Wallet,Delivered,Express
O005579,C03225,2024-08-13,Debit Card,Delivered,Express
O005580,C00454,2024-12-12,Credit Card,Delivered,Same Day
O005581,C03877,2025-11-07,Credit Card,Delivered,Standard
O005582,C01082,2025-07-14,Credit Card,Delivered,Standard
O005583,C06731,2025-09-12,Wallet,Delivered,Standard
O005584,C02724,2025-07-29,COD,Delivered,Same Day
O005585,C00203,2025-03-29,COD,Delivered,Standard
O005586,C05969,2024-10-27,Credit Card,Cancelled,Standard
O005587,C00208,2024-12-28,UPI,Delivered,Express
O005588,C04404,2025-01-24,Debit Card,Delivered,Express
O005589,C03866,2024-11-12,Debit Card,Delivered,Standard
O005590,C06554,2024-02-21,COD,Returned,Standard
O005591,C04174,2024-01-29,UPI,Delivered,Standard
O005592,C06164,2025-10-13,Net Banking,Delivered,Express
O005593,C00579,2025-06-12,Wallet,Delivered,Standard
O005594,C00804,2025-10-31,UPI,Delivered,Express
O005595,C06045,2025-05-03,UPI,Delivered,Standard
O005596,C07838,2025-09-27,COD,Delivered,Standard
O005597,C04764,2024-03-03,Debit Card,Delivered,Standard
O005598,C04244,2025-04-01,Debit Card,Delivered,Standard
O005599,C01973,2025-08-25,UPI,Cancelled,Express
O005600,C02862,2025-11-18,Debit Card,Delivered,Express
O005601,C07135,2025-01-01,UPI,Delivered,Same Day
O005602,C02693,2025-03-29,Credit Card,Delivered,Standard
O005603,C07233,2024-03-12,UPI,Delivered,Standard
O005604,C02036,2024-07-13,Net Banking,Delivered,Express
O005605,C02672,2025-03-10,COD,Delivered,Standard
O005606,C02886,2025-10-01,UPI,Delivered,Standard
O005607,C03314,2025-12-26,UPI,Delivered,Express
O005608,C06969,2025-09-18,Credit Card,Delivered,Express
O005609,C04384,2025-06-01,Net Banking,Delivered,Standard
O005610,C01062,2025-10-25,Net Banking,Delivered,Same Day
O005611,C05419,2024-02-07,Debit Card,Delivered,Standard
O005612,C00621,2024-05-04,Net Banking,Delivered,Standard
O005613,C00064,2024-10-27,Credit Card,Delivered,Standard
O005614,C01296,2025-01-12,Debit Card,Delivered,Standard
O005615,C05791,2025-10-23,Credit Card,Delivered,Standard
O005616,C07859,2025-12-15,Credit Card,Delivered,Express
O005617,C04968,2024-09-09,Net Banking,Delivered,Standard
O005618,C00801,2024-09-06,UPI,Delivered,Standard
O005619,C02327,2024-04-26,COD,Delivered,Standard
O005620,C01649,2025-06-28,Net Banking,Returned,Standard
O005621,C03340,2024-02-08,UPI,Delivered,Express
O005622,C02981,2024-01-01,Wallet,Delivered,Standard
O005623,C05138,2024-07-10,COD,Delivered,Standard
O005624,C05873,2025-07-25,UPI,Delivered,Express
O005625,C01363,2024-11-28,UPI,Delivered,Express
O005626,C00499,2025-04-24,COD,Cancelled,Standard
O005627,C07100,2025-12-22,Wallet,Delivered,Standard
O005628,C00905,2024-04-07,UPI,Delivered,Same Day
O005629,C01218,2024-10-16,Net Banking,Delivered,Standard
O005630,C02747,2024-04-10,UPI,Delivered,Same Day
O005631,C02570,2025-07-02,COD,Delivered,Standard
O005632,C01498,2025-04-24,Net Banking,Delivered,Express
O005633,C03116,2025-07-28,Debit Card,Delivered,Standard
O005634,C02693,2025-01-22,UPI,Delivered,Standard
O005635,C01891,2024-01-21,UPI,Cancelled,Standard
O005636,C07367,2024-04-19,UPI,Delivered,Standard
O005637,C04899,2024-12-21,UPI,Delivered,Standard
O005638,C07661,2024-12-28,Credit Card,Delivered,Standard
O005639,C05982,2024-04-12,Wallet,Cancelled,Standard
O005640,C07866,2024-08-02,Debit Card,Delivered,Standard
O005641,C07804,2024-08-19,COD,Delivered,Standard
O005642,C06049,2025-03-13,COD,Delivered,Standard
O005643,C06805,2024-07-11,UPI,Delivered,Standard
O005644,C07052,2024-09-08,Net Banking,Cancelled,Standard
O005645,C02154,2025-02-15,Credit Card,Delivered,Standard
O005646,C07034,2025-03-26,UPI,Delivered,Standard
O005647,C06102,2024-05-31,Credit Card,Delivered,Standard
O005648,C04226,2025-05-29,UPI,Delivered,Express
O005649,C03449,2024-09-24,UPI,Delivered,Express
O005650,C06749,2025-01-22,Debit Card,Delivered,Express
O005651,C02389,2024-08-16,UPI,Delivered,Express
O005652,C07875,2025-03-26,UPI,Delivered,Standard
O005653,C06090,2025-10-02,Wallet,Delivered,Standard
O005654,C04680,2024-01-25,UPI,Delivered,Express
O005655,C04288,2025-01-04,UPI,Delivered,Standard
O005656,C06947,2025-11-01,COD,Delivered,Standard
O005657,C06791,2024-09-22,Wallet,Delivered,Standard
O005658,C00652,2025-05-29,UPI,Delivered,Standard
O005659,C01639,2025-05-18,Credit Card,Delivered,Standard
O005660,C03782,2024-05-30,Credit Card,Delivered,Standard
O005661,C04711,2025-02-09,UPI,Delivered,Express
O005662,C03763,2025-10-23,UPI,Cancelled,Standard
O005663,C05461,2025-10-04,Credit Card,Delivered,Express
O005664,C00605,2025-12-08,Credit Card,Delivered,Same Day
O005665,C06015,2024-08-08,Credit Card,Cancelled,Standard
O005666,C02900,2025-11-06,UPI,Returned,Standard
O005667,C01688,2025-07-23,Debit Card,Returned,Standard
O005668,C01161,2024-03-08,UPI,Delivered,Express
O005669,C04765,2024-08-19,Credit Card,Delivered,Express
O005670,C06969,2024-03-02,Credit Card,Delivered,Standard
O005671,C00183,2024-08-08,UPI,Delivered,Standard
O005672,C07211,2025-09-07,Net Banking,Delivered,Express
O005673,C07504,2025-02-05,Net Banking,Returned,Standard
O005674,C04957,2024-05-28,Debit Card,Delivered,Standard
O005675,C00732,2024-03-13,Credit Card,Delivered,Standard
O005676,C01643,2024-03-06,UPI,Delivered,Express
O005677,C00449,2024-11-19,UPI,Delivered,Standard
O005678,C01872,2024-12-28,UPI,Delivered,Standard
O005679,C05819,2025-02-04,Credit Card,Delivered,Standard
O005680,C04892,2024-07-28,Debit Card,Delivered,Standard
O005681,C03254,2025-10-05,UPI,Delivered,Standard
O005682,C00249,2025-05-11,Credit Card,Delivered,Standard
O005683,C05646,2025-04-15,Credit Card,Cancelled,Express
O005684,C07912,2024-02-13,COD,Delivered,Standard
O005685,C02552,2024-12-12,UPI,Delivered,Express
O005686,C06273,2025-10-06,Credit Card,Delivered,Standard
O005687,C00486,2024-10-27,Credit Card,Delivered,Express
O005688,C05094,2024-01-13,Wallet,Delivered,Standard
O005689,C02125,2025-05-01,Wallet,Delivered,Standard
O005690,C03312,2025-07-05,UPI,Delivered,Same Day
O005691,C02077,2025-06-12,Credit Card,Delivered,Standard
O005692,C04726,2025-08-05,Wallet,Delivered,Express
O005693,C00906,2024-04-08,Debit Card,Delivered,Express
O005694,C03716,2025-01-29,Debit Card,Delivered,Standard
O005695,C02070,2025-05-15,UPI,Delivered,Standard
O005696,C00730,2025-04-02,UPI,Delivered,Standard
O005697,C01265,2025-01-27,Credit Card,Delivered,Standard
O005698,C00046,2025-06-22,Net Banking,Delivered,Express
O005699,C03533,2025-04-18,UPI,Delivered,Standard
O005700,C04336,2024-08-01,Credit Card,Returned,Express
O005701,C00972,2025-07-14,Debit Card,Delivered,Standard
O005702,C04453,2025-11-08,UPI,Delivered,Express
O005703,C05242,2024-05-17,Credit Card,Returned,Express
O005704,C03355,2025-10-22,UPI,Delivered,Standard
O005705,C03231,2024-06-26,UPI,Delivered,Standard
O005706,C06143,2024-02-09,UPI,Delivered,Standard
O005707,C06696,2025-11-29,UPI,Delivered,Standard
O005708,C00429,2025-06-24,Credit Card,Delivered,Standard
O005709,C06401,2025-09-25,UPI,Delivered,Standard
O005710,C04888,2024-08-15,UPI,Delivered,Standard
O005711,C04320,2024-06-15,UPI,Delivered,Standard
O005712,C06013,2024-03-04,Credit Card,Delivered,Express
O005713,C07764,2024-02-07,Debit Card,Delivered,Standard
O005714,C03781,2025-02-24,Credit Card,Delivered,Standard
O005715,C02526,2024-08-20,Debit Card,Delivered,Standard
O005716,C02519,2024-11-14,Credit Card,Delivered,Standard
O005717,C06326,2024-04-05,Credit Card,Delivered,Express
O005718,C06792,2025-02-21,UPI,Delivered,Standard
O005719,C03282,2025-01-21,Debit Card,Delivered,Standard
O005720,C04648,2025-01-06,UPI,Delivered,Standard
O005721,C01727,2024-06-24,UPI,Cancelled,Standard
O005722,C00256,2024-10-23,Credit Card,Delivered,Express
O005723,C00339,2024-06-14,Debit Card,Delivered,Standard
O005724,C02747,2024-02-26,Debit Card,Delivered,Same Day
O005725,C04903,2024-03-30,Credit Card,Delivered,Standard
O005726,C04532,2024-03-21,Net Banking,Delivered,Standard
O005727,C00234,2024-05-04,Credit Card,Delivered,Standard
O005728,C00599,2025-12-10,Debit Card,Delivered,Standard
O005729,C04359,2024-08-07,Wallet,Delivered,Standard
O005730,C03358,2025-10-05,Credit Card,Delivered,Standard
O005731,C04154,2025-02-02,Credit Card,Delivered,Standard
O005732,C05792,2024-11-29,Wallet,Returned,Express
O005733,C01606,2024-08-18,COD,Delivered,Same Day
O005734,C07552,2025-01-10,Credit Card,Delivered,Standard
O005735,C05221,2024-03-15,UPI,Delivered,Standard
O005736,C02752,2024-10-31,Net Banking,Delivered,Express
O005737,C02623,2024-01-18,Debit Card,Delivered,Standard
O005738,C07712,2025-04-19,Wallet,Delivered,Express
O005739,C05740,2024-12-24,Net Banking,Delivered,Standard
O005740,C04174,2025-12-05,Debit Card,Delivered,Standard
O005741,C03846,2025-05-02,Debit Card,Delivered,Standard
O005742,C05901,2025-08-26,Credit Card,Delivered,Standard
O005743,C06463,2024-07-02,Wallet,Delivered,Standard
O005744,C02206,2024-05-30,Net Banking,Delivered,Express
O005745,C01359,2024-04-23,Wallet,Returned,Standard
O005746,C07371,2024-12-30,Wallet,Delivered,Standard
O005747,C04490,2025-03-21,Credit Card,Delivered,Same Day
O005748,C06970,2025-11-07,COD,Delivered,Standard
O005749,C05386,2024-05-05,Debit Card,Delivered,Standard
O005750,C00136,2024-03-07,Credit Card,Delivered,Same Day
O005751,C03364,2024-11-12,UPI,Delivered,Standard
O005752,C07565,2025-01-02,COD,Delivered,Standard
O005753,C03865,2024-01-27,Credit Card,Delivered,Standard
O005754,C02597,2025-01-07,Debit Card,Delivered,Standard
O005755,C02454,2025-07-24,UPI,Cancelled,Express
O005756,C01544,2025-10-22,Credit Card,Delivered,Express
O005757,C04333,2024-12-17,Debit Card,Delivered,Standard
O005758,C00492,2024-07-06,UPI,Delivered,Same Day
O005759,C03112,2025-02-26,UPI,Delivered,Express
O005760,C05785,2024-10-06,Debit Card,Delivered,Standard
O005761,C03370,2025-08-08,Debit Card,Delivered,Standard
O005762,C03435,2025-01-27,UPI,Delivered,Express
O005763,C05100,2024-05-09,Credit Card,Delivered,Standard
O005764,C07351,2024-08-29,UPI,Delivered,Standard
O005765,C02987,2024-12-07,Debit Card,Delivered,Standard
O005766,C02838,2024-11-12,Credit Card,Delivered,Standard
O005767,C02117,2024-05-29,Net Banking,Delivered,Standard
O005768,C06345,2024-04-24,Wallet,Delivered,Standard
O005769,C07321,2025-11-02,Debit Card,Delivered,Express
O005770,C01278,2024-04-16,Net Banking,Cancelled,Express
O005771,C02258,2025-01-11,Debit Card,Delivered,Standard
O005772,C06532,2025-07-14,Credit Card,Delivered,Standard
O005773,C05710,2025-01-09,Net Banking,Delivered,Standard
O005774,C04464,2025-09-14,Wallet,Delivered,Standard
O005775,C04816,2024-11-19,Debit Card,Delivered,Express
O005776,C05586,2024-07-11,UPI,Delivered,Standard
O005777,C02787,2025-05-20,Credit Card,Delivered,Standard
O005778,C04802,2025-06-29,Credit Card,Delivered,Standard
O005779,C03825,2024-05-23,Debit Card,Delivered,Express
O005780,C01605,2025-09-24,UPI,Delivered,Standard
O005781,C04390,2025-08-07,Debit Card,Delivered,Standard
O005782,C05243,2024-10-17,Credit Card,Delivered,Same Day
O005783,C06341,2024-11-20,UPI,Cancelled,Express
O005784,C02690,2025-02-27,Debit Card,Delivered,Standard
O005785,C05497,2024-02-23,Wallet,Delivered,Standard
O005786,C06485,2024-07-07,Net Banking,Delivered,Same Day
O005787,C06275,2024-05-15,Debit Card,Delivered,Express
O005788,C04965,2024-03-14,UPI,Cancelled,Standard
O005789,C03987,2024-02-16,Debit Card,Delivered,Standard
O005790,C02788,2025-03-30,UPI,Delivered,Express
O005791,C05872,2025-12-19,Credit Card,Delivered,Standard
O005792,C02651,2025-04-01,Credit Card,Delivered,Standard
O005793,C01340,2024-02-21,Wallet,Delivered,Standard
O005794,C07127,2025-12-14,Credit Card,Delivered,Express
O005795,C05256,2024-10-12,Credit Card,Delivered,Standard
O005796,C05595,2024-05-16,Credit Card,Delivered,Express
O005797,C03409,2024-07-07,Credit Card,Delivered,Express
O005798,C01041,2024-04-03,Net Banking,Returned,Standard
O005799,C02513,2024-12-18,Debit Card,Delivered,Standard
O005800,C01350,2024-04-29,Credit Card,Delivered,Standard
O005801,C02149,2024-05-27,UPI,Delivered,Standard
O005802,C06675,2024-06-06,Credit Card,Delivered,Standard
O005803,C05070,2024-05-24,Credit Card,Returned,Express
O005804,C07921,2024-09-25,UPI,Delivered,Standard
O005805,C03537,2024-11-20,UPI,Delivered,Express
O005806,C07436,2024-11-24,Credit Card,Delivered,Standard
O005807,C03245,2025-12-18,UPI,Delivered,Express
O005808,C04202,2025-02-06,Net Banking,Delivered,Standard
O005809,C02281,2025-07-11,COD,Delivered,Same Day
O005810,C03421,2024-12-04,Credit Card,Delivered,Standard
O005811,C05643,2024-11-16,Wallet,Delivered,Express
O005812,C00965,2025-03-21,Debit Card,Delivered,Standard
O005813,C02193,2025-08-27,Credit Card,Delivered,Express
O005814,C02749,2025-07-17,Wallet,Delivered,Standard
O005815,C04302,2024-10-19,Credit Card,Delivered,Standard
O005816,C07500,2024-03-03,Wallet,Delivered,Standard
O005817,C04084,2024-06-14,UPI,Delivered,Standard
O005818,C06329,2025-07-11,Debit Card,Delivered,Standard
O005819,C05122,2024-07-31,Credit Card,Delivered,Same Day
O005820,C02364,2025-12-15,COD,Delivered,Express
O005821,C06718,2025-09-17,Wallet,Delivered,Standard
O005822,C04178,2024-12-21,UPI,Delivered,Standard
O005823,C07929,2024-05-13,UPI,Delivered,Standard
O005824,C05387,2024-04-15,UPI,Delivered,Standard
O005825,C05003,2025-11-26,Credit Card,Delivered,Standard
O005826,C05487,2024-07-24,Credit Card,Delivered,Standard
O005827,C03810,2025-02-20,UPI,Delivered,Standard
O005828,C00268,2025-01-10,Debit Card,Delivered,Standard
O005829,C04845,2024-01-07,COD,Delivered,Standard
O005830,C04641,2024-05-30,Credit Card,Delivered,Standard
O005831,C07464,2024-07-17,UPI,Delivered,Standard
O005832,C00535,2024-10-03,Wallet,Delivered,Express
O005833,C04876,2025-01-12,UPI,Delivered,Express
O005834,C07517,2025-07-02,Credit Card,Delivered,Standard
O005835,C02149,2025-04-29,Credit Card,Delivered,Same Day
O005836,C06391,2024-07-24,Net Banking,Cancelled,Express
O005837,C04978,2024-03-04,Net Banking,Delivered,Standard
O005838,C01823,2025-01-24,COD,Delivered,Express
O005839,C05742,2024-12-30,UPI,Delivered,Standard
O005840,C06775,2024-07-07,UPI,Delivered,Standard
O005841,C06259,2024-08-16,UPI,Delivered,Standard
O005842,C03055,2024-07-28,UPI,Delivered,Express
O005843,C04782,2025-09-14,Net Banking,Delivered,Standard
O005844,C07075,2025-04-12,Credit Card,Delivered,Standard
O005845,C01461,2025-07-24,Debit Card,Returned,Standard
O005846,C00110,2024-11-22,Credit Card,Delivered,Standard
O005847,C06600,2025-09-12,Credit Card,Delivered,Standard
O005848,C04968,2025-11-08,Debit Card,Delivered,Express
O005849,C05337,2025-11-20,UPI,Delivered,Express
O005850,C07563,2025-03-03,UPI,Delivered,Same Day
O005851,C07921,2025-05-03,UPI,Delivered,Standard
O005852,C05725,2024-02-12,UPI,Delivered,Standard
O005853,C00025,2025-11-16,Credit Card,Delivered,Standard
O005854,C02348,2024-02-23,Credit Card,Cancelled,Standard
O005855,C07053,2024-06-26,Credit Card,Delivered,Standard
O005856,C04316,2025-01-10,UPI,Delivered,Standard
O005857,C02191,2025-10-23,COD,Delivered,Standard
O005858,C06319,2024-01-08,UPI,Delivered,Standard
O005859,C05420,2024-12-21,Debit Card,Delivered,Express
O005860,C03375,2025-12-30,COD,Delivered,Standard
O005861,C05747,2025-02-28,Credit Card,Cancelled,Standard
O005862,C00014,2024-11-13,Credit Card,Delivered,Standard
O005863,C03865,2024-05-23,UPI,Delivered,Express
O005864,C00054,2024-06-11,Credit Card,Delivered,Standard
O005865,C01397,2024-01-04,Debit Card,Delivered,Express
O005866,C06940,2024-01-27,Credit Card,Delivered,Standard
O005867,C05200,2025-05-07,Wallet,Delivered,Standard
O005868,C05215,2024-05-10,Credit Card,Delivered,Express
O005869,C00555,2025-09-17,Net Banking,Delivered,Standard
O005870,C07302,2025-04-01,UPI,Delivered,Same Day
O005871,C00545,2024-05-11,Debit Card,Delivered,Standard
O005872,C04496,2025-01-16,Credit Card,Delivered,Standard
O005873,C00998,2025-05-11,Net Banking,Cancelled,Express
O005874,C01359,2024-05-06,Debit Card,Delivered,Standard
O005875,C03798,2024-11-02,Credit Card,Delivered,Same Day
O005876,C03631,2025-09-12,UPI,Delivered,Standard
O005877,C03664,2024-06-19,Debit Card,Delivered,Standard
O005878,C01911,2024-11-25,Debit Card,Delivered,Standard
O005879,C07252,2025-06-26,UPI,Delivered,Same Day
O005880,C03765,2024-01-29,Credit Card,Delivered,Standard
O005881,C05882,2025-04-13,COD,Delivered,Standard
O005882,C04814,2025-03-12,Wallet,Delivered,Standard
O005883,C02443,2025-07-31,Debit Card,Delivered,Express
O005884,C04281,2024-12-27,Credit Card,Delivered,Standard
O005885,C02508,2025-05-07,Debit Card,Cancelled,Same Day
O005886,C04640,2025-07-02,Credit Card,Delivered,Express
O005887,C02457,2025-03-07,UPI,Delivered,Standard
O005888,C00182,2025-07-06,Wallet,Delivered,Standard
O005889,C04779,2024-09-14,Credit Card,Delivered,Express
O005890,C06842,2025-09-03,COD,Delivered,Same Day
O005891,C05951,2024-03-20,Credit Card,Delivered,Standard
O005892,C03128,2024-01-23,UPI,Delivered,Same Day
O005893,C00549,2025-01-10,UPI,Delivered,Standard
O005894,C02484,2024-08-11,UPI,Delivered,Standard
O005895,C00822,2024-12-15,UPI,Delivered,Standard
O005896,C00803,2024-04-11,Debit Card,Delivered,Express
O005897,C05008,2024-06-06,UPI,Delivered,Standard
O005898,C06308,2024-08-03,COD,Cancelled,Standard
O005899,C01135,2025-09-16,UPI,Delivered,Standard
O005900,C03035,2025-02-04,UPI,Delivered,Standard
O005901,C07547,2025-11-22,COD,Delivered,Standard
O005902,C01946,2025-06-04,Debit Card,Delivered,Express
O005903,C04026,2025-06-09,Debit Card,Delivered,Standard
O005904,C05541,2025-09-24,Wallet,Delivered,Standard
O005905,C04660,2024-08-04,Wallet,Delivered,Standard
O005906,C07817,2024-09-12,Wallet,Delivered,Standard
O005907,C02364,2025-09-09,UPI,Delivered,Standard
O005908,C06510,2024-03-22,Credit Card,Delivered,Standard
O005909,C05090,2024-02-14,Credit Card,Delivered,Standard
O005910,C06170,2025-12-27,UPI,Delivered,Same Day
O005911,C04344,2025-01-03,Wallet,Delivered,Standard
O005912,C04359,2025-01-08,Credit Card,Delivered,Standard
O005913,C00981,2024-10-05,UPI,Delivered,Standard
O005914,C05836,2025-11-18,Credit Card,Delivered,Same Day
O005915,C07839,2024-11-06,Net Banking,Delivered,Express
O005916,C06019,2024-08-25,Wallet,Delivered,Standard
O005917,C06713,2024-10-02,Wallet,Returned,Standard
O005918,C06374,2025-04-20,UPI,Delivered,Express
O005919,C01061,2024-09-02,Debit Card,Delivered,Express
O005920,C02798,2024-07-26,COD,Delivered,Standard
O005921,C01672,2025-02-28,COD,Delivered,Standard
O005922,C01826,2025-03-19,UPI,Delivered,Express
O005923,C07942,2025-10-22,Credit Card,Delivered,Standard
O005924,C07108,2025-09-04,UPI,Delivered,Standard
O005925,C04282,2024-12-26,Wallet,Cancelled,Standard
O005926,C02167,2025-07-01,COD,Returned,Express
O005927,C00781,2024-10-31,Credit Card,Delivered,Express
O005928,C01618,2025-06-18,UPI,Delivered,Standard
O005929,C06518,2024-11-23,COD,Delivered,Same Day
O005930,C06622,2025-06-01,Net Banking,Delivered,Standard
O005931,C01106,2025-03-09,UPI,Delivered,Standard
O005932,C07653,2024-06-30,Credit Card,Delivered,Standard
O005933,C01706,2025-09-19,UPI,Delivered,Express
O005934,C01860,2025-03-21,COD,Delivered,Standard
O005935,C06330,2025-07-17,UPI,Delivered,Express
O005936,C01275,2024-10-19,Net Banking,Delivered,Standard
O005937,C00331,2025-08-06,Credit Card,Delivered,Express
O005938,C00743,2024-12-09,Credit Card,Delivered,Standard
O005939,C06980,2025-03-03,UPI,Delivered,Standard
O005940,C01476,2025-12-30,UPI,Delivered,Standard
O005941,C02094,2024-08-14,Credit Card,Delivered,Standard
O005942,C04108,2025-02-20,UPI,Delivered,Express
O005943,C01965,2025-12-11,Credit Card,Delivered,Standard
O005944,C01208,2024-05-18,UPI,Delivered,Standard
O005945,C00215,2024-12-15,Wallet,Delivered,Standard
O005946,C00273,2025-07-21,UPI,Delivered,Standard
O005947,C03674,2024-05-08,Debit Card,Cancelled,Express
O005948,C02599,2025-09-23,UPI,Returned,Standard
O005949,C06466,2024-09-16,UPI,Delivered,Standard
O005950,C01603,2025-03-18,Credit Card,Delivered,Standard
O005951,C06146,2025-07-16,Credit Card,Delivered,Standard
O005952,C01562,2024-08-09,Debit Card,Delivered,Standard
O005953,C01940,2025-02-03,UPI,Returned,Express
O005954,C05781,2024-07-08,Credit Card,Returned,Standard
O005955,C04647,2024-07-10,COD,Delivered,Standard
O005956,C05187,2024-01-09,Credit Card,Delivered,Same Day
O005957,C07710,2024-07-31,UPI,Delivered,Express
O005958,C03312,2025-05-11,Wallet,Delivered,Standard
O005959,C03410,2024-04-22,UPI,Delivered,Express
O005960,C07419,2025-04-10,Credit Card,Cancelled,Express
O005961,C05168,2025-11-09,UPI,Delivered,Express
O005962,C06183,2024-08-13,Debit Card,Delivered,Standard
O005963,C02262,2024-01-25,Credit Card,Delivered,Standard
O005964,C07722,2025-03-12,Wallet,Delivered,Standard
O005965,C03380,2025-01-02,UPI,Delivered,Standard
O005966,C01947,2025-05-29,Credit Card,Delivered,Express
O005967,C01323,2025-04-10,UPI,Delivered,Standard
O005968,C00462,2024-01-25,Credit Card,Delivered,Standard
O005969,C01349,2025-07-07,COD,Delivered,Standard
O005970,C02805,2025-04-27,Debit Card,Delivered,Standard
O005971,C04264,2025-06-02,Credit Card,Delivered,Standard
O005972,C04393,2025-02-17,Debit Card,Delivered,Express
O005973,C05948,2024-09-20,Wallet,Delivered,Standard
O005974,C05391,2025-01-29,Debit Card,Delivered,Express
O005975,C07249,2024-11-15,UPI,Delivered,Standard
O005976,C06902,2025-01-04,Debit Card,Delivered,Standard
O005977,C00276,2025-08-16,UPI,Delivered,Express
O005978,C00917,2025-12-30,Debit Card,Delivered,Express
O005979,C07038,2024-08-13,UPI,Delivered,Express
O005980,C04465,2025-05-01,COD,Delivered,Standard
O005981,C00871,2025-06-18,Credit Card,Delivered,Standard
O005982,C06794,2024-05-20,UPI,Delivered,Standard
O005983,C00759,2025-03-17,Debit Card,Delivered,Express
O005984,C05417,2024-11-18,Debit Card,Delivered,Standard
O005985,C01079,2025-12-28,Credit Card,Delivered,Same Day
O005986,C04769,2025-09-17,UPI,Returned,Standard
O005987,C01689,2025-10-23,Net Banking,Delivered,Standard
O005988,C05224,2025-11-24,UPI,Delivered,Standard
O005989,C06595,2024-07-28,UPI,Delivered,Standard
O005990,C03073,2025-06-21,Debit Card,Delivered,Express
O005991,C06550,2025-05-20,UPI,Delivered,Standard
O005992,C05270,2025-06-16,Net Banking,Delivered,Standard
O005993,C05491,2025-05-29,Net Banking,Delivered,Standard
O005994,C05753,2025-09-21,Credit Card,Delivered,Standard
O005995,C01265,2024-12-28,UPI,Delivered,Standard
O005996,C03497,2025-06-20,UPI,Delivered,Standard
O005997,C07735,2024-08-23,Credit Card,Returned,Standard
O005998,C02690,2024-10-25,Debit Card,Delivered,Express
O005999,C05518,2025-09-10,Net Banking,Returned,Standard
O006000,C06943,2024-05-17,Debit Card,Delivered,Standard
O006001,C03729,2024-05-26,Debit Card,Delivered,Express
O006002,C01685,2025-11-01,Credit Card,Delivered,Express
O006003,C04771,2024-12-26,COD,Delivered,Express
O006004,C02815,2025-04-28,Debit Card,Delivered,Express
O006005,C06102,2025-05-14,Credit Card,Delivered,Standard
O006006,C05606,2025-11-04,Wallet,Delivered,Express
O006007,C00394,2024-04-24,Debit Card,Delivered,Express
O006008,C03776,2024-07-11,UPI,Delivered,Standard
O006009,C03073,2024-02-16,Debit Card,Delivered,Express
O006010,C01631,2024-03-25,UPI,Delivered,Express
O006011,C07252,2024-07-19,Wallet,Delivered,Standard
O006012,C06997,2025-09-02,Credit Card,Delivered,Standard
O006013,C06796,2025-05-22,UPI,Delivered,Standard
O006014,C06622,2024-12-11,COD,Delivered,Standard
O006015,C01562,2025-12-01,Credit Card,Delivered,Standard
O006016,C07435,2025-03-22,UPI,Delivered,Standard
O006017,C02846,2024-07-09,Credit Card,Cancelled,Standard
O006018,C05402,2024-03-14,Credit Card,Delivered,Standard
O006019,C04388,2025-02-15,Wallet,Delivered,Express
O006020,C01865,2025-09-10,Credit Card,Delivered,Standard
O006021,C03865,2024-06-30,Credit Card,Delivered,Standard
O006022,C07963,2024-04-08,COD,Delivered,Standard
O006023,C02699,2024-08-21,UPI,Delivered,Standard
O006024,C07571,2024-03-04,Debit Card,Delivered,Standard
O006025,C03916,2025-01-13,UPI,Delivered,Express
O006026,C06362,2024-12-02,UPI,Delivered,Same Day
O006027,C06395,2025-01-21,Wallet,Delivered,Standard
O006028,C04052,2025-03-28,UPI,Delivered,Standard
O006029,C06351,2025-07-05,Wallet,Delivered,Same Day
O006030,C06263,2024-10-31,Debit Card,Delivered,Express
O006031,C05117,2024-07-18,Debit Card,Cancelled,Standard
O006032,C00796,2024-06-21,COD,Delivered,Standard
O006033,C02703,2025-06-09,Wallet,Delivered,Express
O006034,C04377,2024-05-04,COD,Delivered,Express
O006035,C05165,2024-10-23,Credit Card,Delivered,Same Day
O006036,C04244,2024-02-10,UPI,Delivered,Standard
O006037,C03883,2025-11-16,UPI,Delivered,Standard
O006038,C00907,2024-03-19,Wallet,Delivered,Standard
O006039,C00453,2024-07-23,UPI,Delivered,Express
O006040,C06025,2025-12-19,UPI,Delivered,Standard
O006041,C06856,2025-10-08,UPI,Returned,Express
O006042,C07754,2024-09-28,UPI,Cancelled,Standard
O006043,C00224,2025-03-19,UPI,Delivered,Standard
O006044,C04161,2024-07-20,Debit Card,Delivered,Express
O006045,C07454,2025-01-01,COD,Delivered,Standard
O006046,C06233,2025-06-14,Debit Card,Delivered,Standard
O006047,C00154,2024-08-01,Wallet,Delivered,Standard
O006048,C06969,2024-11-02,UPI,Delivered,Standard
O006049,C00020,2024-11-19,Net Banking,Delivered,Express
O006050,C04621,2024-06-08,UPI,Delivered,Express
O006051,C07754,2024-11-16,UPI,Delivered,Standard
O006052,C00818,2024-02-17,Debit Card,Cancelled,Standard
O006053,C05863,2025-03-05,Net Banking,Delivered,Standard
O006054,C03943,2024-05-14,Credit Card,Delivered,Standard
O006055,C00510,2024-10-03,Debit Card,Delivered,Express
O006056,C02137,2024-06-01,Credit Card,Delivered,Standard
O006057,C06646,2024-07-12,Wallet,Delivered,Same Day
O006058,C04293,2025-05-21,Net Banking,Cancelled,Standard
O006059,C07995,2024-08-03,Debit Card,Returned,Standard
O006060,C06607,2024-11-05,Debit Card,Delivered,Standard
O006061,C06669,2024-12-05,Credit Card,Delivered,Standard
O006062,C05675,2025-09-19,UPI,Delivered,Standard
O006063,C01200,2024-06-11,Credit Card,Delivered,Standard
O006064,C00620,2024-01-26,Wallet,Delivered,Standard
O006065,C07629,2025-07-23,Wallet,Delivered,Standard
O006066,C03797,2024-10-03,Debit Card,Delivered,Standard
O006067,C01910,2024-12-25,Credit Card,Delivered,Same Day
O006068,C04213,2025-09-13,Debit Card,Delivered,Standard
O006069,C04998,2025-06-27,Wallet,Delivered,Standard
O006070,C04689,2025-01-15,UPI,Delivered,Express
O006071,C02775,2024-10-02,Debit Card,Delivered,Express
O006072,C03891,2024-03-09,Wallet,Delivered,Express
O006073,C00370,2025-10-08,UPI,Delivered,Express
O006074,C02790,2024-09-01,Credit Card,Delivered,Standard
O006075,C03496,2024-02-22,UPI,Delivered,Standard
O006076,C03031,2025-06-17,Net Banking,Delivered,Express
O006077,C05257,2025-07-24,UPI,Delivered,Standard
O006078,C06261,2024-04-01,UPI,Delivered,Express
O006079,C07545,2024-08-11,Credit Card,Delivered,Standard
O006080,C03119,2024-01-18,UPI,Delivered,Express
O006081,C03035,2025-02-12,UPI,Delivered,Standard
O006082,C02044,2024-07-05,UPI,Delivered,Standard
O006083,C01182,2024-02-10,Wallet,Delivered,Express
O006084,C04736,2024-11-23,Debit Card,Cancelled,Standard
O006085,C05129,2025-05-31,UPI,Delivered,Standard
O006086,C07511,2024-10-03,Debit Card,Delivered,Standard
O006087,C06424,2025-08-13,UPI,Returned,Standard
O006088,C02034,2024-01-29,Debit Card,Delivered,Standard
O006089,C05710,2024-08-02,COD,Delivered,Standard
O006090,C03794,2025-07-19,Debit Card,Delivered,Express
O006091,C00092,2024-09-17,Credit Card,Delivered,Express
O006092,C04245,2025-01-23,Credit Card,Delivered,Standard
O006093,C05339,2025-05-04,Net Banking,Cancelled,Standard
O006094,C02719,2024-03-14,Debit Card,Delivered,Standard
O006095,C06340,2024-03-27,Debit Card,Delivered,Express
O006096,C06940,2025-06-17,UPI,Delivered,Express
O006097,C06358,2025-09-24,Debit Card,Delivered,Express
O006098,C03616,2025-05-30,COD,Delivered,Standard
O006099,C00226,2025-04-18,Credit Card,Delivered,Standard
O006100,C00312,2024-02-14,Debit Card,Delivered,Standard
O006101,C04505,2025-03-24,Net Banking,Delivered,Express
O006102,C00533,2025-05-15,UPI,Delivered,Standard
O006103,C01598,2024-09-29,Debit Card,Delivered,Express
O006104,C00838,2024-06-28,UPI,Delivered,Standard
O006105,C03619,2025-11-16,Credit Card,Cancelled,Standard
O006106,C04732,2024-04-15,Wallet,Delivered,Standard
O006107,C05394,2024-11-07,Credit Card,Delivered,Standard
O006108,C04724,2025-06-06,UPI,Delivered,Same Day
O006109,C04858,2024-10-15,Net Banking,Delivered,Express
O006110,C06321,2025-08-14,COD,Cancelled,Standard
O006111,C05376,2025-06-05,UPI,Delivered,Express
O006112,C06467,2024-08-16,UPI,Delivered,Same Day
O006113,C07517,2024-08-08,Credit Card,Delivered,Same Day
O006114,C02904,2025-05-17,Credit Card,Cancelled,Standard
O006115,C05947,2024-10-19,Debit Card,Delivered,Express
O006116,C05726,2024-12-13,UPI,Delivered,Express
O006117,C06174,2025-06-24,Net Banking,Delivered,Same Day
O006118,C02236,2024-11-16,Debit Card,Delivered,Express
O006119,C05690,2024-08-27,COD,Delivered,Same Day
O006120,C06256,2024-01-03,COD,Delivered,Standard
O006121,C02106,2025-04-10,COD,Delivered,Standard
O006122,C06468,2025-08-20,Wallet,Cancelled,Standard
O006123,C05070,2025-05-27,Wallet,Delivered,Standard
O006124,C04900,2024-06-18,UPI,Delivered,Standard
O006125,C03467,2024-11-02,Net Banking,Delivered,Standard
O006126,C01594,2025-02-28,UPI,Delivered,Express
O006127,C04540,2025-02-24,Net Banking,Delivered,Express
O006128,C05110,2025-09-01,Wallet,Delivered,Standard
O006129,C03494,2025-09-14,Credit Card,Returned,Express
O006130,C06559,2025-08-11,Wallet,Delivered,Standard
O006131,C02819,2024-09-27,Wallet,Delivered,Standard
O006132,C06192,2024-03-11,Wallet,Cancelled,Standard
O006133,C00373,2025-07-21,UPI,Returned,Standard
O006134,C03173,2025-11-14,Credit Card,Delivered,Standard
O006135,C05264,2025-09-18,UPI,Delivered,Standard
O006136,C01129,2025-10-20,Debit Card,Delivered,Standard
O006137,C00075,2025-01-26,COD,Cancelled,Standard
O006138,C05710,2024-08-15,UPI,Delivered,Standard
O006139,C06227,2024-09-20,Debit Card,Delivered,Standard
O006140,C00611,2024-11-11,Wallet,Delivered,Standard
O006141,C04383,2024-08-19,UPI,Delivered,Express
O006142,C05285,2024-09-03,UPI,Delivered,Express
O006143,C01039,2024-05-29,UPI,Delivered,Express
O006144,C01676,2024-12-12,Debit Card,Delivered,Same Day
O006145,C07862,2025-03-03,Debit Card,Delivered,Express
O006146,C06451,2024-06-01,UPI,Delivered,Express
O006147,C07994,2024-02-11,Debit Card,Delivered,Standard
O006148,C04346,2025-10-19,UPI,Delivered,Express
O006149,C03304,2024-12-05,UPI,Delivered,Standard
O006150,C02071,2025-06-15,Credit Card,Delivered,Standard
O006151,C04503,2025-03-21,Wallet,Delivered,Express
O006152,C01716,2024-08-20,Credit Card,Delivered,Express
O006153,C01545,2025-02-05,COD,Cancelled,Standard
O006154,C06374,2025-06-07,UPI,Delivered,Express
O006155,C05477,2025-06-25,UPI,Delivered,Standard
O006156,C02500,2024-06-13,Net Banking,Delivered,Standard
O006157,C05915,2024-11-09,Credit Card,Delivered,Standard
O006158,C00202,2025-01-10,COD,Delivered,Same Day
O006159,C06405,2025-09-05,UPI,Delivered,Same Day
O006160,C07744,2024-09-08,UPI,Delivered,Standard
O006161,C05686,2025-05-10,Net Banking,Delivered,Express
O006162,C00439,2024-01-19,Credit Card,Delivered,Standard
O006163,C05248,2024-12-19,UPI,Delivered,Same Day
O006164,C03924,2025-12-03,Credit Card,Delivered,Standard
O006165,C00742,2024-06-16,Credit Card,Delivered,Standard
O006166,C01723,2025-04-25,COD,Delivered,Standard
O006167,C06081,2025-08-12,Debit Card,Delivered,Express
O006168,C01809,2024-07-30,Credit Card,Delivered,Standard
O006169,C00611,2024-04-18,UPI,Cancelled,Standard
O006170,C02469,2024-08-07,UPI,Delivered,Express
O006171,C00013,2025-03-12,Net Banking,Delivered,Standard
O006172,C05570,2024-01-26,COD,Returned,Express
O006173,C00583,2024-10-11,Wallet,Delivered,Standard
O006174,C04149,2025-05-29,COD,Delivered,Standard
O006175,C06644,2024-07-17,COD,Delivered,Standard
O006176,C01325,2024-09-06,Debit Card,Delivered,Standard
O006177,C07691,2024-11-08,UPI,Delivered,Standard
O006178,C06300,2024-07-30,Credit Card,Delivered,Standard
O006179,C06675,2024-02-28,Credit Card,Delivered,Same Day
O006180,C03810,2024-05-08,Wallet,Delivered,Standard
O006181,C00764,2024-03-15,UPI,Delivered,Same Day
O006182,C07463,2024-11-19,UPI,Delivered,Standard
O006183,C07188,2025-05-15,Wallet,Delivered,Express
O006184,C05180,2025-09-01,UPI,Delivered,Express
O006185,C07870,2025-05-07,Credit Card,Delivered,Express
O006186,C04434,2025-04-09,Debit Card,Delivered,Standard
O006187,C02037,2025-03-04,UPI,Delivered,Standard
O006188,C03880,2024-02-07,Debit Card,Cancelled,Express
O006189,C01773,2024-06-17,Wallet,Delivered,Standard
O006190,C04781,2025-07-01,Credit Card,Delivered,Standard
O006191,C05969,2025-07-05,UPI,Delivered,Standard
O006192,C01946,2025-10-25,UPI,Returned,Express
O006193,C01974,2024-09-18,Debit Card,Delivered,Standard
O006194,C07067,2024-11-21,COD,Delivered,Express
O006195,C06536,2024-03-01,Wallet,Delivered,Standard
O006196,C07287,2025-02-19,Credit Card,Delivered,Same Day
O006197,C03428,2025-07-28,Credit Card,Delivered,Standard
O006198,C05164,2025-03-07,Net Banking,Delivered,Express
O006199,C07747,2024-08-27,Debit Card,Delivered,Standard
O006200,C00401,2025-10-12,Net Banking,Delivered,Standard
O006201,C07944,2024-09-06,Net Banking,Delivered,Standard
O006202,C02974,2025-09-07,UPI,Delivered,Standard
O006203,C05862,2025-04-17,Credit Card,Delivered,Standard
O006204,C07096,2024-02-10,Debit Card,Delivered,Express
O006205,C03970,2025-02-07,UPI,Delivered,Standard
O006206,C03446,2025-04-01,Credit Card,Returned,Standard
O006207,C01989,2025-09-11,UPI,Delivered,Express
O006208,C07000,2024-07-14,Debit Card,Delivered,Standard
O006209,C03174,2024-02-27,Debit Card,Delivered,Standard
O006210,C06842,2024-10-25,Credit Card,Returned,Standard
O006211,C01159,2025-12-11,Net Banking,Delivered,Standard
O006212,C04504,2025-12-26,UPI,Delivered,Express
O006213,C07394,2024-01-18,Wallet,Delivered,Express
O006214,C07660,2025-03-30,UPI,Delivered,Express
O006215,C04137,2024-03-14,Credit Card,Delivered,Standard
O006216,C06389,2024-05-25,UPI,Delivered,Express
O006217,C00069,2024-08-17,Credit Card,Delivered,Express
O006218,C05646,2025-04-14,Net Banking,Delivered,Standard
O006219,C06796,2025-10-31,Credit Card,Delivered,Standard
O006220,C00614,2025-02-02,Credit Card,Delivered,Standard
O006221,C03170,2024-11-22,Debit Card,Delivered,Standard
O006222,C04410,2024-02-07,Debit Card,Delivered,Standard
O006223,C05072,2025-02-19,UPI,Delivered,Express
O006224,C07086,2025-04-24,Debit Card,Cancelled,Standard
O006225,C06888,2024-05-12,Credit Card,Delivered,Standard
O006226,C03200,2025-12-02,Credit Card,Delivered,Express
O006227,C05566,2024-01-17,Credit Card,Delivered,Standard
O006228,C03110,2024-01-20,Credit Card,Delivered,Standard
O006229,C04771,2024-05-21,COD,Delivered,Standard
O006230,C01789,2025-02-10,Credit Card,Delivered,Standard
O006231,C05881,2025-12-20,UPI,Delivered,Standard
O006232,C02966,2025-09-15,UPI,Delivered,Express
O006233,C00224,2025-12-07,UPI,Delivered,Standard
O006234,C01118,2025-02-09,Debit Card,Delivered,Standard
O006235,C07574,2024-08-26,UPI,Delivered,Standard
O006236,C07719,2024-09-14,Credit Card,Delivered,Express
O006237,C05701,2025-06-17,Net Banking,Delivered,Standard
O006238,C01742,2025-04-16,Wallet,Delivered,Standard
O006239,C03362,2024-09-18,UPI,Delivered,Same Day
O006240,C07722,2024-02-09,Net Banking,Delivered,Express
O006241,C06043,2024-07-27,UPI,Delivered,Standard
O006242,C02886,2024-05-22,Credit Card,Delivered,Standard
O006243,C03219,2025-09-22,Debit Card,Delivered,Express
O006244,C06321,2024-04-07,Debit Card,Delivered,Standard
O006245,C04196,2024-02-15,UPI,Delivered,Express
O006246,C04774,2024-08-07,Wallet,Delivered,Standard
O006247,C00634,2025-05-07,UPI,Delivered,Standard
O006248,C06647,2024-07-22,UPI,Delivered,Standard
O006249,C03025,2025-04-17,Net Banking,Delivered,Standard
O006250,C06206,2025-05-24,Debit Card,Delivered,Standard
O006251,C02573,2025-08-11,Credit Card,Returned,Standard
O006252,C03341,2024-01-02,Credit Card,Returned,Standard
O006253,C06146,2024-10-16,Debit Card,Delivered,Standard
O006254,C04154,2024-05-02,Debit Card,Delivered,Express
O006255,C06513,2024-01-10,UPI,Delivered,Standard
O006256,C01865,2024-04-13,UPI,Delivered,Express
O006257,C00687,2024-11-05,Credit Card,Returned,Express
O006258,C03613,2024-10-07,UPI,Delivered,Express
O006259,C01866,2024-04-12,Debit Card,Delivered,Standard
O006260,C05337,2025-01-17,Debit Card,Delivered,Express
O006261,C00851,2024-07-21,Credit Card,Delivered,Standard
O006262,C04492,2024-05-08,UPI,Delivered,Standard
O006263,C04265,2025-03-28,Debit Card,Delivered,Standard
O006264,C03937,2024-04-02,Wallet,Delivered,Standard
O006265,C03311,2025-12-20,Net Banking,Delivered,Standard
O006266,C06809,2024-01-12,COD,Delivered,Standard
O006267,C06672,2025-08-19,COD,Delivered,Standard
O006268,C04486,2025-02-22,UPI,Delivered,Standard
O006269,C01747,2024-01-21,COD,Delivered,Standard
O006270,C03812,2024-06-28,UPI,Delivered,Express
O006271,C00883,2024-12-09,UPI,Delivered,Express
O006272,C02149,2025-03-23,Debit Card,Delivered,Standard
O006273,C02045,2025-05-18,Credit Card,Delivered,Express
O006274,C04186,2025-09-19,UPI,Delivered,Standard
O006275,C03341,2024-10-20,Net Banking,Delivered,Standard
O006276,C01407,2025-08-16,Net Banking,Delivered,Standard
O006277,C06648,2024-12-23,Net Banking,Delivered,Standard
O006278,C06806,2025-03-12,Debit Card,Delivered,Express
O006279,C00862,2024-05-29,UPI,Delivered,Standard
O006280,C01868,2025-08-11,UPI,Delivered,Standard
O006281,C03620,2024-08-31,Debit Card,Delivered,Same Day
O006282,C02910,2024-08-27,UPI,Delivered,Express
O006283,C02654,2024-09-24,UPI,Delivered,Standard
O006284,C06705,2025-05-14,Credit Card,Delivered,Standard
O006285,C04916,2025-11-18,Debit Card,Delivered,Express
O006286,C00530,2024-08-23,Net Banking,Delivered,Express
O006287,C06584,2025-02-22,Debit Card,Delivered,Express
O006288,C01454,2024-01-30,Credit Card,Delivered,Standard
O006289,C00427,2024-10-06,UPI,Delivered,Standard
O006290,C04851,2025-12-30,Credit Card,Delivered,Express
O006291,C01189,2024-06-21,Net Banking,Delivered,Standard
O006292,C06658,2025-01-28,UPI,Delivered,Express
O006293,C01177,2025-10-19,Credit Card,Delivered,Express
O006294,C03114,2024-04-02,UPI,Delivered,Standard
O006295,C07885,2024-09-15,Net Banking,Delivered,Standard
O006296,C03405,2024-05-26,Credit Card,Delivered,Standard
O006297,C04026,2025-12-04,Net Banking,Delivered,Standard
O006298,C01267,2024-04-02,UPI,Delivered,Standard
O006299,C01542,2024-03-03,Credit Card,Delivered,Express
O006300,C01385,2025-05-18,Debit Card,Delivered,Standard
O006301,C02294,2025-07-22,Credit Card,Delivered,Express
O006302,C06888,2025-02-28,UPI,Returned,Express
O006303,C01180,2025-12-18,Credit Card,Delivered,Express
O006304,C04756,2025-12-29,COD,Delivered,Standard
O006305,C06950,2024-08-02,UPI,Delivered,Same Day
O006306,C02794,2024-09-15,UPI,Delivered,Standard
O006307,C00191,2024-10-06,COD,Delivered,Express
O006308,C04023,2024-12-06,UPI,Delivered,Standard
O006309,C03784,2024-12-22,UPI,Delivered,Express
O006310,C04464,2025-05-12,Debit Card,Delivered,Standard
O006311,C06874,2025-10-15,Net Banking,Delivered,Standard
O006312,C06542,2024-03-08,UPI,Delivered,Standard
O006313,C05264,2024-03-07,Credit Card,Delivered,Standard
O006314,C01312,2025-07-09,UPI,Delivered,Express
O006315,C04061,2025-12-13,Credit Card,Delivered,Standard
O006316,C06232,2025-02-17,Net Banking,Delivered,Express
O006317,C03217,2025-07-27,Debit Card,Delivered,Standard
O006318,C07593,2025-08-23,Debit Card,Delivered,Express
O006319,C06263,2024-08-31,UPI,Delivered,Standard
O006320,C00740,2024-03-27,UPI,Delivered,Express
O006321,C05213,2024-06-25,Debit Card,Delivered,Standard
O006322,C07003,2024-07-20,Wallet,Delivered,Standard
O006323,C07555,2025-10-22,UPI,Delivered,Standard
O006324,C05324,2024-04-15,Credit Card,Delivered,Express
O006325,C01541,2024-06-26,UPI,Delivered,Standard
O006326,C02417,2024-10-08,Credit Card,Cancelled,Same Day
O006327,C04969,2024-10-15,Debit Card,Delivered,Standard
O006328,C01986,2025-09-05,Net Banking,Delivered,Express
O006329,C04224,2025-10-10,UPI,Delivered,Express
O006330,C05157,2025-11-30,UPI,Delivered,Standard
O006331,C03256,2024-05-22,COD,Delivered,Standard
O006332,C05105,2024-10-13,Debit Card,Delivered,Standard
O006333,C07785,2024-10-13,Net Banking,Delivered,Standard
O006334,C03348,2025-11-23,Debit Card,Delivered,Standard
O006335,C04077,2025-02-13,Debit Card,Delivered,Standard
O006336,C07237,2025-01-16,UPI,Returned,Standard
O006337,C02009,2024-10-14,UPI,Delivered,Express
O006338,C05260,2025-11-01,Credit Card,Delivered,Standard
O006339,C00078,2024-06-09,UPI,Delivered,Express
O006340,C01689,2025-09-29,UPI,Delivered,Express
O006341,C06837,2025-10-24,Net Banking,Returned,Express
O006342,C00644,2024-03-12,Credit Card,Delivered,Express
O006343,C04906,2024-05-13,Wallet,Delivered,Express
O006344,C02829,2024-03-31,Wallet,Delivered,Same Day
O006345,C02213,2025-09-14,Credit Card,Delivered,Express
O006346,C00033,2025-05-09,Debit Card,Delivered,Standard
O006347,C03558,2025-02-26,UPI,Cancelled,Standard
O006348,C06868,2024-02-13,UPI,Delivered,Standard
O006349,C07451,2025-10-23,UPI,Delivered,Express
O006350,C02719,2025-03-04,Debit Card,Delivered,Express
O006351,C03831,2024-07-11,UPI,Delivered,Express
O006352,C05736,2025-02-23,Net Banking,Delivered,Standard
O006353,C01835,2025-05-17,Debit Card,Delivered,Standard
O006354,C01975,2024-09-16,Debit Card,Delivered,Standard
O006355,C07913,2025-11-30,UPI,Delivered,Standard
O006356,C01959,2024-01-17,COD,Delivered,Standard
O006357,C05087,2024-08-15,Credit Card,Delivered,Standard
O006358,C03577,2025-10-11,COD,Delivered,Same Day
O006359,C02918,2025-12-20,Net Banking,Delivered,Standard
O006360,C04601,2024-11-02,Credit Card,Delivered,Standard
O006361,C03355,2025-12-06,Credit Card,Delivered,Standard
O006362,C00906,2025-07-11,Debit Card,Returned,Standard
O006363,C00088,2024-05-08,UPI,Delivered,Standard
O006364,C01629,2024-04-21,Credit Card,Delivered,Standard
O006365,C02132,2025-10-26,Credit Card,Delivered,Express
O006366,C02724,2024-06-11,UPI,Delivered,Standard
O006367,C06066,2024-01-21,UPI,Delivered,Standard
O006368,C02031,2025-02-14,Debit Card,Delivered,Standard
O006369,C07739,2025-11-13,Credit Card,Delivered,Standard
O006370,C06776,2024-01-22,UPI,Delivered,Express
O006371,C04166,2025-04-07,Debit Card,Delivered,Standard
O006372,C06256,2025-02-14,Credit Card,Delivered,Standard
O006373,C02320,2024-07-05,COD,Delivered,Standard
O006374,C00439,2025-03-19,Debit Card,Delivered,Standard
O006375,C07696,2024-10-21,Credit Card,Delivered,Same Day
O006376,C04451,2025-11-25,Credit Card,Delivered,Standard
O006377,C05482,2024-09-30,Debit Card,Delivered,Standard
O006378,C01981,2025-05-01,COD,Delivered,Standard
O006379,C00132,2025-08-22,UPI,Delivered,Standard
O006380,C04455,2025-11-23,UPI,Delivered,Standard
O006381,C01647,2025-03-16,Credit Card,Delivered,Standard
O006382,C04622,2024-03-17,UPI,Delivered,Standard
O006383,C03371,2024-01-15,UPI,Delivered,Standard
O006384,C07026,2024-07-01,Credit Card,Delivered,Standard
O006385,C03584,2024-04-14,UPI,Delivered,Standard
O006386,C03330,2024-08-04,UPI,Delivered,Standard
O006387,C07529,2024-08-12,UPI,Delivered,Standard
O006388,C07894,2025-04-10,Credit Card,Delivered,Standard
O006389,C07069,2025-09-18,Net Banking,Delivered,Standard
O006390,C07638,2024-12-16,UPI,Delivered,Express
O006391,C01008,2025-02-02,UPI,Delivered,Standard
O006392,C07623,2025-01-06,Net Banking,Delivered,Standard
O006393,C07396,2025-10-09,UPI,Delivered,Standard
O006394,C05748,2024-06-05,Wallet,Delivered,Standard
O006395,C04968,2024-04-18,Credit Card,Delivered,Standard
O006396,C01725,2025-01-09,Credit Card,Delivered,Standard
O006397,C06262,2025-01-22,Debit Card,Delivered,Express
O006398,C04744,2025-11-26,Wallet,Delivered,Standard
O006399,C00073,2024-12-19,Wallet,Delivered,Express
O006400,C07383,2025-07-09,Credit Card,Delivered,Express
O006401,C00081,2025-07-10,UPI,Delivered,Standard
O006402,C00809,2025-09-01,Credit Card,Cancelled,Standard
O006403,C05293,2025-02-07,UPI,Delivered,Standard
O006404,C01236,2024-02-10,Credit Card,Delivered,Standard
O006405,C01253,2025-07-24,Debit Card,Delivered,Standard
O006406,C05847,2024-03-05,Debit Card,Delivered,Express
O006407,C04283,2024-07-02,UPI,Delivered,Standard
O006408,C00651,2024-01-06,Credit Card,Delivered,Express
O006409,C02002,2025-01-24,Credit Card,Delivered,Standard
O006410,C02140,2025-11-22,Debit Card,Delivered,Same Day
O006411,C03655,2025-07-06,COD,Delivered,Express
O006412,C05870,2024-09-06,UPI,Delivered,Same Day
O006413,C05710,2024-06-02,UPI,Delivered,Standard
O006414,C02478,2025-08-03,UPI,Cancelled,Express
O006415,C06498,2025-11-02,Wallet,Delivered,Express
O006416,C04445,2025-03-24,Credit Card,Delivered,Standard
O006417,C01854,2024-12-17,Credit Card,Delivered,Express
O006418,C04534,2025-02-08,Debit Card,Delivered,Express
O006419,C00307,2024-02-08,Net Banking,Delivered,Express
O006420,C00332,2025-03-27,Credit Card,Delivered,Express
O006421,C05955,2024-07-05,UPI,Delivered,Standard
O006422,C02200,2024-02-02,UPI,Delivered,Standard
O006423,C05200,2025-09-30,Wallet,Delivered,Express
O006424,C03101,2024-11-19,UPI,Delivered,Standard
O006425,C05266,2024-09-26,Wallet,Delivered,Standard
O006426,C00786,2025-06-22,COD,Delivered,Standard
O006427,C00264,2024-08-17,Net Banking,Delivered,Standard
O006428,C00838,2025-02-22,Net Banking,Delivered,Express
O006429,C06996,2025-08-13,Debit Card,Delivered,Standard
O006430,C06843,2024-02-24,UPI,Delivered,Standard
O006431,C01542,2025-11-07,Credit Card,Delivered,Standard
O006432,C06194,2024-08-13,Credit Card,Delivered,Standard
O006433,C06714,2025-11-14,Credit Card,Delivered,Same Day
O006434,C06221,2024-05-24,Wallet,Delivered,Express
O006435,C07550,2024-05-29,Credit Card,Cancelled,Standard
O006436,C02889,2025-10-21,Credit Card,Delivered,Standard
O006437,C02937,2025-05-16,Credit Card,Delivered,Standard
O006438,C05090,2024-12-12,Credit Card,Delivered,Standard
O006439,C07966,2024-02-17,COD,Delivered,Standard
O006440,C07965,2025-09-26,Debit Card,Delivered,Standard
O006441,C01631,2024-11-22,UPI,Cancelled,Standard
O006442,C07483,2025-05-10,COD,Delivered,Standard
O006443,C03695,2025-01-18,Net Banking,Delivered,Standard
O006444,C06607,2024-07-15,Net Banking,Delivered,Same Day
O006445,C06077,2024-11-15,Credit Card,Delivered,Standard
O006446,C07785,2025-05-13,Debit Card,Delivered,Standard
O006447,C07009,2024-04-28,Debit Card,Delivered,Express
O006448,C07233,2024-06-24,UPI,Delivered,Express
O006449,C03409,2024-12-27,Net Banking,Delivered,Standard
O006450,C00917,2024-06-14,UPI,Delivered,Express
O006451,C03862,2025-01-11,Debit Card,Delivered,Express
O006452,C05284,2024-02-24,UPI,Cancelled,Express
O006453,C02869,2024-05-08,Credit Card,Delivered,Express
O006454,C05348,2024-06-21,Wallet,Delivered,Standard
O006455,C07503,2024-09-06,UPI,Returned,Express
O006456,C02447,2025-03-20,UPI,Delivered,Standard
O006457,C01067,2024-12-02,COD,Delivered,Express
O006458,C07041,2025-12-06,Credit Card,Delivered,Standard
O006459,C02009,2025-11-03,Net Banking,Returned,Standard
O006460,C04978,2024-01-10,Credit Card,Delivered,Standard
O006461,C05619,2025-11-16,Credit Card,Delivered,Standard
O006462,C03409,2025-08-29,Wallet,Delivered,Express
O006463,C00346,2024-09-19,UPI,Delivered,Standard
O006464,C02363,2025-05-09,UPI,Delivered,Standard
O006465,C07239,2025-02-08,COD,Delivered,Standard
O006466,C06362,2024-07-03,Wallet,Delivered,Express
O006467,C06066,2024-05-15,Wallet,Delivered,Express
O006468,C04719,2025-02-23,Credit Card,Delivered,Express
O006469,C02786,2025-09-05,UPI,Delivered,Standard
O006470,C03937,2024-08-14,UPI,Delivered,Standard
O006471,C07545,2024-07-11,COD,Delivered,Same Day
O006472,C04883,2024-12-30,UPI,Delivered,Express
O006473,C04106,2025-10-01,Credit Card,Delivered,Standard
O006474,C01866,2024-02-11,Wallet,Cancelled,Express
O006475,C06655,2025-02-06,Net Banking,Delivered,Same Day
O006476,C03766,2024-06-02,Wallet,Delivered,Standard
O006477,C01831,2024-12-29,UPI,Delivered,Express
O006478,C02415,2024-02-16,Credit Card,Delivered,Standard
O006479,C02016,2025-08-28,UPI,Delivered,Standard
O006480,C05132,2025-01-29,Credit Card,Delivered,Express
O006481,C05391,2024-12-29,Wallet,Delivered,Standard
O006482,C04765,2025-02-18,Debit Card,Delivered,Standard
O006483,C00201,2024-10-12,Credit Card,Delivered,Express
O006484,C03142,2025-06-24,UPI,Delivered,Express
O006485,C02871,2025-12-13,UPI,Delivered,Standard
O006486,C07935,2024-06-06,Wallet,Delivered,Standard
O006487,C05716,2024-12-27,Wallet,Delivered,Standard
O006488,C02252,2025-12-24,UPI,Delivered,Standard
O006489,C05093,2025-10-11,UPI,Delivered,Express
O006490,C05366,2024-01-17,Debit Card,Delivered,Standard
O006491,C03245,2024-03-06,Wallet,Delivered,Standard
O006492,C06776,2025-11-16,Debit Card,Delivered,Express
O006493,C06063,2024-08-16,COD,Delivered,Standard
O006494,C00986,2024-11-08,Credit Card,Delivered,Standard
O006495,C07574,2025-01-08,UPI,Delivered,Standard
O006496,C07380,2024-03-20,UPI,Delivered,Standard
O006497,C04789,2024-12-18,COD,Delivered,Same Day
O006498,C02082,2025-10-23,Debit Card,Delivered,Standard
O006499,C05802,2024-10-04,Debit Card,Delivered,Express
O006500,C05272,2024-04-07,COD,Delivered,Standard
O006501,C01891,2024-04-26,UPI,Delivered,Same Day
O006502,C02931,2024-02-16,Credit Card,Delivered,Express
O006503,C07610,2024-08-08,Credit Card,Delivered,Standard
O006504,C03962,2024-09-15,Net Banking,Delivered,Standard
O006505,C01835,2024-06-05,UPI,Delivered,Express
O006506,C07301,2024-10-06,Wallet,Cancelled,Standard
O006507,C02442,2024-10-17,Wallet,Returned,Same Day
O006508,C05328,2025-03-02,Wallet,Delivered,Express
O006509,C04225,2025-07-13,Credit Card,Delivered,Express
O006510,C00742,2025-02-25,Wallet,Delivered,Standard
O006511,C06839,2025-12-10,Net Banking,Delivered,Standard
O006512,C00596,2024-04-14,UPI,Delivered,Standard
O006513,C01601,2025-06-29,UPI,Delivered,Express
O006514,C00073,2025-06-05,Net Banking,Delivered,Standard
O006515,C02494,2024-07-10,Credit Card,Delivered,Standard
O006516,C00138,2024-06-08,UPI,Delivered,Express
O006517,C03628,2025-12-31,Debit Card,Delivered,Standard
O006518,C05841,2025-01-09,UPI,Delivered,Standard
O006519,C06466,2024-02-14,Net Banking,Delivered,Express
O006520,C07215,2024-08-02,Credit Card,Delivered,Standard
O006521,C04157,2024-04-06,COD,Cancelled,Standard
O006522,C02420,2025-09-25,Credit Card,Delivered,Standard
O006523,C01700,2024-12-03,Debit Card,Delivered,Express
O006524,C02293,2024-08-23,Credit Card,Delivered,Express
O006525,C06789,2025-08-16,UPI,Returned,Standard
O006526,C05979,2024-04-23,Credit Card,Delivered,Standard
O006527,C03603,2024-06-15,COD,Delivered,Express
O006528,C01413,2024-07-16,Credit Card,Delivered,Standard
O006529,C04748,2024-01-22,UPI,Delivered,Express
O006530,C01442,2024-09-10,COD,Delivered,Express
O006531,C05352,2025-03-02,Debit Card,Delivered,Express
O006532,C01325,2024-05-01,COD,Delivered,Express
O006533,C03398,2025-01-16,Credit Card,Delivered,Same Day
O006534,C01228,2024-01-02,Debit Card,Delivered,Same Day
O006535,C03427,2025-01-30,Credit Card,Delivered,Express
O006536,C07735,2024-08-01,Debit Card,Delivered,Standard
O006537,C05116,2025-07-26,Debit Card,Delivered,Express
O006538,C03792,2024-01-08,Net Banking,Cancelled,Standard
O006539,C00935,2024-12-01,Credit Card,Delivered,Express
O006540,C01159,2024-06-14,Credit Card,Delivered,Standard
O006541,C03476,2025-01-01,Wallet,Delivered,Standard
O006542,C01895,2024-02-07,Credit Card,Delivered,Express
O006543,C00928,2024-03-07,UPI,Returned,Standard
O006544,C05296,2025-02-09,UPI,Delivered,Express
O006545,C02499,2024-05-05,UPI,Delivered,Express
O006546,C00253,2024-08-19,Credit Card,Delivered,Standard
O006547,C02216,2025-08-18,UPI,Delivered,Same Day
O006548,C00009,2024-09-25,UPI,Delivered,Standard
O006549,C00144,2024-11-13,Wallet,Delivered,Standard
O006550,C06204,2025-06-08,Credit Card,Delivered,Standard
O006551,C03769,2024-12-03,UPI,Delivered,Standard
O006552,C03245,2024-12-06,UPI,Delivered,Standard
O006553,C00789,2024-05-14,UPI,Delivered,Standard
O006554,C06037,2024-07-05,UPI,Delivered,Same Day
O006555,C05491,2025-05-14,UPI,Cancelled,Standard
O006556,C01295,2024-12-21,Debit Card,Delivered,Express
O006557,C05148,2024-10-20,UPI,Delivered,Standard
O006558,C05671,2024-06-06,UPI,Delivered,Same Day
O006559,C01002,2025-12-26,UPI,Delivered,Standard
O006560,C03152,2024-12-21,Debit Card,Delivered,Standard
O006561,C00605,2025-04-23,COD,Delivered,Standard
O006562,C02788,2025-12-24,UPI,Delivered,Standard
O006563,C02970,2024-10-26,Net Banking,Delivered,Express
O006564,C00126,2025-11-11,Net Banking,Delivered,Same Day
O006565,C05026,2025-06-03,Credit Card,Delivered,Standard
O006566,C02631,2025-09-24,Wallet,Cancelled,Same Day
O006567,C02143,2024-11-28,Wallet,Delivered,Standard
O006568,C03988,2024-12-25,Debit Card,Delivered,Standard
O006569,C06756,2024-01-19,UPI,Delivered,Express
O006570,C07572,2025-01-14,Wallet,Delivered,Same Day
O006571,C00617,2024-12-26,Debit Card,Delivered,Standard
O006572,C05996,2024-03-13,Credit Card,Delivered,Express
O006573,C05136,2025-04-16,Wallet,Delivered,Standard
O006574,C06864,2024-08-09,UPI,Delivered,Standard
O006575,C00174,2025-03-21,UPI,Delivered,Standard
O006576,C04655,2024-11-25,Net Banking,Delivered,Standard
O006577,C06983,2024-12-22,Debit Card,Delivered,Standard
O006578,C06762,2025-06-05,Net Banking,Delivered,Standard
O006579,C06587,2024-02-02,UPI,Delivered,Standard
O006580,C06556,2024-10-10,Credit Card,Delivered,Standard
O006581,C04263,2025-04-02,COD,Delivered,Standard
O006582,C06996,2025-02-18,Credit Card,Delivered,Standard
O006583,C06621,2025-03-02,Net Banking,Cancelled,Standard
O006584,C05097,2024-05-06,Credit Card,Delivered,Express
O006585,C04282,2025-01-05,Credit Card,Delivered,Standard
O006586,C04110,2024-06-24,UPI,Delivered,Standard
O006587,C06983,2025-12-19,Debit Card,Delivered,Standard
O006588,C07380,2024-10-25,Credit Card,Delivered,Standard
O006589,C05148,2024-01-04,Credit Card,Delivered,Standard
O006590,C04655,2025-10-16,UPI,Delivered,Express
O006591,C00422,2025-06-18,COD,Delivered,Standard
O006592,C04916,2025-03-22,Credit Card,Delivered,Standard
O006593,C07120,2025-04-28,Net Banking,Delivered,Express
O006594,C00207,2025-10-23,Debit Card,Delivered,Standard
O006595,C04894,2025-04-01,Debit Card,Delivered,Standard
O006596,C03751,2025-12-04,UPI,Cancelled,Express
O006597,C07895,2025-03-15,Credit Card,Delivered,Standard
O006598,C04264,2025-08-19,UPI,Delivered,Express
O006599,C04198,2024-02-20,Debit Card,Delivered,Standard
O006600,C07387,2025-06-03,Debit Card,Delivered,Standard
O006601,C00340,2024-11-03,UPI,Delivered,Standard
O006602,C06997,2025-03-09,Net Banking,Delivered,Standard
O006603,C05829,2024-03-29,UPI,Delivered,Standard
O006604,C04520,2025-05-10,UPI,Delivered,Express
O006605,C07677,2025-03-11,UPI,Returned,Standard
O006606,C06897,2024-06-27,Credit Card,Delivered,Standard
O006607,C01373,2024-12-14,Net Banking,Delivered,Express
O006608,C04474,2024-04-13,Net Banking,Delivered,Standard
O006609,C00087,2024-03-16,Debit Card,Delivered,Standard
O006610,C04018,2025-09-09,Credit Card,Delivered,Standard
O006611,C07095,2025-04-17,Credit Card,Delivered,Standard
O006612,C04832,2024-11-21,Debit Card,Cancelled,Standard
O006613,C01129,2025-06-29,COD,Delivered,Express
O006614,C04659,2024-12-27,COD,Delivered,Express
O006615,C02037,2024-05-03,UPI,Delivered,Express
O006616,C07998,2025-09-28,Credit Card,Delivered,Express
O006617,C06706,2024-05-18,Debit Card,Delivered,Standard
O006618,C01886,2024-02-26,Credit Card,Delivered,Standard
O006619,C01372,2025-11-19,UPI,Delivered,Standard
O006620,C04339,2025-07-24,Credit Card,Delivered,Standard
O006621,C06403,2025-02-28,UPI,Delivered,Standard
O006622,C03177,2024-01-16,Debit Card,Delivered,Standard
O006623,C07970,2025-08-21,UPI,Delivered,Standard
O006624,C06503,2024-12-28,UPI,Delivered,Standard
O006625,C01283,2024-10-04,COD,Delivered,Express
O006626,C05953,2024-05-26,UPI,Cancelled,Standard
O006627,C05463,2024-01-19,UPI,Returned,Standard
O006628,C00440,2024-11-14,Credit Card,Delivered,Standard
O006629,C03200,2024-10-29,Credit Card,Delivered,Standard
O006630,C01283,2025-03-20,Credit Card,Delivered,Standard
O006631,C00834,2024-03-28,UPI,Delivered,Standard
O006632,C03488,2024-11-18,Credit Card,Delivered,Express
O006633,C04369,2025-04-24,Debit Card,Delivered,Standard
O006634,C02218,2024-06-06,UPI,Delivered,Standard
O006635,C03055,2024-02-19,Wallet,Delivered,Standard
O006636,C05337,2025-03-31,Credit Card,Delivered,Standard
O006637,C05021,2025-09-01,COD,Delivered,Standard
O006638,C03377,2024-04-19,UPI,Delivered,Standard
O006639,C01512,2025-12-19,Debit Card,Delivered,Standard
O006640,C01223,2024-09-16,Credit Card,Delivered,Express
O006641,C04790,2025-05-13,Debit Card,Delivered,Standard
O006642,C06420,2025-08-17,UPI,Delivered,Standard
O006643,C00078,2024-06-01,UPI,Delivered,Standard
O006644,C02527,2025-06-20,UPI,Delivered,Standard
O006645,C00989,2025-11-02,Net Banking,Delivered,Express
O006646,C05725,2025-04-19,UPI,Delivered,Standard
O006647,C07333,2025-05-14,Debit Card,Delivered,Standard
O006648,C07562,2025-11-21,UPI,Delivered,Standard
O006649,C01561,2024-12-17,COD,Delivered,Standard
O006650,C06213,2025-01-22,Credit Card,Delivered,Standard
O006651,C02792,2024-05-31,Credit Card,Delivered,Express
O006652,C00943,2025-03-09,Debit Card,Delivered,Standard
O006653,C00944,2024-12-10,UPI,Delivered,Standard
O006654,C01120,2024-12-08,Wallet,Delivered,Standard
O006655,C05623,2025-06-26,Credit Card,Delivered,Standard
O006656,C05205,2025-01-15,UPI,Delivered,Express
O006657,C01222,2024-11-19,Wallet,Delivered,Standard
O006658,C04668,2024-12-01,UPI,Delivered,Standard
O006659,C04408,2024-02-12,UPI,Delivered,Same Day
O006660,C05640,2024-10-12,Credit Card,Delivered,Express
O006661,C03695,2025-01-10,UPI,Cancelled,Standard
O006662,C07306,2024-04-06,COD,Cancelled,Express
O006663,C07767,2025-02-21,UPI,Delivered,Standard
O006664,C00517,2025-02-17,Debit Card,Delivered,Standard
O006665,C02560,2025-05-17,Net Banking,Delivered,Standard
O006666,C03618,2024-10-21,UPI,Delivered,Standard
O006667,C00944,2025-02-25,Credit Card,Delivered,Standard
O006668,C03793,2024-03-28,UPI,Delivered,Standard
O006669,C03750,2025-05-30,Wallet,Delivered,Standard
O006670,C03073,2024-02-02,Credit Card,Delivered,Express
O006671,C03918,2025-03-03,Credit Card,Delivered,Standard
O006672,C02599,2025-08-19,Net Banking,Cancelled,Express
O006673,C03685,2025-12-12,UPI,Delivered,Standard
O006674,C06270,2024-11-28,COD,Delivered,Standard
O006675,C04913,2024-12-12,Credit Card,Delivered,Standard
O006676,C03957,2024-03-14,Wallet,Delivered,Standard
O006677,C07078,2024-10-14,Debit Card,Delivered,Standard
O006678,C07699,2025-08-23,Wallet,Delivered,Standard
O006679,C04151,2024-03-28,Credit Card,Delivered,Standard
O006680,C05099,2024-10-01,Debit Card,Delivered,Same Day
O006681,C01252,2025-06-27,COD,Delivered,Standard
O006682,C06914,2025-06-16,COD,Delivered,Standard
O006683,C04644,2025-09-09,COD,Delivered,Standard
O006684,C03744,2025-04-03,COD,Delivered,Standard
O006685,C01248,2024-12-06,Credit Card,Delivered,Standard
O006686,C06190,2025-06-15,COD,Returned,Standard
O006687,C07548,2024-08-02,UPI,Returned,Standard
O006688,C03782,2025-08-12,UPI,Returned,Same Day
O006689,C06834,2024-06-08,Net Banking,Delivered,Standard
O006690,C01727,2024-06-16,UPI,Delivered,Same Day
O006691,C07003,2025-09-12,Credit Card,Delivered,Express
O006692,C02009,2024-09-29,Net Banking,Delivered,Standard
O006693,C06256,2025-10-30,Credit Card,Delivered,Standard
O006694,C00464,2025-11-12,Debit Card,Delivered,Express
O006695,C02801,2024-09-16,Debit Card,Delivered,Same Day
O006696,C02476,2025-10-11,UPI,Delivered,Standard
O006697,C02693,2024-04-11,COD,Delivered,Standard
O006698,C05230,2024-10-21,UPI,Delivered,Standard
O006699,C00106,2025-04-26,Credit Card,Delivered,Standard
O006700,C04443,2024-08-31,Credit Card,Delivered,Standard
O006701,C01843,2025-06-10,Debit Card,Delivered,Standard
O006702,C00814,2025-08-22,Net Banking,Delivered,Standard
O006703,C03865,2025-11-01,Wallet,Delivered,Standard
O006704,C01187,2024-06-18,Debit Card,Delivered,Express
O006705,C02500,2024-09-29,Net Banking,Delivered,Express
O006706,C01786,2025-11-24,UPI,Delivered,Standard
O006707,C02651,2025-12-08,Net Banking,Delivered,Same Day
O006708,C05242,2025-11-11,UPI,Delivered,Standard
O006709,C01726,2024-10-14,UPI,Delivered,Standard
O006710,C06979,2025-04-12,Net Banking,Delivered,Same Day
O006711,C00033,2024-06-04,Net Banking,Delivered,Standard
O006712,C01746,2024-01-06,COD,Cancelled,Standard
O006713,C01387,2024-01-29,COD,Delivered,Standard
O006714,C04465,2024-03-25,Debit Card,Delivered,Express
O006715,C03300,2024-09-15,Wallet,Delivered,Standard
O006716,C02342,2024-03-31,UPI,Delivered,Standard
O006717,C08000,2025-12-05,UPI,Delivered,Same Day
O006718,C03239,2025-07-15,COD,Delivered,Express
O006719,C00394,2024-03-23,Credit Card,Delivered,Express
O006720,C06439,2024-09-16,COD,Delivered,Standard
O006721,C03324,2024-01-02,Debit Card,Returned,Standard
O006722,C07071,2024-11-13,Credit Card,Delivered,Standard
O006723,C00129,2024-01-27,COD,Delivered,Standard
O006724,C00202,2024-10-24,UPI,Cancelled,Standard
O006725,C06676,2025-01-20,Debit Card,Delivered,Express
O006726,C01107,2025-03-22,Credit Card,Delivered,Standard
O006727,C05104,2024-03-25,Net Banking,Delivered,Standard
O006728,C07255,2025-03-20,Debit Card,Delivered,Standard
O006729,C03980,2024-08-10,Credit Card,Delivered,Same Day
O006730,C01017,2025-04-23,UPI,Delivered,Standard
O006731,C07202,2025-01-27,UPI,Delivered,Express
O006732,C03515,2025-05-08,Net Banking,Returned,Express
O006733,C02342,2025-04-17,COD,Delivered,Standard
O006734,C02939,2024-11-26,Net Banking,Delivered,Standard
O006735,C04887,2025-02-23,Wallet,Delivered,Express
O006736,C01631,2025-09-07,Debit Card,Delivered,Express
O006737,C07703,2024-01-29,Credit Card,Delivered,Standard
O006738,C04416,2024-08-28,Net Banking,Delivered,Standard
O006739,C02388,2024-03-28,Debit Card,Returned,Standard
O006740,C04709,2025-10-27,Credit Card,Delivered,Express
O006741,C05649,2025-06-27,COD,Delivered,Standard
O006742,C06947,2024-03-13,UPI,Returned,Express
O006743,C06120,2025-11-12,Credit Card,Delivered,Same Day
O006744,C05001,2024-03-19,Credit Card,Delivered,Express
O006745,C07922,2024-11-16,UPI,Delivered,Standard
O006746,C06731,2025-11-13,Debit Card,Delivered,Standard
O006747,C06753,2025-10-12,Net Banking,Delivered,Standard
O006748,C02261,2024-03-08,UPI,Delivered,Standard
O006749,C05847,2024-01-15,UPI,Delivered,Standard
O006750,C06256,2024-01-17,Debit Card,Delivered,Standard
O006751,C06397,2024-05-08,Net Banking,Delivered,Express
O006752,C06579,2024-03-30,Credit Card,Delivered,Express
O006753,C00232,2025-11-11,Debit Card,Delivered,Express
O006754,C04640,2024-09-27,UPI,Delivered,Express
O006755,C07036,2025-12-22,Net Banking,Delivered,Standard
O006756,C05803,2025-01-25,Wallet,Delivered,Standard
O006757,C00065,2025-03-13,UPI,Delivered,Standard
O006758,C04396,2025-02-27,Credit Card,Delivered,Standard
O006759,C03781,2024-08-20,Wallet,Returned,Same Day
O006760,C02609,2024-07-28,UPI,Delivered,Standard
O006761,C07147,2025-04-22,Net Banking,Delivered,Standard
O006762,C04581,2025-09-26,Credit Card,Delivered,Same Day
O006763,C07739,2025-11-14,UPI,Delivered,Express
O006764,C07506,2024-01-27,Credit Card,Delivered,Standard
O006765,C04769,2025-06-08,Credit Card,Delivered,Standard
O006766,C01053,2024-06-22,UPI,Delivered,Express
O006767,C07126,2025-02-18,Credit Card,Delivered,Standard
O006768,C06551,2024-04-13,Net Banking,Delivered,Express
O006769,C03769,2025-12-05,UPI,Delivered,Standard
O006770,C06527,2025-01-06,UPI,Delivered,Express
O006771,C04300,2025-10-24,Net Banking,Delivered,Standard
O006772,C04054,2024-11-14,UPI,Delivered,Standard
O006773,C05215,2025-03-02,Credit Card,Cancelled,Standard
O006774,C01709,2025-01-18,UPI,Delivered,Standard
O006775,C02530,2025-10-06,Wallet,Delivered,Express
O006776,C03627,2025-06-22,Credit Card,Delivered,Standard
O006777,C02478,2025-07-09,Credit Card,Delivered,Standard
O006778,C02279,2024-05-14,Debit Card,Delivered,Standard
O006779,C06007,2024-12-24,Net Banking,Delivered,Express
O006780,C02771,2025-11-19,UPI,Delivered,Standard
O006781,C00073,2025-08-21,COD,Delivered,Standard
O006782,C02193,2025-11-20,Credit Card,Delivered,Standard
O006783,C07133,2024-04-04,Wallet,Delivered,Express
O006784,C06206,2024-07-06,UPI,Delivered,Standard
O006785,C05117,2025-06-14,Debit Card,Delivered,Standard
O006786,C05475,2025-03-08,UPI,Delivered,Standard
O006787,C02140,2025-03-08,UPI,Delivered,Express
O006788,C01459,2024-08-22,COD,Delivered,Express
O006789,C07217,2025-09-08,Credit Card,Delivered,Express
O006790,C00220,2025-10-23,UPI,Delivered,Standard
O006791,C02167,2024-02-02,UPI,Delivered,Standard
O006792,C05721,2025-03-16,Debit Card,Delivered,Express
O006793,C00266,2025-04-09,Debit Card,Delivered,Express
O006794,C03757,2025-04-18,Credit Card,Delivered,Express
O006795,C04464,2024-10-22,Net Banking,Delivered,Standard
O006796,C00488,2025-10-29,UPI,Delivered,Standard
O006797,C01380,2025-02-18,Credit Card,Delivered,Express
O006798,C03370,2024-06-09,UPI,Delivered,Standard
O006799,C05044,2025-02-01,COD,Delivered,Standard
O006800,C02741,2024-06-16,UPI,Delivered,Standard
O006801,C07163,2024-11-28,UPI,Delivered,Express
O006802,C02678,2025-01-29,Net Banking,Delivered,Standard
O006803,C07870,2024-12-16,Debit Card,Delivered,Standard
O006804,C02264,2024-01-20,Credit Card,Delivered,Standard
O006805,C02266,2025-04-07,Credit Card,Cancelled,Express
O006806,C05224,2025-06-09,UPI,Delivered,Standard
O006807,C07188,2024-01-20,Credit Card,Delivered,Same Day
O006808,C01189,2025-04-27,Debit Card,Delivered,Same Day
O006809,C00869,2024-08-31,Debit Card,Delivered,Standard
O006810,C01321,2024-03-02,Credit Card,Delivered,Standard
O006811,C06345,2025-04-20,Credit Card,Delivered,Express
O006812,C06827,2025-08-27,Net Banking,Delivered,Standard
O006813,C00195,2024-07-02,Debit Card,Delivered,Standard
O006814,C04321,2024-09-27,Debit Card,Delivered,Standard
O006815,C00809,2025-07-12,Credit Card,Delivered,Standard
O006816,C05758,2024-12-24,Debit Card,Delivered,Express
O006817,C07545,2025-11-22,Credit Card,Delivered,Standard
O006818,C06575,2024-10-31,COD,Delivered,Standard
O006819,C02693,2024-03-08,UPI,Delivered,Standard
O006820,C01663,2025-10-27,UPI,Delivered,Standard
O006821,C05853,2025-01-25,Wallet,Delivered,Standard
O006822,C03114,2024-11-13,UPI,Delivered,Standard
O006823,C01670,2024-06-17,Credit Card,Delivered,Standard
O006824,C01558,2024-02-07,UPI,Delivered,Standard
O006825,C00687,2025-11-17,Net Banking,Delivered,Express
O006826,C01182,2025-12-05,UPI,Delivered,Standard
O006827,C04965,2025-02-02,Credit Card,Delivered,Standard
O006828,C06255,2024-01-01,UPI,Delivered,Standard
O006829,C05184,2024-08-03,UPI,Delivered,Standard
O006830,C02583,2025-10-27,UPI,Delivered,Standard
O006831,C04637,2024-02-11,Credit Card,Delivered,Express
O006832,C05217,2025-12-03,COD,Delivered,Express
O006833,C05070,2024-03-24,COD,Delivered,Express
O006834,C03152,2024-12-13,COD,Delivered,Standard
O006835,C04149,2025-04-08,COD,Delivered,Standard
O006836,C06838,2024-10-11,Credit Card,Delivered,Standard
O006837,C01918,2025-07-14,Credit Card,Delivered,Express
O006838,C03979,2024-07-04,UPI,Delivered,Standard
O006839,C04828,2025-06-16,Credit Card,Delivered,Standard
O006840,C07219,2025-08-25,Net Banking,Delivered,Standard
O006841,C07692,2025-11-30,Credit Card,Delivered,Same Day
O006842,C00974,2025-05-27,Net Banking,Delivered,Express
O006843,C03554,2024-04-11,Net Banking,Delivered,Standard
O006844,C00998,2024-12-22,Debit Card,Delivered,Standard
O006845,C06627,2024-07-18,Debit Card,Delivered,Standard
O006846,C04451,2024-07-01,UPI,Delivered,Standard
O006847,C04764,2024-02-24,Debit Card,Delivered,Express
O006848,C02838,2025-01-08,COD,Cancelled,Express
O006849,C01351,2025-04-03,Wallet,Delivered,Standard
O006850,C04477,2025-06-08,COD,Delivered,Express
O006851,C02122,2025-02-09,Net Banking,Delivered,Standard
O006852,C06254,2025-09-17,COD,Delivered,Express
O006853,C03580,2025-04-28,UPI,Delivered,Standard
O006854,C02919,2024-01-31,Debit Card,Delivered,Standard
O006855,C02927,2025-02-15,UPI,Delivered,Express
O006856,C00738,2025-06-07,Credit Card,Delivered,Express
O006857,C02950,2024-08-19,Net Banking,Delivered,Express
O006858,C07368,2024-12-18,UPI,Delivered,Express
O006859,C00047,2025-01-02,Net Banking,Delivered,Standard
O006860,C05142,2024-12-27,Net Banking,Delivered,Express
O006861,C07852,2025-10-26,UPI,Delivered,Express
O006862,C04336,2024-04-11,COD,Delivered,Express
O006863,C07333,2025-04-09,Wallet,Delivered,Express
O006864,C01097,2024-07-03,UPI,Delivered,Standard
O006865,C00435,2024-09-29,Credit Card,Delivered,Standard
O006866,C07237,2024-06-07,UPI,Delivered,Standard
O006867,C03033,2024-08-18,Credit Card,Delivered,Standard
O006868,C03186,2025-08-17,Credit Card,Delivered,Standard
O006869,C06455,2025-01-21,Credit Card,Delivered,Standard
O006870,C06846,2025-08-28,Debit Card,Delivered,Standard
O006871,C04173,2025-08-16,Credit Card,Delivered,Standard
O006872,C05449,2025-12-20,Debit Card,Cancelled,Same Day
O006873,C03654,2025-09-24,Debit Card,Delivered,Express
O006874,C04522,2024-01-20,UPI,Delivered,Standard
O006875,C06294,2024-09-03,Debit Card,Delivered,Express
O006876,C01784,2025-08-05,COD,Delivered,Standard
O006877,C05999,2024-09-26,Debit Card,Delivered,Standard
O006878,C02546,2025-03-31,UPI,Cancelled,Same Day
O006879,C05757,2025-05-30,Debit Card,Delivered,Same Day
O006880,C07003,2025-06-20,COD,Delivered,Express
O006881,C01467,2024-09-15,Credit Card,Cancelled,Standard
O006882,C00323,2024-09-16,Debit Card,Delivered,Express
O006883,C06038,2024-06-27,Net Banking,Delivered,Standard
O006884,C07418,2025-02-14,UPI,Delivered,Same Day
O006885,C01468,2025-01-18,UPI,Delivered,Same Day
O006886,C00514,2024-09-17,Wallet,Delivered,Express
O006887,C04033,2024-11-05,UPI,Delivered,Standard
O006888,C00595,2025-08-29,Net Banking,Delivered,Standard
O006889,C03470,2025-11-08,Credit Card,Delivered,Standard
O006890,C01513,2024-03-15,UPI,Delivered,Same Day
O006891,C07524,2024-10-03,UPI,Delivered,Express
O006892,C03256,2024-09-03,Wallet,Delivered,Standard
O006893,C03208,2025-06-05,Credit Card,Delivered,Standard
O006894,C07030,2024-09-18,COD,Delivered,Express
O006895,C05036,2025-08-04,Net Banking,Delivered,Express
O006896,C02786,2024-11-27,Credit Card,Delivered,Standard
O006897,C07881,2024-03-22,UPI,Cancelled,Express
O006898,C07080,2024-04-14,Credit Card,Delivered,Standard
O006899,C02365,2025-05-19,Credit Card,Delivered,Standard
O006900,C00188,2025-11-06,UPI,Delivered,Standard
O006901,C00011,2025-10-25,UPI,Delivered,Standard
O006902,C00246,2024-05-08,UPI,Delivered,Standard
O006903,C04465,2024-05-01,Debit Card,Delivered,Standard
O006904,C05435,2025-03-31,Credit Card,Delivered,Standard
O006905,C00065,2024-10-14,Net Banking,Delivered,Express
O006906,C02783,2024-08-03,Debit Card,Delivered,Standard
O006907,C04719,2024-10-16,COD,Delivered,Express
O006908,C04379,2024-09-13,COD,Cancelled,Standard
O006909,C07494,2024-08-29,UPI,Delivered,Standard
O006910,C03309,2025-04-12,Credit Card,Delivered,Standard
O006911,C05658,2025-06-30,UPI,Delivered,Express
O006912,C04139,2025-11-13,Debit Card,Delivered,Express
O006913,C00170,2025-01-27,Credit Card,Delivered,Same Day
O006914,C04958,2024-10-24,Debit Card,Delivered,Standard
O006915,C01180,2025-12-05,COD,Delivered,Express
O006916,C02929,2024-04-15,Credit Card,Delivered,Standard
O006917,C05552,2025-01-12,UPI,Delivered,Express
O006918,C02783,2024-01-26,UPI,Delivered,Express
O006919,C06763,2025-04-13,Credit Card,Delivered,Standard
O006920,C06687,2025-06-15,Credit Card,Delivered,Standard
O006921,C06057,2024-08-04,Credit Card,Delivered,Standard
O006922,C07292,2024-11-04,UPI,Delivered,Standard
O006923,C06374,2024-12-12,Debit Card,Cancelled,Standard
O006924,C02427,2024-04-27,Net Banking,Delivered,Express
O006925,C01360,2024-01-09,Net Banking,Delivered,Express
O006926,C03450,2025-08-08,Credit Card,Delivered,Standard
O006927,C03079,2024-09-21,COD,Delivered,Same Day
O006928,C05040,2025-01-11,UPI,Delivered,Standard
O006929,C06207,2025-01-30,Debit Card,Cancelled,Standard
O006930,C04794,2024-09-20,Credit Card,Delivered,Express
O006931,C06606,2024-01-23,UPI,Delivered,Standard
O006932,C03630,2024-04-29,Credit Card,Delivered,Standard
O006933,C00807,2024-06-26,Net Banking,Returned,Standard
O006934,C00054,2025-09-24,UPI,Delivered,Standard
O006935,C00792,2024-06-19,Credit Card,Delivered,Standard
O006936,C00480,2025-05-14,UPI,Delivered,Express
O006937,C06970,2025-03-04,Debit Card,Delivered,Standard
O006938,C01155,2025-03-11,COD,Delivered,Standard
O006939,C02943,2024-08-09,Debit Card,Delivered,Standard
O006940,C00818,2025-02-20,UPI,Delivered,Standard
O006941,C03287,2024-08-06,COD,Delivered,Express
O006942,C06263,2025-08-28,Credit Card,Delivered,Express
O006943,C01230,2024-02-13,UPI,Delivered,Standard
O006944,C04525,2025-01-03,Credit Card,Delivered,Same Day
O006945,C06936,2024-05-17,Debit Card,Delivered,Standard
O006946,C03731,2025-03-08,Debit Card,Delivered,Same Day
O006947,C04429,2024-09-19,Net Banking,Returned,Standard
O006948,C05238,2025-01-26,Credit Card,Delivered,Standard
O006949,C00073,2024-04-15,COD,Delivered,Express
O006950,C04276,2025-05-30,Credit Card,Delivered,Express
O006951,C04712,2024-11-11,Wallet,Delivered,Express
O006952,C01740,2024-11-09,Debit Card,Delivered,Standard
O006953,C00079,2025-06-23,Debit Card,Delivered,Standard
O006954,C06455,2024-02-16,UPI,Delivered,Standard
O006955,C03936,2025-05-04,UPI,Returned,Standard
O006956,C04349,2025-03-12,Net Banking,Delivered,Standard
O006957,C05086,2025-08-26,Credit Card,Delivered,Standard
O006958,C02947,2025-03-15,UPI,Delivered,Standard
O006959,C05976,2025-10-04,Net Banking,Delivered,Standard
O006960,C01177,2025-03-03,UPI,Delivered,Express
O006961,C03866,2024-05-01,Credit Card,Delivered,Express
O006962,C04861,2025-02-20,Debit Card,Delivered,Express
O006963,C04053,2025-07-06,Debit Card,Delivered,Express
O006964,C03930,2024-04-29,Wallet,Delivered,Same Day
O006965,C06317,2024-12-23,Credit Card,Delivered,Standard
O006966,C03725,2024-11-05,UPI,Delivered,Standard
O006967,C03531,2025-05-10,Credit Card,Delivered,Standard
O006968,C03797,2024-08-14,Wallet,Delivered,Standard
O006969,C01452,2025-02-02,UPI,Delivered,Standard
O006970,C06822,2025-08-16,COD,Delivered,Standard
O006971,C05003,2025-05-05,UPI,Delivered,Standard
O006972,C04648,2025-02-14,Debit Card,Delivered,Standard
O006973,C05649,2024-07-01,UPI,Delivered,Standard
O006974,C03524,2025-08-16,UPI,Delivered,Standard
O006975,C03999,2024-03-25,Wallet,Delivered,Standard
O006976,C02528,2025-11-22,Net Banking,Delivered,Express
O006977,C02142,2025-07-29,Wallet,Delivered,Standard
O006978,C01982,2025-06-02,Debit Card,Delivered,Express
O006979,C04959,2025-08-26,Credit Card,Delivered,Express
O006980,C01720,2025-07-20,Credit Card,Delivered,Express
O006981,C05585,2025-02-14,COD,Delivered,Express
O006982,C04632,2025-06-30,UPI,Delivered,Standard
O006983,C05886,2024-07-18,Net Banking,Delivered,Standard
O006984,C06667,2025-05-17,UPI,Delivered,Standard
O006985,C01742,2024-01-17,COD,Delivered,Same Day
O006986,C00135,2024-05-08,Debit Card,Delivered,Same Day
O006987,C00801,2025-11-14,Wallet,Delivered,Express
O006988,C01051,2024-12-23,UPI,Delivered,Standard
O006989,C05894,2025-05-09,Credit Card,Delivered,Standard
O006990,C01200,2024-05-18,Net Banking,Delivered,Standard
O006991,C05716,2025-08-19,Net Banking,Delivered,Standard
O006992,C06339,2025-03-04,Net Banking,Delivered,Standard
O006993,C01810,2024-06-17,UPI,Delivered,Standard
O006994,C00687,2025-11-26,Credit Card,Delivered,Standard
O006995,C05104,2024-10-28,Debit Card,Delivered,Standard
O006996,C02083,2025-08-04,COD,Delivered,Standard
O006997,C00068,2025-07-14,Debit Card,Delivered,Standard
O006998,C01756,2025-01-16,Net Banking,Delivered,Standard
O006999,C02005,2025-09-26,Credit Card,Returned,Standard
O007000,C07785,2025-03-12,UPI,Delivered,Express
O007001,C00289,2025-09-14,Credit Card,Delivered,Express
O007002,C07889,2025-08-30,UPI,Delivered,Standard
O007003,C00859,2025-03-26,Debit Card,Delivered,Standard
O007004,C03202,2024-11-13,UPI,Delivered,Standard
O007005,C07567,2025-04-09,Credit Card,Delivered,Same Day
O007006,C00088,2024-05-23,Credit Card,Returned,Standard
O007007,C00103,2024-01-05,UPI,Delivered,Standard
O007008,C01362,2025-11-10,COD,Delivered,Standard
O007009,C05537,2024-12-25,COD,Delivered,Standard
O007010,C07922,2025-03-11,Net Banking,Delivered,Express
O007011,C02077,2024-10-23,Credit Card,Delivered,Standard
O007012,C04655,2025-04-28,Credit Card,Delivered,Standard
O007013,C02129,2024-10-02,Credit Card,Delivered,Express
O007014,C07258,2024-05-02,UPI,Delivered,Express
O007015,C04543,2025-12-19,UPI,Delivered,Standard
O007016,C03258,2025-03-26,Debit Card,Delivered,Express
O007017,C05875,2025-01-19,Credit Card,Delivered,Express
O007018,C06503,2024-12-31,UPI,Delivered,Express
O007019,C07563,2025-11-28,Debit Card,Delivered,Express
O007020,C06111,2024-06-10,Wallet,Delivered,Express
O007021,C04218,2024-07-23,UPI,Delivered,Standard
O007022,C03904,2025-08-30,Credit Card,Delivered,Standard
O007023,C06339,2025-07-22,Debit Card,Delivered,Express
O007024,C00088,2025-11-12,UPI,Delivered,Standard
O007025,C00974,2024-12-23,Credit Card,Delivered,Express
O007026,C05564,2024-04-24,COD,Delivered,Standard
O007027,C01173,2024-09-20,UPI,Delivered,Standard
O007028,C06908,2025-07-21,Debit Card,Delivered,Standard
O007029,C06849,2025-06-11,UPI,Delivered,Same Day
O007030,C06287,2025-05-07,Wallet,Delivered,Standard
O007031,C00154,2024-09-11,COD,Delivered,Standard
O007032,C06999,2024-07-09,UPI,Delivered,Standard
O007033,C02619,2024-01-22,Wallet,Delivered,Standard
O007034,C02972,2025-10-14,Net Banking,Delivered,Standard
O007035,C04463,2025-10-15,Credit Card,Delivered,Same Day
O007036,C06490,2025-11-21,UPI,Delivered,Standard
O007037,C06549,2025-10-18,Credit Card,Delivered,Standard
O007038,C04555,2025-05-24,UPI,Delivered,Standard
O007039,C07515,2025-01-09,COD,Delivered,Standard
O007040,C03846,2025-01-31,Debit Card,Delivered,Express
O007041,C02225,2025-11-23,UPI,Delivered,Express
O007042,C05086,2024-05-14,UPI,Delivered,Standard
O007043,C00130,2025-09-08,Debit Card,Delivered,Standard
O007044,C02930,2024-08-20,COD,Delivered,Express
O007045,C03480,2025-10-22,UPI,Delivered,Standard
O007046,C03161,2025-10-11,UPI,Delivered,Express
O007047,C00802,2024-07-26,Debit Card,Delivered,Standard
O007048,C03208,2025-06-23,Credit Card,Delivered,Standard
O007049,C00289,2025-07-13,Credit Card,Delivered,Standard
O007050,C01672,2024-07-19,COD,Delivered,Standard
O007051,C07024,2025-07-08,COD,Delivered,Express
O007052,C06505,2024-07-21,Net Banking,Delivered,Express
O007053,C07275,2025-03-29,Credit Card,Delivered,Standard
O007054,C04591,2025-05-26,UPI,Delivered,Standard
O007055,C02484,2025-10-09,Wallet,Delivered,Standard
O007056,C01252,2024-08-24,UPI,Delivered,Standard
O007057,C06610,2024-11-24,Debit Card,Delivered,Express
O007058,C07399,2025-09-18,UPI,Delivered,Same Day
O007059,C03884,2024-06-19,Debit Card,Delivered,Express
O007060,C05581,2024-03-27,Credit Card,Delivered,Express
O007061,C02841,2025-04-22,Credit Card,Delivered,Standard
O007062,C06468,2025-04-23,UPI,Delivered,Express
O007063,C04226,2024-07-03,COD,Delivered,Standard
O007064,C01631,2025-02-07,Debit Card,Delivered,Standard
O007065,C03609,2025-10-26,Credit Card,Delivered,Standard
O007066,C06451,2024-02-19,Debit Card,Delivered,Standard
O007067,C00034,2024-08-09,Credit Card,Delivered,Standard
O007068,C07605,2025-10-01,Credit Card,Delivered,Standard
O007069,C07192,2024-07-21,Credit Card,Delivered,Standard
O007070,C06694,2025-07-21,Credit Card,Delivered,Standard
O007071,C05848,2025-03-31,Debit Card,Delivered,Standard
O007072,C01230,2024-05-01,UPI,Delivered,Standard
O007073,C05030,2024-04-15,UPI,Delivered,Same Day
O007074,C06761,2024-12-18,UPI,Delivered,Standard
O007075,C00499,2025-06-18,Net Banking,Delivered,Express
O007076,C03751,2024-03-24,UPI,Delivered,Express
O007077,C07489,2025-09-04,UPI,Delivered,Standard
O007078,C00067,2024-09-22,Credit Card,Delivered,Standard
O007079,C02691,2024-05-16,Credit Card,Delivered,Standard
O007080,C03193,2025-09-25,Net Banking,Delivered,Standard
O007081,C03579,2024-05-18,Wallet,Delivered,Standard
O007082,C02249,2024-12-25,UPI,Cancelled,Standard
O007083,C03729,2025-01-15,UPI,Delivered,Standard
O007084,C06842,2024-03-14,Debit Card,Delivered,Standard
O007085,C00263,2025-04-24,Credit Card,Delivered,Express
O007086,C01788,2024-10-13,Net Banking,Delivered,Standard
O007087,C02918,2024-02-14,UPI,Delivered,Standard
O007088,C06703,2024-02-12,Credit Card,Delivered,Standard
O007089,C00395,2025-01-07,Credit Card,Delivered,Standard
O007090,C01424,2025-12-27,UPI,Delivered,Express
O007091,C06601,2025-07-19,UPI,Delivered,Express
O007092,C03843,2025-09-07,UPI,Delivered,Same Day
O007093,C02074,2024-11-28,Net Banking,Delivered,Express
O007094,C07143,2025-03-31,Wallet,Delivered,Same Day
O007095,C00807,2025-08-10,COD,Returned,Standard
O007096,C01457,2025-10-20,COD,Delivered,Standard
O007097,C06027,2024-07-12,COD,Returned,Express
O007098,C07559,2025-01-29,Net Banking,Delivered,Express
O007099,C02779,2024-03-09,Debit Card,Delivered,Express
O007100,C01889,2025-09-12,Net Banking,Delivered,Standard
O007101,C01341,2024-06-27,UPI,Delivered,Express
O007102,C04706,2024-12-22,Credit Card,Delivered,Express
O007103,C01368,2025-01-05,Credit Card,Delivered,Express
O007104,C03504,2024-07-19,Credit Card,Delivered,Standard
O007105,C06549,2025-09-06,UPI,Delivered,Express
O007106,C03419,2024-02-04,COD,Delivered,Same Day
O007107,C04406,2025-06-17,Net Banking,Returned,Express
O007108,C07110,2024-09-20,Net Banking,Delivered,Standard
O007109,C01656,2025-07-21,UPI,Returned,Standard
O007110,C06214,2025-02-15,UPI,Delivered,Standard
O007111,C04424,2024-04-07,Credit Card,Delivered,Standard
O007112,C05119,2024-08-12,UPI,Delivered,Express
O007113,C04999,2025-04-26,UPI,Delivered,Standard
O007114,C05080,2025-07-23,Debit Card,Delivered,Standard
O007115,C01625,2025-03-31,Credit Card,Delivered,Express
O007116,C00489,2024-06-23,UPI,Delivered,Express
O007117,C05409,2024-08-10,Credit Card,Delivered,Standard
O007118,C00978,2024-06-11,Credit Card,Returned,Same Day
O007119,C00174,2024-02-07,UPI,Delivered,Express
O007120,C03389,2024-05-07,UPI,Delivered,Same Day
O007121,C05189,2024-07-31,COD,Delivered,Express
O007122,C04829,2025-03-06,UPI,Delivered,Standard
O007123,C01422,2024-08-29,Credit Card,Delivered,Express
O007124,C02923,2025-01-13,UPI,Delivered,Standard
O007125,C02738,2025-08-06,Debit Card,Delivered,Standard
O007126,C05202,2025-07-20,Net Banking,Delivered,Standard
O007127,C04713,2025-06-13,UPI,Delivered,Express
O007128,C05376,2024-05-18,COD,Delivered,Standard
O007129,C03306,2024-02-18,COD,Delivered,Express
O007130,C00395,2024-12-16,Net Banking,Delivered,Express
O007131,C03476,2024-09-22,Net Banking,Delivered,Standard
O007132,C07847,2025-01-06,UPI,Returned,Express
O007133,C01558,2024-12-03,UPI,Delivered,Same Day
O007134,C04644,2025-12-20,Wallet,Delivered,Standard
O007135,C00548,2024-03-17,Net Banking,Delivered,Standard
O007136,C04144,2024-09-09,Credit Card,Delivered,Standard
O007137,C05009,2025-02-17,UPI,Returned,Standard
O007138,C06732,2024-03-12,Net Banking,Delivered,Standard
O007139,C03344,2024-07-21,Credit Card,Delivered,Same Day
O007140,C02923,2024-06-19,COD,Delivered,Express
O007141,C00554,2024-12-23,UPI,Delivered,Express
O007142,C01134,2024-01-20,UPI,Delivered,Standard
O007143,C05564,2025-08-02,COD,Delivered,Express
O007144,C00667,2025-02-01,Credit Card,Delivered,Express
O007145,C04797,2024-02-21,UPI,Delivered,Standard
O007146,C03932,2024-03-28,UPI,Delivered,Standard
O007147,C06351,2024-02-28,COD,Delivered,Express
O007148,C05281,2024-01-18,Net Banking,Delivered,Express
O007149,C05981,2025-06-17,UPI,Delivered,Standard
O007150,C07930,2024-08-21,Credit Card,Delivered,Standard
O007151,C05730,2025-05-12,UPI,Delivered,Standard
O007152,C01519,2025-11-13,Debit Card,Delivered,Express
O007153,C01433,2024-05-19,Credit Card,Delivered,Standard
O007154,C05056,2025-01-20,UPI,Delivered,Standard
O007155,C01040,2025-01-19,Net Banking,Delivered,Express
O007156,C07938,2024-09-30,Net Banking,Delivered,Standard
O007157,C03338,2025-10-25,Debit Card,Returned,Express
O007158,C05930,2024-06-17,UPI,Delivered,Standard
O007159,C01265,2025-01-13,UPI,Delivered,Express
O007160,C05445,2025-07-23,UPI,Delivered,Express
O007161,C02848,2025-11-22,Debit Card,Cancelled,Express
O007162,C00474,2025-12-11,COD,Delivered,Standard
O007163,C02588,2025-12-27,UPI,Delivered,Same Day
O007164,C02499,2025-02-11,UPI,Delivered,Express
O007165,C02500,2025-12-14,COD,Delivered,Standard
O007166,C06444,2025-09-17,UPI,Delivered,Standard
O007167,C07262,2025-06-14,Credit Card,Delivered,Standard
O007168,C04051,2025-04-06,Debit Card,Delivered,Standard
O007169,C00839,2025-11-15,UPI,Delivered,Standard
O007170,C06996,2024-12-23,UPI,Delivered,Standard
O007171,C05578,2025-10-05,UPI,Delivered,Same Day
O007172,C01435,2024-01-05,UPI,Delivered,Express
O007173,C06180,2024-01-23,Credit Card,Delivered,Standard
O007174,C05747,2024-07-04,UPI,Delivered,Standard
O007175,C01493,2025-03-21,UPI,Delivered,Express
O007176,C06387,2024-12-06,UPI,Delivered,Express
O007177,C04581,2024-06-08,Credit Card,Delivered,Standard
O007178,C06430,2024-09-24,Debit Card,Delivered,Standard
O007179,C03431,2025-11-08,Net Banking,Delivered,Express
O007180,C05693,2024-10-15,Debit Card,Delivered,Standard
O007181,C07563,2025-02-14,UPI,Delivered,Standard
O007182,C07323,2025-05-24,UPI,Delivered,Standard
O007183,C06606,2024-09-13,Credit Card,Delivered,Standard
O007184,C07382,2024-12-06,Debit Card,Delivered,Standard
O007185,C05841,2025-02-11,UPI,Delivered,Standard
O007186,C00441,2025-04-18,UPI,Delivered,Express
O007187,C05878,2024-02-10,Debit Card,Delivered,Standard
O007188,C04576,2025-04-05,Credit Card,Delivered,Standard
O007189,C00687,2024-08-16,Debit Card,Returned,Standard
O007190,C00325,2025-05-22,Wallet,Delivered,Standard
O007191,C01073,2025-03-17,UPI,Delivered,Standard
O007192,C04725,2024-08-13,Credit Card,Delivered,Express
O007193,C05789,2024-12-01,Credit Card,Delivered,Express
O007194,C07529,2025-06-11,COD,Delivered,Standard
O007195,C07179,2024-05-28,COD,Delivered,Express
O007196,C01863,2025-07-16,UPI,Delivered,Standard
O007197,C02599,2025-12-04,Debit Card,Delivered,Same Day
O007198,C05210,2024-11-02,Credit Card,Delivered,Standard
O007199,C01838,2024-01-24,UPI,Delivered,Standard
O007200,C00290,2025-01-03,Net Banking,Delivered,Express
O007201,C01534,2025-01-09,Wallet,Delivered,Standard
O007202,C03256,2024-11-16,UPI,Delivered,Same Day
O007203,C04838,2024-02-13,Net Banking,Delivered,Same Day
O007204,C00999,2024-08-02,UPI,Delivered,Standard
O007205,C03506,2024-04-12,Credit Card,Delivered,Standard
O007206,C03177,2025-09-29,Debit Card,Delivered,Standard
O007207,C00863,2024-01-03,Credit Card,Delivered,Standard
O007208,C06145,2024-02-08,Credit Card,Delivered,Express
O007209,C05615,2024-08-05,UPI,Returned,Express
O007210,C07523,2025-12-01,COD,Delivered,Express
O007211,C00336,2024-06-03,UPI,Delivered,Express
O007212,C05484,2025-11-13,UPI,Delivered,Standard
O007213,C03904,2024-10-26,UPI,Delivered,Standard
O007214,C00622,2025-07-30,UPI,Delivered,Standard
O007215,C06971,2025-07-17,Debit Card,Delivered,Standard
O007216,C00321,2025-02-05,COD,Delivered,Standard
O007217,C07027,2024-03-14,Credit Card,Delivered,Express
O007218,C01808,2025-05-09,Debit Card,Delivered,Same Day
O007219,C06468,2024-08-17,Debit Card,Delivered,Express
O007220,C05095,2025-06-08,Debit Card,Delivered,Standard
O007221,C00338,2025-10-17,UPI,Delivered,Standard
O007222,C02664,2025-05-04,Credit Card,Delivered,Standard
O007223,C06128,2024-01-24,COD,Delivered,Standard
O007224,C00998,2024-02-05,Debit Card,Delivered,Express
O007225,C05315,2025-11-11,COD,Delivered,Express
O007226,C06177,2024-04-30,UPI,Delivered,Standard
O007227,C00117,2024-12-22,Net Banking,Delivered,Standard
O007228,C05202,2024-12-01,Debit Card,Delivered,Standard
O007229,C05402,2025-11-22,Net Banking,Delivered,Same Day
O007230,C05533,2025-04-24,UPI,Returned,Standard
O007231,C05698,2024-03-27,Credit Card,Delivered,Standard
O007232,C02840,2025-04-27,UPI,Delivered,Standard
O007233,C01671,2024-10-13,Net Banking,Delivered,Same Day
O007234,C01125,2024-03-12,Net Banking,Delivered,Standard
O007235,C00858,2025-11-12,UPI,Delivered,Standard
O007236,C05560,2024-08-08,UPI,Returned,Same Day
O007237,C03856,2024-01-12,UPI,Delivered,Standard
O007238,C00329,2025-11-22,Credit Card,Delivered,Standard
O007239,C01663,2024-12-22,Debit Card,Returned,Standard
O007240,C01696,2024-06-18,COD,Delivered,Standard
O007241,C04398,2025-03-16,UPI,Delivered,Standard
O007242,C07566,2025-08-20,Debit Card,Delivered,Standard
O007243,C01180,2024-08-23,COD,Delivered,Standard
O007244,C02274,2025-09-14,Credit Card,Cancelled,Same Day
O007245,C04321,2024-04-21,UPI,Delivered,Standard
O007246,C06470,2024-09-23,Debit Card,Cancelled,Standard
O007247,C00902,2024-09-27,Wallet,Delivered,Same Day
O007248,C05523,2024-05-20,Debit Card,Delivered,Express
O007249,C03147,2024-11-06,Debit Card,Delivered,Standard
O007250,C03427,2024-05-31,Credit Card,Delivered,Standard
O007251,C07316,2025-11-23,Debit Card,Delivered,Standard
O007252,C05057,2025-03-27,Credit Card,Delivered,Express
O007253,C02510,2024-03-15,UPI,Delivered,Standard
O007254,C03508,2025-01-20,UPI,Delivered,Standard
O007255,C03330,2025-05-22,UPI,Delivered,Standard
O007256,C00480,2025-07-22,Debit Card,Delivered,Same Day
O007257,C05387,2024-02-13,Credit Card,Delivered,Express
O007258,C04186,2025-05-22,Net Banking,Delivered,Standard
O007259,C03649,2024-11-29,Wallet,Delivered,Standard
O007260,C06594,2024-08-06,Net Banking,Delivered,Standard
O007261,C00807,2025-11-02,Net Banking,Delivered,Standard
O007262,C04264,2024-12-11,Net Banking,Delivered,Express
O007263,C01814,2024-04-19,UPI,Cancelled,Express
O007264,C07767,2025-01-07,Debit Card,Delivered,Standard
O007265,C03498,2024-06-30,COD,Delivered,Standard
O007266,C07522,2025-05-20,Net Banking,Delivered,Same Day
O007267,C04204,2025-04-01,UPI,Delivered,Standard
O007268,C00888,2024-10-31,COD,Delivered,Express
O007269,C01077,2025-01-20,COD,Returned,Standard
O007270,C02614,2024-09-21,Debit Card,Delivered,Standard
O007271,C00140,2024-12-12,Credit Card,Delivered,Express
O007272,C06821,2024-04-21,Credit Card,Delivered,Standard
O007273,C06767,2024-02-24,Credit Card,Delivered,Express
O007274,C01727,2024-10-29,Wallet,Delivered,Standard
O007275,C07729,2024-10-09,UPI,Returned,Express
O007276,C01397,2025-11-28,UPI,Delivered,Same Day
O007277,C01539,2024-03-05,UPI,Cancelled,Standard
O007278,C07014,2024-10-02,Wallet,Delivered,Standard
O007279,C04285,2025-03-09,Debit Card,Returned,Standard
O007280,C02347,2024-06-01,UPI,Delivered,Same Day
O007281,C05470,2024-12-14,Debit Card,Cancelled,Standard
O007282,C03781,2025-05-21,Debit Card,Delivered,Standard
O007283,C07402,2024-03-16,COD,Delivered,Standard
O007284,C01960,2025-11-23,Credit Card,Delivered,Same Day
O007285,C00892,2025-02-09,UPI,Delivered,Standard
O007286,C04186,2025-08-17,UPI,Delivered,Standard
O007287,C06255,2025-06-17,Net Banking,Delivered,Standard
O007288,C05293,2025-09-04,Debit Card,Delivered,Standard
O007289,C07776,2025-09-24,Credit Card,Delivered,Standard
O007290,C00283,2024-08-16,Wallet,Delivered,Standard
O007291,C04226,2024-04-04,Credit Card,Delivered,Standard
O007292,C02344,2024-06-05,UPI,Delivered,Standard
O007293,C02036,2025-09-01,Net Banking,Delivered,Standard
O007294,C07693,2025-04-08,UPI,Delivered,Standard
O007295,C03341,2025-02-24,UPI,Delivered,Express
O007296,C05073,2024-01-27,Credit Card,Delivered,Standard
O007297,C07566,2025-03-15,Credit Card,Delivered,Standard
O007298,C02720,2025-08-02,Credit Card,Returned,Standard
O007299,C01316,2025-04-27,COD,Delivered,Express
O007300,C02756,2025-12-30,UPI,Delivered,Express
O007301,C07755,2024-09-01,Debit Card,Delivered,Express
O007302,C04167,2024-03-24,Credit Card,Delivered,Same Day
O007303,C07004,2025-04-22,UPI,Delivered,Same Day
O007304,C06403,2024-10-03,UPI,Delivered,Standard
O007305,C00609,2025-07-14,Credit Card,Returned,Standard
O007306,C06304,2025-10-02,Wallet,Delivered,Standard
O007307,C06128,2024-07-29,UPI,Delivered,Standard
O007308,C02234,2025-11-19,UPI,Delivered,Express
O007309,C03548,2025-11-20,Net Banking,Delivered,Express
O007310,C05768,2024-08-14,Credit Card,Delivered,Same Day
O007311,C01490,2025-06-01,Debit Card,Delivered,Standard
O007312,C07429,2025-01-04,UPI,Delivered,Same Day
O007313,C05989,2024-12-28,COD,Delivered,Standard
O007314,C05410,2024-03-15,UPI,Delivered,Express
O007315,C06497,2025-06-22,Wallet,Delivered,Express
O007316,C01265,2025-06-07,Credit Card,Delivered,Standard
O007317,C02249,2025-09-14,Wallet,Delivered,Standard
O007318,C06994,2024-07-06,Net Banking,Delivered,Same Day
O007319,C02913,2024-06-06,UPI,Delivered,Standard
O007320,C00128,2025-10-28,UPI,Delivered,Standard
O007321,C03604,2024-07-10,Debit Card,Delivered,Express
O007322,C04149,2025-10-21,UPI,Delivered,Standard
O007323,C07329,2024-09-12,UPI,Delivered,Standard
O007324,C00537,2024-10-25,UPI,Delivered,Express
O007325,C02275,2025-02-24,Net Banking,Delivered,Express
O007326,C03205,2024-07-07,Credit Card,Delivered,Same Day
O007327,C02018,2025-08-17,UPI,Delivered,Standard
O007328,C04829,2025-05-03,Debit Card,Delivered,Standard
O007329,C05971,2025-01-29,Credit Card,Delivered,Standard
O007330,C06839,2025-04-07,Debit Card,Delivered,Express
O007331,C06707,2024-08-09,Debit Card,Delivered,Standard
O007332,C07868,2024-01-07,Credit Card,Returned,Standard
O007333,C02024,2024-10-10,UPI,Cancelled,Standard
O007334,C05034,2024-06-20,Net Banking,Delivered,Standard
O007335,C00746,2024-03-11,Wallet,Delivered,Express
O007336,C07252,2025-07-12,COD,Delivered,Standard
O007337,C03084,2024-01-28,Debit Card,Delivered,Standard
O007338,C07233,2025-03-29,UPI,Delivered,Standard
O007339,C00455,2024-01-07,UPI,Delivered,Standard
O007340,C06103,2025-07-21,Credit Card,Delivered,Express
O007341,C07066,2025-06-07,Credit Card,Delivered,Standard
O007342,C02454,2024-07-15,Debit Card,Delivered,Same Day
O007343,C01887,2024-05-02,Wallet,Delivered,Standard
O007344,C04195,2025-02-12,Credit Card,Delivered,Express
O007345,C06222,2024-04-03,UPI,Delivered,Standard
O007346,C02950,2025-07-09,Credit Card,Delivered,Standard
O007347,C04777,2024-06-28,Net Banking,Delivered,Express
O007348,C02382,2025-09-21,Net Banking,Delivered,Standard
O007349,C07506,2024-06-07,Credit Card,Cancelled,Standard
O007350,C05243,2025-03-15,Debit Card,Cancelled,Standard
O007351,C06988,2025-04-08,Credit Card,Delivered,Express
O007352,C07290,2024-01-27,Credit Card,Delivered,Express
O007353,C01062,2025-03-25,Debit Card,Delivered,Standard
O007354,C00864,2024-08-16,Debit Card,Delivered,Standard
O007355,C01428,2025-10-02,Credit Card,Delivered,Standard
O007356,C00284,2025-04-10,Net Banking,Delivered,Standard
O007357,C02770,2025-08-14,COD,Delivered,Standard
O007358,C00932,2024-06-15,UPI,Delivered,Standard
O007359,C02014,2025-09-20,Credit Card,Delivered,Express
O007360,C07842,2025-08-20,Credit Card,Delivered,Standard
O007361,C05618,2025-04-18,Net Banking,Delivered,Standard
O007362,C00583,2024-04-12,UPI,Delivered,Express
O007363,C01138,2025-08-29,UPI,Delivered,Standard
O007364,C03238,2024-07-31,Credit Card,Delivered,Standard
O007365,C02353,2024-04-20,Debit Card,Delivered,Standard
O007366,C07188,2024-03-06,Net Banking,Delivered,Standard
O007367,C02842,2025-03-06,Net Banking,Delivered,Express
O007368,C06318,2024-09-21,Credit Card,Delivered,Express
O007369,C03816,2024-12-05,Credit Card,Delivered,Standard
O007370,C02317,2024-07-23,UPI,Delivered,Express
O007371,C01535,2024-12-17,Wallet,Delivered,Express
O007372,C05632,2025-08-24,Wallet,Delivered,Standard
O007373,C00210,2024-01-22,UPI,Delivered,Express
O007374,C07659,2025-07-13,UPI,Delivered,Express
O007375,C01289,2024-06-26,Credit Card,Returned,Standard
O007376,C04196,2024-05-14,Wallet,Delivered,Express
O007377,C06447,2024-05-01,Net Banking,Delivered,Express
O007378,C03710,2025-05-10,UPI,Delivered,Standard
O007379,C07755,2024-03-31,Credit Card,Delivered,Express
O007380,C07513,2025-08-08,UPI,Delivered,Standard
O007381,C05568,2024-09-13,Net Banking,Cancelled,Same Day
O007382,C04635,2025-05-21,Credit Card,Delivered,Standard
O007383,C05619,2024-12-31,Net Banking,Cancelled,Express
O007384,C07569,2025-10-02,COD,Delivered,Standard
O007385,C01544,2024-05-30,UPI,Delivered,Standard
O007386,C03258,2025-10-11,Credit Card,Delivered,Standard
O007387,C05026,2024-02-27,Credit Card,Delivered,Standard
O007388,C05196,2025-10-03,Credit Card,Delivered,Standard
O007389,C06351,2024-08-12,COD,Delivered,Express
O007390,C00785,2025-12-15,UPI,Delivered,Same Day
O007391,C02415,2024-02-17,UPI,Delivered,Standard
O007392,C05621,2025-07-15,Credit Card,Delivered,Standard
O007393,C03469,2025-11-14,UPI,Delivered,Standard
O007394,C03280,2025-03-10,Net Banking,Delivered,Standard
O007395,C00771,2025-10-10,Credit Card,Delivered,Express
O007396,C04875,2024-05-29,Net Banking,Delivered,Same Day
O007397,C03725,2024-04-27,Net Banking,Delivered,Standard
O007398,C04620,2025-07-09,Credit Card,Delivered,Express
O007399,C07383,2025-11-12,Credit Card,Delivered,Standard
O007400,C02118,2025-03-19,Net Banking,Delivered,Standard
O007401,C04304,2025-12-05,UPI,Delivered,Standard
O007402,C02259,2025-11-12,Wallet,Delivered,Express
O007403,C03878,2024-05-07,UPI,Delivered,Standard
O007404,C04929,2024-03-23,Net Banking,Delivered,Express
O007405,C00991,2025-09-05,Credit Card,Cancelled,Standard
O007406,C06873,2025-08-15,COD,Delivered,Standard
O007407,C00374,2025-05-16,Debit Card,Delivered,Standard
O007408,C00579,2025-04-29,UPI,Cancelled,Express
O007409,C04777,2025-01-06,UPI,Delivered,Standard
O007410,C00268,2025-06-03,Credit Card,Delivered,Standard
O007411,C00475,2024-02-21,Debit Card,Delivered,Standard
O007412,C07712,2025-04-04,Debit Card,Delivered,Standard
O007413,C00919,2025-08-28,Net Banking,Delivered,Express
O007414,C02871,2025-06-09,UPI,Delivered,Standard
O007415,C00922,2025-10-08,UPI,Delivered,Standard
O007416,C03956,2024-09-15,Credit Card,Delivered,Express
O007417,C02206,2024-09-15,Wallet,Delivered,Express
O007418,C07430,2024-03-17,COD,Delivered,Express
O007419,C06330,2025-09-28,Credit Card,Delivered,Express
O007420,C07803,2025-08-25,Net Banking,Delivered,Express
O007421,C00380,2024-11-30,Credit Card,Delivered,Standard
O007422,C00828,2025-01-04,UPI,Delivered,Same Day
O007423,C06646,2025-05-07,Debit Card,Cancelled,Standard
O007424,C06684,2024-04-24,Debit Card,Delivered,Standard
O007425,C07247,2025-11-09,Net Banking,Delivered,Express
O007426,C07396,2025-11-10,Credit Card,Delivered,Standard
O007427,C00608,2024-06-11,Credit Card,Delivered,Standard
O007428,C05273,2024-08-16,Credit Card,Delivered,Express
O007429,C03699,2025-09-15,UPI,Delivered,Express
O007430,C02258,2024-10-08,Credit Card,Delivered,Express
O007431,C00854,2024-01-28,COD,Delivered,Standard
O007432,C02581,2024-04-27,Debit Card,Delivered,Standard
O007433,C00173,2025-07-26,Net Banking,Delivered,Express
O007434,C03093,2024-02-04,Credit Card,Delivered,Standard
O007435,C06097,2025-05-22,Wallet,Delivered,Standard
O007436,C05344,2024-05-27,Debit Card,Delivered,Standard
O007437,C02164,2025-09-29,UPI,Delivered,Same Day
O007438,C01946,2024-12-05,UPI,Delivered,Express
O007439,C01339,2024-06-28,Net Banking,Delivered,Standard
O007440,C04170,2024-01-20,Debit Card,Delivered,Standard
O007441,C06756,2025-02-17,UPI,Delivered,Standard
O007442,C00821,2024-09-11,UPI,Delivered,Express
O007443,C00613,2024-01-21,Credit Card,Delivered,Standard
O007444,C04999,2025-08-06,Debit Card,Delivered,Express
O007445,C03136,2025-01-02,UPI,Delivered,Same Day
O007446,C05629,2024-11-04,Net Banking,Delivered,Standard
O007447,C03861,2024-05-11,UPI,Delivered,Standard
O007448,C07136,2024-03-12,UPI,Delivered,Standard
O007449,C05750,2024-12-02,Debit Card,Delivered,Standard
O007450,C03445,2024-08-02,UPI,Delivered,Standard
O007451,C01659,2024-08-26,Credit Card,Delivered,Standard
O007452,C06920,2024-06-21,COD,Delivered,Standard
O007453,C07522,2025-12-26,Wallet,Delivered,Standard
O007454,C04768,2025-02-21,UPI,Delivered,Express
O007455,C03008,2025-04-28,Wallet,Cancelled,Standard
O007456,C04041,2024-07-19,UPI,Delivered,Same Day
O007457,C04795,2024-02-08,UPI,Delivered,Standard
O007458,C06536,2024-09-24,UPI,Delivered,Express
O007459,C00416,2025-12-30,Credit Card,Delivered,Standard
O007460,C00284,2024-10-27,Wallet,Delivered,Standard
O007461,C06547,2025-04-14,Credit Card,Delivered,Standard
O007462,C02265,2024-10-21,COD,Delivered,Standard
O007463,C00536,2025-04-12,Net Banking,Delivered,Express
O007464,C07753,2024-10-26,Credit Card,Delivered,Standard
O007465,C02048,2025-04-20,UPI,Delivered,Standard
O007466,C04269,2024-04-28,Net Banking,Delivered,Standard
O007467,C07317,2024-07-05,Net Banking,Delivered,Standard
O007468,C00420,2024-07-25,Credit Card,Delivered,Standard
O007469,C00274,2025-12-14,COD,Delivered,Standard
O007470,C03498,2024-02-02,Wallet,Delivered,Standard
O007471,C05387,2024-08-22,Wallet,Delivered,Standard
O007472,C02365,2025-11-08,UPI,Delivered,Express
O007473,C05116,2024-01-22,UPI,Delivered,Express
O007474,C04253,2024-06-13,Wallet,Delivered,Express
O007475,C02745,2025-08-12,COD,Delivered,Standard
O007476,C06912,2025-03-15,Net Banking,Delivered,Express
O007477,C07103,2025-02-26,UPI,Delivered,Express
O007478,C06950,2024-02-17,UPI,Returned,Standard
O007479,C05252,2024-04-09,Credit Card,Delivered,Standard
O007480,C05510,2024-04-28,Credit Card,Delivered,Standard
O007481,C05057,2025-01-03,UPI,Delivered,Standard
O007482,C02106,2024-05-20,UPI,Delivered,Same Day
O007483,C07342,2024-10-22,UPI,Delivered,Express
O007484,C04177,2025-04-24,UPI,Cancelled,Express
O007485,C02187,2025-06-18,Credit Card,Delivered,Standard
O007486,C02573,2024-12-31,Debit Card,Delivered,Standard
O007487,C00217,2024-09-18,Credit Card,Delivered,Standard
O007488,C02374,2024-09-22,UPI,Delivered,Express
O007489,C02788,2024-03-30,UPI,Delivered,Standard
O007490,C03657,2024-07-22,COD,Delivered,Standard
O007491,C05634,2024-01-07,Credit Card,Delivered,Express
O007492,C07370,2024-05-04,UPI,Delivered,Express
O007493,C01548,2024-07-12,Debit Card,Delivered,Express
O007494,C05352,2025-06-05,Credit Card,Delivered,Standard
O007495,C04465,2024-09-19,UPI,Delivered,Express
O007496,C01014,2025-11-24,UPI,Delivered,Standard
O007497,C07605,2025-02-14,Wallet,Delivered,Same Day
O007498,C02869,2025-05-08,Credit Card,Delivered,Standard
O007499,C00979,2024-07-06,UPI,Delivered,Standard
O007500,C03200,2024-04-16,Debit Card,Delivered,Express
O007501,C07936,2024-06-09,Debit Card,Delivered,Express
O007502,C02508,2025-03-04,Credit Card,Delivered,Express
O007503,C00346,2025-10-22,Net Banking,Delivered,Standard
O007504,C05592,2025-04-09,COD,Delivered,Standard
O007505,C00523,2024-10-09,Debit Card,Delivered,Standard
O007506,C03742,2025-10-25,Wallet,Delivered,Same Day
O007507,C05699,2024-12-15,UPI,Delivered,Standard
O007508,C05401,2024-03-08,Wallet,Delivered,Standard
O007509,C03212,2024-07-17,Wallet,Delivered,Standard
O007510,C07306,2025-02-15,Net Banking,Delivered,Standard
O007511,C00358,2025-03-01,Net Banking,Delivered,Standard
O007512,C01313,2024-01-10,UPI,Delivered,Standard
O007513,C05200,2024-02-09,Debit Card,Delivered,Standard
O007514,C02430,2025-05-25,Net Banking,Delivered,Standard
O007515,C06923,2024-06-16,Debit Card,Delivered,Standard
O007516,C02871,2025-08-26,Debit Card,Returned,Standard
O007517,C07320,2024-03-08,UPI,Delivered,Express
O007518,C02901,2024-09-18,UPI,Delivered,Same Day
O007519,C04280,2025-11-09,Debit Card,Delivered,Standard
O007520,C01679,2025-07-26,Credit Card,Delivered,Standard
O007521,C04304,2025-07-18,UPI,Delivered,Same Day
O007522,C02500,2025-09-09,COD,Delivered,Standard
O007523,C04036,2024-06-01,Debit Card,Delivered,Standard
O007524,C00640,2024-09-04,Credit Card,Delivered,Express
O007525,C05627,2025-08-15,UPI,Delivered,Standard
O007526,C05347,2024-01-17,UPI,Delivered,Standard
O007527,C07852,2024-01-11,UPI,Delivered,Express
O007528,C05860,2025-07-12,Credit Card,Delivered,Express
O007529,C02472,2025-07-01,Wallet,Delivered,Standard
O007530,C03604,2025-05-19,Debit Card,Cancelled,Standard
O007531,C07566,2025-09-27,Credit Card,Delivered,Same Day
O007532,C03698,2024-12-14,UPI,Delivered,Same Day
O007533,C04103,2025-09-20,Wallet,Delivered,Standard
O007534,C00138,2025-04-13,Credit Card,Delivered,Standard
O007535,C07611,2025-05-19,Debit Card,Delivered,Express
O007536,C00460,2024-11-28,Wallet,Delivered,Standard
O007537,C00178,2024-10-12,Debit Card,Delivered,Standard
O007538,C02917,2025-04-04,Debit Card,Delivered,Standard
O007539,C07115,2025-07-23,Credit Card,Cancelled,Express
O007540,C00233,2024-05-21,Debit Card,Delivered,Standard
O007541,C05418,2024-09-06,Net Banking,Delivered,Standard
O007542,C01351,2025-09-24,Credit Card,Delivered,Express
O007543,C00811,2025-08-12,Wallet,Delivered,Standard
O007544,C06283,2025-02-16,Credit Card,Delivered,Standard
O007545,C07364,2024-04-03,COD,Delivered,Standard
O007546,C05171,2024-10-07,Debit Card,Delivered,Standard
O007547,C04693,2024-08-10,Debit Card,Delivered,Standard
O007548,C04851,2024-10-10,Credit Card,Delivered,Standard
O007549,C03315,2024-11-01,Credit Card,Delivered,Express
O007550,C01292,2024-06-12,Debit Card,Delivered,Standard
O007551,C04144,2024-05-02,UPI,Delivered,Same Day
O007552,C02999,2025-08-06,Debit Card,Delivered,Express
O007553,C07562,2025-12-29,Credit Card,Delivered,Standard
O007554,C04693,2025-05-14,UPI,Delivered,Standard
O007555,C00989,2025-10-21,Wallet,Delivered,Standard
O007556,C04217,2024-06-02,UPI,Delivered,Express
O007557,C00130,2025-07-22,Debit Card,Delivered,Standard
O007558,C00688,2024-07-16,UPI,Delivered,Standard
O007559,C03114,2025-08-05,UPI,Delivered,Same Day
O007560,C00917,2025-03-20,COD,Delivered,Standard
O007561,C03402,2024-09-26,Credit Card,Delivered,Standard
O007562,C05141,2025-07-05,UPI,Delivered,Standard
O007563,C03356,2024-08-25,COD,Delivered,Standard
O007564,C03912,2025-09-11,Debit Card,Delivered,Express
O007565,C04962,2024-03-12,Credit Card,Delivered,Standard
O007566,C04415,2025-12-19,Credit Card,Delivered,Standard
O007567,C06256,2024-01-13,UPI,Delivered,Express
O007568,C07409,2024-11-20,Credit Card,Delivered,Standard
O007569,C01407,2025-03-03,Debit Card,Delivered,Standard
O007570,C05482,2025-04-06,UPI,Delivered,Express
O007571,C07123,2025-05-16,Credit Card,Delivered,Standard
O007572,C07442,2025-08-31,COD,Delivered,Standard
O007573,C04137,2025-04-13,Debit Card,Delivered,Standard
O007574,C04981,2024-09-01,UPI,Delivered,Standard
O007575,C00481,2024-05-02,Credit Card,Delivered,Standard
O007576,C06499,2025-02-06,Debit Card,Delivered,Express
O007577,C03424,2024-10-18,Wallet,Cancelled,Express
O007578,C05058,2025-06-27,Credit Card,Delivered,Express
O007579,C06047,2024-04-15,Wallet,Delivered,Standard
O007580,C06349,2024-11-19,Credit Card,Delivered,Standard
O007581,C05722,2024-12-03,COD,Delivered,Standard
O007582,C05646,2024-04-04,UPI,Delivered,Standard
O007583,C02350,2025-12-30,Wallet,Delivered,Standard
O007584,C01350,2024-02-16,Debit Card,Delivered,Standard
O007585,C02843,2024-05-25,Debit Card,Delivered,Express
O007586,C01314,2025-04-10,Net Banking,Delivered,Standard
O007587,C07653,2024-01-24,UPI,Delivered,Standard
O007588,C06324,2024-10-31,Net Banking,Delivered,Express
O007589,C00354,2024-12-10,UPI,Delivered,Express
O007590,C01434,2025-09-09,Credit Card,Cancelled,Standard
O007591,C07146,2024-11-21,Debit Card,Delivered,Standard
O007592,C06816,2025-09-05,UPI,Delivered,Standard
O007593,C02362,2024-02-28,Credit Card,Delivered,Standard
O007594,C02128,2024-10-28,Credit Card,Delivered,Express
O007595,C01060,2025-05-21,Credit Card,Delivered,Standard
O007596,C03790,2024-05-10,Debit Card,Delivered,Standard
O007597,C04245,2024-12-31,Credit Card,Delivered,Standard
O007598,C02010,2025-11-19,COD,Delivered,Same Day
O007599,C00986,2025-11-06,Credit Card,Delivered,Express
O007600,C07807,2025-05-30,Debit Card,Delivered,Standard
O007601,C01427,2024-10-08,UPI,Delivered,Standard
O007602,C07511,2024-07-17,Credit Card,Delivered,Standard
O007603,C02562,2024-09-12,Credit Card,Delivered,Express
O007604,C01889,2024-02-10,UPI,Delivered,Express
O007605,C04707,2024-01-26,UPI,Delivered,Express
O007606,C03345,2024-10-18,COD,Delivered,Express
O007607,C03409,2025-11-24,Net Banking,Delivered,Standard
O007608,C06948,2025-10-29,Credit Card,Delivered,Standard
O007609,C00429,2024-11-23,UPI,Delivered,Same Day
O007610,C02441,2024-07-23,Credit Card,Delivered,Standard
O007611,C01209,2024-06-26,Credit Card,Delivered,Standard
O007612,C04513,2024-08-28,Net Banking,Delivered,Standard
O007613,C07258,2024-03-04,Net Banking,Delivered,Express
O007614,C03211,2024-09-30,UPI,Delivered,Standard
O007615,C05802,2024-05-18,Debit Card,Delivered,Standard
O007616,C01631,2024-01-23,Debit Card,Cancelled,Standard
O007617,C07570,2024-08-24,Net Banking,Delivered,Standard
O007618,C04937,2025-03-13,Net Banking,Delivered,Standard
O007619,C00174,2025-06-17,Debit Card,Delivered,Standard
O007620,C05566,2025-03-06,UPI,Delivered,Express
O007621,C06087,2024-02-02,UPI,Delivered,Express
O007622,C07930,2025-01-28,Debit Card,Delivered,Standard
O007623,C05420,2024-12-11,Net Banking,Delivered,Standard
O007624,C05268,2024-10-29,Credit Card,Delivered,Standard
O007625,C05821,2024-02-29,UPI,Delivered,Express
O007626,C06113,2025-11-18,UPI,Delivered,Express
O007627,C00826,2024-03-10,UPI,Delivered,Standard
O007628,C00926,2025-04-07,Wallet,Delivered,Standard
O007629,C04708,2025-09-01,Credit Card,Delivered,Standard
O007630,C06613,2025-05-19,Net Banking,Delivered,Standard
O007631,C01079,2024-03-27,Wallet,Delivered,Standard
O007632,C05652,2024-03-27,Credit Card,Delivered,Standard
O007633,C02509,2025-08-05,UPI,Delivered,Standard
O007634,C03668,2025-04-28,Debit Card,Delivered,Standard
O007635,C00879,2024-04-27,Net Banking,Delivered,Standard
O007636,C02909,2025-09-13,UPI,Delivered,Standard
O007637,C00519,2024-05-23,Credit Card,Delivered,Standard
O007638,C03259,2025-10-27,Debit Card,Delivered,Standard
O007639,C05730,2025-07-22,Wallet,Delivered,Same Day
O007640,C02744,2024-09-16,UPI,Delivered,Standard
O007641,C07613,2025-02-17,Debit Card,Delivered,Standard
O007642,C04876,2025-01-08,UPI,Delivered,Standard
O007643,C07030,2025-10-29,COD,Delivered,Standard
O007644,C04957,2025-03-04,UPI,Delivered,Standard
O007645,C05768,2025-09-22,Wallet,Delivered,Express
O007646,C06106,2024-09-11,Net Banking,Delivered,Express
O007647,C02451,2024-03-10,Credit Card,Delivered,Express
O007648,C03476,2025-04-07,UPI,Delivered,Standard
O007649,C05889,2024-01-14,COD,Delivered,Standard
O007650,C03960,2025-08-22,Debit Card,Delivered,Standard
O007651,C07784,2025-02-11,UPI,Delivered,Standard
O007652,C03939,2024-04-21,UPI,Delivered,Standard
O007653,C05242,2024-07-04,Debit Card,Delivered,Standard
O007654,C01931,2025-08-23,Wallet,Delivered,Standard
O007655,C06403,2024-07-18,UPI,Delivered,Standard
O007656,C07481,2025-03-03,UPI,Returned,Standard
O007657,C04965,2024-10-25,Debit Card,Cancelled,Express
O007658,C05948,2024-11-14,UPI,Delivered,Standard
O007659,C04454,2025-01-27,UPI,Delivered,Standard
O007660,C06827,2024-04-08,Debit Card,Delivered,Standard
O007661,C03761,2024-12-23,COD,Delivered,Standard
O007662,C07190,2025-03-19,COD,Delivered,Express
O007663,C06576,2024-12-08,UPI,Delivered,Express
O007664,C02836,2025-01-16,Credit Card,Delivered,Express
O007665,C06867,2024-12-16,UPI,Delivered,Standard
O007666,C00387,2024-01-01,Credit Card,Delivered,Standard
O007667,C04306,2025-07-17,Credit Card,Delivered,Standard
O007668,C00269,2025-11-29,UPI,Delivered,Express
O007669,C05202,2024-08-11,UPI,Delivered,Standard
O007670,C05345,2025-01-25,Wallet,Delivered,Express
O007671,C05557,2025-10-19,Credit Card,Cancelled,Same Day
O007672,C04948,2024-08-06,UPI,Delivered,Standard
O007673,C00853,2024-06-26,Net Banking,Delivered,Express
O007674,C03336,2025-07-28,UPI,Delivered,Standard
O007675,C06286,2025-01-09,COD,Delivered,Standard
O007676,C01697,2025-09-27,Credit Card,Delivered,Same Day
O007677,C04284,2025-05-10,Debit Card,Delivered,Express
O007678,C02062,2024-02-20,Debit Card,Delivered,Standard
O007679,C07086,2024-07-12,Net Banking,Delivered,Express
O007680,C05472,2025-05-05,UPI,Delivered,Standard
O007681,C02075,2024-04-25,UPI,Delivered,Standard
O007682,C05402,2025-05-09,UPI,Cancelled,Express
O007683,C03069,2025-06-26,COD,Delivered,Express
O007684,C07755,2025-10-23,Net Banking,Delivered,Standard
O007685,C01280,2024-07-30,UPI,Delivered,Same Day
O007686,C02138,2025-05-01,UPI,Delivered,Standard
O007687,C02787,2024-04-30,Credit Card,Delivered,Express
O007688,C07446,2025-05-12,Wallet,Delivered,Standard
O007689,C02479,2025-06-11,Credit Card,Delivered,Standard
O007690,C00892,2025-10-25,UPI,Delivered,Standard
O007691,C00989,2024-09-29,COD,Delivered,Standard
O007692,C04575,2025-09-24,UPI,Delivered,Standard
O007693,C05949,2024-01-01,Net Banking,Delivered,Standard
O007694,C04151,2025-07-19,UPI,Delivered,Standard
O007695,C03602,2025-07-27,UPI,Delivered,Express
O007696,C00264,2024-05-26,UPI,Delivered,Standard
O007697,C04486,2024-04-12,Debit Card,Delivered,Same Day
O007698,C01605,2025-07-01,UPI,Delivered,Standard
O007699,C02075,2025-05-09,Net Banking,Delivered,Express
O007700,C05963,2024-02-03,COD,Delivered,Express
O007701,C03759,2024-06-27,Debit Card,Delivered,Express
O007702,C03721,2024-12-23,Wallet,Delivered,Standard
O007703,C06707,2025-07-07,Credit Card,Delivered,Express
O007704,C00069,2024-12-05,UPI,Delivered,Same Day
O007705,C02335,2025-01-15,UPI,Delivered,Standard
O007706,C02071,2025-07-25,Wallet,Delivered,Standard
O007707,C04334,2024-11-04,Debit Card,Delivered,Standard
O007708,C01252,2025-06-13,COD,Delivered,Standard
O007709,C05093,2025-11-21,UPI,Delivered,Standard
O007710,C07191,2024-02-09,Credit Card,Delivered,Express
O007711,C05331,2024-01-13,Net Banking,Delivered,Standard
O007712,C02342,2025-03-26,UPI,Delivered,Express
O007713,C02117,2024-06-17,UPI,Delivered,Express
O007714,C01853,2025-10-28,COD,Delivered,Standard
O007715,C03334,2024-03-01,UPI,Delivered,Express
O007716,C03672,2024-05-04,UPI,Delivered,Same Day
O007717,C02866,2025-07-13,COD,Delivered,Standard
O007718,C04094,2025-09-28,Credit Card,Delivered,Standard
O007719,C06416,2025-12-20,Net Banking,Delivered,Same Day
O007720,C07165,2024-07-11,Credit Card,Delivered,Standard
O007721,C04897,2025-09-25,UPI,Delivered,Standard
O007722,C06236,2025-02-19,Debit Card,Delivered,Express
O007723,C03273,2025-07-30,UPI,Delivered,Same Day
O007724,C01534,2025-01-18,Credit Card,Delivered,Standard
O007725,C05572,2024-02-22,Credit Card,Delivered,Standard
O007726,C00258,2024-06-05,UPI,Delivered,Standard
O007727,C07276,2025-03-05,Debit Card,Delivered,Standard
O007728,C05918,2025-05-26,Credit Card,Delivered,Standard
O007729,C06255,2025-07-06,Credit Card,Delivered,Standard
O007730,C06884,2025-03-02,UPI,Delivered,Express
O007731,C05316,2024-02-04,Net Banking,Delivered,Same Day
O007732,C00981,2025-05-30,Wallet,Delivered,Express
O007733,C03639,2024-09-12,Debit Card,Delivered,Standard
O007734,C04109,2025-08-26,Net Banking,Delivered,Express
O007735,C02127,2025-10-23,COD,Delivered,Express
O007736,C03531,2024-09-11,UPI,Returned,Standard
O007737,C04103,2024-05-22,COD,Delivered,Standard
O007738,C06393,2025-09-04,Wallet,Delivered,Standard
O007739,C03428,2025-12-02,Credit Card,Returned,Standard
O007740,C03572,2024-09-02,UPI,Delivered,Standard
O007741,C04320,2024-08-04,Net Banking,Delivered,Standard
O007742,C00670,2025-03-20,UPI,Delivered,Express
O007743,C01959,2024-09-01,UPI,Delivered,Standard
O007744,C02382,2025-08-17,Credit Card,Delivered,Standard
O007745,C02122,2025-03-14,UPI,Delivered,Express
O007746,C05076,2025-01-01,Credit Card,Delivered,Express
O007747,C00918,2025-05-02,Credit Card,Delivered,Standard
O007748,C03330,2024-03-03,Net Banking,Delivered,Standard
O007749,C04371,2025-07-28,UPI,Delivered,Express
O007750,C00092,2024-03-14,Credit Card,Delivered,Standard
O007751,C02110,2025-05-16,Wallet,Delivered,Standard
O007752,C00340,2025-01-21,Credit Card,Delivered,Standard
O007753,C02937,2024-11-19,Debit Card,Delivered,Express
O007754,C00858,2024-02-07,Credit Card,Delivered,Standard
O007755,C06282,2025-08-13,Debit Card,Delivered,Same Day
O007756,C04774,2025-08-02,Credit Card,Delivered,Standard
O007757,C01832,2025-01-11,UPI,Delivered,Standard
O007758,C03257,2024-12-27,Credit Card,Delivered,Standard
O007759,C05751,2025-10-02,UPI,Delivered,Standard
O007760,C01260,2025-04-12,UPI,Delivered,Express
O007761,C04650,2025-12-26,Credit Card,Delivered,Standard
O007762,C06489,2024-04-14,UPI,Delivered,Standard
O007763,C03829,2025-11-17,UPI,Delivered,Standard
O007764,C07228,2025-10-10,Wallet,Delivered,Express
O007765,C01927,2025-07-18,UPI,Delivered,Standard
O007766,C01252,2025-10-23,UPI,Delivered,Standard
O007767,C04177,2024-12-16,Debit Card,Delivered,Standard
O007768,C04734,2025-06-05,UPI,Delivered,Standard
O007769,C04621,2025-07-12,UPI,Delivered,Express
O007770,C04648,2025-01-24,Wallet,Delivered,Standard
O007771,C01871,2025-11-14,Credit Card,Delivered,Express
O007772,C04388,2025-11-27,Credit Card,Delivered,Express
O007773,C05003,2024-01-15,UPI,Delivered,Standard
O007774,C02744,2024-12-15,UPI,Cancelled,Standard
O007775,C04151,2025-07-11,Credit Card,Delivered,Express
O007776,C03929,2025-06-04,Net Banking,Delivered,Express
O007777,C02560,2024-03-02,UPI,Delivered,Standard
O007778,C00591,2025-02-20,COD,Cancelled,Standard
O007779,C05960,2025-12-21,UPI,Delivered,Standard
O007780,C05015,2025-04-23,Debit Card,Delivered,Express
O007781,C04398,2024-07-10,Wallet,Delivered,Standard
O007782,C05672,2024-12-30,Credit Card,Delivered,Express
O007783,C01033,2024-09-05,Credit Card,Delivered,Standard
O007784,C00434,2024-05-02,COD,Delivered,Express
O007785,C03341,2024-05-30,UPI,Delivered,Standard
O007786,C04055,2025-10-15,Credit Card,Delivered,Standard
O007787,C00276,2025-04-04,UPI,Delivered,Standard
O007788,C04920,2024-03-03,Wallet,Delivered,Express
O007789,C03639,2025-12-31,Debit Card,Delivered,Standard
O007790,C02250,2025-03-06,UPI,Delivered,Express
O007791,C07395,2024-11-16,Credit Card,Delivered,Standard
O007792,C05733,2024-05-13,Credit Card,Delivered,Standard
O007793,C04551,2024-09-29,Debit Card,Delivered,Standard
O007794,C01190,2024-04-15,Credit Card,Delivered,Standard
O007795,C07468,2025-11-06,Credit Card,Delivered,Express
O007796,C03622,2025-08-27,UPI,Delivered,Standard
O007797,C05721,2025-11-02,UPI,Cancelled,Same Day
O007798,C06294,2025-04-30,Credit Card,Delivered,Express
O007799,C00970,2025-02-24,Debit Card,Delivered,Same Day
O007800,C03504,2024-04-24,Debit Card,Returned,Standard
O007801,C07663,2024-08-16,UPI,Delivered,Express
O007802,C04233,2025-10-04,UPI,Delivered,Standard
O007803,C03049,2025-08-08,UPI,Returned,Standard
O007804,C06554,2024-05-09,UPI,Delivered,Standard
O007805,C00671,2025-01-26,Debit Card,Delivered,Standard
O007806,C01182,2024-10-16,Net Banking,Delivered,Express
O007807,C05217,2025-08-21,Net Banking,Delivered,Express
O007808,C04225,2024-05-09,UPI,Delivered,Express
O007809,C07080,2024-01-14,Wallet,Delivered,Standard
O007810,C02046,2025-03-30,Debit Card,Delivered,Standard
O007811,C04052,2024-04-06,Wallet,Delivered,Standard
O007812,C02978,2025-08-01,COD,Delivered,Express
O007813,C05668,2024-08-22,Credit Card,Delivered,Same Day
O007814,C00563,2025-08-08,Net Banking,Delivered,Same Day
O007815,C05838,2025-01-31,UPI,Delivered,Standard
O007816,C03562,2025-04-26,COD,Returned,Standard
O007817,C03578,2024-10-04,Credit Card,Delivered,Standard
O007818,C07661,2024-06-19,Credit Card,Delivered,Express
O007819,C00579,2024-11-04,Debit Card,Delivered,Standard
O007820,C07979,2024-06-19,Wallet,Delivered,Same Day
O007821,C05104,2024-06-13,UPI,Delivered,Express
O007822,C01866,2024-11-21,UPI,Delivered,Standard
O007823,C04742,2024-05-14,UPI,Delivered,Standard
O007824,C04876,2024-05-27,Net Banking,Delivered,Standard
O007825,C02028,2025-01-10,Credit Card,Delivered,Express
O007826,C06724,2025-06-04,Credit Card,Delivered,Standard
O007827,C04898,2024-05-23,Debit Card,Delivered,Standard
O007828,C00570,2024-02-19,Credit Card,Delivered,Standard
O007829,C06632,2025-01-28,UPI,Delivered,Standard
O007830,C06384,2024-12-16,Net Banking,Delivered,Standard
O007831,C03759,2024-11-06,UPI,Delivered,Express
O007832,C04248,2025-01-24,UPI,Delivered,Express
O007833,C02602,2024-07-14,Credit Card,Delivered,Same Day
O007834,C04073,2025-03-31,UPI,Delivered,Standard
O007835,C03552,2024-08-10,UPI,Delivered,Standard
O007836,C02110,2024-11-27,Wallet,Delivered,Standard
O007837,C02742,2024-08-04,Net Banking,Delivered,Standard
O007838,C05172,2025-09-28,Debit Card,Delivered,Standard
O007839,C03371,2025-07-11,Net Banking,Delivered,Standard
O007840,C01245,2025-06-28,UPI,Delivered,Standard
O007841,C04409,2025-04-03,Credit Card,Delivered,Standard
O007842,C04872,2024-01-17,Credit Card,Delivered,Standard
O007843,C04439,2025-09-24,UPI,Delivered,Standard
O007844,C04451,2024-01-06,UPI,Delivered,Same Day
O007845,C03572,2025-11-04,Debit Card,Delivered,Standard
O007846,C03103,2024-10-21,Debit Card,Delivered,Standard
O007847,C06589,2025-05-22,COD,Delivered,Standard
O007848,C06454,2025-01-27,UPI,Delivered,Standard
O007849,C07211,2025-08-20,UPI,Delivered,Standard
O007850,C05546,2024-02-13,Credit Card,Returned,Express
O007851,C06974,2025-04-02,Credit Card,Delivered,Standard
O007852,C01091,2025-04-06,Net Banking,Delivered,Standard
O007853,C03370,2024-06-13,UPI,Cancelled,Standard
O007854,C02692,2024-05-16,UPI,Delivered,Standard
O007855,C05658,2025-06-23,Credit Card,Delivered,Standard
O007856,C05162,2024-10-08,Credit Card,Delivered,Express
O007857,C04217,2024-01-04,Net Banking,Delivered,Standard
O007858,C02117,2024-04-06,Credit Card,Delivered,Standard
O007859,C04782,2025-11-21,UPI,Delivered,Standard
O007860,C03504,2025-08-09,Wallet,Delivered,Express
O007861,C06210,2025-04-03,Credit Card,Delivered,Standard
O007862,C05331,2025-09-07,Debit Card,Delivered,Standard
O007863,C02377,2025-03-12,Net Banking,Delivered,Same Day
O007864,C00078,2025-09-02,COD,Delivered,Standard
O007865,C04818,2025-01-09,UPI,Delivered,Standard
O007866,C06842,2024-07-05,Credit Card,Delivered,Standard
O007867,C06066,2024-12-03,UPI,Delivered,Express
O007868,C04003,2025-09-23,UPI,Delivered,Express
O007869,C03446,2025-06-21,COD,Delivered,Standard
O007870,C01290,2025-01-28,COD,Delivered,Standard
O007871,C06401,2025-06-13,UPI,Delivered,Express
O007872,C03370,2024-12-06,UPI,Delivered,Express
O007873,C06416,2025-09-29,Credit Card,Delivered,Same Day
O007874,C03850,2025-01-29,Net Banking,Delivered,Standard
O007875,C04244,2024-10-30,UPI,Delivered,Standard
O007876,C03802,2025-01-23,UPI,Delivered,Standard
O007877,C07545,2025-03-14,Credit Card,Delivered,Express
O007878,C04498,2024-04-15,Debit Card,Delivered,Standard
O007879,C01733,2025-09-07,UPI,Delivered,Express
O007880,C03827,2024-09-12,UPI,Delivered,Standard
O007881,C04409,2024-01-07,UPI,Delivered,Standard
O007882,C01689,2025-11-16,UPI,Delivered,Same Day
O007883,C00202,2024-07-28,Debit Card,Delivered,Same Day
O007884,C05055,2024-07-31,Wallet,Delivered,Express
O007885,C06166,2024-06-27,Credit Card,Delivered,Express
O007886,C05053,2025-12-10,Credit Card,Delivered,Same Day
O007887,C02744,2025-11-12,Net Banking,Delivered,Standard
O007888,C01041,2024-12-30,UPI,Delivered,Standard
O007889,C07149,2025-03-17,Debit Card,Delivered,Standard
O007890,C07353,2024-05-24,COD,Delivered,Standard
O007891,C07252,2025-09-10,UPI,Delivered,Standard
O007892,C03296,2025-06-28,UPI,Delivered,Standard
O007893,C06505,2024-01-19,Debit Card,Delivered,Standard
O007894,C01789,2025-08-02,Net Banking,Delivered,Standard
O007895,C00731,2025-08-01,UPI,Cancelled,Standard
O007896,C07921,2025-04-16,Debit Card,Returned,Express
O007897,C03765,2024-07-29,Debit Card,Delivered,Standard
O007898,C00982,2025-10-26,Credit Card,Delivered,Standard
O007899,C05649,2025-01-14,Net Banking,Delivered,Express
O007900,C03049,2025-02-01,Wallet,Delivered,Standard
O007901,C04008,2025-08-22,UPI,Delivered,Standard
O007902,C04531,2024-08-28,Credit Card,Delivered,Standard
O007903,C05389,2024-01-31,UPI,Delivered,Express
O007904,C03932,2024-11-02,UPI,Delivered,Standard
O007905,C00524,2025-12-06,Debit Card,Delivered,Express
O007906,C03495,2024-08-08,Debit Card,Delivered,Standard
O007907,C01859,2025-07-05,Debit Card,Delivered,Same Day
O007908,C05829,2025-02-25,UPI,Delivered,Express
O007909,C01536,2025-02-06,Credit Card,Delivered,Express
O007910,C04933,2024-10-04,UPI,Delivered,Standard
O007911,C00987,2024-12-05,COD,Delivered,Standard
O007912,C04227,2025-08-14,UPI,Delivered,Standard
O007913,C04984,2024-09-23,COD,Delivered,Standard
O007914,C07861,2025-05-12,Net Banking,Delivered,Standard
O007915,C05466,2025-03-17,Credit Card,Delivered,Standard
O007916,C01894,2024-07-29,UPI,Delivered,Standard
O007917,C01326,2024-12-28,Debit Card,Delivered,Express
O007918,C07566,2024-04-19,UPI,Delivered,Standard
O007919,C00763,2025-07-22,UPI,Delivered,Standard
O007920,C04506,2025-03-06,UPI,Delivered,Standard
O007921,C02072,2024-09-13,UPI,Delivered,Standard
O007922,C01243,2025-09-23,Net Banking,Delivered,Standard
O007923,C06262,2024-10-09,COD,Delivered,Standard
O007924,C04225,2025-09-17,Debit Card,Delivered,Standard
O007925,C00955,2024-07-02,UPI,Delivered,Standard
O007926,C05337,2024-03-25,Credit Card,Delivered,Same Day
O007927,C00557,2025-07-12,UPI,Cancelled,Express
O007928,C05275,2025-02-06,UPI,Returned,Same Day
O007929,C01759,2024-05-05,Credit Card,Delivered,Standard
O007930,C00913,2025-10-25,Credit Card,Delivered,Standard
O007931,C03355,2025-08-07,COD,Delivered,Express
O007932,C04503,2025-06-16,UPI,Delivered,Standard
O007933,C01663,2025-10-09,Debit Card,Delivered,Standard
O007934,C03050,2024-12-15,Credit Card,Delivered,Standard
O007935,C05412,2025-11-22,Net Banking,Delivered,Standard
O007936,C06136,2025-09-16,UPI,Delivered,Same Day
O007937,C05098,2024-08-16,Credit Card,Delivered,Standard
O007938,C04978,2025-09-18,UPI,Returned,Express
O007939,C04995,2025-12-08,COD,Delivered,Express
O007940,C03068,2025-02-03,UPI,Delivered,Standard
O007941,C04809,2025-09-17,Credit Card,Delivered,Standard
O007942,C04382,2025-04-03,Credit Card,Delivered,Standard
O007943,C01193,2025-10-24,Credit Card,Delivered,Express
O007944,C04649,2024-12-21,Net Banking,Delivered,Standard
O007945,C03388,2024-08-19,Credit Card,Delivered,Standard
O007946,C06979,2025-07-27,UPI,Delivered,Standard
O007947,C03290,2024-10-21,Credit Card,Delivered,Standard
O007948,C05875,2025-05-18,UPI,Delivered,Standard
O007949,C00122,2025-12-18,UPI,Delivered,Express
O007950,C03683,2025-08-27,Wallet,Cancelled,Standard
O007951,C02909,2025-07-19,Debit Card,Delivered,Standard
O007952,C04158,2025-04-09,UPI,Delivered,Express
O007953,C05397,2025-01-30,UPI,Delivered,Standard
O007954,C01858,2025-10-08,Net Banking,Delivered,Standard
O007955,C02544,2024-04-13,UPI,Delivered,Express
O007956,C04943,2024-09-12,UPI,Delivered,Standard
O007957,C00614,2025-12-29,UPI,Delivered,Express
O007958,C06748,2024-09-25,UPI,Delivered,Standard
O007959,C05316,2025-10-10,UPI,Delivered,Standard
O007960,C02983,2024-11-19,Credit Card,Delivered,Express
O007961,C02262,2024-10-27,UPI,Delivered,Express
O007962,C07108,2024-01-14,UPI,Delivered,Same Day
O007963,C07785,2024-02-26,Net Banking,Delivered,Express
O007964,C03650,2025-12-20,UPI,Delivered,Express
O007965,C01349,2024-05-27,Credit Card,Delivered,Standard
O007966,C05158,2024-12-27,UPI,Delivered,Standard
O007967,C02257,2024-03-25,Net Banking,Delivered,Standard
O007968,C05317,2024-11-02,Debit Card,Delivered,Express
O007969,C06174,2024-12-09,UPI,Delivered,Express
O007970,C06327,2024-04-29,UPI,Delivered,Express
O007971,C05767,2024-10-23,UPI,Delivered,Express
O007972,C03417,2024-11-30,UPI,Delivered,Standard
O007973,C02033,2025-02-05,UPI,Delivered,Standard
O007974,C07056,2025-10-07,Credit Card,Delivered,Standard
O007975,C04557,2024-05-23,UPI,Delivered,Express
O007976,C01946,2025-08-26,Credit Card,Delivered,Standard
O007977,C00371,2025-10-16,Wallet,Delivered,Standard
O007978,C01716,2024-11-26,UPI,Delivered,Standard
O007979,C01859,2025-05-20,UPI,Delivered,Express
O007980,C05710,2025-02-10,Credit Card,Delivered,Express
O007981,C05806,2025-08-24,Credit Card,Delivered,Standard
O007982,C02610,2024-09-19,Net Banking,Delivered,Express
O007983,C01646,2024-07-24,Credit Card,Delivered,Same Day
O007984,C02930,2025-07-01,Net Banking,Delivered,Express
O007985,C00907,2025-02-13,Credit Card,Delivered,Standard
O007986,C02363,2025-09-02,Net Banking,Delivered,Standard
O007987,C06596,2025-07-20,Credit Card,Delivered,Standard
O007988,C03161,2025-08-16,Debit Card,Delivered,Standard
O007989,C00027,2024-07-28,Debit Card,Delivered,Standard
O007990,C00290,2024-09-24,Credit Card,Delivered,Standard
O007991,C05090,2025-05-28,UPI,Delivered,Standard
O007992,C00794,2025-05-07,Net Banking,Delivered,Express
O007993,C02037,2024-10-14,Credit Card,Delivered,Standard
O007994,C03913,2025-05-20,Credit Card,Delivered,Standard
O007995,C05852,2025-12-30,Debit Card,Delivered,Standard
O007996,C03355,2024-05-15,UPI,Returned,Standard
O007997,C06660,2025-06-18,Wallet,Delivered,Standard
O007998,C02347,2024-08-30,COD,Delivered,Standard
O007999,C07574,2024-02-19,Debit Card,Delivered,Standard
O008000,C02488,2024-10-11,Debit Card,Delivered,Standard
O008001,C01701,2024-02-28,Debit Card,Delivered,Standard
O008002,C07821,2025-12-15,Debit Card,Delivered,Standard
O008003,C01967,2024-06-03,Net Banking,Delivered,Standard
O008004,C07051,2025-06-16,Wallet,Delivered,Standard
O008005,C06005,2024-01-17,Debit Card,Delivered,Standard
O008006,C07566,2025-03-30,Credit Card,Delivered,Same Day
O008007,C07566,2024-11-02,Wallet,Delivered,Standard
O008008,C00061,2024-12-23,Credit Card,Delivered,Same Day
O008009,C07360,2025-10-31,Credit Card,Cancelled,Standard
O008010,C02079,2024-03-09,Credit Card,Delivered,Standard
O008011,C03280,2025-11-07,Credit Card,Delivered,Express
O008012,C03875,2025-09-02,Net Banking,Delivered,Standard
O008013,C03091,2025-12-20,Credit Card,Delivered,Standard
O008014,C03956,2024-02-02,Credit Card,Delivered,Standard
O008015,C00137,2024-06-25,Credit Card,Delivered,Standard
O008016,C05242,2024-12-22,Credit Card,Delivered,Express
O008017,C04157,2024-02-11,Credit Card,Delivered,Standard
O008018,C04928,2025-04-06,Wallet,Delivered,Express
O008019,C00904,2024-10-19,Net Banking,Cancelled,Same Day
O008020,C04011,2025-09-26,Debit Card,Delivered,Standard
O008021,C03742,2025-07-01,UPI,Delivered,Standard
O008022,C02781,2024-02-24,Debit Card,Delivered,Express
O008023,C02796,2025-02-18,Debit Card,Delivered,Standard
O008024,C05749,2024-12-11,Net Banking,Delivered,Express
O008025,C01315,2024-08-09,COD,Delivered,Express
O008026,C05986,2024-10-28,Credit Card,Delivered,Standard
O008027,C05802,2024-06-25,UPI,Delivered,Standard
O008028,C07658,2025-04-12,Debit Card,Delivered,Standard
O008029,C01151,2025-06-04,UPI,Cancelled,Standard
O008030,C07385,2024-02-26,Credit Card,Delivered,Same Day
O008031,C06345,2025-12-31,COD,Delivered,Standard
O008032,C01037,2024-05-25,Net Banking,Delivered,Standard
O008033,C05354,2025-06-29,COD,Cancelled,Standard
O008034,C07843,2025-09-28,Debit Card,Delivered,Express
O008035,C04957,2025-06-25,Credit Card,Delivered,Standard
O008036,C02433,2025-03-19,COD,Delivered,Standard
O008037,C03751,2025-05-29,Credit Card,Delivered,Standard
O008038,C06342,2024-11-15,Net Banking,Delivered,Express
O008039,C05274,2024-12-29,Net Banking,Delivered,Standard
O008040,C07969,2025-03-01,Net Banking,Delivered,Standard
O008041,C05781,2024-11-07,UPI,Delivered,Express
O008042,C05332,2025-04-27,Net Banking,Delivered,Same Day
O008043,C01663,2025-09-02,UPI,Delivered,Standard
O008044,C07311,2025-01-25,UPI,Delivered,Standard
O008045,C05315,2025-12-28,Credit Card,Returned,Express
O008046,C02149,2025-12-26,Debit Card,Delivered,Standard
O008047,C04067,2024-03-26,COD,Delivered,Express
O008048,C04446,2025-11-14,Wallet,Delivered,Standard
O008049,C03495,2025-04-16,Credit Card,Delivered,Standard
O008050,C05646,2024-12-14,Debit Card,Delivered,Express
O008051,C04965,2024-02-15,Credit Card,Delivered,Standard
O008052,C03303,2024-08-28,Debit Card,Delivered,Express
O008053,C00041,2024-07-25,Debit Card,Delivered,Standard
O008054,C07075,2024-07-05,Debit Card,Delivered,Standard
O008055,C04172,2024-11-24,Debit Card,Delivered,Standard
O008056,C04417,2025-11-17,UPI,Delivered,Standard
O008057,C02472,2024-02-20,Credit Card,Cancelled,Standard
O008058,C04171,2024-07-26,Debit Card,Returned,Express
O008059,C06761,2024-09-08,Credit Card,Delivered,Express
O008060,C02386,2024-08-12,Debit Card,Delivered,Standard
O008061,C07355,2024-12-10,UPI,Returned,Express
O008062,C03439,2025-11-08,UPI,Cancelled,Standard
O008063,C02227,2024-02-26,Net Banking,Delivered,Express
O008064,C00434,2025-02-18,Net Banking,Delivered,Standard
O008065,C01792,2025-10-24,Wallet,Cancelled,Standard
O008066,C01562,2025-01-06,UPI,Delivered,Standard
O008067,C01249,2024-11-25,UPI,Delivered,Standard
O008068,C05142,2025-07-20,Net Banking,Delivered,Standard
O008069,C00807,2024-02-25,Net Banking,Delivered,Standard
O008070,C00340,2024-08-29,Debit Card,Delivered,Standard
O008071,C06340,2024-09-03,UPI,Delivered,Standard
O008072,C04453,2024-12-13,Credit Card,Returned,Standard
O008073,C00300,2025-09-22,UPI,Delivered,Standard
O008074,C00304,2024-05-26,UPI,Delivered,Standard
O008075,C07418,2024-12-16,Debit Card,Delivered,Standard
O008076,C05376,2025-12-08,Debit Card,Delivered,Express
O008077,C04800,2024-06-28,UPI,Delivered,Express
O008078,C04400,2025-01-31,COD,Delivered,Standard
O008079,C01393,2025-12-30,Credit Card,Returned,Standard
O008080,C07297,2024-12-30,UPI,Delivered,Standard
O008081,C01586,2024-08-08,Credit Card,Delivered,Standard
O008082,C02537,2025-05-31,Wallet,Delivered,Standard
O008083,C04799,2025-10-25,Credit Card,Delivered,Standard
O008084,C03712,2024-02-27,Debit Card,Delivered,Standard
O008085,C06974,2025-04-28,Credit Card,Delivered,Standard
O008086,C01069,2024-03-06,UPI,Cancelled,Standard
O008087,C06651,2025-07-28,Credit Card,Delivered,Express
O008088,C04309,2025-05-25,Credit Card,Delivered,Standard
O008089,C04619,2025-04-03,UPI,Delivered,Express
O008090,C03893,2025-03-06,Credit Card,Delivered,Same Day
O008091,C04965,2024-09-27,Wallet,Delivered,Standard
O008092,C00354,2025-06-29,COD,Returned,Same Day
O008093,C04978,2025-05-20,Credit Card,Delivered,Standard
O008094,C00667,2025-02-27,UPI,Delivered,Standard
O008095,C04850,2025-05-21,UPI,Delivered,Standard
O008096,C03878,2025-11-23,Debit Card,Delivered,Standard
O008097,C05489,2025-02-28,UPI,Delivered,Same Day
O008098,C01641,2024-11-12,Credit Card,Delivered,Same Day
O008099,C03739,2025-12-16,Wallet,Delivered,Express
O008100,C05603,2025-06-11,UPI,Returned,Express
O008101,C07860,2024-04-05,UPI,Delivered,Express
O008102,C00613,2025-08-27,Wallet,Delivered,Standard
O008103,C06847,2024-06-22,Credit Card,Delivered,Standard
O008104,C07472,2024-04-07,Net Banking,Cancelled,Standard
O008105,C07257,2025-09-20,Wallet,Delivered,Express
O008106,C04443,2024-03-05,UPI,Delivered,Standard
O008107,C07605,2025-11-24,UPI,Delivered,Express
O008108,C01865,2025-06-26,Debit Card,Delivered,Same Day
O008109,C05716,2024-03-13,UPI,Delivered,Standard
O008110,C03821,2025-12-16,Debit Card,Delivered,Same Day
O008111,C01831,2024-12-13,Net Banking,Delivered,Standard
O008112,C05465,2024-03-19,UPI,Delivered,Standard
O008113,C07010,2024-12-30,Debit Card,Delivered,Express
O008114,C06901,2024-10-23,Debit Card,Delivered,Standard
O008115,C03490,2024-08-08,COD,Delivered,Standard
O008116,C06413,2024-08-06,Wallet,Delivered,Standard
O008117,C03306,2025-03-28,UPI,Cancelled,Standard
O008118,C00442,2025-08-14,UPI,Delivered,Standard
O008119,C06255,2025-06-13,Debit Card,Delivered,Express
O008120,C06584,2024-08-24,Debit Card,Delivered,Express
O008121,C04475,2024-01-22,Net Banking,Delivered,Express
O008122,C05389,2025-03-21,UPI,Delivered,Same Day
O008123,C05180,2025-02-08,UPI,Delivered,Standard
O008124,C05472,2024-07-06,Net Banking,Delivered,Standard
O008125,C04816,2025-11-25,Credit Card,Delivered,Express
O008126,C03499,2024-09-27,Wallet,Delivered,Standard
O008127,C07701,2024-05-04,UPI,Delivered,Express
O008128,C02429,2025-09-27,Net Banking,Delivered,Express
O008129,C02353,2025-05-12,UPI,Delivered,Standard
O008130,C02966,2024-07-06,UPI,Delivered,Standard
O008131,C05430,2024-11-17,Debit Card,Delivered,Express
O008132,C04712,2025-06-01,UPI,Delivered,Express
O008133,C05466,2024-11-21,Credit Card,Delivered,Standard
O008134,C03728,2024-10-23,Credit Card,Delivered,Express
O008135,C05973,2025-12-13,Wallet,Delivered,Express
O008136,C07720,2024-09-15,Credit Card,Returned,Standard
O008137,C05887,2025-08-12,COD,Delivered,Standard
O008138,C04465,2024-04-07,UPI,Delivered,Standard
O008139,C02150,2025-04-25,UPI,Delivered,Same Day
O008140,C00117,2024-08-17,Net Banking,Delivered,Standard
O008141,C05911,2024-08-31,Credit Card,Delivered,Standard
O008142,C06648,2024-03-10,UPI,Delivered,Standard
O008143,C02026,2025-03-31,Debit Card,Delivered,Express
O008144,C05402,2025-05-23,Credit Card,Delivered,Standard
O008145,C07976,2025-11-21,UPI,Delivered,Standard
O008146,C01544,2025-01-12,Wallet,Delivered,Same Day
O008147,C02493,2025-01-05,COD,Returned,Standard
O008148,C01357,2025-09-08,Debit Card,Delivered,Standard
O008149,C01182,2024-08-02,UPI,Delivered,Standard
O008150,C00605,2025-03-05,Debit Card,Delivered,Standard
O008151,C03330,2024-11-21,Credit Card,Delivered,Same Day
O008152,C05330,2025-08-10,Debit Card,Delivered,Standard
O008153,C01763,2024-12-11,UPI,Delivered,Same Day
O008154,C05387,2024-08-26,Credit Card,Delivered,Express
O008155,C06377,2024-10-15,Credit Card,Delivered,Standard
O008156,C03646,2025-08-03,Debit Card,Delivered,Same Day
O008157,C01904,2024-07-17,Net Banking,Delivered,Express
O008158,C03122,2025-08-08,Net Banking,Delivered,Express
O008159,C07511,2024-08-05,UPI,Delivered,Standard
O008160,C03846,2024-02-12,UPI,Returned,Express
O008161,C06203,2025-10-02,UPI,Delivered,Standard
O008162,C05875,2024-11-21,Credit Card,Delivered,Express
O008163,C01594,2025-11-16,UPI,Delivered,Express
O008164,C01249,2024-06-12,Debit Card,Delivered,Standard
O008165,C03956,2025-12-16,UPI,Delivered,Standard
O008166,C04219,2024-04-02,UPI,Delivered,Standard
O008167,C00835,2025-04-29,Debit Card,Delivered,Standard
O008168,C04639,2025-12-12,Credit Card,Delivered,Standard
O008169,C07688,2025-01-24,Credit Card,Delivered,Standard
O008170,C01653,2024-02-21,COD,Delivered,Standard
O008171,C05000,2025-05-11,UPI,Delivered,Standard
O008172,C01173,2025-12-11,UPI,Delivered,Standard
O008173,C07691,2025-05-18,Credit Card,Cancelled,Standard
O008174,C07137,2024-01-07,Debit Card,Delivered,Standard
O008175,C04411,2024-07-14,Debit Card,Delivered,Standard
O008176,C06011,2024-05-11,Debit Card,Delivered,Standard
O008177,C06522,2025-11-05,Net Banking,Delivered,Standard
O008178,C05882,2025-02-09,Credit Card,Delivered,Standard
O008179,C02196,2025-09-30,UPI,Delivered,Same Day
O008180,C04378,2024-04-22,UPI,Delivered,Standard
O008181,C03475,2025-01-22,UPI,Delivered,Express
O008182,C03543,2025-02-26,UPI,Delivered,Express
O008183,C06772,2024-03-08,Wallet,Delivered,Standard
O008184,C05565,2025-07-17,COD,Delivered,Express
O008185,C04973,2025-10-24,Debit Card,Delivered,Standard
O008186,C01246,2024-05-23,UPI,Delivered,Express
O008187,C03214,2025-12-06,Debit Card,Delivered,Standard
O008188,C05595,2025-01-30,Net Banking,Delivered,Standard
O008189,C03504,2025-02-12,Credit Card,Delivered,Standard
O008190,C04711,2024-07-19,UPI,Delivered,Standard
O008191,C00887,2025-03-11,Credit Card,Delivered,Express
O008192,C03186,2025-11-14,Wallet,Delivered,Express
O008193,C07482,2024-11-06,Net Banking,Delivered,Express
O008194,C01166,2024-11-27,Credit Card,Delivered,Same Day
O008195,C07511,2025-07-20,Credit Card,Delivered,Express
O008196,C04896,2024-11-07,Debit Card,Delivered,Standard
O008197,C06594,2025-08-27,Credit Card,Delivered,Express
O008198,C00795,2025-07-04,Wallet,Delivered,Same Day
O008199,C02846,2025-01-04,Debit Card,Delivered,Standard
O008200,C05056,2025-11-20,Wallet,Delivered,Same Day
O008201,C07115,2024-04-15,Net Banking,Delivered,Same Day
O008202,C01788,2024-03-27,Credit Card,Delivered,Express
O008203,C05559,2025-02-07,COD,Cancelled,Express
O008204,C00180,2025-05-26,Debit Card,Cancelled,Express
O008205,C04502,2024-03-11,Wallet,Delivered,Standard
O008206,C02399,2024-04-21,Debit Card,Delivered,Standard
O008207,C01372,2025-09-24,COD,Cancelled,Express
O008208,C06146,2024-02-14,Credit Card,Delivered,Standard
O008209,C03163,2024-04-03,COD,Delivered,Express
O008210,C02335,2024-04-14,Wallet,Cancelled,Express
O008211,C03470,2025-01-03,Debit Card,Delivered,Same Day
O008212,C06907,2024-02-05,Net Banking,Delivered,Standard
O008213,C03692,2024-04-13,Debit Card,Delivered,Express
O008214,C01336,2025-04-25,Debit Card,Delivered,Standard
O008215,C02668,2024-11-03,Debit Card,Delivered,Same Day
O008216,C03366,2025-03-16,Credit Card,Delivered,Standard
O008217,C03380,2025-05-05,Wallet,Delivered,Standard
O008218,C07843,2025-01-24,Net Banking,Delivered,Standard
O008219,C03298,2025-11-26,Credit Card,Delivered,Standard
O008220,C04017,2025-03-19,UPI,Delivered,Standard
O008221,C07735,2024-03-16,UPI,Delivered,Express
O008222,C05895,2024-03-12,Credit Card,Delivered,Express
O008223,C03058,2024-08-30,COD,Delivered,Standard
O008224,C01904,2025-08-23,Net Banking,Delivered,Standard
O008225,C02527,2025-04-15,Debit Card,Delivered,Standard
O008226,C07009,2025-09-19,COD,Delivered,Standard
O008227,C01180,2025-04-23,Credit Card,Delivered,Express
O008228,C05371,2025-02-24,Debit Card,Delivered,Express
O008229,C04327,2024-05-06,Debit Card,Delivered,Standard
O008230,C00572,2024-05-30,UPI,Delivered,Standard
O008231,C02118,2024-08-14,Wallet,Delivered,Standard
O008232,C03005,2025-11-10,Debit Card,Delivered,Standard
O008233,C01319,2024-03-26,Credit Card,Delivered,Standard
O008234,C07739,2025-02-06,UPI,Delivered,Express
O008235,C05012,2025-03-13,UPI,Delivered,Standard
O008236,C06101,2025-01-03,Wallet,Delivered,Express
O008237,C07619,2024-08-19,UPI,Returned,Standard
O008238,C04214,2025-10-11,UPI,Delivered,Standard
O008239,C06263,2025-01-03,Net Banking,Delivered,Same Day
O008240,C01585,2025-11-29,Debit Card,Delivered,Same Day
O008241,C04871,2024-10-26,Debit Card,Delivered,Standard
O008242,C03242,2024-05-14,COD,Delivered,Standard
O008243,C02016,2024-02-27,Debit Card,Delivered,Standard
O008244,C03923,2025-09-11,Credit Card,Delivered,Standard
O008245,C01010,2025-03-27,COD,Delivered,Standard
O008246,C07739,2025-10-21,Net Banking,Delivered,Standard
O008247,C02692,2025-05-09,UPI,Delivered,Same Day
O008248,C03655,2025-10-31,UPI,Delivered,Express
O008249,C03470,2025-10-11,Credit Card,Delivered,Standard
O008250,C01995,2025-01-26,Net Banking,Delivered,Standard
O008251,C07376,2025-12-17,Net Banking,Delivered,Express
O008252,C03483,2024-01-20,COD,Delivered,Standard
O008253,C02076,2025-08-27,Credit Card,Delivered,Standard
O008254,C00308,2024-05-26,Net Banking,Delivered,Same Day
O008255,C03914,2024-11-08,COD,Delivered,Standard
O008256,C03409,2024-06-30,Debit Card,Delivered,Express
O008257,C01252,2024-05-16,Debit Card,Delivered,Standard
O008258,C00497,2025-10-24,UPI,Delivered,Standard
O008259,C03856,2025-11-13,Credit Card,Delivered,Express
O008260,C02734,2024-07-22,UPI,Delivered,Standard
O008261,C05212,2024-02-22,Net Banking,Delivered,Express
O008262,C02164,2024-08-27,Debit Card,Delivered,Same Day
O008263,C04771,2025-01-06,Credit Card,Delivered,Standard
O008264,C04026,2025-05-17,UPI,Delivered,Standard
O008265,C07544,2025-06-16,Credit Card,Delivered,Express
O008266,C05015,2024-12-02,Credit Card,Delivered,Standard
O008267,C03019,2025-01-24,Credit Card,Delivered,Same Day
O008268,C02049,2024-01-12,UPI,Delivered,Standard
O008269,C07772,2024-12-19,UPI,Delivered,Express
O008270,C04144,2025-08-26,COD,Delivered,Express
O008271,C07601,2024-12-23,UPI,Returned,Express
O008272,C04343,2024-08-02,Debit Card,Delivered,Same Day
O008273,C00119,2024-12-30,UPI,Delivered,Express
O008274,C06756,2024-03-06,COD,Delivered,Standard
O008275,C00585,2024-01-03,Debit Card,Delivered,Standard
O008276,C01994,2024-01-05,Credit Card,Delivered,Same Day
O008277,C03477,2025-03-30,UPI,Cancelled,Standard
O008278,C02511,2024-06-13,Debit Card,Delivered,Standard
O008279,C07061,2024-10-30,Credit Card,Delivered,Standard
O008280,C03504,2024-03-05,UPI,Delivered,Standard
O008281,C04881,2025-07-27,UPI,Delivered,Express
O008282,C04445,2024-10-27,UPI,Delivered,Same Day
O008283,C00427,2025-11-25,Credit Card,Delivered,Standard
O008284,C04041,2024-03-03,Debit Card,Delivered,Same Day
O008285,C01472,2025-01-31,Net Banking,Delivered,Standard
O008286,C04713,2025-03-08,Debit Card,Delivered,Standard
O008287,C04777,2024-02-26,Credit Card,Returned,Standard
O008288,C07767,2025-07-18,UPI,Delivered,Express
O008289,C03077,2024-05-20,Credit Card,Delivered,Standard
O008290,C02155,2024-04-11,Debit Card,Delivered,Standard
O008291,C04933,2025-07-12,Credit Card,Delivered,Standard
O008292,C05780,2024-01-12,Debit Card,Delivered,Standard
O008293,C07518,2025-12-05,Debit Card,Delivered,Standard
O008294,C04167,2025-04-17,Debit Card,Delivered,Standard
O008295,C05674,2024-02-20,Wallet,Delivered,Standard
O008296,C00771,2025-12-03,Debit Card,Delivered,Express
O008297,C01121,2025-08-14,Credit Card,Delivered,Standard
O008298,C02972,2024-03-11,Debit Card,Delivered,Same Day
O008299,C06203,2024-10-31,UPI,Delivered,Standard
O008300,C02744,2024-07-28,Debit Card,Delivered,Standard
O008301,C08000,2025-04-04,Credit Card,Delivered,Standard
O008302,C03162,2024-02-16,Credit Card,Delivered,Standard
O008303,C01254,2025-09-22,COD,Delivered,Standard
O008304,C05606,2025-04-20,Credit Card,Delivered,Standard
O008305,C07223,2024-04-07,UPI,Delivered,Express
O008306,C06109,2024-11-02,Debit Card,Delivered,Standard
O008307,C03794,2025-07-20,Wallet,Delivered,Express
O008308,C06880,2025-02-20,UPI,Delivered,Standard
O008309,C02163,2024-01-27,UPI,Delivered,Standard
O008310,C03982,2025-11-27,COD,Delivered,Standard
O008311,C00993,2024-01-15,Debit Card,Delivered,Standard
O008312,C05700,2024-05-10,UPI,Cancelled,Standard
O008313,C02406,2024-10-01,UPI,Delivered,Standard
O008314,C03692,2024-09-04,Debit Card,Delivered,Express
O008315,C05232,2025-04-09,Wallet,Delivered,Same Day
O008316,C04174,2024-03-26,UPI,Delivered,Standard
O008317,C04487,2024-07-17,Debit Card,Delivered,Standard
O008318,C04448,2025-05-08,Credit Card,Returned,Standard
O008319,C00646,2024-06-12,Debit Card,Delivered,Standard
O008320,C06798,2024-12-15,Credit Card,Delivered,Standard
O008321,C06735,2024-01-06,COD,Delivered,Standard
O008322,C00095,2024-05-28,UPI,Delivered,Standard
O008323,C03702,2025-09-29,UPI,Delivered,Express
O008324,C00291,2025-03-30,Credit Card,Delivered,Express
O008325,C03554,2025-01-01,Credit Card,Delivered,Standard
O008326,C01602,2025-03-08,UPI,Delivered,Standard
O008327,C07258,2024-04-07,UPI,Delivered,Express
O008328,C01946,2025-05-12,Wallet,Delivered,Express
O008329,C05527,2024-08-06,Credit Card,Delivered,Standard
O008330,C00859,2025-11-09,Wallet,Delivered,Standard
O008331,C06200,2025-03-05,Net Banking,Delivered,Standard
O008332,C07623,2024-01-20,Credit Card,Cancelled,Standard
O008333,C04295,2025-06-12,Credit Card,Delivered,Standard
O008334,C03739,2025-01-27,Debit Card,Delivered,Standard
O008335,C07603,2024-09-04,UPI,Delivered,Standard
O008336,C05887,2025-07-18,COD,Delivered,Express
O008337,C00002,2025-08-21,COD,Delivered,Express
O008338,C00308,2024-04-11,Net Banking,Delivered,Standard
O008339,C05911,2024-09-15,Debit Card,Delivered,Standard
O008340,C04179,2024-01-26,UPI,Delivered,Express
O008341,C00674,2025-04-29,UPI,Delivered,Standard
O008342,C07407,2025-08-17,Credit Card,Delivered,Same Day
O008343,C01339,2025-01-28,COD,Delivered,Standard
O008344,C03788,2025-11-05,Credit Card,Cancelled,Standard
O008345,C05088,2025-05-24,Credit Card,Delivered,Standard
O008346,C05097,2025-03-07,UPI,Delivered,Same Day
O008347,C05901,2025-02-12,Debit Card,Delivered,Standard
O008348,C03130,2025-10-03,Debit Card,Delivered,Standard
O008349,C05442,2025-09-15,Credit Card,Delivered,Express
O008350,C04041,2024-10-10,Debit Card,Delivered,Standard
O008351,C07910,2025-06-22,UPI,Delivered,Standard
O008352,C03862,2024-01-08,Wallet,Delivered,Express
O008353,C07573,2025-03-09,Net Banking,Returned,Standard
O008354,C06080,2025-07-05,Credit Card,Cancelled,Standard
O008355,C02560,2025-04-02,UPI,Delivered,Express
O008356,C00825,2025-01-16,Net Banking,Delivered,Standard
O008357,C05822,2024-10-16,Net Banking,Delivered,Standard
O008358,C02112,2024-10-27,UPI,Delivered,Express
O008359,C01755,2025-10-21,Net Banking,Delivered,Standard
O008360,C06663,2025-12-04,UPI,Delivered,Express
O008361,C04218,2024-03-20,Wallet,Delivered,Standard
O008362,C05279,2024-04-01,UPI,Delivered,Standard
O008363,C01182,2025-01-12,Credit Card,Delivered,Standard
O008364,C04041,2025-09-18,Debit Card,Returned,Express
O008365,C00087,2024-07-24,UPI,Delivered,Standard
O008366,C04238,2024-11-08,Credit Card,Delivered,Standard
O008367,C05933,2024-12-18,Credit Card,Delivered,Standard
O008368,C01094,2024-08-31,UPI,Delivered,Standard
O008369,C00384,2025-08-18,UPI,Delivered,Standard
O008370,C04845,2025-07-08,Debit Card,Delivered,Express
O008371,C05591,2024-08-08,Credit Card,Delivered,Standard
O008372,C05242,2025-09-20,Debit Card,Delivered,Standard
O008373,C02759,2025-03-05,Debit Card,Delivered,Standard
O008374,C03793,2025-06-02,UPI,Delivered,Express
O008375,C04332,2024-01-20,UPI,Delivered,Standard
O008376,C05647,2025-02-25,Wallet,Delivered,Standard
O008377,C01166,2025-11-08,UPI,Delivered,Standard
O008378,C00014,2024-05-18,Debit Card,Delivered,Standard
O008379,C02622,2024-08-31,Debit Card,Delivered,Standard
O008380,C02422,2025-10-31,UPI,Delivered,Standard
O008381,C01569,2025-07-18,Credit Card,Delivered,Express
O008382,C01824,2025-11-04,UPI,Delivered,Express
O008383,C01011,2024-10-08,Net Banking,Returned,Express
O008384,C06667,2025-09-20,Debit Card,Delivered,Standard
O008385,C07592,2025-07-05,Net Banking,Delivered,Standard
O008386,C04485,2024-04-14,Credit Card,Delivered,Standard
O008387,C01481,2024-10-10,Credit Card,Delivered,Standard
O008388,C02657,2024-05-17,COD,Delivered,Standard
O008389,C06654,2025-12-09,Debit Card,Cancelled,Standard
O008390,C05148,2025-06-28,Credit Card,Delivered,Express
O008391,C04251,2024-03-05,Credit Card,Delivered,Standard
O008392,C06047,2024-07-01,Debit Card,Delivered,Standard
O008393,C03424,2024-02-09,Credit Card,Delivered,Standard
O008394,C05710,2025-06-10,Credit Card,Delivered,Standard
O008395,C00814,2024-09-07,UPI,Delivered,Standard
O008396,C02199,2025-08-08,UPI,Delivered,Express
O008397,C03169,2025-12-11,Credit Card,Delivered,Standard
O008398,C06867,2024-02-02,UPI,Delivered,Express
O008399,C05650,2025-07-26,Credit Card,Delivered,Standard
O008400,C00194,2025-06-10,UPI,Delivered,Standard
O008401,C04451,2024-05-30,Credit Card,Delivered,Express
O008402,C02795,2024-02-18,UPI,Delivered,Standard
O008403,C03863,2025-11-14,COD,Delivered,Standard
O008404,C05075,2024-04-17,UPI,Delivered,Standard
O008405,C03671,2024-12-24,COD,Delivered,Express
O008406,C03026,2025-03-09,UPI,Delivered,Standard
O008407,C04635,2024-02-04,Credit Card,Delivered,Standard
O008408,C00192,2024-01-08,UPI,Delivered,Same Day
O008409,C00871,2024-11-24,UPI,Delivered,Express
O008410,C03253,2024-01-12,Net Banking,Delivered,Standard
O008411,C00255,2025-05-30,Debit Card,Delivered,Standard
O008412,C03139,2024-05-06,Net Banking,Delivered,Standard
O008413,C01557,2024-12-19,Debit Card,Delivered,Express
O008414,C03968,2025-04-15,Credit Card,Returned,Same Day
O008415,C04978,2025-03-24,Credit Card,Delivered,Express
O008416,C03427,2024-02-25,Net Banking,Delivered,Standard
O008417,C07422,2025-01-21,Debit Card,Delivered,Standard
O008418,C00223,2024-12-18,Net Banking,Delivered,Express
O008419,C00441,2024-03-22,Credit Card,Delivered,Standard
O008420,C01728,2025-10-13,Wallet,Delivered,Standard
O008421,C01733,2025-08-16,UPI,Delivered,Express
O008422,C00154,2025-02-21,Wallet,Delivered,Standard
O008423,C07759,2025-03-30,UPI,Cancelled,Standard
O008424,C04656,2025-12-14,UPI,Returned,Standard
O008425,C03964,2025-08-23,COD,Delivered,Express
O008426,C04918,2024-05-12,Net Banking,Delivered,Standard
O008427,C06489,2025-09-21,Credit Card,Delivered,Standard
O008428,C05930,2025-09-26,UPI,Delivered,Express
O008429,C02142,2025-10-01,Net Banking,Delivered,Standard
O008430,C00913,2025-03-17,UPI,Delivered,Express
O008431,C02257,2025-08-09,Credit Card,Delivered,Standard
O008432,C06861,2025-07-29,Debit Card,Delivered,Standard
O008433,C06125,2024-01-16,UPI,Delivered,Standard
O008434,C00275,2024-09-09,UPI,Delivered,Express
O008435,C02204,2025-09-13,Debit Card,Delivered,Standard
O008436,C05148,2025-06-26,UPI,Returned,Express
O008437,C03960,2025-12-18,Debit Card,Delivered,Standard
O008438,C00058,2024-10-25,Credit Card,Delivered,Standard
O008439,C06416,2025-04-09,UPI,Delivered,Express
O008440,C01439,2025-07-17,COD,Delivered,Standard
O008441,C05390,2024-02-16,UPI,Delivered,Standard
O008442,C05699,2024-09-11,Net Banking,Delivered,Standard
O008443,C06691,2024-12-05,Debit Card,Delivered,Express
O008444,C01629,2024-10-12,UPI,Delivered,Express
O008445,C01947,2024-11-02,Credit Card,Delivered,Standard
O008446,C03422,2024-07-31,Wallet,Delivered,Standard
O008447,C07650,2024-03-02,COD,Delivered,Standard
O008448,C02317,2025-05-06,UPI,Delivered,Standard
O008449,C01466,2025-06-27,COD,Delivered,Standard
O008450,C01393,2024-09-16,COD,Delivered,Standard
O008451,C04889,2025-02-23,COD,Delivered,Standard
O008452,C04596,2024-05-15,UPI,Delivered,Standard
O008453,C06255,2024-01-05,UPI,Delivered,Express
O008454,C01341,2025-12-22,COD,Delivered,Standard
O008455,C04816,2025-05-15,COD,Delivered,Standard
O008456,C05323,2024-10-13,UPI,Delivered,Standard
O008457,C01676,2025-05-10,COD,Delivered,Standard
O008458,C00490,2025-12-01,Net Banking,Returned,Express
O008459,C01172,2025-05-10,Debit Card,Delivered,Express
O008460,C04026,2025-01-13,UPI,Delivered,Standard
O008461,C04309,2025-01-04,UPI,Delivered,Standard
O008462,C01668,2024-05-04,Debit Card,Delivered,Express
O008463,C04999,2025-09-16,Debit Card,Delivered,Standard
O008464,C02730,2024-04-25,Credit Card,Delivered,Standard
O008465,C07112,2024-06-29,Credit Card,Cancelled,Standard
O008466,C03517,2025-01-29,Debit Card,Delivered,Standard
O008467,C00291,2024-01-25,Wallet,Delivered,Standard
O008468,C07979,2024-08-23,UPI,Delivered,Express
O008469,C04044,2024-01-12,Credit Card,Delivered,Standard
O008470,C03276,2024-07-05,Net Banking,Delivered,Same Day
O008471,C02980,2024-11-05,Credit Card,Delivered,Standard
O008472,C04501,2025-08-23,COD,Delivered,Express
O008473,C03514,2024-02-03,UPI,Delivered,Standard
O008474,C02402,2024-12-10,Credit Card,Delivered,Express
O008475,C02637,2025-03-11,Debit Card,Delivered,Standard
O008476,C03586,2024-08-05,UPI,Delivered,Express
O008477,C03692,2024-12-03,UPI,Delivered,Standard
O008478,C03959,2024-10-04,UPI,Delivered,Standard
O008479,C03225,2024-07-22,UPI,Delivered,Express
O008480,C06233,2024-04-25,Credit Card,Delivered,Standard
O008481,C07183,2025-04-10,COD,Delivered,Express
O008482,C01794,2025-05-06,COD,Delivered,Same Day
O008483,C00263,2024-12-07,Debit Card,Delivered,Standard
O008484,C04674,2025-02-26,Debit Card,Delivered,Express
O008485,C01541,2024-05-30,UPI,Delivered,Standard
O008486,C02002,2024-09-23,UPI,Delivered,Standard
O008487,C05557,2024-11-03,Credit Card,Delivered,Standard
O008488,C03817,2024-08-14,Credit Card,Delivered,Standard
O008489,C06374,2025-04-29,Credit Card,Delivered,Express
O008490,C06979,2024-12-19,Debit Card,Delivered,Standard
O008491,C02076,2025-09-29,COD,Delivered,Standard
O008492,C05466,2024-03-26,UPI,Delivered,Standard
O008493,C02488,2024-12-11,Credit Card,Delivered,Standard
O008494,C04532,2024-11-30,UPI,Delivered,Standard
O008495,C02656,2024-02-28,UPI,Cancelled,Standard
O008496,C03744,2025-04-14,Credit Card,Delivered,Express
O008497,C02899,2024-01-22,Wallet,Delivered,Standard
O008498,C07137,2025-01-07,UPI,Delivered,Standard
O008499,C01637,2024-06-12,Wallet,Delivered,Standard
O008500,C00014,2024-03-12,UPI,Delivered,Express
O008501,C05141,2025-01-05,Credit Card,Delivered,Express
O008502,C02560,2024-09-28,Net Banking,Delivered,Express
O008503,C04565,2024-08-23,Debit Card,Delivered,Express
O008504,C03459,2025-08-24,COD,Delivered,Express
O008505,C05226,2025-06-26,UPI,Cancelled,Standard
O008506,C01408,2025-05-26,Credit Card,Delivered,Standard
O008507,C03345,2024-03-28,Credit Card,Delivered,Standard
O008508,C05286,2024-08-01,Credit Card,Delivered,Standard
O008509,C07297,2024-07-12,Credit Card,Returned,Express
O008510,C04909,2025-11-16,Net Banking,Delivered,Standard
O008511,C07902,2024-12-13,UPI,Delivered,Standard
O008512,C03470,2024-09-03,Credit Card,Cancelled,Standard
O008513,C03340,2024-10-13,Credit Card,Delivered,Standard
O008514,C07276,2024-02-06,UPI,Delivered,Standard
O008515,C02551,2025-09-28,UPI,Delivered,Standard
O008516,C07045,2025-11-13,Wallet,Delivered,Same Day
O008517,C07542,2025-09-09,Wallet,Delivered,Standard
O008518,C06422,2025-01-12,Credit Card,Delivered,Standard
O008519,C04245,2025-03-05,UPI,Delivered,Standard
O008520,C02978,2025-03-16,UPI,Delivered,Standard
O008521,C01222,2024-03-09,UPI,Delivered,Standard
O008522,C01858,2024-07-25,Credit Card,Delivered,Standard
O008523,C01169,2024-08-11,Wallet,Delivered,Standard
O008524,C01794,2025-12-03,Credit Card,Delivered,Standard
O008525,C04725,2025-07-03,Credit Card,Delivered,Standard
O008526,C00514,2025-04-21,Debit Card,Delivered,Standard
O008527,C03846,2024-01-28,Debit Card,Delivered,Standard
O008528,C00200,2024-02-05,UPI,Delivered,Standard
O008529,C06158,2024-09-05,Debit Card,Cancelled,Standard
O008530,C03647,2024-08-30,Debit Card,Delivered,Express
O008531,C03871,2024-12-16,Debit Card,Delivered,Standard
O008532,C07244,2024-01-14,Debit Card,Delivered,Express
O008533,C04167,2025-02-07,Net Banking,Delivered,Standard
O008534,C06359,2025-10-21,UPI,Delivered,Standard
O008535,C03114,2025-04-13,UPI,Cancelled,Express
O008536,C07912,2024-08-11,UPI,Delivered,Standard
O008537,C05780,2025-09-19,Net Banking,Delivered,Standard
O008538,C02046,2025-12-31,UPI,Delivered,Standard
O008539,C06713,2025-05-31,Credit Card,Delivered,Standard
O008540,C07233,2024-08-28,UPI,Delivered,Express
O008541,C03790,2025-07-12,UPI,Delivered,Express
O008542,C01722,2025-07-29,Credit Card,Delivered,Standard
O008543,C05314,2024-05-31,Wallet,Delivered,Standard
O008544,C07543,2025-07-31,Wallet,Cancelled,Express
O008545,C06102,2025-08-02,UPI,Delivered,Standard
O008546,C07056,2025-04-09,Debit Card,Delivered,Express
O008547,C07745,2025-04-30,UPI,Delivered,Standard
O008548,C02930,2025-04-01,Net Banking,Returned,Express
O008549,C01298,2025-04-12,Credit Card,Delivered,Standard
O008550,C03490,2025-10-23,Credit Card,Delivered,Standard
O008551,C03217,2025-02-22,Debit Card,Delivered,Standard
O008552,C05844,2025-03-30,UPI,Returned,Express
O008553,C06430,2025-09-01,Credit Card,Delivered,Standard
O008554,C06110,2025-10-15,Net Banking,Delivered,Same Day
O008555,C05548,2025-11-15,Credit Card,Delivered,Standard
O008556,C07938,2024-08-20,Net Banking,Delivered,Standard
O008557,C04855,2025-03-23,UPI,Delivered,Standard
O008558,C04415,2025-01-13,COD,Delivered,Express
O008559,C05013,2024-12-22,Credit Card,Delivered,Same Day
O008560,C03312,2025-06-27,UPI,Delivered,Standard
O008561,C00372,2025-10-26,COD,Delivered,Standard
O008562,C06462,2024-11-04,Debit Card,Delivered,Standard
O008563,C02320,2024-07-27,UPI,Delivered,Standard
O008564,C05010,2024-04-27,UPI,Delivered,Standard
O008565,C02317,2025-03-23,Wallet,Delivered,Express
O008566,C02875,2024-05-08,Debit Card,Delivered,Express
O008567,C05356,2025-01-16,UPI,Cancelled,Standard
O008568,C06947,2025-12-04,Debit Card,Delivered,Standard
O008569,C05094,2024-08-24,Wallet,Delivered,Express
O008570,C05806,2025-02-20,Net Banking,Cancelled,Standard
O008571,C05725,2024-10-26,Wallet,Delivered,Express
O008572,C05375,2025-07-31,Credit Card,Delivered,Express
O008573,C01410,2024-07-18,Credit Card,Delivered,Standard
O008574,C00578,2025-12-10,Debit Card,Delivered,Standard
O008575,C02818,2025-09-09,Credit Card,Delivered,Standard
O008576,C07495,2024-07-10,Credit Card,Delivered,Express
O008577,C07902,2024-11-14,Credit Card,Delivered,Standard
O008578,C05902,2025-12-12,Debit Card,Delivered,Standard
O008579,C05076,2024-04-24,Debit Card,Delivered,Standard
O008580,C00596,2024-12-06,Credit Card,Delivered,Standard
O008581,C02447,2024-07-17,UPI,Delivered,Express
O008582,C01732,2025-07-28,Credit Card,Delivered,Express
O008583,C01164,2024-12-22,COD,Delivered,Standard
O008584,C01625,2024-05-10,Credit Card,Delivered,Standard
O008585,C06707,2025-10-15,Debit Card,Delivered,Standard
O008586,C01328,2025-11-15,Credit Card,Delivered,Express
O008587,C02679,2025-11-12,UPI,Delivered,Standard
O008588,C04537,2025-12-27,COD,Delivered,Same Day
O008589,C06401,2025-12-16,Wallet,Delivered,Same Day
O008590,C03203,2024-10-20,Debit Card,Delivered,Standard
O008591,C05448,2024-02-18,UPI,Delivered,Standard
O008592,C03236,2024-05-24,Debit Card,Delivered,Express
O008593,C01238,2025-05-24,Credit Card,Delivered,Standard
O008594,C06161,2025-04-03,UPI,Delivered,Express
O008595,C00092,2025-06-27,Credit Card,Delivered,Express
O008596,C01246,2025-11-29,COD,Delivered,Standard
O008597,C02009,2024-01-27,Net Banking,Delivered,Standard
O008598,C02781,2024-09-28,Net Banking,Delivered,Express
O008599,C01626,2025-08-05,Credit Card,Delivered,Standard
O008600,C06232,2025-09-28,Wallet,Delivered,Standard
O008601,C01341,2025-09-25,UPI,Delivered,Standard
O008602,C01700,2024-11-21,Credit Card,Delivered,Standard
O008603,C06227,2024-09-10,Wallet,Delivered,Standard
O008604,C05446,2025-07-24,Debit Card,Delivered,Express
O008605,C03431,2025-06-04,Net Banking,Delivered,Standard
O008606,C07292,2024-03-10,UPI,Cancelled,Express
O008607,C05159,2024-12-20,UPI,Delivered,Standard
O008608,C03747,2025-05-03,COD,Delivered,Express
O008609,C01585,2024-05-25,Net Banking,Delivered,Standard
O008610,C05255,2025-04-11,UPI,Cancelled,Standard
O008611,C00518,2025-02-04,Debit Card,Cancelled,Standard
O008612,C03417,2024-04-12,UPI,Delivered,Standard
O008613,C04773,2025-01-23,Credit Card,Cancelled,Standard
O008614,C03057,2024-01-22,COD,Delivered,Standard
O008615,C00721,2025-12-05,Credit Card,Delivered,Express
O008616,C02950,2024-01-08,Debit Card,Cancelled,Standard
O008617,C02021,2025-11-14,COD,Delivered,Express
O008618,C05841,2025-04-05,Credit Card,Delivered,Same Day
O008619,C00026,2025-04-14,UPI,Delivered,Standard
O008620,C01343,2024-06-03,COD,Delivered,Standard
O008621,C01868,2025-09-12,Credit Card,Delivered,Standard
O008622,C00413,2024-06-08,Credit Card,Delivered,Express
O008623,C07311,2025-01-28,Debit Card,Delivered,Express
O008624,C01558,2025-01-05,UPI,Delivered,Standard
O008625,C04244,2025-04-04,UPI,Delivered,Standard
O008626,C06524,2025-07-28,Credit Card,Delivered,Standard
O008627,C05461,2024-01-22,UPI,Delivered,Same Day
O008628,C06433,2024-07-15,Debit Card,Returned,Standard
O008629,C02492,2024-06-15,Debit Card,Delivered,Express
O008630,C05514,2025-11-28,UPI,Delivered,Express
O008631,C05242,2024-11-10,Debit Card,Delivered,Standard
O008632,C05839,2025-10-17,Net Banking,Delivered,Standard
O008633,C07940,2024-12-12,UPI,Delivered,Same Day
O008634,C04929,2025-03-19,Credit Card,Delivered,Express
O008635,C07691,2025-12-10,Credit Card,Delivered,Standard
O008636,C06391,2024-04-16,Net Banking,Delivered,Standard
O008637,C02470,2025-06-10,Credit Card,Delivered,Standard
O008638,C05540,2024-08-03,UPI,Delivered,Express
O008639,C03709,2024-03-29,COD,Delivered,Standard
O008640,C06092,2025-06-21,Debit Card,Delivered,Standard
O008641,C07075,2024-07-12,UPI,Delivered,Standard
O008642,C02236,2024-05-04,UPI,Delivered,Standard
O008643,C00350,2025-05-26,Debit Card,Delivered,Standard
O008644,C04720,2025-05-03,UPI,Delivered,Express
O008645,C01817,2024-06-14,Debit Card,Delivered,Standard
O008646,C04248,2025-09-24,Credit Card,Delivered,Same Day
O008647,C04962,2025-09-23,UPI,Delivered,Standard
O008648,C01170,2025-08-28,Credit Card,Delivered,Standard
O008649,C02327,2025-01-16,COD,Cancelled,Standard
O008650,C03501,2025-04-07,UPI,Delivered,Standard
O008651,C05292,2024-04-09,Credit Card,Delivered,Standard
O008652,C06044,2025-09-05,Credit Card,Delivered,Express
O008653,C04774,2024-08-18,UPI,Returned,Standard
O008654,C05526,2025-03-07,Credit Card,Delivered,Standard
O008655,C05286,2025-02-26,Credit Card,Delivered,Express
O008656,C02674,2024-01-02,Credit Card,Delivered,Same Day
O008657,C01566,2025-06-30,Credit Card,Delivered,Standard
O008658,C07066,2024-12-26,COD,Delivered,Standard
O008659,C06208,2024-03-25,Wallet,Delivered,Standard
O008660,C02472,2024-11-13,Credit Card,Delivered,Express
O008661,C04355,2024-03-01,Credit Card,Delivered,Standard
O008662,C03469,2024-05-01,Debit Card,Delivered,Express
O008663,C04363,2024-08-26,Debit Card,Delivered,Standard
O008664,C03349,2025-04-30,Wallet,Delivered,Standard
O008665,C05322,2024-11-27,Net Banking,Delivered,Standard
O008666,C03704,2025-05-02,Debit Card,Delivered,Express
O008667,C07324,2024-01-21,Credit Card,Delivered,Express
O008668,C01239,2025-09-03,Debit Card,Delivered,Express
O008669,C04321,2024-12-12,COD,Delivered,Same Day
O008670,C00601,2025-12-15,Wallet,Delivered,Same Day
O008671,C06550,2024-01-25,UPI,Delivered,Standard
O008672,C05003,2024-03-29,Debit Card,Delivered,Standard
O008673,C06026,2025-12-21,Wallet,Delivered,Express
O008674,C07273,2025-01-18,Credit Card,Cancelled,Standard
O008675,C04803,2024-12-07,Debit Card,Delivered,Standard
O008676,C05849,2024-03-14,Credit Card,Delivered,Same Day
O008677,C01360,2024-07-14,Net Banking,Delivered,Standard
O008678,C06424,2024-03-30,Wallet,Cancelled,Express
O008679,C01801,2025-11-05,Net Banking,Delivered,Standard
O008680,C01070,2025-09-07,UPI,Delivered,Standard
O008681,C03537,2025-01-23,UPI,Delivered,Express
O008682,C07765,2024-05-30,Debit Card,Delivered,Standard
O008683,C00002,2025-05-12,COD,Cancelled,Same Day
O008684,C06894,2025-11-01,COD,Delivered,Standard
O008685,C04897,2024-03-03,Credit Card,Delivered,Standard
O008686,C01719,2024-11-20,Net Banking,Delivered,Standard
O008687,C05111,2025-09-27,UPI,Cancelled,Express
O008688,C02183,2025-04-15,UPI,Delivered,Standard
O008689,C06695,2024-06-30,Net Banking,Cancelled,Standard
O008690,C01957,2024-05-11,UPI,Delivered,Express
O008691,C05384,2025-03-12,Wallet,Delivered,Standard
O008692,C04912,2025-09-02,UPI,Delivered,Standard
O008693,C06217,2024-11-20,Wallet,Delivered,Standard
O008694,C06969,2025-05-31,Debit Card,Delivered,Standard
O008695,C07187,2025-09-05,UPI,Delivered,Standard
O008696,C01054,2025-03-07,Debit Card,Delivered,Standard
O008697,C02977,2024-12-20,COD,Delivered,Same Day
O008698,C04920,2025-07-05,UPI,Delivered,Standard
O008699,C05776,2024-12-12,Debit Card,Delivered,Standard
O008700,C01528,2024-10-03,COD,Delivered,Standard
O008701,C00981,2024-05-02,UPI,Delivered,Standard
O008702,C02705,2024-02-29,Debit Card,Delivered,Standard
O008703,C00548,2025-03-07,Credit Card,Delivered,Express
O008704,C01465,2024-07-29,Debit Card,Cancelled,Standard
O008705,C02154,2024-06-21,Debit Card,Returned,Standard
O008706,C03303,2025-08-18,UPI,Delivered,Standard
O008707,C05093,2025-09-27,UPI,Delivered,Express
O008708,C06431,2024-11-22,Debit Card,Delivered,Standard
O008709,C07710,2024-06-15,Credit Card,Delivered,Standard
O008710,C02169,2025-04-29,UPI,Cancelled,Express
O008711,C05039,2024-08-28,Net Banking,Delivered,Standard
O008712,C04219,2025-01-20,UPI,Delivered,Standard
O008713,C00076,2025-07-10,Credit Card,Delivered,Same Day
O008714,C06810,2025-11-14,Credit Card,Delivered,Express
O008715,C01675,2024-09-09,Net Banking,Delivered,Standard
O008716,C01631,2025-08-04,Wallet,Delivered,Express
O008717,C04152,2024-09-06,Credit Card,Delivered,Standard
O008718,C00362,2025-04-02,Net Banking,Delivered,Express
O008719,C02411,2024-02-20,UPI,Delivered,Standard
O008720,C01333,2024-10-08,Net Banking,Delivered,Express
O008721,C05973,2024-09-11,Credit Card,Delivered,Express
O008722,C03674,2025-02-04,Net Banking,Delivered,Express
O008723,C07739,2024-01-05,UPI,Delivered,Standard
O008724,C06249,2024-03-15,UPI,Delivered,Standard
O008725,C06319,2025-06-15,UPI,Delivered,Standard
O008726,C03562,2024-12-24,COD,Delivered,Standard
O008727,C03908,2024-08-07,Debit Card,Delivered,Standard
O008728,C07218,2024-10-10,Credit Card,Delivered,Standard
O008729,C06819,2025-03-30,UPI,Delivered,Standard
O008730,C00544,2025-04-09,Debit Card,Delivered,Standard
O008731,C00998,2025-02-24,UPI,Delivered,Express
O008732,C01982,2024-03-17,Credit Card,Delivered,Express
O008733,C01110,2024-02-25,UPI,Returned,Standard
O008734,C07985,2024-08-18,Debit Card,Delivered,Standard
O008735,C06572,2024-06-01,UPI,Delivered,Standard
O008736,C04217,2024-02-25,Debit Card,Delivered,Standard
O008737,C05084,2024-05-25,UPI,Delivered,Express
O008738,C07323,2024-04-16,COD,Delivered,Standard
O008739,C06615,2025-06-15,Wallet,Returned,Express
O008740,C05527,2024-04-10,UPI,Delivered,Standard
O008741,C04566,2024-03-21,COD,Delivered,Standard
O008742,C01146,2025-09-29,Net Banking,Delivered,Same Day
O008743,C00251,2024-10-02,UPI,Delivered,Standard
O008744,C03147,2025-02-18,Credit Card,Delivered,Express
O008745,C05094,2024-05-30,Credit Card,Delivered,Standard
O008746,C03988,2024-11-08,Credit Card,Delivered,Express
O008747,C05518,2024-06-28,UPI,Delivered,Standard
O008748,C01211,2024-03-11,Wallet,Delivered,Standard
O008749,C05459,2024-02-03,UPI,Delivered,Standard
O008750,C06761,2025-01-08,UPI,Delivered,Standard
O008751,C06848,2025-01-07,Debit Card,Delivered,Express
O008752,C04426,2024-01-06,Wallet,Delivered,Standard
O008753,C01166,2024-05-19,Net Banking,Delivered,Same Day
O008754,C05409,2024-11-29,Debit Card,Delivered,Standard
O008755,C04108,2024-02-18,Credit Card,Delivered,Standard
O008756,C06975,2024-10-24,Wallet,Delivered,Standard
O008757,C03862,2025-04-04,UPI,Delivered,Standard
O008758,C06401,2025-08-13,Wallet,Delivered,Standard
O008759,C00088,2025-12-21,UPI,Delivered,Standard
O008760,C02210,2024-05-01,COD,Delivered,Standard
O008761,C01393,2024-02-08,Wallet,Delivered,Express
O008762,C06534,2025-04-07,UPI,Cancelled,Express
O008763,C01206,2024-05-01,Debit Card,Delivered,Express
O008764,C01759,2024-10-12,UPI,Delivered,Standard
O008765,C07609,2024-06-24,UPI,Delivered,Standard
O008766,C00048,2025-11-21,Debit Card,Delivered,Standard
O008767,C04636,2024-01-04,Net Banking,Delivered,Express
O008768,C07497,2025-07-17,Credit Card,Delivered,Standard
O008769,C03575,2024-02-29,UPI,Delivered,Express
O008770,C04166,2024-03-19,UPI,Delivered,Express
O008771,C01560,2024-07-20,Net Banking,Delivered,Standard
O008772,C07516,2025-01-15,Credit Card,Delivered,Same Day
O008773,C01176,2025-03-30,UPI,Delivered,Standard
O008774,C06447,2024-08-27,UPI,Delivered,Standard
O008775,C06180,2024-08-05,Credit Card,Delivered,Standard
O008776,C02836,2024-07-01,Credit Card,Delivered,Standard
O008777,C04581,2024-04-15,UPI,Delivered,Standard
O008778,C02402,2024-06-15,COD,Delivered,Standard
O008779,C05308,2025-08-26,Net Banking,Delivered,Standard
O008780,C05133,2024-02-15,UPI,Delivered,Express
O008781,C07498,2025-08-06,UPI,Delivered,Standard
O008782,C07517,2024-01-30,UPI,Delivered,Standard
O008783,C04814,2025-05-07,Debit Card,Delivered,Express
O008784,C04415,2024-06-22,UPI,Delivered,Same Day
O008785,C04026,2025-03-20,Debit Card,Delivered,Standard
O008786,C01603,2025-06-27,UPI,Delivered,Standard
O008787,C07038,2024-10-05,UPI,Delivered,Express
O008788,C06389,2025-06-24,UPI,Delivered,Standard
O008789,C07178,2025-01-15,UPI,Delivered,Standard
O008790,C02032,2025-03-17,Net Banking,Cancelled,Same Day
O008791,C04591,2025-01-30,UPI,Delivered,Standard
O008792,C03968,2024-04-10,Debit Card,Returned,Standard
O008793,C03789,2024-06-25,COD,Delivered,Standard
O008794,C06341,2025-02-16,UPI,Delivered,Same Day
O008795,C05008,2025-06-17,Credit Card,Delivered,Standard
O008796,C04609,2025-12-29,Debit Card,Delivered,Standard
O008797,C02977,2025-01-03,UPI,Delivered,Standard
O008798,C05076,2024-06-14,UPI,Delivered,Standard
O008799,C01902,2025-10-21,Debit Card,Delivered,Standard
O008800,C06643,2025-07-12,Credit Card,Delivered,Standard
O008801,C01417,2025-08-02,Debit Card,Delivered,Standard
O008802,C03268,2024-09-09,Debit Card,Delivered,Express
O008803,C04728,2025-03-30,UPI,Delivered,Same Day
O008804,C04299,2024-05-19,UPI,Delivered,Standard
O008805,C02539,2025-10-22,UPI,Delivered,Standard
O008806,C06091,2024-01-17,UPI,Cancelled,Standard
O008807,C04602,2024-02-23,Wallet,Delivered,Standard
O008808,C01465,2025-06-29,Net Banking,Delivered,Standard
O008809,C02381,2024-06-10,Net Banking,Delivered,Standard
O008810,C01866,2024-05-19,Debit Card,Delivered,Standard
O008811,C04861,2025-06-06,COD,Delivered,Standard
O008812,C01946,2024-02-14,Credit Card,Delivered,Express
O008813,C00951,2024-03-05,UPI,Delivered,Express
O008814,C03723,2024-08-12,COD,Delivered,Standard
O008815,C00475,2024-10-22,UPI,Delivered,Same Day
O008816,C04226,2025-01-11,Debit Card,Delivered,Express
O008817,C00437,2024-05-20,UPI,Delivered,Standard
O008818,C04983,2024-01-09,Net Banking,Returned,Standard
O008819,C03824,2024-12-02,Credit Card,Delivered,Express
O008820,C06741,2025-04-07,UPI,Delivered,Standard
O008821,C03649,2024-11-14,Debit Card,Delivered,Standard
O008822,C04020,2025-12-21,Net Banking,Delivered,Standard
O008823,C07506,2025-02-06,UPI,Delivered,Standard
O008824,C04778,2025-05-06,Credit Card,Delivered,Express
O008825,C06685,2024-08-07,UPI,Delivered,Standard
O008826,C04698,2024-02-22,Wallet,Delivered,Standard
O008827,C06871,2024-02-18,Credit Card,Delivered,Standard
O008828,C01141,2024-02-08,UPI,Delivered,Standard
O008829,C04646,2024-11-10,Net Banking,Delivered,Same Day
O008830,C04932,2024-06-17,UPI,Delivered,Same Day
O008831,C04388,2025-07-19,Wallet,Returned,Standard
O008832,C07182,2025-01-17,Wallet,Delivered,Express
O008833,C02509,2025-02-12,UPI,Delivered,Standard
O008834,C07331,2024-05-31,Credit Card,Delivered,Express
O008835,C06307,2025-08-20,UPI,Delivered,Standard
O008836,C04596,2024-10-22,UPI,Delivered,Standard
O008837,C07839,2024-05-08,Credit Card,Delivered,Standard
O008838,C01354,2025-02-13,COD,Delivered,Express
O008839,C06269,2024-07-20,Debit Card,Delivered,Standard
O008840,C04336,2024-01-17,Credit Card,Delivered,Standard
O008841,C06287,2025-02-06,UPI,Delivered,Express
O008842,C04108,2025-08-25,Wallet,Delivered,Standard
O008843,C00986,2024-09-05,COD,Returned,Standard
O008844,C01296,2024-08-17,UPI,Delivered,Standard
O008845,C00621,2024-11-21,Wallet,Delivered,Standard
O008846,C02335,2024-07-04,UPI,Delivered,Standard
O008847,C03739,2024-03-27,Net Banking,Delivered,Standard
O008848,C00986,2025-07-11,COD,Cancelled,Standard
O008849,C03833,2025-10-31,Debit Card,Delivered,Same Day
O008850,C03267,2025-06-16,Credit Card,Delivered,Standard
O008851,C01930,2024-02-26,Debit Card,Delivered,Standard
O008852,C02058,2024-06-17,Net Banking,Delivered,Standard
O008853,C07134,2025-08-14,Debit Card,Delivered,Standard
O008854,C07663,2024-01-20,Debit Card,Delivered,Standard
O008855,C02663,2024-06-20,UPI,Delivered,Standard
O008856,C05728,2025-07-13,UPI,Delivered,Same Day
O008857,C03801,2025-02-14,Net Banking,Delivered,Same Day
O008858,C04934,2024-01-21,UPI,Delivered,Standard
O008859,C06821,2025-01-14,Credit Card,Delivered,Standard
O008860,C06371,2024-02-23,Credit Card,Delivered,Standard
O008861,C04308,2024-06-25,Credit Card,Delivered,Standard
O008862,C05275,2025-09-10,UPI,Delivered,Express
O008863,C02435,2024-05-23,UPI,Delivered,Standard
O008864,C07485,2024-08-06,Credit Card,Delivered,Standard
O008865,C01858,2025-10-25,UPI,Delivered,Standard
O008866,C01363,2024-05-15,UPI,Delivered,Same Day
O008867,C00830,2024-05-30,Wallet,Delivered,Standard
O008868,C06136,2025-05-01,Credit Card,Delivered,Express
O008869,C02346,2024-11-19,Debit Card,Delivered,Standard
O008870,C07044,2024-09-21,UPI,Delivered,Standard
O008871,C03307,2025-01-23,Debit Card,Delivered,Standard
O008872,C02118,2024-04-25,Credit Card,Delivered,Express
O008873,C01558,2025-05-03,Credit Card,Delivered,Standard
O008874,C05620,2024-01-16,Debit Card,Delivered,Standard
O008875,C07574,2025-05-02,Credit Card,Delivered,Standard
O008876,C06428,2025-01-24,Net Banking,Delivered,Standard
O008877,C06899,2025-11-10,COD,Delivered,Standard
O008878,C07997,2025-02-17,UPI,Delivered,Same Day
O008879,C03881,2024-04-12,UPI,Delivered,Standard
O008880,C03748,2024-12-01,Credit Card,Delivered,Standard
O008881,C00765,2025-04-27,Net Banking,Cancelled,Standard
O008882,C02301,2025-02-14,COD,Delivered,Express
O008883,C05066,2024-02-14,COD,Delivered,Express
O008884,C00656,2025-07-02,UPI,Delivered,Express
O008885,C05822,2025-01-06,UPI,Delivered,Standard
O008886,C03162,2024-09-19,Credit Card,Delivered,Standard
O008887,C00475,2025-10-11,Net Banking,Delivered,Standard
O008888,C00373,2025-04-12,UPI,Delivered,Standard
O008889,C07161,2024-01-10,Debit Card,Delivered,Standard
O008890,C07260,2024-02-25,Net Banking,Delivered,Standard
O008891,C01638,2024-09-24,Debit Card,Delivered,Standard
O008892,C00920,2025-02-02,Credit Card,Delivered,Standard
O008893,C04922,2024-11-11,UPI,Delivered,Express
O008894,C05664,2024-08-06,UPI,Returned,Standard
O008895,C01783,2024-08-08,UPI,Delivered,Express
O008896,C07841,2024-01-04,Credit Card,Delivered,Standard
O008897,C06328,2024-12-26,Credit Card,Delivered,Express
O008898,C07821,2025-05-16,Credit Card,Delivered,Same Day
O008899,C06351,2025-05-20,Debit Card,Delivered,Standard
O008900,C02590,2024-07-14,COD,Returned,Standard
O008901,C02374,2024-06-09,COD,Delivered,Standard
O008902,C05316,2025-04-26,Credit Card,Delivered,Standard
O008903,C02560,2025-03-08,Debit Card,Delivered,Standard
O008904,C07471,2025-10-04,Net Banking,Delivered,Standard
O008905,C07273,2025-07-17,UPI,Delivered,Standard
O008906,C01008,2024-12-11,Debit Card,Delivered,Express
O008907,C02256,2024-09-26,Debit Card,Delivered,Standard
O008908,C05217,2025-07-15,Credit Card,Delivered,Standard
O008909,C03110,2025-06-28,Credit Card,Delivered,Standard
O008910,C06958,2025-03-21,Credit Card,Delivered,Express
O008911,C03554,2024-01-04,Debit Card,Delivered,Same Day
O008912,C06948,2025-08-27,UPI,Delivered,Standard
O008913,C05474,2024-08-22,Debit Card,Delivered,Express
O008914,C00314,2024-08-17,Wallet,Delivered,Express
O008915,C06293,2024-09-08,Debit Card,Delivered,Express
O008916,C03984,2025-10-19,Wallet,Delivered,Standard
O008917,C04816,2024-05-04,Debit Card,Delivered,Express
O008918,C05000,2024-02-02,Wallet,Delivered,Standard
O008919,C02787,2024-10-22,UPI,Delivered,Standard
O008920,C01400,2025-03-25,UPI,Delivered,Standard
O008921,C06227,2025-01-07,Net Banking,Delivered,Express
O008922,C02188,2024-09-11,Credit Card,Delivered,Standard
O008923,C05702,2024-02-06,Credit Card,Delivered,Express
O008924,C03592,2024-01-25,COD,Delivered,Standard
O008925,C01239,2024-04-11,Credit Card,Delivered,Standard
O008926,C06943,2024-10-10,Credit Card,Delivered,Express
O008927,C06444,2025-02-23,COD,Delivered,Standard
O008928,C04118,2024-06-07,UPI,Delivered,Standard
O008929,C06413,2024-12-10,Credit Card,Delivered,Express
O008930,C05384,2025-03-06,UPI,Delivered,Express
O008931,C06455,2024-02-22,UPI,Delivered,Standard
O008932,C05737,2025-11-30,UPI,Delivered,Express
O008933,C00853,2024-01-02,Credit Card,Delivered,Express
O008934,C06736,2024-12-19,Credit Card,Delivered,Standard
O008935,C04897,2024-01-12,COD,Delivered,Express
O008936,C06655,2025-05-31,UPI,Delivered,Express
O008937,C02234,2024-12-29,Credit Card,Delivered,Standard
O008938,C01293,2024-12-05,Wallet,Delivered,Standard
O008939,C05080,2025-07-23,Debit Card,Returned,Standard
O008940,C00381,2025-06-06,Debit Card,Delivered,Express
O008941,C02599,2025-03-14,UPI,Delivered,Same Day
O008942,C05402,2024-08-24,Credit Card,Delivered,Standard
O008943,C06037,2024-11-21,Net Banking,Delivered,Standard
O008944,C05681,2025-06-13,UPI,Delivered,Express
O008945,C04986,2024-04-17,Credit Card,Delivered,Standard
O008946,C05881,2024-02-02,COD,Delivered,Standard
O008947,C02225,2024-04-24,Debit Card,Delivered,Standard
O008948,C02351,2025-03-05,Credit Card,Cancelled,Standard
O008949,C05233,2024-04-22,UPI,Delivered,Standard
O008950,C05079,2025-02-05,UPI,Delivered,Standard
O008951,C04581,2025-10-12,Credit Card,Delivered,Standard
O008952,C04413,2024-11-17,Net Banking,Delivered,Standard
O008953,C07742,2025-03-28,Credit Card,Delivered,Standard
O008954,C00004,2025-06-26,UPI,Delivered,Standard
O008955,C05197,2024-05-24,COD,Delivered,Standard
O008956,C00010,2024-12-08,UPI,Delivered,Standard
O008957,C00971,2024-11-29,UPI,Returned,Express
O008958,C01803,2025-09-15,Net Banking,Delivered,Express
O008959,C05719,2025-08-28,Credit Card,Delivered,Express
O008960,C05080,2024-01-05,Credit Card,Delivered,Standard
O008961,C02993,2024-01-31,UPI,Delivered,Standard
O008962,C04489,2025-10-12,COD,Delivered,Standard
O008963,C01812,2025-01-08,Debit Card,Delivered,Same Day
O008964,C02978,2025-06-23,Net Banking,Delivered,Express
O008965,C01023,2025-07-05,Wallet,Delivered,Same Day
O008966,C01416,2024-07-06,UPI,Returned,Express
O008967,C01086,2025-08-22,UPI,Delivered,Standard
O008968,C05834,2024-06-01,UPI,Delivered,Standard
O008969,C00035,2024-11-26,UPI,Delivered,Standard
O008970,C02720,2024-11-27,COD,Returned,Standard
O008971,C01108,2025-01-01,UPI,Delivered,Standard
O008972,C03769,2024-05-23,UPI,Delivered,Standard
O008973,C04998,2024-02-21,Credit Card,Delivered,Standard
O008974,C05616,2025-06-04,Credit Card,Returned,Standard
O008975,C05570,2024-01-26,Debit Card,Delivered,Standard
O008976,C00202,2025-04-14,Credit Card,Delivered,Standard
O008977,C02438,2024-04-17,Credit Card,Delivered,Express
O008978,C03325,2025-06-27,Credit Card,Delivered,Same Day
O008979,C02690,2025-10-27,Debit Card,Delivered,Express
O008980,C06678,2025-11-24,Credit Card,Delivered,Express
O008981,C03036,2024-07-12,UPI,Delivered,Standard
O008982,C07399,2024-04-19,Net Banking,Delivered,Standard
O008983,C07224,2024-04-10,Net Banking,Delivered,Standard
O008984,C07038,2024-08-20,Credit Card,Delivered,Express
O008985,C04050,2024-06-24,Credit Card,Delivered,Standard
O008986,C00006,2025-07-04,Debit Card,Delivered,Standard
O008987,C01652,2024-06-30,Credit Card,Delivered,Same Day
O008988,C06447,2025-09-17,UPI,Delivered,Standard
O008989,C03348,2025-12-28,COD,Delivered,Express
O008990,C06029,2024-01-15,Credit Card,Delivered,Standard
O008991,C02442,2025-12-18,Wallet,Delivered,Standard
O008992,C03517,2024-02-09,Net Banking,Delivered,Standard
O008993,C01736,2024-09-21,Wallet,Delivered,Express
O008994,C02718,2025-09-29,Net Banking,Cancelled,Standard
O008995,C02063,2025-08-14,UPI,Delivered,Standard
O008996,C05414,2025-03-01,Net Banking,Delivered,Standard
O008997,C01729,2025-03-23,Debit Card,Delivered,Standard
O008998,C07104,2025-05-04,Credit Card,Delivered,Express
O008999,C00387,2024-01-28,Debit Card,Delivered,Express
O009000,C00137,2024-12-06,Credit Card,Delivered,Express
O009001,C07040,2024-07-29,UPI,Delivered,Standard
O009002,C04591,2025-07-11,COD,Delivered,Standard
O009003,C00876,2024-03-14,Credit Card,Delivered,Express
O009004,C04692,2025-11-11,UPI,Delivered,Standard
O009005,C05986,2024-01-11,Credit Card,Cancelled,Standard
O009006,C03820,2025-04-27,UPI,Delivered,Standard
O009007,C03245,2025-04-06,UPI,Delivered,Standard
O009008,C01269,2025-05-31,COD,Delivered,Express
O009009,C03949,2024-01-29,UPI,Delivered,Express
O009010,C07323,2025-09-04,Credit Card,Delivered,Standard
O009011,C05722,2025-10-17,Debit Card,Delivered,Standard
O009012,C01275,2024-01-13,Credit Card,Cancelled,Express
O009013,C00576,2025-08-13,Credit Card,Cancelled,Standard
O009014,C01230,2025-09-25,Credit Card,Delivered,Standard
O009015,C06832,2024-08-21,UPI,Delivered,Express
O009016,C02657,2025-02-08,Credit Card,Delivered,Standard
O009017,C02917,2025-08-17,Credit Card,Delivered,Standard
O009018,C00222,2025-12-09,UPI,Delivered,Standard
O009019,C02293,2024-06-09,UPI,Delivered,Express
O009020,C04255,2025-07-05,Net Banking,Delivered,Standard
O009021,C07282,2025-09-05,Debit Card,Delivered,Standard
O009022,C05044,2025-04-07,COD,Delivered,Express
O009023,C06045,2024-01-27,UPI,Delivered,Standard
O009024,C01238,2024-12-27,Wallet,Delivered,Standard
O009025,C07182,2025-06-01,Credit Card,Delivered,Standard
O009026,C02889,2024-09-22,Credit Card,Delivered,Standard
O009027,C07902,2024-07-02,UPI,Cancelled,Express
O009028,C06424,2024-04-06,Net Banking,Delivered,Same Day
O009029,C02937,2025-06-03,Debit Card,Cancelled,Express
O009030,C01732,2024-06-09,Credit Card,Delivered,Express
O009031,C05010,2025-12-26,UPI,Delivered,Standard
O009032,C04706,2025-11-06,Credit Card,Delivered,Standard
O009033,C05013,2025-03-22,Credit Card,Delivered,Standard
O009034,C06888,2025-10-22,UPI,Returned,Express
O009035,C00202,2024-06-14,Wallet,Delivered,Standard
O009036,C00523,2024-03-13,COD,Delivered,Express
O009037,C06466,2024-04-02,Debit Card,Delivered,Standard
O009038,C02262,2025-11-04,Debit Card,Delivered,Standard
O009039,C07053,2025-03-30,Wallet,Delivered,Standard
O009040,C07152,2024-08-26,UPI,Delivered,Express
O009041,C06943,2025-11-15,Credit Card,Delivered,Standard
O009042,C06769,2025-09-25,UPI,Delivered,Standard
O009043,C02430,2025-03-27,Debit Card,Delivered,Standard
O009044,C00346,2024-11-01,Wallet,Delivered,Same Day
O009045,C06853,2025-11-17,Debit Card,Delivered,Express
O009046,C07995,2025-09-05,UPI,Delivered,Standard
O009047,C00746,2025-12-22,UPI,Delivered,Standard
O009048,C05590,2024-10-23,Debit Card,Delivered,Standard
O009049,C06485,2025-01-30,UPI,Delivered,Standard
O009050,C01840,2025-09-29,UPI,Delivered,Standard
O009051,C01551,2024-01-30,UPI,Delivered,Standard
O009052,C07311,2024-06-06,Net Banking,Delivered,Express
O009053,C05003,2024-05-26,Wallet,Delivered,Standard
O009054,C07423,2025-12-23,Net Banking,Delivered,Standard
O009055,C03359,2024-06-21,UPI,Delivered,Standard
O009056,C05477,2024-04-29,Debit Card,Delivered,Standard
O009057,C04696,2025-12-26,Net Banking,Delivered,Express
O009058,C03025,2024-12-14,UPI,Delivered,Standard
O009059,C04162,2024-02-26,Credit Card,Delivered,Standard
O009060,C02484,2024-10-26,Debit Card,Delivered,Standard
O009061,C07965,2024-05-26,UPI,Delivered,Standard
O009062,C01947,2024-05-05,Debit Card,Delivered,Standard
O009063,C02202,2024-05-03,Credit Card,Delivered,Express
O009064,C01546,2024-07-20,UPI,Delivered,Standard
O009065,C05440,2025-07-22,UPI,Delivered,Standard
O009066,C04118,2025-09-15,Debit Card,Delivered,Express
O009067,C07506,2024-11-10,Credit Card,Delivered,Express
O009068,C01254,2025-06-23,Credit Card,Delivered,Standard
O009069,C05875,2025-01-29,Debit Card,Delivered,Standard
O009070,C06351,2024-09-01,Wallet,Delivered,Express
O009071,C01848,2024-10-18,Credit Card,Delivered,Express
O009072,C05354,2024-02-05,UPI,Returned,Standard
O009073,C03769,2024-04-12,Wallet,Delivered,Standard
O009074,C07056,2024-03-11,Wallet,Delivered,Express
O009075,C01351,2024-05-06,UPI,Cancelled,Standard
O009076,C07100,2025-03-02,Debit Card,Delivered,Standard
O009077,C03661,2024-08-02,UPI,Delivered,Standard
O009078,C02884,2024-05-30,Debit Card,Delivered,Standard
O009079,C02901,2024-11-07,Net Banking,Delivered,Same Day
O009080,C03654,2025-08-29,Wallet,Delivered,Standard
O009081,C05051,2024-05-03,UPI,Delivered,Standard
O009082,C04913,2025-06-28,Credit Card,Delivered,Standard
O009083,C00123,2025-03-10,Net Banking,Delivered,Express
O009084,C05277,2025-01-16,Credit Card,Delivered,Standard
O009085,C00408,2024-08-14,UPI,Delivered,Same Day
O009086,C01129,2024-09-13,UPI,Delivered,Standard
O009087,C04902,2025-01-09,Credit Card,Delivered,Standard
O009088,C04375,2024-05-13,Net Banking,Delivered,Express
O009089,C00363,2025-01-20,Net Banking,Delivered,Standard
O009090,C05402,2024-08-20,UPI,Delivered,Express
O009091,C07476,2024-12-29,UPI,Returned,Standard
O009092,C05013,2025-09-28,Credit Card,Cancelled,Express
O009093,C00744,2024-10-31,Debit Card,Delivered,Standard
O009094,C00939,2025-08-16,UPI,Delivered,Standard
O009095,C00587,2025-10-17,Credit Card,Delivered,Standard
O009096,C04640,2025-10-23,Credit Card,Delivered,Standard
O009097,C06805,2025-03-15,Debit Card,Delivered,Standard
O009098,C01835,2025-06-29,Credit Card,Delivered,Standard
O009099,C04737,2024-09-04,UPI,Returned,Same Day
O009100,C05469,2025-10-12,UPI,Delivered,Standard
O009101,C04594,2025-07-08,Credit Card,Delivered,Express
O009102,C01890,2025-07-27,UPI,Delivered,Express
O009103,C01035,2024-09-21,Credit Card,Delivered,Standard
O009104,C05699,2025-06-26,Credit Card,Delivered,Standard
O009105,C05080,2024-01-24,Debit Card,Delivered,Express
O009106,C02188,2025-02-11,UPI,Delivered,Standard
O009107,C06273,2025-10-18,Credit Card,Delivered,Standard
O009108,C00814,2024-01-13,Debit Card,Delivered,Standard
O009109,C01449,2025-07-17,UPI,Delivered,Express
O009110,C03787,2024-02-06,Debit Card,Delivered,Standard
O009111,C06532,2024-07-14,Net Banking,Delivered,Standard
O009112,C07076,2025-05-07,Net Banking,Delivered,Express
O009113,C07994,2025-06-15,Credit Card,Delivered,Express
O009114,C00063,2025-09-11,UPI,Delivered,Same Day
O009115,C00583,2024-04-15,UPI,Delivered,Standard
O009116,C03409,2024-09-05,Net Banking,Delivered,Standard
O009117,C07223,2024-08-18,UPI,Delivered,Express
O009118,C00989,2024-01-14,UPI,Delivered,Same Day
O009119,C02956,2024-05-27,COD,Delivered,Standard
O009120,C05929,2025-05-16,Credit Card,Delivered,Standard
O009121,C07415,2024-06-29,Credit Card,Delivered,Standard
O009122,C05190,2025-08-31,Credit Card,Delivered,Express
O009123,C05248,2024-02-23,Wallet,Delivered,Standard
O009124,C07819,2024-03-27,UPI,Delivered,Standard
O009125,C05646,2024-05-09,Credit Card,Delivered,Standard
O009126,C03953,2024-11-27,Credit Card,Delivered,Standard
O009127,C00177,2024-08-06,Credit Card,Delivered,Standard
O009128,C03586,2025-03-07,Debit Card,Delivered,Same Day
O009129,C01613,2024-09-24,COD,Delivered,Express
O009130,C07107,2024-10-31,Debit Card,Delivered,Express
O009131,C01098,2024-05-31,Debit Card,Delivered,Express
O009132,C05513,2025-04-11,Net Banking,Delivered,Express
O009133,C04635,2025-05-23,UPI,Delivered,Standard
O009134,C00659,2025-07-19,Debit Card,Delivered,Same Day
O009135,C05070,2024-07-04,Credit Card,Delivered,Standard
O009136,C07604,2024-04-29,Wallet,Delivered,Express
O009137,C06076,2025-11-27,UPI,Delivered,Express
O009138,C05385,2025-04-06,UPI,Delivered,Standard
O009139,C00969,2025-01-09,Credit Card,Delivered,Standard
O009140,C02695,2025-07-01,UPI,Delivered,Standard
O009141,C04110,2025-08-23,UPI,Returned,Express
O009142,C06848,2025-11-29,COD,Returned,Standard
O009143,C06007,2024-10-23,Debit Card,Delivered,Standard
O009144,C00075,2025-03-19,Debit Card,Delivered,Standard
O009145,C02215,2025-05-27,UPI,Delivered,Standard
O009146,C02800,2025-04-10,Net Banking,Delivered,Express
O009147,C02569,2025-07-09,Wallet,Delivered,Standard
O009148,C05729,2025-02-04,Wallet,Delivered,Standard
O009149,C05953,2024-12-27,Net Banking,Delivered,Standard
O009150,C06145,2025-12-31,Wallet,Delivered,Standard
O009151,C07836,2025-07-31,Net Banking,Delivered,Standard
O009152,C04041,2025-06-16,Credit Card,Delivered,Standard
O009153,C01508,2025-02-21,Debit Card,Delivered,Express
O009154,C00659,2025-11-11,UPI,Delivered,Standard
O009155,C03565,2024-04-06,UPI,Delivered,Express
O009156,C04319,2024-01-24,Debit Card,Delivered,Standard
O009157,C07253,2025-03-12,Credit Card,Delivered,Same Day
O009158,C02412,2025-10-22,UPI,Delivered,Express
O009159,C03702,2025-04-16,UPI,Delivered,Standard
O009160,C00841,2025-03-18,Wallet,Delivered,Standard
O009161,C02616,2025-11-04,Wallet,Delivered,Standard
O009162,C02059,2024-05-21,UPI,Delivered,Standard
O009163,C00744,2025-09-27,Debit Card,Delivered,Standard
O009164,C06252,2024-05-17,UPI,Delivered,Standard
O009165,C00087,2024-08-31,Credit Card,Delivered,Standard
O009166,C00408,2025-10-21,Debit Card,Delivered,Express
O009167,C01930,2025-08-11,UPI,Delivered,Standard
O009168,C06200,2025-01-02,Wallet,Cancelled,Express
O009169,C07254,2025-10-12,Net Banking,Delivered,Standard
O009170,C07258,2025-03-07,Wallet,Delivered,Express
O009171,C02133,2024-11-24,Net Banking,Delivered,Standard
O009172,C06970,2025-10-20,Wallet,Delivered,Standard
O009173,C00732,2024-03-14,UPI,Delivered,Express
O009174,C04129,2025-02-06,Debit Card,Delivered,Express
O009175,C06975,2024-10-12,Wallet,Cancelled,Express
O009176,C05439,2025-03-31,Net Banking,Delivered,Standard
O009177,C01265,2024-08-20,Debit Card,Delivered,Standard
O009178,C02734,2025-12-07,Debit Card,Delivered,Standard
O009179,C07658,2024-11-20,UPI,Delivered,Standard
O009180,C05720,2024-06-17,Debit Card,Delivered,Standard
O009181,C00268,2025-03-19,UPI,Delivered,Standard
O009182,C02746,2025-04-02,UPI,Delivered,Standard
O009183,C04744,2025-09-01,UPI,Delivered,Express
O009184,C05949,2024-02-21,Debit Card,Delivered,Same Day
O009185,C03105,2024-03-31,UPI,Delivered,Standard
O009186,C01098,2025-11-27,UPI,Delivered,Standard
O009187,C02940,2025-08-23,Credit Card,Delivered,Standard
O009188,C01558,2024-03-03,Net Banking,Delivered,Standard
O009189,C02117,2024-08-23,UPI,Delivered,Same Day
O009190,C06010,2025-06-23,Net Banking,Delivered,Standard
O009191,C06660,2025-08-14,Wallet,Delivered,Same Day
O009192,C03850,2025-06-12,Net Banking,Delivered,Standard
O009193,C00024,2024-09-03,UPI,Cancelled,Express
O009194,C02380,2025-04-09,UPI,Delivered,Standard
O009195,C03060,2025-10-27,UPI,Returned,Standard
O009196,C07239,2024-12-28,Debit Card,Delivered,Standard
O009197,C06202,2025-04-17,COD,Delivered,Standard
O009198,C03733,2024-03-03,UPI,Delivered,Standard
O009199,C01838,2025-02-14,Credit Card,Delivered,Standard
O009200,C00887,2025-05-24,Credit Card,Delivered,Same Day
O009201,C01078,2024-07-09,COD,Delivered,Express
O009202,C02917,2024-11-28,Net Banking,Delivered,Express
O009203,C06413,2025-07-21,Credit Card,Delivered,Standard
O009204,C04335,2025-06-03,Debit Card,Delivered,Standard
O009205,C02930,2024-05-12,Credit Card,Delivered,Standard
O009206,C02999,2025-03-22,Debit Card,Delivered,Standard
O009207,C00359,2024-09-12,UPI,Delivered,Standard
O009208,C00527,2024-12-29,UPI,Returned,Standard
O009209,C03256,2025-07-20,Debit Card,Delivered,Standard
O009210,C06253,2024-06-15,Credit Card,Delivered,Express
O009211,C05426,2024-08-02,UPI,Delivered,Standard
O009212,C03438,2025-12-18,Credit Card,Returned,Express
O009213,C07500,2024-11-15,COD,Delivered,Standard
O009214,C02533,2025-05-24,UPI,Delivered,Standard
O009215,C02197,2024-05-28,COD,Delivered,Standard
O009216,C01637,2025-07-16,COD,Delivered,Standard
O009217,C01138,2025-11-13,Debit Card,Delivered,Standard
O009218,C00331,2024-07-09,Credit Card,Returned,Standard
O009219,C04769,2025-11-21,Debit Card,Delivered,Standard
O009220,C04866,2025-12-25,Credit Card,Delivered,Standard
O009221,C04769,2024-09-05,COD,Delivered,Standard
O009222,C00174,2025-03-18,Credit Card,Delivered,Same Day
O009223,C03526,2025-06-29,UPI,Delivered,Standard
O009224,C03607,2024-11-26,UPI,Delivered,Standard
O009225,C01033,2024-11-26,Debit Card,Delivered,Standard
O009226,C06476,2024-07-05,Credit Card,Delivered,Standard
O009227,C03437,2025-06-15,UPI,Delivered,Express
O009228,C05148,2024-10-05,Credit Card,Delivered,Standard
O009229,C07628,2025-01-01,COD,Delivered,Express
O009230,C07815,2025-07-30,UPI,Delivered,Express
O009231,C04633,2025-09-06,UPI,Returned,Standard
O009232,C02590,2025-03-29,COD,Cancelled,Standard
O009233,C06470,2025-07-23,Wallet,Delivered,Express
O009234,C02484,2024-05-10,COD,Delivered,Standard
O009235,C04273,2024-04-08,Net Banking,Delivered,Standard
O009236,C06235,2024-03-14,COD,Delivered,Standard
O009237,C01663,2025-10-04,Credit Card,Delivered,Standard
O009238,C06105,2024-08-29,COD,Delivered,Standard
O009239,C05693,2024-06-19,Debit Card,Delivered,Standard
O009240,C04335,2024-04-22,UPI,Delivered,Express
O009241,C01631,2025-03-17,UPI,Delivered,Express
O009242,C05337,2025-08-01,COD,Cancelled,Standard
O009243,C03799,2025-04-17,Credit Card,Delivered,Standard
O009244,C00922,2024-07-03,Net Banking,Delivered,Express
O009245,C03120,2024-04-24,Credit Card,Delivered,Standard
O009246,C01740,2025-04-28,Net Banking,Delivered,Standard
O009247,C05582,2025-04-04,Wallet,Delivered,Express
O009248,C01793,2024-04-03,Debit Card,Delivered,Express
O009249,C00032,2025-07-31,COD,Delivered,Express
O009250,C02353,2025-09-19,UPI,Delivered,Express
O009251,C06889,2024-08-02,Credit Card,Delivered,Express
O009252,C04527,2024-07-17,UPI,Delivered,Same Day
O009253,C01021,2025-04-26,UPI,Delivered,Express
O009254,C01091,2025-09-26,UPI,Cancelled,Express
O009255,C07119,2024-08-08,Debit Card,Delivered,Standard
O009256,C06508,2024-10-02,Credit Card,Delivered,Standard
O009257,C05627,2025-03-06,COD,Cancelled,Express
O009258,C05751,2024-04-20,Credit Card,Delivered,Standard
O009259,C04170,2025-04-08,Debit Card,Delivered,Same Day
O009260,C04799,2024-12-02,UPI,Delivered,Same Day
O009261,C05332,2025-07-16,UPI,Delivered,Standard
O009262,C01110,2025-05-09,Net Banking,Delivered,Standard
O009263,C06834,2024-08-06,Net Banking,Delivered,Express
O009264,C05933,2025-01-24,UPI,Delivered,Express
O009265,C01854,2024-05-20,Net Banking,Delivered,Express
O009266,C04062,2025-01-27,Debit Card,Delivered,Standard
O009267,C01633,2024-09-25,Credit Card,Delivered,Standard
O009268,C04929,2025-11-10,UPI,Delivered,Standard
O009269,C07158,2024-04-16,Credit Card,Delivered,Same Day
O009270,C07980,2024-07-08,UPI,Delivered,Express
O009271,C07433,2024-04-16,Credit Card,Delivered,Express
O009272,C06722,2025-01-06,COD,Delivered,Express
O009273,C04668,2025-12-08,Credit Card,Delivered,Express
O009274,C00841,2025-02-22,Credit Card,Delivered,Express
O009275,C00355,2025-07-11,UPI,Delivered,Express
O009276,C00338,2024-12-03,UPI,Delivered,Standard
O009277,C06371,2024-02-21,Wallet,Delivered,Standard
O009278,C04916,2025-01-17,Credit Card,Delivered,Standard
O009279,C00344,2024-08-29,UPI,Delivered,Standard
O009280,C03845,2024-02-19,Credit Card,Delivered,Standard
O009281,C02100,2025-06-06,Credit Card,Delivered,Standard
O009282,C03835,2024-12-29,Wallet,Delivered,Standard
O009283,C01385,2025-01-28,UPI,Delivered,Same Day
O009284,C03604,2025-11-12,Credit Card,Delivered,Standard
O009285,C07693,2025-05-08,UPI,Delivered,Same Day
O009286,C01733,2025-09-06,UPI,Delivered,Same Day
O009287,C01675,2024-04-29,Credit Card,Returned,Standard
O009288,C00499,2025-06-07,UPI,Delivered,Express
O009289,C04711,2025-10-17,Debit Card,Delivered,Standard
O009290,C04999,2024-05-30,Debit Card,Delivered,Express
O009291,C05892,2024-04-17,UPI,Delivered,Express
O009292,C01412,2024-10-17,UPI,Returned,Express
O009293,C01784,2025-11-06,UPI,Delivered,Standard
O009294,C04155,2025-02-25,Net Banking,Delivered,Standard
O009295,C07594,2024-11-24,Debit Card,Delivered,Standard
O009296,C07260,2025-04-19,Credit Card,Delivered,Standard
O009297,C02584,2025-12-31,Wallet,Delivered,Standard
O009298,C04291,2024-07-06,UPI,Delivered,Standard
O009299,C03244,2025-04-21,Debit Card,Delivered,Standard
O009300,C05420,2024-04-13,Wallet,Delivered,Same Day
O009301,C04642,2024-02-10,Credit Card,Delivered,Standard
O009302,C03324,2025-07-31,Credit Card,Delivered,Standard
O009303,C00425,2024-07-19,Wallet,Delivered,Standard
O009304,C06806,2025-11-19,Debit Card,Delivered,Standard
O009305,C04271,2025-11-11,Credit Card,Delivered,Standard
O009306,C00137,2024-12-26,Wallet,Delivered,Standard
O009307,C05646,2024-05-02,UPI,Cancelled,Express
O009308,C05268,2025-12-19,Debit Card,Delivered,Standard
O009309,C06113,2025-11-02,Credit Card,Delivered,Standard
O009310,C05420,2024-09-29,Debit Card,Delivered,Express
O009311,C06926,2025-07-01,Debit Card,Delivered,Standard
O009312,C01309,2024-08-14,COD,Delivered,Standard
O009313,C05936,2024-07-26,Credit Card,Delivered,Express
O009314,C01472,2025-12-04,UPI,Delivered,Standard
O009315,C03851,2025-01-29,Credit Card,Delivered,Express
O009316,C07884,2024-10-22,Debit Card,Delivered,Standard
O009317,C06204,2025-01-03,UPI,Delivered,Express
O009318,C06080,2025-09-05,Net Banking,Delivered,Express
O009319,C02205,2024-01-09,Credit Card,Delivered,Standard
O009320,C00023,2024-12-29,Credit Card,Delivered,Standard
O009321,C00809,2024-01-16,Debit Card,Delivered,Standard
O009322,C02793,2024-11-02,UPI,Delivered,Standard
O009323,C04734,2025-04-15,Credit Card,Delivered,Express
O009324,C04143,2025-03-18,Credit Card,Delivered,Express
O009325,C01159,2025-06-02,UPI,Delivered,Express
O009326,C00676,2024-01-14,Wallet,Cancelled,Express
O009327,C07753,2025-12-11,UPI,Delivered,Express
O009328,C00769,2024-11-28,Debit Card,Delivered,Standard
O009329,C07783,2025-01-07,Credit Card,Delivered,Standard
O009330,C06274,2025-12-26,Debit Card,Delivered,Standard
O009331,C04087,2025-05-27,Debit Card,Delivered,Standard
O009332,C07099,2024-10-01,UPI,Delivered,Standard
O009333,C04608,2024-07-22,UPI,Delivered,Express
O009334,C02156,2025-02-20,Credit Card,Delivered,Standard
O009335,C01702,2025-05-23,UPI,Delivered,Standard
O009336,C02718,2025-06-07,Credit Card,Delivered,Standard
O009337,C00918,2024-07-08,UPI,Delivered,Standard
O009338,C01816,2025-06-29,COD,Delivered,Express
O009339,C02228,2025-07-30,Credit Card,Delivered,Standard
O009340,C06656,2024-08-10,UPI,Delivered,Standard
O009341,C01562,2025-02-15,Wallet,Delivered,Express
O009342,C04709,2025-06-08,Debit Card,Delivered,Express
O009343,C07252,2025-06-09,Net Banking,Delivered,Standard
O009344,C00706,2024-08-03,Credit Card,Delivered,Standard
O009345,C05337,2024-05-06,Credit Card,Returned,Standard
O009346,C04509,2024-03-24,Credit Card,Delivered,Standard
O009347,C07138,2025-03-26,UPI,Delivered,Standard
O009348,C04218,2024-10-29,UPI,Delivered,Standard
O009349,C05263,2025-08-18,UPI,Delivered,Standard
O009350,C00168,2025-04-14,Debit Card,Cancelled,Standard
O009351,C03393,2025-04-19,UPI,Delivered,Express
O009352,C02986,2024-09-02,Credit Card,Delivered,Standard
O009353,C03820,2024-10-08,Credit Card,Delivered,Express
O009354,C02909,2025-10-12,Debit Card,Delivered,Standard
O009355,C00439,2025-06-21,COD,Delivered,Standard
O009356,C04639,2024-01-21,Debit Card,Delivered,Standard
O009357,C04411,2025-07-14,UPI,Delivered,Same Day
O009358,C02593,2024-11-20,UPI,Returned,Standard
O009359,C05056,2024-02-18,UPI,Delivered,Standard
O009360,C03370,2025-11-24,COD,Delivered,Standard
O009361,C03740,2025-01-13,Credit Card,Delivered,Standard
O009362,C06401,2024-07-01,Wallet,Delivered,Same Day
O009363,C06294,2024-03-13,Wallet,Delivered,Express
O009364,C04444,2024-09-03,Credit Card,Delivered,Standard
O009365,C00138,2024-09-17,Debit Card,Delivered,Standard
O009366,C02599,2025-09-13,Debit Card,Delivered,Standard
O009367,C01599,2024-07-28,COD,Delivered,Express
O009368,C00641,2025-06-05,Credit Card,Delivered,Standard
O009369,C06391,2025-05-26,COD,Delivered,Standard
O009370,C04083,2025-07-29,Credit Card,Delivered,Standard
O009371,C00189,2025-06-30,Credit Card,Delivered,Standard
O009372,C07815,2024-01-19,UPI,Delivered,Express
O009373,C04246,2024-04-05,Debit Card,Delivered,Standard
O009374,C05415,2025-11-27,Debit Card,Delivered,Express
O009375,C02408,2025-04-17,Credit Card,Delivered,Standard
O009376,C01268,2025-08-25,Net Banking,Delivered,Standard
O009377,C03603,2024-03-15,Credit Card,Returned,Standard
O009378,C02298,2025-01-07,UPI,Delivered,Standard
O009379,C05331,2024-01-04,Debit Card,Delivered,Standard
O009380,C04834,2025-04-05,Debit Card,Delivered,Standard
O009381,C03752,2024-07-27,COD,Delivered,Standard
O009382,C03477,2024-03-16,UPI,Delivered,Standard
O009383,C04072,2025-09-01,Debit Card,Delivered,Standard
O009384,C01392,2024-12-24,Credit Card,Delivered,Same Day
O009385,C07476,2025-02-07,Credit Card,Delivered,Express
O009386,C00164,2025-04-13,Credit Card,Delivered,Express
O009387,C06444,2024-05-20,Debit Card,Delivered,Same Day
O009388,C04320,2025-11-20,UPI,Delivered,Standard
O009389,C05926,2025-02-26,UPI,Delivered,Standard
O009390,C01910,2024-11-11,Credit Card,Delivered,Standard
O009391,C05543,2024-08-24,COD,Delivered,Standard
O009392,C00941,2025-12-07,UPI,Delivered,Standard
O009393,C04917,2025-02-07,Wallet,Delivered,Standard
O009394,C04747,2024-07-20,Debit Card,Delivered,Standard
O009395,C03878,2024-07-04,Credit Card,Delivered,Standard
O009396,C03876,2025-10-23,Credit Card,Delivered,Express
O009397,C06057,2025-04-01,UPI,Delivered,Standard
O009398,C06732,2024-11-14,Credit Card,Delivered,Standard
O009399,C01540,2025-06-30,UPI,Delivered,Express
O009400,C06437,2025-11-23,UPI,Delivered,Standard
O009401,C03369,2024-08-24,Debit Card,Delivered,Standard
O009402,C02739,2025-11-29,Net Banking,Delivered,Standard
O009403,C04910,2025-08-24,UPI,Delivered,Standard
O009404,C02142,2024-03-21,Credit Card,Delivered,Standard
O009405,C06393,2025-09-06,UPI,Delivered,Standard
O009406,C00820,2024-04-01,Debit Card,Delivered,Standard
O009407,C06544,2024-08-22,COD,Delivered,Express
O009408,C06100,2024-02-04,Credit Card,Delivered,Standard
O009409,C04789,2024-04-10,Credit Card,Delivered,Express
O009410,C03260,2025-05-26,UPI,Delivered,Standard
O009411,C02100,2025-11-01,UPI,Delivered,Standard
O009412,C03152,2025-03-11,Net Banking,Delivered,Standard
O009413,C06732,2024-11-30,UPI,Delivered,Same Day
O009414,C04129,2025-09-02,Net Banking,Delivered,Standard
O009415,C06165,2024-08-12,Debit Card,Delivered,Standard
O009416,C01729,2025-08-17,UPI,Delivered,Standard
O009417,C03770,2024-05-19,UPI,Delivered,Standard
O009418,C06126,2024-07-06,Credit Card,Delivered,Express
O009419,C06942,2024-04-10,Credit Card,Delivered,Express
O009420,C03502,2025-01-08,Credit Card,Delivered,Express
O009421,C04101,2025-05-06,Net Banking,Delivered,Express
O009422,C07667,2024-08-16,UPI,Delivered,Standard
O009423,C03397,2024-09-07,UPI,Delivered,Standard
O009424,C03797,2024-03-04,Credit Card,Delivered,Express
O009425,C01349,2024-12-17,Debit Card,Delivered,Express
O009426,C00552,2025-08-19,Credit Card,Delivered,Standard
O009427,C01412,2024-12-17,UPI,Delivered,Standard
O009428,C05716,2025-06-22,Credit Card,Delivered,Express
O009429,C00335,2024-10-27,Net Banking,Delivered,Standard
O009430,C02413,2025-03-17,Wallet,Delivered,Standard
O009431,C00269,2024-04-28,UPI,Delivered,Standard
O009432,C04063,2024-04-30,Wallet,Delivered,Standard
O009433,C06060,2024-01-02,Wallet,Delivered,Express
O009434,C01520,2024-02-08,COD,Delivered,Standard
O009435,C05070,2025-11-10,Net Banking,Cancelled,Standard
O009436,C02901,2024-07-14,Credit Card,Delivered,Standard
O009437,C04656,2024-07-27,Credit Card,Delivered,Standard
O009438,C03723,2025-08-01,Debit Card,Delivered,Standard
O009439,C07056,2024-03-01,Debit Card,Delivered,Standard
O009440,C02193,2025-06-11,Net Banking,Delivered,Same Day
O009441,C06596,2025-03-10,UPI,Delivered,Standard
O009442,C07754,2025-10-02,Credit Card,Delivered,Standard
O009443,C05790,2025-12-28,UPI,Delivered,Standard
O009444,C01149,2025-06-12,Wallet,Delivered,Standard
O009445,C06662,2024-06-06,Wallet,Delivered,Express
O009446,C06552,2024-12-16,UPI,Delivered,Standard
O009447,C07005,2024-06-11,Wallet,Delivered,Express
O009448,C01089,2024-06-15,Credit Card,Delivered,Standard
O009449,C02974,2025-03-26,Credit Card,Delivered,Standard
O009450,C03325,2025-04-16,Credit Card,Delivered,Standard
O009451,C07258,2025-12-14,Credit Card,Delivered,Standard
O009452,C02575,2025-12-15,Net Banking,Delivered,Standard
O009453,C06623,2025-11-04,Credit Card,Delivered,Same Day
O009454,C07211,2024-11-08,Wallet,Delivered,Express
O009455,C04633,2025-04-08,UPI,Delivered,Standard
O009456,C02783,2025-12-08,Net Banking,Delivered,Standard
O009457,C04536,2024-01-27,Credit Card,Delivered,Same Day
O009458,C07385,2024-11-11,UPI,Cancelled,Express
O009459,C00135,2025-07-30,COD,Delivered,Standard
O009460,C06382,2025-01-13,Credit Card,Delivered,Standard
O009461,C01479,2025-03-02,Wallet,Delivered,Same Day
O009462,C03677,2024-02-19,UPI,Returned,Standard
O009463,C06444,2024-10-21,Net Banking,Delivered,Express
O009464,C06745,2024-08-25,UPI,Delivered,Express
O009465,C05653,2025-02-22,Debit Card,Delivered,Standard
O009466,C04193,2024-09-20,Credit Card,Delivered,Standard
O009467,C05033,2025-02-02,Credit Card,Delivered,Standard
O009468,C07852,2024-09-29,UPI,Delivered,Standard
O009469,C00686,2025-03-14,Credit Card,Delivered,Standard
O009470,C07663,2024-02-09,Credit Card,Delivered,Standard
O009471,C01693,2024-05-31,UPI,Delivered,Standard
O009472,C04983,2025-01-26,Wallet,Delivered,Express
O009473,C00779,2025-09-05,UPI,Delivered,Express
O009474,C07495,2025-09-05,Debit Card,Delivered,Same Day
O009475,C04783,2024-02-04,Debit Card,Delivered,Standard
O009476,C00544,2025-10-30,Net Banking,Delivered,Standard
O009477,C01412,2024-04-20,Credit Card,Delivered,Standard
O009478,C05135,2025-03-10,Debit Card,Delivered,Standard
O009479,C06121,2025-01-25,Debit Card,Delivered,Express
O009480,C00953,2025-01-07,Wallet,Returned,Express
O009481,C06156,2025-06-14,Debit Card,Delivered,Standard
O009482,C00300,2024-04-24,UPI,Returned,Standard
O009483,C05742,2025-12-04,Debit Card,Delivered,Standard
O009484,C05652,2024-10-24,Debit Card,Delivered,Standard
O009485,C02743,2024-03-05,UPI,Cancelled,Express
O009486,C04091,2025-02-06,Debit Card,Delivered,Express
O009487,C05299,2024-05-08,Net Banking,Delivered,Standard
O009488,C00938,2025-05-20,Net Banking,Returned,Same Day
O009489,C00511,2024-08-26,Debit Card,Delivered,Express
O009490,C04933,2024-12-17,Debit Card,Delivered,Standard
O009491,C06619,2024-03-04,UPI,Delivered,Standard
O009492,C00219,2025-01-20,Debit Card,Delivered,Standard
O009493,C03697,2024-04-11,Debit Card,Delivered,Standard
O009494,C07676,2024-10-21,UPI,Cancelled,Express
O009495,C01406,2025-12-26,Credit Card,Cancelled,Standard
O009496,C04050,2024-01-07,UPI,Delivered,Standard
O009497,C00447,2024-05-30,Debit Card,Delivered,Express
O009498,C04129,2025-06-18,UPI,Delivered,Standard
O009499,C01393,2025-02-10,COD,Delivered,Standard
O009500,C06549,2025-07-22,UPI,Delivered,Standard
O009501,C04172,2024-12-11,Credit Card,Delivered,Same Day
O009502,C05375,2025-07-12,Debit Card,Delivered,Standard
O009503,C03597,2025-10-13,UPI,Delivered,Standard
O009504,C05241,2025-07-04,UPI,Delivered,Express
O009505,C00954,2024-02-11,UPI,Delivered,Standard
O009506,C05545,2024-09-24,UPI,Delivered,Express
O009507,C02421,2024-12-22,UPI,Returned,Same Day
O009508,C05193,2025-07-22,UPI,Delivered,Express
O009509,C00308,2025-05-16,Debit Card,Delivered,Standard
O009510,C00670,2025-10-27,Debit Card,Delivered,Same Day
O009511,C06721,2025-09-10,Credit Card,Delivered,Express
O009512,C04090,2025-09-22,Credit Card,Delivered,Standard
O009513,C05846,2024-04-19,UPI,Delivered,Standard
O009514,C01889,2025-05-31,Debit Card,Delivered,Standard
O009515,C06120,2025-07-24,UPI,Delivered,Express
O009516,C04467,2024-04-23,Wallet,Delivered,Standard
O009517,C01099,2025-04-09,Debit Card,Delivered,Standard
O009518,C02082,2025-10-18,UPI,Delivered,Express
O009519,C03876,2025-12-11,Credit Card,Delivered,Express
O009520,C02251,2024-05-15,UPI,Delivered,Standard
O009521,C00511,2025-01-05,Debit Card,Delivered,Standard
O009522,C05286,2025-02-14,UPI,Delivered,Standard
O009523,C00110,2024-06-26,UPI,Delivered,Express
O009524,C03390,2024-06-27,Net Banking,Delivered,Same Day
O009525,C00930,2024-05-07,Debit Card,Delivered,Same Day
O009526,C06999,2025-03-22,Credit Card,Delivered,Same Day
O009527,C07366,2024-08-20,Credit Card,Delivered,Standard
O009528,C04232,2025-09-27,COD,Delivered,Standard
O009529,C04899,2025-10-04,Net Banking,Delivered,Standard
O009530,C07595,2024-12-09,Debit Card,Delivered,Standard
O009531,C05164,2024-05-20,UPI,Delivered,Standard
O009532,C04635,2025-10-22,UPI,Delivered,Standard
O009533,C02399,2024-12-03,UPI,Cancelled,Standard
O009534,C03222,2024-12-30,UPI,Delivered,Express
O009535,C02018,2025-11-29,Wallet,Delivered,Standard
O009536,C01594,2025-12-27,UPI,Delivered,Standard
O009537,C01110,2025-11-14,Credit Card,Delivered,Standard
O009538,C06255,2025-04-10,Wallet,Delivered,Standard
O009539,C00797,2025-05-04,Credit Card,Delivered,Express
O009540,C00345,2024-08-13,Credit Card,Delivered,Standard
O009541,C01349,2024-04-08,UPI,Delivered,Express
O009542,C01652,2024-10-20,Net Banking,Delivered,Express
O009543,C07681,2025-03-21,COD,Delivered,Standard
O009544,C03659,2025-11-30,UPI,Delivered,Express
O009545,C01007,2025-08-26,Wallet,Delivered,Standard
O009546,C07603,2025-05-31,UPI,Delivered,Standard
O009547,C00991,2024-12-30,UPI,Delivered,Standard
O009548,C02408,2024-03-17,Net Banking,Delivered,Standard
O009549,C00926,2025-04-16,UPI,Delivered,Express
O009550,C03279,2024-05-22,Credit Card,Delivered,Standard
O009551,C03778,2025-08-17,Credit Card,Delivered,Express
O009552,C04627,2024-10-03,Debit Card,Cancelled,Express
O009553,C00433,2024-11-22,Credit Card,Delivered,Express
O009554,C07488,2025-03-31,Net Banking,Returned,Express
O009555,C06899,2025-03-30,Credit Card,Delivered,Standard
O009556,C01607,2024-10-06,Wallet,Delivered,Standard
O009557,C03944,2024-01-13,Credit Card,Delivered,Express
O009558,C07988,2025-07-25,Credit Card,Delivered,Standard
O009559,C05979,2025-07-05,Credit Card,Delivered,Standard
O009560,C01452,2025-03-19,Credit Card,Delivered,Same Day
O009561,C06466,2025-11-13,COD,Delivered,Standard
O009562,C07204,2024-05-24,UPI,Delivered,Standard
O009563,C05698,2024-10-28,Credit Card,Delivered,Standard
O009564,C07056,2024-06-13,Debit Card,Cancelled,Express
O009565,C01110,2024-01-04,Net Banking,Delivered,Standard
O009566,C03988,2025-07-01,UPI,Delivered,Standard
O009567,C07739,2024-04-30,COD,Delivered,Same Day
O009568,C01693,2025-03-07,Net Banking,Delivered,Standard
O009569,C04392,2024-09-04,UPI,Delivered,Standard
O009570,C03936,2025-09-11,Credit Card,Delivered,Standard
O009571,C07716,2025-12-10,UPI,Delivered,Express
O009572,C04890,2024-01-07,Net Banking,Delivered,Standard
O009573,C07233,2025-01-20,UPI,Delivered,Express
O009574,C02991,2025-09-06,Debit Card,Delivered,Standard
O009575,C07827,2025-09-19,Debit Card,Delivered,Standard
O009576,C03009,2024-06-29,Credit Card,Delivered,Standard
O009577,C07815,2024-12-21,Credit Card,Delivered,Express
O009578,C04784,2025-12-10,UPI,Cancelled,Express
O009579,C01036,2024-06-15,Debit Card,Delivered,Standard
O009580,C05377,2025-01-12,UPI,Returned,Standard
O009581,C00781,2025-08-06,Credit Card,Delivered,Express
O009582,C00678,2024-11-25,Debit Card,Delivered,Standard
O009583,C01576,2025-01-16,COD,Delivered,Standard
O009584,C05556,2024-04-25,Debit Card,Delivered,Standard
O009585,C05501,2024-08-25,COD,Delivered,Standard
O009586,C06194,2025-10-16,Credit Card,Delivered,Express
O009587,C01430,2025-08-14,Debit Card,Delivered,Standard
O009588,C06313,2025-01-19,Wallet,Delivered,Standard
O009589,C06177,2024-05-05,Debit Card,Delivered,Standard
O009590,C04773,2025-08-26,Wallet,Delivered,Express
O009591,C07791,2024-12-21,Wallet,Delivered,Standard
O009592,C00568,2024-07-13,UPI,Returned,Standard
O009593,C03372,2025-06-10,Debit Card,Delivered,Standard
O009594,C03290,2024-07-29,UPI,Delivered,Standard
O009595,C02411,2025-06-24,UPI,Cancelled,Same Day
O009596,C07208,2025-11-24,Debit Card,Delivered,Express
O009597,C01429,2024-08-18,UPI,Delivered,Express
O009598,C04482,2025-04-28,Debit Card,Delivered,Standard
O009599,C03639,2025-08-10,Wallet,Delivered,Standard
O009600,C02055,2025-12-23,Wallet,Delivered,Express
O009601,C00330,2025-10-17,UPI,Delivered,Same Day
O009602,C02712,2025-08-14,UPI,Delivered,Standard
O009603,C06856,2024-06-06,Credit Card,Delivered,Standard
O009604,C03748,2025-03-30,Credit Card,Delivered,Standard
O009605,C01283,2024-01-23,Credit Card,Cancelled,Standard
O009606,C03627,2025-06-26,UPI,Delivered,Express
O009607,C06884,2025-08-14,Credit Card,Delivered,Standard
O009608,C03014,2025-05-21,Net Banking,Delivered,Express
O009609,C03301,2024-07-15,UPI,Cancelled,Standard
O009610,C02038,2025-10-15,UPI,Delivered,Standard
O009611,C00331,2025-04-08,Credit Card,Delivered,Standard
O009612,C00154,2025-05-09,UPI,Returned,Express
O009613,C05286,2025-09-11,Wallet,Delivered,Standard
O009614,C01780,2024-12-21,UPI,Delivered,Standard
O009615,C01295,2025-09-22,UPI,Returned,Standard
O009616,C03751,2025-05-25,Credit Card,Delivered,Standard
O009617,C04709,2024-05-29,Credit Card,Delivered,Standard
O009618,C01569,2025-05-29,Credit Card,Delivered,Standard
O009619,C06102,2025-08-01,Credit Card,Cancelled,Standard
O009620,C03008,2024-07-26,Debit Card,Delivered,Standard
O009621,C07631,2025-06-09,Wallet,Delivered,Express
O009622,C03186,2024-11-27,UPI,Cancelled,Standard
O009623,C06238,2024-12-23,COD,Delivered,Standard
O009624,C06672,2024-01-15,UPI,Delivered,Standard
O009625,C03428,2024-12-30,Wallet,Cancelled,Express
O009626,C07153,2024-06-04,Credit Card,Delivered,Express
O009627,C01769,2025-02-23,UPI,Delivered,Standard
O009628,C04613,2024-03-26,UPI,Delivered,Standard
O009629,C00184,2024-02-21,Debit Card,Delivered,Same Day
O009630,C06235,2025-04-18,Credit Card,Delivered,Standard
O009631,C03769,2025-08-22,Debit Card,Delivered,Express
O009632,C03370,2025-02-01,Net Banking,Delivered,Express
O009633,C03273,2025-03-22,Credit Card,Delivered,Standard
O009634,C02554,2024-08-18,UPI,Delivered,Express
O009635,C02209,2025-12-13,Credit Card,Delivered,Standard
O009636,C06888,2024-04-07,UPI,Delivered,Standard
O009637,C03865,2024-03-04,UPI,Delivered,Express
O009638,C04864,2024-09-30,UPI,Delivered,Standard
O009639,C07465,2025-07-14,Credit Card,Delivered,Express
O009640,C05999,2025-03-19,COD,Delivered,Standard
O009641,C01233,2024-11-16,Credit Card,Delivered,Express
O009642,C02173,2025-01-17,Credit Card,Delivered,Standard
O009643,C00459,2024-08-20,Wallet,Delivered,Standard
O009644,C04980,2025-04-26,UPI,Delivered,Standard
O009645,C02790,2024-01-12,Credit Card,Delivered,Same Day
O009646,C02086,2025-07-11,Net Banking,Delivered,Standard
O009647,C02664,2025-08-07,UPI,Delivered,Standard
O009648,C02703,2024-04-20,Net Banking,Delivered,Standard
O009649,C07670,2025-11-10,Debit Card,Cancelled,Standard
O009650,C07409,2024-03-02,UPI,Delivered,Standard
O009651,C02955,2025-11-23,UPI,Delivered,Same Day
O009652,C05579,2024-01-26,UPI,Delivered,Standard
O009653,C02388,2024-08-03,COD,Delivered,Standard
O009654,C01016,2025-04-14,Wallet,Delivered,Express
O009655,C00202,2024-10-29,Credit Card,Returned,Same Day
O009656,C04518,2024-03-01,COD,Delivered,Express
O009657,C01194,2025-01-05,Credit Card,Delivered,Standard
O009658,C05748,2025-06-18,Credit Card,Delivered,Standard
O009659,C06227,2024-04-22,Wallet,Delivered,Express
O009660,C02765,2024-10-12,Credit Card,Delivered,Standard
O009661,C04055,2025-12-24,UPI,Delivered,Standard
O009662,C00284,2025-02-27,Credit Card,Delivered,Standard
O009663,C05434,2024-02-06,Net Banking,Delivered,Express
O009664,C04698,2025-08-18,UPI,Delivered,Standard
O009665,C01988,2024-10-27,Wallet,Delivered,Standard
O009666,C05968,2024-02-20,Credit Card,Delivered,Standard
O009667,C00823,2024-10-31,Debit Card,Delivered,Standard
O009668,C07888,2024-01-27,Debit Card,Delivered,Standard
O009669,C07135,2024-12-07,UPI,Delivered,Express
O009670,C07788,2024-07-06,Credit Card,Delivered,Express
O009671,C02693,2024-12-24,Debit Card,Delivered,Express
O009672,C01457,2025-09-15,UPI,Delivered,Standard
O009673,C01971,2024-01-17,UPI,Delivered,Standard
O009674,C04322,2025-04-20,Net Banking,Delivered,Standard
O009675,C04957,2025-08-12,UPI,Delivered,Standard
O009676,C01663,2025-07-11,Credit Card,Delivered,Express
O009677,C07356,2024-08-22,Debit Card,Delivered,Standard
O009678,C04957,2025-08-11,Wallet,Delivered,Standard
O009679,C00403,2025-06-27,Credit Card,Delivered,Standard
O009680,C07566,2024-08-25,COD,Delivered,Express
O009681,C07138,2024-07-28,Debit Card,Delivered,Standard
O009682,C04462,2025-05-15,UPI,Delivered,Standard
O009683,C07223,2024-08-23,Wallet,Delivered,Standard
O009684,C04689,2025-03-20,Net Banking,Delivered,Standard
O009685,C02414,2025-10-01,Credit Card,Cancelled,Standard
O009686,C02917,2025-06-24,UPI,Delivered,Express
O009687,C03856,2025-03-04,UPI,Delivered,Express
O009688,C03774,2024-05-24,UPI,Delivered,Express
O009689,C00829,2024-05-29,Net Banking,Delivered,Express
O009690,C07566,2025-02-10,Credit Card,Delivered,Standard
O009691,C04518,2025-01-31,Credit Card,Delivered,Standard
O009692,C05629,2024-09-12,Credit Card,Delivered,Standard
O009693,C07310,2025-03-12,UPI,Delivered,Express
O009694,C01810,2024-01-03,Debit Card,Delivered,Express
O009695,C03047,2024-10-16,Debit Card,Delivered,Express
O009696,C03409,2025-05-25,Wallet,Delivered,Standard
O009697,C02008,2025-05-13,Credit Card,Delivered,Standard
O009698,C04336,2024-08-19,COD,Delivered,Same Day
O009699,C07051,2025-12-29,Credit Card,Delivered,Standard
O009700,C06600,2025-03-22,Debit Card,Delivered,Standard
O009701,C06887,2025-10-12,Credit Card,Delivered,Express
O009702,C03930,2025-04-05,Wallet,Delivered,Standard
O009703,C01170,2025-10-31,Net Banking,Delivered,Standard
O009704,C05311,2024-09-17,Net Banking,Delivered,Standard
O009705,C02068,2025-09-11,Wallet,Delivered,Standard
O009706,C07280,2024-08-19,Debit Card,Delivered,Standard
O009707,C02453,2025-10-01,UPI,Delivered,Express
O009708,C02142,2024-06-18,UPI,Delivered,Standard
O009709,C01051,2025-04-14,Credit Card,Delivered,Express
O009710,C02239,2025-03-04,Net Banking,Delivered,Express
O009711,C02197,2024-07-11,COD,Delivered,Standard
O009712,C05400,2024-07-25,Net Banking,Cancelled,Express
O009713,C05646,2024-12-29,UPI,Delivered,Express
O009714,C00578,2025-12-04,UPI,Delivered,Standard
O009715,C03420,2025-10-20,UPI,Delivered,Standard
O009716,C04920,2024-01-27,UPI,Delivered,Express
O009717,C00776,2025-01-31,Credit Card,Delivered,Express
O009718,C00246,2024-11-13,Credit Card,Delivered,Same Day
O009719,C01546,2025-03-04,UPI,Delivered,Express
O009720,C07473,2025-04-08,COD,Delivered,Standard
O009721,C04725,2024-12-11,COD,Delivered,Standard
O009722,C03157,2025-08-28,Net Banking,Delivered,Standard
O009723,C00769,2025-06-28,COD,Delivered,Standard
O009724,C07508,2024-07-24,Net Banking,Delivered,Standard
O009725,C03312,2025-04-19,Wallet,Delivered,Same Day
O009726,C01327,2025-02-28,Wallet,Delivered,Express
O009727,C06821,2024-05-19,Credit Card,Delivered,Standard
O009728,C05751,2024-01-08,Net Banking,Returned,Express
O009729,C01824,2025-06-30,UPI,Delivered,Standard
O009730,C00875,2025-08-08,Credit Card,Delivered,Standard
O009731,C06324,2025-07-13,Credit Card,Delivered,Express
O009732,C00455,2025-03-05,Credit Card,Cancelled,Same Day
O009733,C03510,2025-05-13,UPI,Delivered,Standard
O009734,C00989,2024-07-30,Wallet,Delivered,Express
O009735,C00453,2024-07-06,Net Banking,Delivered,Standard
O009736,C01534,2025-11-20,Credit Card,Delivered,Express
O009737,C03303,2024-12-29,Debit Card,Delivered,Standard
O009738,C05139,2025-12-25,UPI,Cancelled,Standard
O009739,C04748,2025-08-05,Net Banking,Returned,Standard
O009740,C07471,2024-03-11,Credit Card,Delivered,Same Day
O009741,C04817,2024-10-09,COD,Returned,Standard
O009742,C01618,2024-04-23,UPI,Delivered,Standard
O009743,C04670,2025-12-12,Wallet,Delivered,Standard
O009744,C06008,2024-06-21,COD,Delivered,Standard
O009745,C05531,2025-05-25,UPI,Delivered,Standard
O009746,C03686,2024-07-08,Net Banking,Delivered,Express
O009747,C06362,2025-10-30,Debit Card,Delivered,Express
O009748,C01387,2025-04-12,Credit Card,Delivered,Express
O009749,C05026,2025-09-26,Debit Card,Delivered,Same Day
O009750,C02945,2025-08-13,UPI,Delivered,Standard
O009751,C06743,2024-05-28,Wallet,Delivered,Standard
O009752,C01742,2025-04-23,Net Banking,Delivered,Standard
O009753,C07508,2024-05-27,COD,Cancelled,Express
O009754,C07056,2025-11-03,Credit Card,Delivered,Same Day
O009755,C05347,2025-07-23,Net Banking,Delivered,Standard
O009756,C04281,2024-05-24,UPI,Returned,Standard
O009757,C07010,2025-07-10,Debit Card,Delivered,Express
O009758,C02676,2024-09-21,Net Banking,Delivered,Standard
O009759,C06936,2025-02-19,Credit Card,Delivered,Standard
O009760,C06752,2024-03-20,Credit Card,Cancelled,Standard
O009761,C00079,2025-06-16,COD,Delivered,Express
O009762,C06977,2025-06-07,Credit Card,Delivered,Standard
O009763,C01803,2024-04-18,Credit Card,Delivered,Express
O009764,C00625,2025-12-15,Debit Card,Delivered,Express
O009765,C06025,2025-02-26,Credit Card,Delivered,Standard
O009766,C02465,2025-09-05,Credit Card,Delivered,Express
O009767,C00998,2025-12-22,Debit Card,Delivered,Standard
O009768,C06816,2024-03-30,Debit Card,Delivered,Express
O009769,C00583,2025-06-05,Wallet,Delivered,Same Day
O009770,C01891,2024-01-28,Wallet,Delivered,Standard
O009771,C06247,2024-08-25,Wallet,Delivered,Express
O009772,C02408,2024-01-10,Wallet,Delivered,Standard
O009773,C00345,2025-07-29,Net Banking,Delivered,Standard
O009774,C02280,2025-03-23,Credit Card,Delivered,Standard
O009775,C05235,2024-03-20,Credit Card,Delivered,Standard
O009776,C04449,2024-04-16,Net Banking,Cancelled,Express
O009777,C00224,2025-07-28,Wallet,Delivered,Same Day
O009778,C04260,2024-04-05,Net Banking,Delivered,Standard
O009779,C04421,2025-02-25,Debit Card,Delivered,Standard
O009780,C07428,2024-01-30,UPI,Delivered,Standard
O009781,C04655,2024-08-25,UPI,Delivered,Standard
O009782,C04173,2025-08-31,Credit Card,Delivered,Express
O009783,C07515,2025-08-01,Credit Card,Delivered,Standard
O009784,C06403,2025-07-18,COD,Cancelled,Express
O009785,C07086,2024-10-05,Wallet,Delivered,Standard
O009786,C03980,2025-07-30,UPI,Delivered,Standard
O009787,C04767,2024-07-24,Wallet,Delivered,Standard
O009788,C07658,2025-12-28,UPI,Delivered,Standard
O009789,C00052,2024-06-26,Debit Card,Delivered,Express
O009790,C01631,2025-11-03,Net Banking,Delivered,Standard
O009791,C05337,2025-08-01,UPI,Delivered,Standard
O009792,C06174,2025-11-14,UPI,Delivered,Express
O009793,C00438,2024-06-03,UPI,Delivered,Standard
O009794,C04314,2025-04-14,Debit Card,Delivered,Express
O009795,C03341,2024-12-01,UPI,Delivered,Standard
O009796,C06745,2024-11-21,Wallet,Delivered,Express
O009797,C03630,2025-06-09,Credit Card,Delivered,Standard
O009798,C02435,2024-01-24,Wallet,Delivered,Standard
O009799,C05402,2025-07-29,COD,Cancelled,Standard
O009800,C03205,2024-09-05,Wallet,Delivered,Express
O009801,C04445,2024-03-02,UPI,Delivered,Express
O009802,C05265,2024-09-29,UPI,Delivered,Standard
O009803,C07415,2025-06-20,Wallet,Delivered,Standard
O009804,C05233,2024-04-05,COD,Delivered,Express
O009805,C04174,2024-09-11,Credit Card,Delivered,Same Day
O009806,C02814,2025-03-19,Debit Card,Delivered,Standard
O009807,C01018,2025-08-14,Credit Card,Delivered,Standard
O009808,C02129,2024-05-04,Credit Card,Delivered,Express
O009809,C05483,2025-07-01,Debit Card,Delivered,Same Day
O009810,C00390,2025-12-29,Wallet,Delivered,Standard
O009811,C05957,2025-01-02,Credit Card,Delivered,Same Day
O009812,C05148,2025-01-14,Credit Card,Delivered,Standard
O009813,C01668,2025-01-11,UPI,Cancelled,Express
O009814,C06444,2024-05-08,Wallet,Delivered,Standard
O009815,C05187,2024-02-16,UPI,Delivered,Standard
O009816,C07020,2025-05-08,UPI,Delivered,Standard
O009817,C06380,2024-08-04,Credit Card,Delivered,Standard
O009818,C01947,2024-07-02,UPI,Cancelled,Express
O009819,C06214,2024-02-20,Debit Card,Delivered,Express
O009820,C02043,2025-01-19,COD,Delivered,Standard
O009821,C00861,2024-11-22,UPI,Delivered,Standard
O009822,C05755,2024-06-12,COD,Delivered,Standard
O009823,C03078,2024-07-04,Credit Card,Delivered,Standard
O009824,C02872,2024-02-10,COD,Delivered,Express
O009825,C00312,2025-04-01,Net Banking,Delivered,Standard
O009826,C01172,2025-03-13,Wallet,Delivered,Standard
O009827,C05409,2024-03-28,Net Banking,Delivered,Standard
O009828,C00453,2025-09-29,UPI,Delivered,Standard
O009829,C04697,2024-04-13,Debit Card,Delivered,Express
O009830,C03906,2025-10-10,Net Banking,Delivered,Standard
O009831,C05395,2024-03-26,Credit Card,Delivered,Standard
O009832,C02756,2025-04-06,Debit Card,Delivered,Standard
O009833,C07290,2024-06-22,COD,Delivered,Same Day
O009834,C02628,2024-04-28,UPI,Delivered,Standard
O009835,C04757,2024-02-12,UPI,Delivered,Standard
O009836,C05265,2024-06-09,COD,Returned,Standard
O009837,C01774,2024-07-12,UPI,Delivered,Standard
O009838,C03246,2024-02-03,Credit Card,Delivered,Standard
O009839,C00289,2024-01-27,Debit Card,Delivered,Express
O009840,C07003,2024-05-14,Credit Card,Delivered,Standard
O009841,C00019,2025-01-27,Credit Card,Delivered,Standard
O009842,C02739,2025-11-26,UPI,Delivered,Standard
O009843,C06010,2024-11-30,UPI,Delivered,Express
O009844,C05971,2024-01-18,Debit Card,Returned,Standard
O009845,C05924,2025-10-02,COD,Delivered,Standard
O009846,C02720,2024-11-22,Credit Card,Delivered,Express
O009847,C07940,2024-02-22,UPI,Delivered,Standard
O009848,C06507,2025-06-03,UPI,Delivered,Standard
O009849,C01164,2025-10-15,Net Banking,Delivered,Standard
O009850,C03624,2025-12-02,Net Banking,Delivered,Same Day
O009851,C06612,2024-03-07,Debit Card,Delivered,Standard
O009852,C05761,2024-06-11,Credit Card,Delivered,Standard
O009853,C00770,2024-10-01,UPI,Delivered,Standard
O009854,C03285,2024-03-14,Wallet,Delivered,Standard
O009855,C01809,2024-08-16,Net Banking,Delivered,Standard
O009856,C05623,2024-08-28,UPI,Delivered,Standard
O009857,C00321,2024-08-14,Credit Card,Delivered,Same Day
O009858,C00239,2024-12-01,Net Banking,Delivered,Standard
O009859,C06769,2024-10-03,Credit Card,Delivered,Standard
O009860,C04007,2025-03-01,COD,Delivered,Same Day
O009861,C02955,2024-06-03,Credit Card,Delivered,Standard
O009862,C00134,2024-04-04,UPI,Delivered,Standard
O009863,C01727,2024-10-18,Credit Card,Delivered,Express
O009864,C02317,2025-10-25,UPI,Delivered,Standard
O009865,C01376,2025-08-26,UPI,Delivered,Standard
O009866,C06343,2024-10-14,Credit Card,Delivered,Express
O009867,C06731,2024-02-11,UPI,Returned,Standard
O009868,C07052,2025-12-20,Credit Card,Delivered,Express
O009869,C06092,2025-01-03,Credit Card,Returned,Express
O009870,C01273,2025-11-28,UPI,Delivered,Express
O009871,C07755,2024-06-10,Net Banking,Delivered,Standard
O009872,C03289,2024-10-03,UPI,Delivered,Express
O009873,C04238,2025-11-29,UPI,Delivered,Standard
O009874,C04291,2025-10-18,Net Banking,Delivered,Standard
O009875,C01581,2024-12-18,Credit Card,Delivered,Same Day
O009876,C01341,2025-11-03,UPI,Delivered,Standard
O009877,C01773,2025-01-04,Wallet,Delivered,Express
O009878,C05263,2024-02-03,Credit Card,Delivered,Express
O009879,C07765,2025-04-09,Debit Card,Delivered,Standard
O009880,C03586,2025-12-30,UPI,Delivered,Express
O009881,C01732,2024-09-09,UPI,Delivered,Standard
O009882,C00462,2024-10-04,Debit Card,Returned,Express
O009883,C03330,2025-07-14,Credit Card,Delivered,Standard
O009884,C00246,2024-06-01,UPI,Delivered,Same Day
O009885,C00998,2025-08-02,UPI,Delivered,Express
O009886,C07631,2024-05-30,UPI,Delivered,Standard
O009887,C04827,2024-12-21,Credit Card,Delivered,Same Day
O009888,C04630,2024-08-21,Credit Card,Delivered,Standard
O009889,C04999,2024-07-22,UPI,Delivered,Standard
O009890,C06749,2025-02-13,Credit Card,Delivered,Standard
O009891,C00300,2024-06-21,UPI,Delivered,Standard
O009892,C03668,2025-01-21,UPI,Returned,Same Day
O009893,C06462,2024-06-29,Wallet,Delivered,Standard
O009894,C06071,2025-11-04,COD,Delivered,Standard
O009895,C06110,2024-11-16,Credit Card,Delivered,Standard
O009896,C04084,2025-05-29,UPI,Delivered,Standard
O009897,C05121,2024-10-01,UPI,Delivered,Standard
O009898,C01641,2024-03-03,COD,Delivered,Standard
O009899,C02990,2025-03-28,Debit Card,Delivered,Same Day
O009900,C01551,2025-04-28,COD,Cancelled,Express
O009901,C01675,2024-10-14,Credit Card,Delivered,Standard
O009902,C01733,2025-11-14,Wallet,Delivered,Standard
O009903,C03283,2024-02-10,Credit Card,Delivered,Standard
O009904,C05385,2025-03-07,Net Banking,Delivered,Standard
O009905,C04270,2025-08-30,Net Banking,Delivered,Standard
O009906,C06518,2024-10-26,Net Banking,Delivered,Standard
O009907,C02815,2025-02-24,UPI,Delivered,Express
O009908,C04648,2025-11-11,UPI,Delivered,Standard
O009909,C00262,2025-06-30,UPI,Delivered,Standard
O009910,C00583,2025-07-20,Wallet,Delivered,Standard
O009911,C03426,2024-02-09,Credit Card,Delivered,Express
O009912,C01904,2024-09-18,COD,Delivered,Same Day
O009913,C06169,2025-05-28,COD,Delivered,Standard
O009914,C07080,2024-12-24,Net Banking,Returned,Same Day
O009915,C03440,2024-10-20,UPI,Delivered,Express
O009916,C05012,2024-04-28,UPI,Cancelled,Standard
O009917,C06805,2025-03-27,Net Banking,Returned,Standard
O009918,C06401,2025-05-09,Net Banking,Delivered,Express
O009919,C02972,2025-10-14,Net Banking,Cancelled,Express
O009920,C05003,2025-07-07,UPI,Delivered,Standard
O009921,C03006,2025-02-21,Credit Card,Delivered,Express
O009922,C02744,2025-01-30,Credit Card,Delivered,Express
O009923,C03449,2024-12-01,UPI,Delivered,Standard
O009924,C03128,2024-02-27,Debit Card,Cancelled,Express
O009925,C03797,2025-06-02,Credit Card,Delivered,Express
O009926,C00003,2025-11-01,Credit Card,Delivered,Express
O009927,C04874,2024-07-31,Credit Card,Delivered,Express
O009928,C03068,2025-04-16,Credit Card,Delivered,Express
O009929,C01698,2024-08-11,UPI,Delivered,Standard
O009930,C05646,2024-03-18,Net Banking,Delivered,Standard
O009931,C00974,2025-11-01,Debit Card,Delivered,Standard
O009932,C00601,2025-12-10,Credit Card,Delivered,Same Day
O009933,C00989,2024-07-31,UPI,Cancelled,Standard
O009934,C03543,2024-03-31,Debit Card,Delivered,Standard
O009935,C03602,2025-05-06,COD,Delivered,Express
O009936,C07187,2024-10-10,UPI,Delivered,Express
O009937,C03388,2024-05-13,Wallet,Delivered,Standard
O009938,C07233,2025-05-03,Wallet,Delivered,Standard
O009939,C07850,2025-10-23,Debit Card,Delivered,Standard
O009940,C05242,2025-02-13,UPI,Delivered,Standard
O009941,C01250,2025-03-31,Credit Card,Delivered,Express
O009942,C01093,2025-11-30,Net Banking,Delivered,Same Day
O009943,C00409,2024-07-11,Debit Card,Delivered,Express
O009944,C04649,2025-12-05,Wallet,Cancelled,Standard
O009945,C01567,2024-03-07,Credit Card,Returned,Standard
O009946,C04755,2024-10-30,Credit Card,Delivered,Standard
O009947,C06242,2025-09-16,UPI,Delivered,Standard
O009948,C03471,2025-11-15,UPI,Delivered,Standard
O009949,C06104,2025-07-16,UPI,Delivered,Standard
O009950,C03335,2024-12-31,Debit Card,Delivered,Standard
O009951,C03826,2025-09-17,UPI,Delivered,Standard
O009952,C07413,2025-08-20,COD,Delivered,Standard
O009953,C04778,2024-03-16,Credit Card,Delivered,Standard
O009954,C06723,2025-03-17,Wallet,Delivered,Standard
O009955,C07344,2024-05-08,Credit Card,Delivered,Standard
O009956,C03256,2025-02-03,Wallet,Delivered,Standard
O009957,C02818,2024-03-23,Debit Card,Delivered,Express
O009958,C07095,2024-11-12,Debit Card,Delivered,Standard
O009959,C00149,2024-10-04,UPI,Delivered,Standard
O009960,C04920,2025-02-27,COD,Delivered,Express
O009961,C07566,2024-10-06,Credit Card,Delivered,Standard
O009962,C00136,2025-01-27,UPI,Delivered,Same Day
O009963,C07230,2025-08-07,Credit Card,Delivered,Standard
O009964,C02735,2024-06-30,UPI,Delivered,Standard
O009965,C04827,2024-05-18,Wallet,Delivered,Standard
O009966,C06601,2024-01-30,Debit Card,Delivered,Standard
O009967,C01629,2024-12-13,UPI,Delivered,Standard
O009968,C06096,2024-02-07,UPI,Delivered,Standard
O009969,C01521,2025-10-26,Credit Card,Delivered,Standard
O009970,C04186,2024-12-30,UPI,Delivered,Standard
O009971,C02657,2024-01-13,COD,Delivered,Standard
O009972,C05146,2024-10-19,UPI,Delivered,Express
O009973,C02653,2024-11-21,UPI,Delivered,Standard
O009974,C03063,2025-07-16,Net Banking,Delivered,Same Day
O009975,C04073,2024-12-02,Credit Card,Delivered,Standard
O009976,C04024,2024-08-08,UPI,Delivered,Standard
O009977,C01832,2024-08-31,UPI,Delivered,Standard
O009978,C02942,2024-07-11,Credit Card,Delivered,Express
O009979,C00813,2024-08-09,Credit Card,Delivered,Standard
O009980,C02631,2025-10-19,Wallet,Delivered,Standard
O009981,C00246,2024-04-20,UPI,Delivered,Standard
O009982,C07621,2025-12-26,Credit Card,Delivered,Standard
O009983,C00065,2024-07-24,Credit Card,Delivered,Standard
O009984,C01609,2025-07-21,Debit Card,Delivered,Standard
O009985,C07069,2024-06-27,Credit Card,Delivered,Standard
O009986,C00989,2025-04-15,COD,Delivered,Standard
O009987,C01583,2024-11-11,Credit Card,Delivered,Standard
O009988,C02046,2024-07-26,Credit Card,Delivered,Standard
O009989,C07900,2025-04-10,Debit Card,Delivered,Standard
O009990,C03639,2025-11-24,Debit Card,Delivered,Standard
O009991,C01026,2024-03-20,Net Banking,Delivered,Express
O009992,C04670,2025-01-30,Credit Card,Delivered,Standard
O009993,C00857,2024-11-17,Wallet,Delivered,Same Day
O009994,C07786,2024-01-19,Credit Card,Delivered,Express
O009995,C00161,2024-01-09,UPI,Delivered,Express
O009996,C07161,2024-10-11,Credit Card,Delivered,Standard
O009997,C05344,2025-05-01,Wallet,Delivered,Standard
O009998,C01958,2024-08-19,Net Banking,Delivered,Standard
O009999,C07942,2024-01-08,UPI,Delivered,Same Day
O010000,C06660,2024-11-20,Credit Card,Delivered,Standard
O010001,C00817,2024-12-17,Credit Card,Delivered,Standard
O010002,C02327,2024-02-07,Credit Card,Delivered,Standard
O010003,C06028,2024-06-15,UPI,Delivered,Standard
O010004,C00718,2024-11-03,Net Banking,Delivered,Express
O010005,C04640,2025-09-08,UPI,Delivered,Standard
O010006,C07884,2025-04-22,UPI,Delivered,Standard
O010007,C04359,2025-04-18,Net Banking,Delivered,Standard
O010008,C04817,2025-12-01,Credit Card,Delivered,Standard
O010009,C06606,2025-04-29,Credit Card,Delivered,Standard
O010010,C04639,2025-05-13,UPI,Delivered,Standard
O010011,C03188,2025-03-13,Credit Card,Delivered,Express
O010012,C03992,2024-05-23,Credit Card,Delivered,Same Day
O010013,C01349,2024-02-03,Net Banking,Delivered,Standard
O010014,C04487,2025-12-01,Net Banking,Delivered,Standard
O010015,C07712,2024-12-13,Credit Card,Delivered,Standard
O010016,C06199,2024-07-08,Debit Card,Delivered,Standard
O010017,C04997,2024-08-24,UPI,Delivered,Standard
O010018,C07566,2024-10-25,Debit Card,Delivered,Standard
O010019,C01554,2025-06-08,Debit Card,Delivered,Express
O010020,C07401,2025-07-27,Credit Card,Delivered,Standard
O010021,C02241,2024-06-18,Credit Card,Delivered,Standard
O010022,C01535,2024-05-31,Debit Card,Delivered,Standard
O010023,C01383,2025-05-01,Debit Card,Delivered,Standard
O010024,C05012,2024-06-11,Debit Card,Delivered,Same Day
O010025,C07922,2024-11-01,COD,Returned,Standard
O010026,C02072,2024-12-02,Debit Card,Delivered,Standard
O010027,C07843,2025-04-30,Credit Card,Returned,Standard
O010028,C04310,2025-08-13,Net Banking,Delivered,Express
O010029,C03043,2025-06-25,UPI,Delivered,Standard
O010030,C00216,2025-06-22,UPI,Delivered,Standard
O010031,C03430,2025-12-08,Credit Card,Delivered,Standard
O010032,C05202,2024-09-21,Debit Card,Delivered,Same Day
O010033,C03381,2024-03-14,Debit Card,Delivered,Standard
O010034,C01493,2024-09-28,Credit Card,Delivered,Standard
O010035,C00397,2024-05-02,UPI,Delivered,Express
O010036,C06366,2024-10-15,Debit Card,Delivered,Standard
O010037,C05614,2024-02-09,UPI,Cancelled,Express
O010038,C02116,2024-03-08,UPI,Delivered,Standard
O010039,C07566,2024-07-19,Wallet,Delivered,Express
O010040,C01123,2024-01-30,UPI,Delivered,Standard
O010041,C04108,2024-06-04,UPI,Delivered,Standard
O010042,C03348,2025-01-19,UPI,Returned,Standard
O010043,C05017,2025-10-28,Net Banking,Delivered,Express
O010044,C06975,2024-06-12,Debit Card,Delivered,Standard
O010045,C03771,2025-08-08,UPI,Delivered,Standard
O010046,C07883,2025-11-11,Wallet,Delivered,Standard
O010047,C05827,2025-06-21,UPI,Delivered,Standard
O010048,C05546,2024-05-07,Credit Card,Delivered,Express
O010049,C07788,2024-05-16,UPI,Delivered,Standard
O010050,C07476,2024-03-04,UPI,Delivered,Standard
O010051,C03256,2024-05-28,Wallet,Delivered,Express
O010052,C05470,2025-03-19,UPI,Delivered,Standard
O010053,C05658,2025-08-07,Wallet,Delivered,Standard
O010054,C03584,2025-05-16,UPI,Delivered,Express
O010055,C05663,2024-04-08,UPI,Delivered,Standard
O010056,C00532,2025-07-04,Debit Card,Delivered,Express
O010057,C02405,2025-05-09,Credit Card,Delivered,Standard
O010058,C03751,2024-07-23,UPI,Cancelled,Standard
O010059,C07678,2024-05-26,Credit Card,Delivered,Standard
O010060,C04505,2024-12-14,Credit Card,Delivered,Standard
O010061,C03485,2025-08-17,Credit Card,Delivered,Standard
O010062,C05439,2024-12-05,Net Banking,Delivered,Standard
O010063,C04829,2025-02-03,Credit Card,Delivered,Express
O010064,C02678,2025-02-24,UPI,Delivered,Express
O010065,C04936,2024-02-08,Debit Card,Delivered,Standard
O010066,C02327,2024-05-13,Net Banking,Delivered,Standard
O010067,C01801,2024-05-05,Credit Card,Delivered,Express
O010068,C07998,2025-06-21,UPI,Delivered,Standard
O010069,C03523,2025-10-10,Credit Card,Delivered,Express
O010070,C01773,2024-12-19,UPI,Cancelled,Standard
O010071,C06055,2025-10-26,UPI,Delivered,Standard
O010072,C04118,2024-05-16,UPI,Delivered,Standard
O010073,C00924,2024-03-29,COD,Delivered,Express
O010074,C04868,2024-09-01,Net Banking,Delivered,Standard
O010075,C00789,2024-10-28,Credit Card,Delivered,Standard
O010076,C04380,2024-10-12,Net Banking,Delivered,Standard
O010077,C06562,2024-12-17,UPI,Delivered,Standard
O010078,C00055,2025-03-10,UPI,Delivered,Express
O010079,C07362,2025-11-04,Debit Card,Delivered,Express
O010080,C03584,2024-02-09,Credit Card,Delivered,Express
O010081,C05113,2024-05-15,Debit Card,Delivered,Standard
O010082,C06263,2024-11-29,UPI,Delivered,Standard
O010083,C06213,2025-01-24,Credit Card,Delivered,Standard
O010084,C02276,2024-08-10,Debit Card,Delivered,Standard
O010085,C05315,2024-05-04,COD,Delivered,Standard
O010086,C05974,2024-06-17,Credit Card,Delivered,Standard
O010087,C04337,2024-06-15,Debit Card,Delivered,Standard
O010088,C01414,2024-07-07,Net Banking,Delivered,Same Day
O010089,C01951,2025-03-12,UPI,Delivered,Standard
O010090,C03514,2025-07-22,Wallet,Delivered,Standard
O010091,C03100,2025-06-24,UPI,Delivered,Standard
O010092,C05586,2025-04-27,Credit Card,Delivered,Standard
O010093,C06401,2025-02-06,Wallet,Delivered,Standard
O010094,C00636,2025-06-21,UPI,Delivered,Standard
O010095,C01749,2024-07-22,Credit Card,Delivered,Same Day
O010096,C06587,2024-10-05,UPI,Delivered,Standard
O010097,C02274,2025-11-26,UPI,Delivered,Express
O010098,C04834,2025-08-17,Wallet,Delivered,Standard
O010099,C04565,2025-01-10,Debit Card,Delivered,Express
O010100,C01254,2024-12-03,Net Banking,Delivered,Express
O010101,C06480,2024-04-21,Debit Card,Delivered,Express
O010102,C02210,2025-12-05,UPI,Delivered,Same Day
O010103,C03086,2025-11-06,UPI,Delivered,Same Day
O010104,C06319,2025-11-14,UPI,Delivered,Standard
O010105,C02530,2025-12-01,Net Banking,Delivered,Express
O010106,C00940,2025-03-10,Net Banking,Delivered,Standard
O010107,C04666,2025-12-27,UPI,Delivered,Express
O010108,C01252,2024-10-05,UPI,Returned,Express
O010109,C07737,2024-02-13,COD,Delivered,Same Day
O010110,C07241,2025-07-02,Net Banking,Delivered,Standard
O010111,C04453,2024-02-10,UPI,Delivered,Standard
O010112,C00181,2024-08-23,Net Banking,Delivered,Standard
O010113,C00724,2025-02-13,COD,Delivered,Standard
O010114,C03203,2024-08-08,UPI,Delivered,Standard
O010115,C00819,2025-11-01,UPI,Delivered,Same Day
O010116,C06409,2025-10-25,Debit Card,Delivered,Standard
O010117,C05834,2025-02-12,UPI,Returned,Standard
O010118,C02730,2024-04-30,Credit Card,Returned,Standard
O010119,C03235,2025-09-20,Credit Card,Delivered,Standard
O010120,C03371,2024-11-07,Credit Card,Delivered,Standard
O010121,C02936,2025-02-04,Credit Card,Delivered,Standard
O010122,C07959,2025-02-23,Credit Card,Delivered,Standard
O010123,C02042,2025-04-03,Credit Card,Delivered,Same Day
O010124,C03879,2025-05-30,UPI,Delivered,Standard
O010125,C03608,2024-08-10,Debit Card,Delivered,Standard
O010126,C05402,2024-08-05,UPI,Delivered,Standard
O010127,C02364,2024-09-03,Credit Card,Delivered,Standard
O010128,C07565,2025-09-13,Wallet,Delivered,Standard
O010129,C03772,2024-03-28,Credit Card,Delivered,Express
O010130,C00811,2024-06-07,Net Banking,Delivered,Standard
O010131,C05974,2024-08-02,UPI,Delivered,Standard
O010132,C07320,2025-04-03,Credit Card,Delivered,Standard
O010133,C07460,2024-04-15,Credit Card,Delivered,Express
O010134,C03738,2024-10-11,UPI,Delivered,Express
O010135,C00070,2024-01-06,Debit Card,Delivered,Standard
O010136,C02440,2025-02-04,UPI,Delivered,Standard
O010137,C03334,2025-02-21,Credit Card,Delivered,Standard
O010138,C05912,2025-09-04,Credit Card,Delivered,Express
O010139,C05999,2025-01-28,Debit Card,Delivered,Standard
O010140,C02838,2025-10-20,Debit Card,Delivered,Standard
O010141,C04377,2024-04-29,UPI,Delivered,Express
O010142,C04308,2024-11-02,UPI,Delivered,Standard
O010143,C05327,2024-03-02,Debit Card,Cancelled,Express
O010144,C06719,2025-06-06,Debit Card,Delivered,Standard
O010145,C03101,2025-12-04,Credit Card,Delivered,Standard
O010146,C01317,2024-05-28,Debit Card,Delivered,Standard
O010147,C02783,2024-09-14,UPI,Delivered,Standard
O010148,C07805,2024-04-30,UPI,Delivered,Express
O010149,C00117,2025-12-28,Credit Card,Cancelled,Express
O010150,C01180,2025-12-25,Credit Card,Delivered,Express
O010151,C01091,2024-05-03,Debit Card,Delivered,Express
O010152,C07406,2024-07-23,Credit Card,Delivered,Standard
O010153,C01934,2025-10-11,UPI,Delivered,Standard
O010154,C05710,2024-08-15,Credit Card,Delivered,Standard
O010155,C06106,2025-12-17,Credit Card,Delivered,Standard
O010156,C06023,2024-08-10,Credit Card,Delivered,Standard
O010157,C05780,2025-09-09,Credit Card,Delivered,Standard
O010158,C00442,2025-07-17,Credit Card,Delivered,Express
O010159,C07940,2025-02-16,Credit Card,Delivered,Same Day
O010160,C07903,2024-03-28,Credit Card,Delivered,Standard
O010161,C00189,2024-07-24,COD,Cancelled,Express
O010162,C05074,2024-03-10,UPI,Delivered,Standard
O010163,C05070,2025-08-22,COD,Delivered,Standard
O010164,C04121,2024-02-12,Credit Card,Delivered,Same Day
O010165,C02503,2024-05-17,Credit Card,Delivered,Standard
O010166,C02884,2024-07-12,UPI,Delivered,Standard
O010167,C06492,2025-05-22,Debit Card,Delivered,Express
O010168,C02730,2024-12-03,Credit Card,Delivered,Standard
O010169,C06522,2024-01-04,UPI,Delivered,Same Day
O010170,C03161,2025-08-29,Debit Card,Cancelled,Standard
O010171,C04873,2024-11-14,Credit Card,Delivered,Express
O010172,C02034,2025-01-20,Credit Card,Delivered,Standard
O010173,C01997,2025-06-29,Debit Card,Delivered,Express
O010174,C00537,2025-06-07,Wallet,Delivered,Standard
O010175,C02654,2025-10-29,Credit Card,Delivered,Express
O010176,C04589,2024-05-19,Credit Card,Delivered,Express
O010177,C05458,2024-06-27,Credit Card,Delivered,Express
O010178,C00440,2024-12-22,Credit Card,Delivered,Express
O010179,C06080,2025-06-17,UPI,Cancelled,Standard
O010180,C05225,2024-04-21,Debit Card,Delivered,Standard
O010181,C07545,2025-12-04,UPI,Delivered,Standard
O010182,C01757,2024-11-03,Credit Card,Delivered,Standard
O010183,C03857,2024-12-23,COD,Delivered,Express
O010184,C07136,2024-11-02,Debit Card,Delivered,Standard
O010185,C07566,2024-02-08,UPI,Delivered,Standard
O010186,C00036,2024-06-01,Net Banking,Delivered,Standard
O010187,C02371,2025-03-09,Credit Card,Delivered,Standard
O010188,C06883,2024-01-02,Debit Card,Delivered,Standard
O010189,C02254,2025-05-30,COD,Delivered,Express
O010190,C06265,2025-06-20,Debit Card,Delivered,Standard
O010191,C01424,2024-10-18,Debit Card,Delivered,Standard
O010192,C05875,2024-05-02,Credit Card,Delivered,Standard
O010193,C07255,2025-09-02,Wallet,Delivered,Same Day
O010194,C04184,2024-04-17,Credit Card,Delivered,Express
O010195,C02663,2024-10-26,Debit Card,Delivered,Same Day
O010196,C02013,2024-12-19,Credit Card,Delivered,Standard
O010197,C05739,2025-07-11,UPI,Delivered,Same Day
O010198,C04222,2024-02-22,UPI,Delivered,Express
O010199,C01039,2025-11-02,Debit Card,Delivered,Standard
O010200,C03208,2025-08-14,Credit Card,Delivered,Same Day
O010201,C02656,2024-04-22,Credit Card,Delivered,Standard
O010202,C07226,2024-09-05,Debit Card,Delivered,Express
O010203,C07926,2025-07-12,UPI,Delivered,Same Day
O010204,C06645,2025-09-20,Credit Card,Delivered,Standard
O010205,C04579,2024-10-15,COD,Cancelled,Standard
O010206,C02327,2025-05-05,Net Banking,Delivered,Standard
O010207,C02002,2024-08-22,Net Banking,Delivered,Standard
O010208,C06925,2025-01-01,UPI,Delivered,Express
O010209,C05108,2025-09-09,Credit Card,Delivered,Same Day
O010210,C03008,2025-01-29,Credit Card,Delivered,Express
O010211,C04234,2024-08-12,UPI,Cancelled,Express
O010212,C07258,2025-12-02,Net Banking,Delivered,Express
O010213,C01595,2025-06-03,Net Banking,Delivered,Standard
O010214,C03181,2024-11-20,Credit Card,Delivered,Standard
O010215,C05914,2024-01-28,COD,Delivered,Express
O010216,C01072,2024-10-16,Credit Card,Cancelled,Standard
O010217,C01224,2024-02-17,UPI,Delivered,Standard
O010218,C04458,2025-10-13,Credit Card,Delivered,Standard
O010219,C04811,2025-01-04,Credit Card,Delivered,Standard
O010220,C03241,2025-07-02,Net Banking,Delivered,Standard
O010221,C07022,2025-12-22,Credit Card,Delivered,Standard
O010222,C02279,2025-05-08,COD,Delivered,Standard
O010223,C04640,2024-03-02,UPI,Delivered,Standard
O010224,C02129,2025-06-11,Net Banking,Delivered,Standard
O010225,C01176,2024-07-27,Credit Card,Delivered,Express
O010226,C04423,2024-02-05,Credit Card,Delivered,Standard
O010227,C00304,2024-12-23,Credit Card,Delivered,Standard
O010228,C01684,2025-08-26,UPI,Delivered,Standard
O010229,C03952,2024-04-29,Wallet,Delivered,Express
O010230,C01825,2025-10-24,Wallet,Delivered,Standard
O010231,C04646,2025-10-02,Credit Card,Delivered,Same Day
O010232,C01848,2025-04-14,UPI,Delivered,Standard
O010233,C05166,2024-08-01,Debit Card,Delivered,Standard
O010234,C05617,2025-01-20,Credit Card,Delivered,Standard
O010235,C07021,2025-11-04,Credit Card,Delivered,Standard
O010236,C07153,2025-03-04,Credit Card,Delivered,Standard
O010237,C01641,2024-03-29,Net Banking,Delivered,Standard
O010238,C05224,2025-10-24,Wallet,Cancelled,Standard
O010239,C02311,2024-09-16,Credit Card,Delivered,Standard
O010240,C02216,2024-01-24,Credit Card,Delivered,Standard
O010241,C06607,2024-04-25,UPI,Cancelled,Standard
O010242,C07198,2024-07-21,UPI,Delivered,Express
O010243,C06964,2025-12-10,UPI,Delivered,Standard
O010244,C02317,2024-02-23,Debit Card,Delivered,Standard
O010245,C02771,2024-07-03,Debit Card,Delivered,Same Day
O010246,C02626,2025-10-22,Credit Card,Delivered,Express
O010247,C07188,2025-11-03,Debit Card,Delivered,Standard
O010248,C00751,2025-09-02,Wallet,Cancelled,Express
O010249,C07179,2024-09-06,Credit Card,Delivered,Standard
O010250,C00912,2024-03-19,Debit Card,Delivered,Standard
O010251,C04144,2024-03-29,Credit Card,Delivered,Same Day
O010252,C06874,2025-11-24,Wallet,Delivered,Express
O010253,C07743,2024-05-13,Wallet,Delivered,Standard
O010254,C07795,2024-03-18,Debit Card,Delivered,Standard
O010255,C02168,2024-01-21,Credit Card,Delivered,Express
O010256,C04211,2025-05-21,Credit Card,Delivered,Standard
O010257,C07178,2025-02-17,UPI,Delivered,Standard
O010258,C05109,2024-11-28,Wallet,Delivered,Standard
O010259,C01791,2025-02-11,Wallet,Delivered,Standard
O010260,C07922,2024-06-16,UPI,Delivered,Standard
O010261,C05812,2025-04-14,Net Banking,Delivered,Standard
O010262,C00445,2024-08-30,Wallet,Delivered,Standard
O010263,C04600,2025-01-18,Credit Card,Returned,Standard
O010264,C02305,2025-03-15,UPI,Delivered,Standard
O010265,C06202,2025-10-04,UPI,Returned,Same Day
O010266,C06865,2024-01-16,Credit Card,Delivered,Standard
O010267,C05321,2024-07-16,UPI,Delivered,Express
O010268,C02448,2025-05-11,Debit Card,Delivered,Standard
O010269,C00910,2025-10-24,UPI,Delivered,Standard
O010270,C01089,2024-07-25,Debit Card,Cancelled,Standard
O010271,C01103,2024-03-12,Net Banking,Delivered,Standard
O010272,C00737,2025-11-18,UPI,Delivered,Standard
O010273,C04732,2024-01-02,UPI,Delivered,Express
O010274,C04701,2025-10-05,Wallet,Returned,Standard
O010275,C00096,2024-04-30,UPI,Delivered,Express
O010276,C06969,2025-12-28,Credit Card,Delivered,Standard
O010277,C00701,2025-06-29,UPI,Delivered,Standard
O010278,C06046,2025-03-17,Net Banking,Delivered,Standard
O010279,C03519,2024-03-22,UPI,Delivered,Standard
O010280,C00651,2024-02-26,Net Banking,Cancelled,Standard
O010281,C00064,2024-04-04,Debit Card,Delivered,Standard
O010282,C01343,2025-01-01,Net Banking,Delivered,Express
O010283,C03569,2025-01-14,Credit Card,Delivered,Standard
O010284,C07388,2025-07-17,UPI,Delivered,Same Day
O010285,C06391,2025-05-15,Debit Card,Delivered,Standard
O010286,C00071,2024-07-06,Credit Card,Returned,Standard
O010287,C04320,2024-09-03,UPI,Returned,Express
O010288,C05753,2025-03-12,Credit Card,Delivered,Standard
O010289,C06444,2025-12-07,Credit Card,Delivered,Standard
O010290,C02368,2024-03-24,Debit Card,Delivered,Standard
O010291,C08000,2024-07-03,UPI,Cancelled,Standard
O010292,C03507,2024-11-02,UPI,Delivered,Express
O010293,C04141,2024-08-28,Debit Card,Delivered,Standard
O010294,C02521,2024-02-11,Credit Card,Delivered,Express
O010295,C02616,2024-11-06,Credit Card,Delivered,Standard
O010296,C03357,2024-01-03,Wallet,Delivered,Standard
O010297,C07638,2025-12-14,Credit Card,Delivered,Standard
O010298,C03540,2024-01-04,Credit Card,Delivered,Standard
O010299,C03258,2024-03-06,UPI,Delivered,Standard
O010300,C07739,2024-10-01,Debit Card,Delivered,Express
O010301,C06884,2024-01-02,UPI,Delivered,Express
O010302,C04758,2024-07-16,Debit Card,Delivered,Standard
O010303,C07479,2024-12-04,Debit Card,Delivered,Standard
O010304,C04366,2024-02-18,UPI,Delivered,Standard
O010305,C06845,2025-11-04,UPI,Delivered,Standard
O010306,C04582,2025-11-01,Debit Card,Delivered,Same Day
O010307,C01803,2024-05-30,Credit Card,Cancelled,Express
O010308,C03951,2024-01-07,Debit Card,Delivered,Standard
O010309,C03200,2024-02-14,UPI,Delivered,Express
O010310,C06751,2024-02-01,UPI,Delivered,Standard
O010311,C03399,2024-06-17,UPI,Delivered,Standard
O010312,C05999,2024-06-09,UPI,Delivered,Same Day
O010313,C03697,2024-10-04,Debit Card,Delivered,Express
O010314,C06393,2024-06-20,COD,Delivered,Standard
O010315,C06562,2024-08-20,Debit Card,Cancelled,Standard
O010316,C03433,2024-10-18,UPI,Delivered,Standard
O010317,C05382,2024-01-13,UPI,Delivered,Standard
O010318,C04558,2024-02-16,Wallet,Delivered,Standard
O010319,C04372,2024-05-05,Debit Card,Delivered,Express
O010320,C00857,2024-11-13,Net Banking,Delivered,Standard
O010321,C04245,2024-06-09,UPI,Delivered,Standard
O010322,C05409,2025-04-03,Credit Card,Delivered,Standard
O010323,C00293,2025-07-24,Credit Card,Delivered,Standard
O010324,C05974,2024-08-17,Credit Card,Delivered,Standard
O010325,C03343,2025-12-29,UPI,Delivered,Same Day
O010326,C00123,2024-01-19,Credit Card,Delivered,Standard
O010327,C04171,2024-03-05,Credit Card,Delivered,Standard
O010328,C00046,2025-07-07,Net Banking,Delivered,Standard
O010329,C04140,2025-12-20,Debit Card,Delivered,Standard
O010330,C00483,2025-05-23,UPI,Delivered,Same Day
O010331,C02955,2025-05-12,UPI,Delivered,Standard
O010332,C05242,2025-07-29,UPI,Delivered,Express
O010333,C03384,2024-10-12,UPI,Delivered,Standard
O010334,C02739,2025-04-29,UPI,Delivered,Standard
O010335,C02865,2024-02-25,Debit Card,Delivered,Standard
O010336,C06145,2024-05-15,Credit Card,Delivered,Express
O010337,C00948,2024-07-07,UPI,Delivered,Express
O010338,C01405,2024-12-19,UPI,Delivered,Standard
O010339,C06629,2024-09-13,Wallet,Delivered,Express
O010340,C06309,2025-04-18,UPI,Delivered,Standard
O010341,C02262,2024-07-27,Net Banking,Delivered,Standard
O010342,C00157,2025-06-18,Net Banking,Cancelled,Standard
O010343,C05603,2025-11-19,UPI,Delivered,Standard
O010344,C07208,2025-03-17,Credit Card,Delivered,Same Day
O010345,C03531,2025-01-22,UPI,Delivered,Express
O010346,C07091,2024-08-09,Credit Card,Delivered,Standard
O010347,C02500,2024-08-10,UPI,Delivered,Express
O010348,C07786,2025-05-28,UPI,Delivered,Standard
O010349,C06210,2025-05-25,Wallet,Delivered,Standard
O010350,C02442,2025-07-23,Credit Card,Returned,Express
O010351,C01252,2025-09-07,Wallet,Delivered,Standard
O010352,C04245,2025-01-21,Wallet,Delivered,Express
O010353,C03503,2024-04-30,Debit Card,Delivered,Standard
O010354,C04127,2024-06-10,UPI,Delivered,Standard
O010355,C05409,2025-04-13,Debit Card,Delivered,Express
O010356,C00603,2024-01-13,Credit Card,Delivered,Express
O010357,C03124,2025-09-16,Credit Card,Delivered,Standard
O010358,C03167,2025-01-15,UPI,Delivered,Standard
O010359,C02955,2024-02-14,Credit Card,Delivered,Standard
O010360,C03214,2025-12-21,Debit Card,Cancelled,Standard
O010361,C03750,2024-04-30,Debit Card,Delivered,Standard
O010362,C00871,2025-01-25,Debit Card,Delivered,Standard
O010363,C03531,2025-12-11,Credit Card,Delivered,Standard
O010364,C05353,2025-08-22,COD,Delivered,Standard
O010365,C01125,2025-12-31,UPI,Delivered,Standard
O010366,C06485,2025-02-19,Net Banking,Returned,Express
O010367,C03504,2024-08-10,Debit Card,Cancelled,Express
O010368,C05981,2025-02-15,COD,Delivered,Standard
O010369,C03844,2025-09-15,Debit Card,Delivered,Standard
O010370,C03829,2024-06-27,Credit Card,Delivered,Same Day
O010371,C06323,2025-09-25,Debit Card,Cancelled,Standard
O010372,C01246,2025-09-06,Credit Card,Delivered,Standard
O010373,C05776,2024-10-16,Debit Card,Delivered,Standard
O010374,C00412,2025-01-29,Debit Card,Cancelled,Standard
O010375,C04456,2025-08-26,UPI,Delivered,Standard
O010376,C04002,2024-02-22,Debit Card,Delivered,Standard
O010377,C07730,2025-07-31,Credit Card,Delivered,Standard
O010378,C06928,2025-05-12,Wallet,Delivered,Express
O010379,C07276,2024-08-31,Credit Card,Delivered,Same Day
O010380,C01466,2025-04-12,UPI,Delivered,Standard
O010381,C07486,2024-11-30,Debit Card,Delivered,Express
O010382,C03924,2025-02-22,Credit Card,Delivered,Standard
O010383,C07881,2025-04-17,Net Banking,Delivered,Standard
O010384,C03315,2024-04-28,COD,Delivered,Standard
O010385,C05040,2024-12-13,Credit Card,Delivered,Standard
O010386,C06261,2024-08-15,UPI,Delivered,Standard
O010387,C04713,2024-08-26,COD,Delivered,Standard
O010388,C03055,2024-11-07,Credit Card,Delivered,Express
O010389,C04026,2025-05-13,UPI,Cancelled,Standard
O010390,C00096,2024-03-04,Credit Card,Delivered,Express
O010391,C04836,2024-05-28,Credit Card,Returned,Express
O010392,C06494,2025-04-18,UPI,Delivered,Standard
O010393,C00881,2024-12-29,UPI,Delivered,Standard
O010394,C04899,2025-08-18,UPI,Delivered,Express
O010395,C05330,2025-02-26,Debit Card,Delivered,Standard
O010396,C06714,2024-10-15,Credit Card,Delivered,Standard
O010397,C05277,2025-12-05,Wallet,Delivered,Express
O010398,C03365,2024-08-27,UPI,Delivered,Express
O010399,C07465,2025-02-08,Wallet,Delivered,Standard
O010400,C07519,2024-01-08,Wallet,Returned,Standard
O010401,C02320,2024-07-30,Credit Card,Delivered,Standard
O010402,C01283,2025-06-02,COD,Delivered,Express
O010403,C05469,2024-05-18,Credit Card,Returned,Express
O010404,C04740,2025-07-28,UPI,Delivered,Express
O010405,C01546,2025-04-27,UPI,Delivered,Express
O010406,C01347,2024-01-14,Credit Card,Delivered,Standard
O010407,C07845,2025-09-02,Credit Card,Delivered,Standard
O010408,C07323,2025-05-23,UPI,Delivered,Standard
O010409,C06341,2025-02-02,Credit Card,Delivered,Standard
O010410,C02119,2025-02-12,Credit Card,Delivered,Standard
O010411,C07534,2025-02-24,Credit Card,Delivered,Standard
O010412,C04062,2025-08-23,Net Banking,Delivered,Standard
O010413,C05910,2025-12-13,Debit Card,Delivered,Express
O010414,C01946,2025-04-25,Net Banking,Delivered,Standard
O010415,C03936,2024-11-19,Credit Card,Delivered,Standard
O010416,C07803,2024-08-03,Credit Card,Delivered,Express
O010417,C05812,2025-01-08,Credit Card,Delivered,Express
O010418,C04868,2025-10-14,Wallet,Delivered,Standard
O010419,C02332,2024-04-09,Debit Card,Delivered,Same Day
O010420,C07523,2024-04-10,COD,Cancelled,Standard
O010421,C02656,2025-03-08,UPI,Delivered,Standard
O010422,C04425,2025-06-17,UPI,Delivered,Standard
O010423,C05154,2025-04-24,UPI,Delivered,Standard
O010424,C04839,2024-01-04,UPI,Delivered,Express
O010425,C00041,2025-07-08,Credit Card,Delivered,Standard
O010426,C02294,2025-07-04,Debit Card,Delivered,Same Day
O010427,C03668,2024-10-30,Wallet,Delivered,Standard
O010428,C07739,2024-12-31,Wallet,Delivered,Standard
O010429,C05097,2025-08-26,UPI,Delivered,Express
O010430,C01951,2024-03-18,Credit Card,Delivered,Standard
O010431,C04439,2025-08-17,Credit Card,Delivered,Same Day
O010432,C07948,2025-09-30,COD,Delivered,Same Day
O010433,C04295,2024-01-24,Debit Card,Delivered,Standard
O010434,C03548,2025-08-17,Debit Card,Delivered,Express
O010435,C01843,2024-02-28,Credit Card,Delivered,Standard
O010436,C04599,2025-04-23,UPI,Delivered,Standard
O010437,C05556,2025-02-28,UPI,Delivered,Standard
O010438,C02699,2025-09-20,UPI,Delivered,Standard
O010439,C00599,2025-06-18,Net Banking,Delivered,Standard
O010440,C04434,2025-05-26,Debit Card,Delivered,Standard
O010441,C06715,2024-08-31,Credit Card,Delivered,Standard
O010442,C07132,2024-01-12,Credit Card,Delivered,Standard
O010443,C02409,2024-04-11,Debit Card,Delivered,Standard
O010444,C02071,2024-10-18,Credit Card,Delivered,Standard
O010445,C00222,2025-10-14,Credit Card,Delivered,Standard
O010446,C01608,2024-04-02,UPI,Delivered,Standard
O010447,C03266,2024-12-25,Credit Card,Delivered,Standard
O010448,C04459,2024-09-23,Wallet,Delivered,Standard
O010449,C00052,2025-01-11,UPI,Delivered,Express
O010450,C04498,2025-09-25,Debit Card,Delivered,Standard
O010451,C04340,2025-01-20,Wallet,Delivered,Standard
O010452,C05036,2024-05-14,Net Banking,Delivered,Standard
O010453,C07469,2025-11-15,UPI,Delivered,Standard
O010454,C07418,2025-10-18,Wallet,Delivered,Standard
O010455,C05981,2025-08-12,Debit Card,Delivered,Express
O010456,C04297,2024-04-15,Wallet,Delivered,Standard
O010457,C03423,2025-07-30,UPI,Delivered,Express
O010458,C05532,2024-04-12,Wallet,Delivered,Same Day
O010459,C00616,2024-03-09,Net Banking,Delivered,Express
O010460,C05846,2024-02-11,Wallet,Cancelled,Standard
O010461,C03683,2025-11-03,UPI,Delivered,Standard
O010462,C01788,2025-05-21,Credit Card,Delivered,Standard
O010463,C04005,2024-03-30,UPI,Delivered,Express
O010464,C03913,2024-06-22,Debit Card,Delivered,Express
O010465,C06170,2024-06-27,Credit Card,Delivered,Standard
O010466,C04336,2024-06-26,Credit Card,Delivered,Standard
O010467,C04344,2025-03-26,COD,Delivered,Standard
O010468,C04933,2024-12-02,Credit Card,Delivered,Express
O010469,C04816,2024-08-01,UPI,Cancelled,Standard
O010470,C00295,2024-09-04,Debit Card,Delivered,Standard
O010471,C01680,2025-03-08,UPI,Delivered,Standard
O010472,C05250,2024-08-05,COD,Delivered,Express
O010473,C02537,2025-04-07,Credit Card,Delivered,Standard
O010474,C07455,2025-09-23,Credit Card,Delivered,Same Day
O010475,C05074,2024-12-12,Credit Card,Delivered,Standard
O010476,C02152,2025-07-09,COD,Delivered,Standard
O010477,C06293,2024-12-26,Credit Card,Delivered,Standard
O010478,C02788,2025-12-05,Credit Card,Delivered,Express
O010479,C01265,2024-07-01,UPI,Delivered,Standard
O010480,C04762,2025-07-17,UPI,Delivered,Standard
O010481,C07235,2024-06-05,COD,Delivered,Standard
O010482,C07860,2024-07-09,UPI,Delivered,Express
O010483,C07103,2025-11-29,UPI,Delivered,Express
O010484,C01550,2025-07-02,Net Banking,Delivered,Same Day
O010485,C04047,2024-09-15,UPI,Delivered,Express
O010486,C05710,2025-10-07,Net Banking,Delivered,Standard
O010487,C00970,2024-06-23,UPI,Delivered,Same Day
O010488,C04521,2025-10-20,Wallet,Delivered,Same Day
O010489,C00243,2025-03-04,Credit Card,Delivered,Standard
O010490,C06152,2024-02-24,Debit Card,Delivered,Standard
O010491,C03981,2025-10-05,COD,Delivered,Express
O010492,C01521,2024-03-04,UPI,Delivered,Express
O010493,C03569,2025-08-23,Debit Card,Delivered,Standard
O010494,C00804,2025-01-04,UPI,Delivered,Standard
O010495,C03593,2024-01-19,Credit Card,Delivered,Standard
O010496,C07691,2025-05-18,Debit Card,Cancelled,Standard
O010497,C05478,2025-03-09,UPI,Returned,Express
O010498,C02843,2024-03-01,UPI,Delivered,Standard
O010499,C04914,2024-05-29,UPI,Delivered,Express
O010500,C06646,2024-01-24,Credit Card,Cancelled,Standard
O010501,C02078,2025-03-07,Debit Card,Returned,Standard
O010502,C02062,2024-09-26,UPI,Delivered,Express
O010503,C05973,2025-11-21,Debit Card,Delivered,Standard
O010504,C06236,2024-02-12,UPI,Delivered,Standard
O010505,C02096,2025-11-11,Debit Card,Delivered,Express
O010506,C02995,2024-02-13,UPI,Delivered,Standard
O010507,C04998,2025-06-04,Wallet,Delivered,Same Day
O010508,C07536,2024-06-30,Wallet,Delivered,Express
O010509,C05590,2024-05-09,Wallet,Delivered,Standard
O010510,C02839,2025-03-22,Wallet,Delivered,Standard
O010511,C00071,2024-08-16,COD,Cancelled,Standard
O010512,C01880,2025-08-13,Credit Card,Returned,Same Day
O010513,C07465,2024-03-06,Wallet,Delivered,Standard
O010514,C04483,2025-03-31,Credit Card,Returned,Standard
O010515,C03925,2024-09-03,Credit Card,Delivered,Standard
O010516,C01569,2024-08-29,UPI,Delivered,Same Day
O010517,C03545,2024-05-10,UPI,Delivered,Standard
O010518,C04297,2025-08-11,Wallet,Delivered,Express
O010519,C03883,2024-11-27,COD,Delivered,Standard
O010520,C06587,2024-06-12,Wallet,Delivered,Standard
O010521,C05265,2024-08-12,UPI,Delivered,Standard
O010522,C05664,2024-12-24,Debit Card,Delivered,Standard
O010523,C06473,2024-12-06,Credit Card,Delivered,Standard
O010524,C03089,2024-08-14,Credit Card,Delivered,Standard
O010525,C00998,2024-11-03,UPI,Delivered,Express
O010526,C04995,2025-10-16,UPI,Delivered,Express
O010527,C03162,2024-08-12,Debit Card,Delivered,Express
O010528,C00887,2025-09-07,Credit Card,Delivered,Standard
O010529,C02397,2025-11-22,UPI,Delivered,Standard
O010530,C04935,2025-02-25,Debit Card,Delivered,Standard
O010531,C00092,2024-03-07,UPI,Delivered,Standard
O010532,C05646,2025-01-12,Debit Card,Delivered,Standard
O010533,C04359,2024-10-25,Credit Card,Delivered,Standard
O010534,C04443,2025-12-21,Debit Card,Delivered,Standard
O010535,C05790,2024-07-05,Credit Card,Delivered,Standard
O010536,C05998,2025-10-29,UPI,Delivered,Standard
O010537,C01397,2024-01-16,Credit Card,Delivered,Standard
O010538,C07784,2024-06-05,Credit Card,Delivered,Standard
O010539,C03769,2024-05-09,Wallet,Delivered,Same Day
O010540,C06403,2025-04-21,Debit Card,Delivered,Standard
O010541,C05099,2024-09-03,UPI,Returned,Standard
O010542,C03983,2024-04-27,COD,Delivered,Standard
O010543,C04631,2025-11-04,Debit Card,Delivered,Standard
O010544,C00462,2025-11-30,UPI,Delivered,Express
O010545,C05656,2024-05-01,COD,Delivered,Express
O010546,C03769,2025-08-20,Credit Card,Delivered,Standard
O010547,C06908,2024-06-28,COD,Delivered,Express
O010548,C05767,2024-09-04,UPI,Delivered,Standard
O010549,C02401,2024-02-09,Net Banking,Delivered,Standard
O010550,C00742,2025-02-12,Wallet,Delivered,Standard
O010551,C07929,2025-05-24,COD,Delivered,Express
O010552,C04256,2025-03-07,UPI,Delivered,Standard
O010553,C01405,2024-04-27,UPI,Delivered,Standard
O010554,C02014,2025-02-03,UPI,Delivered,Express
O010555,C06742,2025-07-22,UPI,Delivered,Standard
O010556,C03993,2025-05-21,UPI,Delivered,Standard
O010557,C07838,2024-01-27,UPI,Delivered,Express
O010558,C07189,2025-10-10,UPI,Delivered,Standard
O010559,C00747,2025-10-13,UPI,Delivered,Standard
O010560,C06200,2024-06-30,UPI,Cancelled,Express
O010561,C02721,2025-10-10,UPI,Delivered,Standard
O010562,C01560,2024-04-15,Credit Card,Delivered,Standard
O010563,C04319,2025-09-20,UPI,Delivered,Express
O010564,C04306,2025-08-28,UPI,Delivered,Express
O010565,C05698,2025-08-28,UPI,Delivered,Standard
O010566,C01626,2024-05-03,UPI,Delivered,Express
O010567,C05803,2024-08-04,COD,Delivered,Express
O010568,C01345,2025-12-04,Wallet,Delivered,Standard
O010569,C06606,2024-08-09,Wallet,Delivered,Express
O010570,C02943,2024-10-25,COD,Delivered,Standard
O010571,C00394,2025-10-02,COD,Delivered,Standard
O010572,C05737,2025-12-11,UPI,Delivered,Express
O010573,C06867,2025-11-24,Credit Card,Delivered,Standard
O010574,C06454,2025-09-26,COD,Delivered,Express
O010575,C06764,2024-02-25,UPI,Delivered,Standard
O010576,C01616,2025-06-15,UPI,Delivered,Same Day
O010577,C01801,2025-08-16,UPI,Delivered,Express
O010578,C02985,2024-07-15,UPI,Cancelled,Standard
O010579,C05812,2024-01-06,Wallet,Delivered,Express
O010580,C03671,2024-09-08,UPI,Delivered,Express
O010581,C02381,2025-11-02,UPI,Delivered,Standard
O010582,C06265,2024-05-10,Debit Card,Delivered,Express
O010583,C02873,2025-07-01,Net Banking,Delivered,Standard
O010584,C05375,2024-09-23,UPI,Delivered,Standard
O010585,C03526,2025-08-18,Net Banking,Delivered,Standard
O010586,C00763,2024-07-05,UPI,Delivered,Standard
O010587,C01652,2024-03-27,Debit Card,Delivered,Standard
O010588,C00475,2025-07-08,Debit Card,Delivered,Standard
O010589,C07216,2024-05-21,Credit Card,Cancelled,Standard
O010590,C04243,2025-07-16,UPI,Delivered,Express
O010591,C07710,2025-12-29,UPI,Delivered,Standard
O010592,C00408,2024-06-11,Debit Card,Delivered,Standard
O010593,C05873,2025-11-10,Credit Card,Delivered,Express
O010594,C00706,2025-12-01,Credit Card,Delivered,Standard
O010595,C02336,2025-04-01,Wallet,Delivered,Standard
O010596,C01868,2024-12-29,Debit Card,Delivered,Standard
O010597,C00340,2024-01-31,Credit Card,Delivered,Express
O010598,C03524,2024-04-15,Credit Card,Delivered,Express
O010599,C03982,2025-02-15,COD,Delivered,Standard
O010600,C00532,2025-02-12,Credit Card,Delivered,Standard
O010601,C02135,2024-07-25,Net Banking,Delivered,Standard
O010602,C00242,2025-02-24,COD,Delivered,Standard
O010603,C02046,2024-10-09,Debit Card,Delivered,Express
O010604,C07948,2024-10-13,Credit Card,Delivered,Standard
O010605,C01316,2025-10-16,UPI,Delivered,Standard
O010606,C02019,2025-01-19,Net Banking,Delivered,Standard
O010607,C01270,2024-02-09,UPI,Delivered,Standard
O010608,C05094,2025-12-04,UPI,Delivered,Express
O010609,C06528,2025-08-12,Wallet,Delivered,Express
O010610,C05939,2025-11-07,Credit Card,Delivered,Express
O010611,C04891,2024-07-24,UPI,Delivered,Standard
O010612,C06902,2025-07-26,Credit Card,Delivered,Standard
O010613,C00652,2025-05-20,UPI,Delivered,Standard
O010614,C07642,2025-03-03,Debit Card,Delivered,Standard
O010615,C03219,2025-04-09,Net Banking,Returned,Standard
O010616,C05671,2024-05-09,COD,Delivered,Express
O010617,C03857,2025-06-30,COD,Delivered,Express
O010618,C01491,2024-02-16,Credit Card,Delivered,Standard
O010619,C04513,2024-07-10,Credit Card,Delivered,Standard
O010620,C00841,2024-08-19,UPI,Delivered,Standard
O010621,C03377,2025-04-29,UPI,Delivered,Standard
O010622,C01774,2025-12-06,Debit Card,Delivered,Express
O010623,C02197,2025-04-22,UPI,Cancelled,Standard
O010624,C03069,2025-11-10,Credit Card,Cancelled,Standard
O010625,C03290,2024-01-29,UPI,Delivered,Standard
O010626,C02110,2025-03-06,COD,Delivered,Standard
O010627,C07988,2025-11-13,UPI,Cancelled,Standard
O010628,C02771,2025-04-21,Debit Card,Cancelled,Standard
O010629,C07992,2024-11-29,Net Banking,Delivered,Standard
O010630,C07167,2025-12-21,UPI,Delivered,Standard
O010631,C02374,2024-05-17,Credit Card,Delivered,Standard
O010632,C05036,2025-06-20,Credit Card,Cancelled,Express
O010633,C04759,2025-03-14,UPI,Returned,Same Day
O010634,C04787,2024-02-03,Credit Card,Cancelled,Express
O010635,C06049,2024-09-18,Wallet,Delivered,Standard
O010636,C03300,2025-09-23,Credit Card,Delivered,Express
O010637,C00501,2025-04-15,Credit Card,Delivered,Standard
O010638,C04127,2024-04-30,Debit Card,Delivered,Standard
O010639,C06493,2024-05-05,Debit Card,Delivered,Standard
O010640,C07450,2025-03-26,UPI,Delivered,Standard
O010641,C00054,2024-12-04,UPI,Delivered,Standard
O010642,C00830,2024-10-12,UPI,Delivered,Standard
O010643,C04648,2024-11-14,UPI,Delivered,Same Day
O010644,C01873,2024-01-18,UPI,Delivered,Express
O010645,C05595,2025-12-22,Net Banking,Delivered,Standard
O010646,C05760,2024-03-27,Credit Card,Delivered,Express
O010647,C06780,2025-08-27,Credit Card,Delivered,Standard
O010648,C02805,2024-11-10,Debit Card,Delivered,Express
O010649,C03256,2024-04-07,Net Banking,Delivered,Standard
O010650,C05273,2024-04-17,COD,Delivered,Express
O010651,C07156,2024-04-16,Debit Card,Delivered,Standard
O010652,C06071,2025-11-13,COD,Delivered,Same Day
O010653,C01770,2024-09-04,Debit Card,Delivered,Standard
O010654,C03937,2025-08-01,Debit Card,Delivered,Standard
O010655,C02682,2024-05-07,Credit Card,Delivered,Express
O010656,C04436,2025-07-05,Net Banking,Delivered,Standard
O010657,C05770,2024-12-01,COD,Delivered,Standard
O010658,C07347,2025-06-30,UPI,Delivered,Standard
O010659,C01660,2024-09-01,Credit Card,Delivered,Standard
O010660,C05740,2025-09-05,Credit Card,Delivered,Standard
O010661,C05655,2025-11-18,COD,Delivered,Standard
O010662,C04592,2024-02-26,UPI,Delivered,Standard
O010663,C05494,2024-02-07,UPI,Delivered,Standard
O010664,C07767,2024-03-11,UPI,Cancelled,Standard
O010665,C05487,2024-05-12,Wallet,Delivered,Standard
O010666,C06983,2025-08-20,Credit Card,Delivered,Standard
O010667,C01118,2025-01-12,UPI,Delivered,Express
O010668,C07219,2025-08-27,UPI,Delivered,Express
O010669,C03476,2025-07-12,UPI,Delivered,Standard
O010670,C07620,2024-05-07,UPI,Returned,Standard
O010671,C05233,2025-11-04,UPI,Delivered,Standard
O010672,C05698,2025-09-22,COD,Delivered,Standard
O010673,C02386,2025-05-11,Net Banking,Delivered,Express
O010674,C05384,2025-05-03,UPI,Delivered,Standard
O010675,C07481,2024-10-05,Net Banking,Cancelled,Standard
O010676,C02724,2025-05-19,UPI,Delivered,Standard
O010677,C00216,2025-11-20,Net Banking,Delivered,Express
O010678,C02120,2024-04-03,COD,Delivered,Standard
O010679,C03859,2024-04-04,Credit Card,Delivered,Standard
O010680,C06891,2025-10-15,UPI,Delivered,Standard
O010681,C07986,2024-09-23,Wallet,Delivered,Standard
O010682,C02908,2025-12-10,Debit Card,Delivered,Standard
O010683,C03688,2024-06-11,Debit Card,Delivered,Express
O010684,C01161,2025-07-10,Debit Card,Delivered,Standard
O010685,C03835,2025-10-10,Credit Card,Delivered,Standard
O010686,C07446,2024-01-28,Credit Card,Delivered,Standard
O010687,C01701,2025-02-07,UPI,Delivered,Standard
O010688,C06596,2024-08-13,Credit Card,Returned,Standard
O010689,C02038,2024-08-05,UPI,Delivered,Express
O010690,C01330,2024-05-22,Credit Card,Returned,Standard
O010691,C05943,2025-07-24,Debit Card,Delivered,Standard
O010692,C01843,2024-09-09,Credit Card,Delivered,Express
O010693,C06758,2024-12-19,Net Banking,Delivered,Standard
O010694,C01550,2025-05-10,UPI,Delivered,Standard
O010695,C07530,2024-10-14,Credit Card,Delivered,Standard
O010696,C02353,2025-02-07,UPI,Delivered,Standard
O010697,C06740,2024-06-11,Net Banking,Delivered,Express
O010698,C07743,2025-10-20,UPI,Delivered,Standard
O010699,C01040,2025-08-13,Debit Card,Delivered,Standard
O010700,C03058,2024-02-25,UPI,Delivered,Express
O010701,C07297,2024-06-18,Debit Card,Delivered,Standard
O010702,C04838,2025-01-14,Credit Card,Delivered,Standard
O010703,C01763,2024-05-11,Credit Card,Delivered,Standard
O010704,C03236,2025-08-16,UPI,Delivered,Standard
O010705,C06163,2024-11-19,Wallet,Delivered,Standard
O010706,C04435,2025-10-30,Credit Card,Returned,Standard
O010707,C05981,2024-09-30,UPI,Delivered,Express
O010708,C05321,2024-04-23,UPI,Delivered,Standard
O010709,C02313,2025-10-06,Credit Card,Delivered,Standard
O010710,C04988,2024-07-03,UPI,Delivered,Express
O010711,C00768,2024-10-15,Wallet,Delivered,Standard
O010712,C07712,2025-06-14,UPI,Delivered,Standard
O010713,C03424,2024-10-29,UPI,Delivered,Express
O010714,C05058,2024-01-20,Debit Card,Returned,Standard
O010715,C00789,2024-04-24,Credit Card,Delivered,Standard
O010716,C02662,2024-10-01,Debit Card,Delivered,Standard
O010717,C06308,2024-08-28,Wallet,Returned,Standard
O010718,C00948,2024-08-04,UPI,Delivered,Standard
O010719,C00512,2025-12-27,Credit Card,Delivered,Standard
O010720,C00605,2024-05-17,Credit Card,Delivered,Standard
O010721,C00219,2025-05-03,Net Banking,Delivered,Express
O010722,C00002,2024-07-14,UPI,Delivered,Standard
O010723,C04875,2025-01-01,Net Banking,Delivered,Same Day
O010724,C06146,2025-05-11,COD,Delivered,Same Day
O010725,C06858,2024-05-24,Wallet,Delivered,Standard
O010726,C06104,2024-08-30,Debit Card,Delivered,Standard
O010727,C00802,2024-01-08,Credit Card,Delivered,Express
O010728,C03556,2024-09-25,COD,Delivered,Standard
O010729,C01878,2024-05-09,Credit Card,Delivered,Express
O010730,C06323,2025-04-26,Debit Card,Delivered,Express
O010731,C06372,2025-09-12,Net Banking,Cancelled,Same Day
O010732,C04780,2025-09-20,Wallet,Delivered,Standard
O010733,C00333,2025-09-10,Debit Card,Delivered,Express
O010734,C07334,2025-10-18,UPI,Delivered,Standard
O010735,C05758,2025-02-25,COD,Delivered,Same Day
O010736,C01626,2025-04-02,Wallet,Cancelled,Express
O010737,C07743,2024-10-06,UPI,Delivered,Standard
O010738,C06145,2025-09-24,Wallet,Delivered,Express
O010739,C05999,2025-11-02,UPI,Delivered,Standard
O010740,C03490,2025-04-24,UPI,Delivered,Standard
O010741,C00099,2024-10-12,Credit Card,Delivered,Express
O010742,C02929,2024-03-09,Credit Card,Delivered,Standard
O010743,C04308,2024-07-13,Debit Card,Delivered,Standard
O010744,C00918,2025-07-11,Credit Card,Delivered,Standard
O010745,C04384,2024-01-24,Wallet,Delivered,Express
O010746,C07735,2024-02-03,Debit Card,Delivered,Standard
O010747,C01535,2025-08-10,UPI,Delivered,Standard
O010748,C05148,2024-04-15,UPI,Delivered,Same Day
O010749,C06842,2024-11-15,UPI,Delivered,Standard
O010750,C01031,2024-09-30,UPI,Delivered,Express
O010751,C01926,2024-04-09,UPI,Delivered,Standard
O010752,C03330,2025-02-13,Credit Card,Delivered,Express
O010753,C01172,2025-12-25,Wallet,Delivered,Standard
O010754,C05495,2025-10-04,UPI,Delivered,Standard
O010755,C06708,2025-01-08,COD,Delivered,Standard
O010756,C00132,2025-12-14,UPI,Delivered,Express
O010757,C00926,2025-04-07,Debit Card,Delivered,Standard
O010758,C04827,2024-06-12,COD,Delivered,Standard
O010759,C07541,2024-02-10,Debit Card,Cancelled,Standard
O010760,C01701,2025-12-12,UPI,Delivered,Standard
O010761,C04131,2025-12-27,UPI,Delivered,Standard
O010762,C02018,2025-07-05,UPI,Returned,Standard
O010763,C04374,2025-02-15,UPI,Delivered,Standard
O010764,C02420,2025-03-23,Wallet,Delivered,Standard
O010765,C05539,2024-03-21,Wallet,Delivered,Same Day
O010766,C01366,2025-05-19,Credit Card,Returned,Standard
O010767,C03804,2025-06-30,Credit Card,Delivered,Express
O010768,C00809,2024-08-22,Credit Card,Delivered,Express
O010769,C04455,2024-08-22,Debit Card,Delivered,Standard
O010770,C05307,2025-02-27,UPI,Delivered,Standard
O010771,C07476,2025-01-27,COD,Delivered,Standard
O010772,C03797,2025-10-07,UPI,Delivered,Express
O010773,C05479,2024-01-03,UPI,Delivered,Standard
O010774,C05069,2025-06-16,Net Banking,Delivered,Standard
O010775,C01940,2024-08-19,UPI,Delivered,Standard
O010776,C07458,2025-11-28,Credit Card,Delivered,Express
O010777,C01151,2025-12-28,Credit Card,Delivered,Standard
O010778,C06106,2024-03-10,Credit Card,Delivered,Standard
O010779,C01942,2024-06-26,UPI,Delivered,Express
O010780,C03790,2024-07-06,Credit Card,Delivered,Standard
O010781,C00310,2025-08-01,UPI,Delivered,Standard
O010782,C01801,2025-11-24,UPI,Delivered,Express
O010783,C07977,2025-11-17,Debit Card,Delivered,Express
O010784,C05232,2025-03-14,Wallet,Delivered,Standard
O010785,C04415,2025-04-27,Credit Card,Delivered,Standard
O010786,C00871,2025-02-17,Debit Card,Delivered,Standard
O010787,C07656,2024-07-24,Net Banking,Delivered,Express
O010788,C07231,2025-04-06,Wallet,Delivered,Express
O010789,C00858,2025-08-28,Debit Card,Delivered,Standard
O010790,C07273,2025-12-16,UPI,Delivered,Standard
O010791,C06403,2024-08-04,Debit Card,Delivered,Standard
O010792,C02009,2024-05-25,UPI,Delivered,Express
O010793,C06286,2024-01-28,Debit Card,Delivered,Standard
O010794,C01887,2025-11-26,Credit Card,Delivered,Express
O010795,C00917,2025-12-12,Debit Card,Delivered,Standard
O010796,C01883,2024-06-04,Credit Card,Delivered,Express
O010797,C05956,2025-08-18,Net Banking,Delivered,Standard
O010798,C00112,2025-05-27,Credit Card,Delivered,Standard
O010799,C06714,2025-01-22,Credit Card,Delivered,Standard
O010800,C00154,2024-07-08,Debit Card,Cancelled,Standard
O010801,C07970,2024-03-23,Net Banking,Delivered,Standard
O010802,C05131,2024-11-14,UPI,Returned,Standard
O010803,C04839,2024-01-05,UPI,Delivered,Standard
O010804,C04181,2025-07-08,UPI,Delivered,Standard
O010805,C04394,2024-12-12,Credit Card,Delivered,Standard
O010806,C00441,2025-02-03,UPI,Delivered,Standard
O010807,C01848,2024-09-04,COD,Delivered,Standard
O010808,C06037,2024-05-28,COD,Delivered,Standard
O010809,C00888,2024-06-01,Credit Card,Delivered,Standard
O010810,C06240,2025-03-09,Credit Card,Delivered,Standard
O010811,C01253,2025-11-27,Credit Card,Returned,Standard
O010812,C04988,2025-03-06,Credit Card,Delivered,Standard
O010813,C06848,2024-12-09,Credit Card,Delivered,Standard
O010814,C02365,2025-04-23,Net Banking,Delivered,Standard
O010815,C02368,2025-11-13,UPI,Delivered,Express
O010816,C04692,2024-07-07,UPI,Delivered,Standard
O010817,C05777,2025-07-23,Debit Card,Delivered,Standard
O010818,C00484,2025-12-05,Net Banking,Delivered,Standard
O010819,C03301,2024-04-28,Credit Card,Delivered,Standard
O010820,C03856,2024-06-10,Credit Card,Delivered,Express
O010821,C06736,2025-07-11,Wallet,Returned,Express
O010822,C03470,2025-01-06,Credit Card,Delivered,Same Day
O010823,C00961,2024-12-12,COD,Delivered,Express
O010824,C02857,2024-12-04,Wallet,Delivered,Express
O010825,C04307,2025-09-10,Net Banking,Delivered,Standard
O010826,C07547,2025-10-08,Credit Card,Delivered,Standard
O010827,C07182,2024-12-27,UPI,Delivered,Standard
O010828,C03303,2024-07-22,Wallet,Delivered,Express
O010829,C03101,2025-12-09,Credit Card,Delivered,Express
O010830,C05310,2024-05-10,Debit Card,Delivered,Express
O010831,C04475,2024-08-04,Net Banking,Delivered,Standard
O010832,C04597,2025-02-13,Net Banking,Delivered,Express
O010833,C03489,2024-04-07,Net Banking,Delivered,Standard
O010834,C03757,2025-12-12,COD,Delivered,Standard
O010835,C02086,2025-10-23,Credit Card,Delivered,Express
O010836,C04951,2024-11-23,Debit Card,Delivered,Express
O010837,C05699,2025-05-19,COD,Delivered,Express
O010838,C01000,2025-11-17,Credit Card,Delivered,Standard
O010839,C05255,2024-08-08,Debit Card,Delivered,Standard
O010840,C07056,2024-05-27,UPI,Delivered,Standard
O010841,C02327,2024-03-19,COD,Delivered,Express
O010842,C06146,2025-07-18,UPI,Delivered,Standard
O010843,C02464,2025-11-24,Credit Card,Delivered,Standard
O010844,C02039,2025-02-07,Credit Card,Delivered,Standard
O010845,C02651,2024-04-23,Debit Card,Cancelled,Standard
O010846,C05744,2024-01-13,Debit Card,Delivered,Standard
O010847,C05715,2025-01-27,UPI,Delivered,Same Day
O010848,C02320,2024-05-19,Credit Card,Delivered,Express
O010849,C02070,2024-08-20,UPI,Returned,Express
O010850,C06631,2024-06-12,UPI,Delivered,Standard
O010851,C01706,2024-05-17,UPI,Delivered,Express
O010852,C00445,2024-11-09,Debit Card,Delivered,Standard
O010853,C06026,2025-02-23,Credit Card,Delivered,Standard
O010854,C01097,2024-12-23,UPI,Delivered,Standard
O010855,C03118,2024-12-28,UPI,Delivered,Standard
O010856,C03468,2025-08-05,Credit Card,Delivered,Standard
O010857,C03059,2025-10-13,Wallet,Delivered,Express
O010858,C05119,2025-12-08,Net Banking,Delivered,Standard
O010859,C03611,2025-03-04,Net Banking,Delivered,Standard
O010860,C05242,2025-08-19,UPI,Delivered,Standard
O010861,C03649,2025-04-05,Credit Card,Delivered,Same Day
O010862,C02142,2025-08-14,UPI,Delivered,Express
O010863,C00537,2025-11-17,UPI,Delivered,Standard
O010864,C02930,2025-03-10,UPI,Delivered,Same Day
O010865,C07566,2025-11-16,UPI,Delivered,Express
O010866,C05063,2025-07-19,COD,Delivered,Standard
O010867,C01795,2024-01-04,UPI,Delivered,Express
O010868,C01226,2024-05-19,Credit Card,Delivered,Same Day
O010869,C02727,2025-10-20,Credit Card,Delivered,Standard
O010870,C05069,2024-06-09,Credit Card,Delivered,Standard
O010871,C02024,2025-05-08,UPI,Delivered,Express
O010872,C00362,2025-09-05,UPI,Delivered,Standard
O010873,C04933,2025-04-20,UPI,Returned,Express
O010874,C00216,2025-12-03,Debit Card,Delivered,Standard
O010875,C06961,2025-03-31,Debit Card,Delivered,Express
O010876,C06576,2025-09-23,Wallet,Delivered,Express
O010877,C07239,2024-12-28,Net Banking,Delivered,Express
O010878,C05030,2024-04-19,Credit Card,Delivered,Standard
O010879,C05958,2024-06-23,UPI,Delivered,Standard
O010880,C00040,2025-01-20,UPI,Delivered,Express
O010881,C07702,2024-10-22,UPI,Delivered,Express
O010882,C07038,2024-01-16,UPI,Delivered,Express
O010883,C06846,2024-03-03,Credit Card,Delivered,Express
O010884,C05036,2024-12-18,Credit Card,Delivered,Express
O010885,C00138,2024-01-14,UPI,Delivered,Standard
O010886,C07852,2024-07-21,UPI,Delivered,Express
O010887,C07546,2025-09-02,Debit Card,Delivered,Same Day
O010888,C03253,2024-05-05,Debit Card,Delivered,Express
O010889,C07767,2024-09-22,UPI,Delivered,Standard
O010890,C04449,2025-06-01,Credit Card,Delivered,Express
O010891,C01023,2024-01-18,Credit Card,Delivered,Express
O010892,C02622,2024-02-10,UPI,Delivered,Standard
O010893,C07598,2024-12-07,UPI,Delivered,Standard
O010894,C03203,2025-08-08,UPI,Delivered,Standard
O010895,C01070,2025-12-28,UPI,Delivered,Express
O010896,C02644,2025-01-03,UPI,Delivered,Standard
O010897,C07880,2025-04-21,Credit Card,Delivered,Express
O010898,C02730,2024-12-30,UPI,Delivered,Express
O010899,C04943,2025-09-22,Debit Card,Delivered,Standard
O010900,C07503,2024-10-08,Debit Card,Delivered,Express
O010901,C03793,2025-05-20,Credit Card,Delivered,Standard
O010902,C04890,2025-03-03,Credit Card,Delivered,Standard
O010903,C06227,2025-11-20,Debit Card,Delivered,Same Day
O010904,C04378,2025-06-22,Net Banking,Delivered,Same Day
O010905,C03955,2024-12-05,Wallet,Delivered,Standard
O010906,C00670,2024-01-10,UPI,Returned,Standard
O010907,C00496,2025-10-15,Credit Card,Delivered,Express
O010908,C03915,2024-09-08,UPI,Delivered,Standard
O010909,C00119,2025-02-27,Debit Card,Delivered,Standard
O010910,C02226,2024-07-05,UPI,Delivered,Standard
O010911,C04520,2025-04-20,Debit Card,Delivered,Express
O010912,C00530,2024-12-02,UPI,Delivered,Standard
O010913,C07523,2024-10-16,UPI,Delivered,Express
O010914,C02532,2025-07-26,Debit Card,Delivered,Express
O010915,C03733,2025-01-10,Credit Card,Delivered,Standard
O010916,C00202,2025-10-23,Debit Card,Delivered,Express
O010917,C07962,2025-04-26,UPI,Delivered,Standard
O010918,C06606,2025-04-16,Credit Card,Delivered,Express
O010919,C06934,2025-12-30,Debit Card,Delivered,Standard
O010920,C05188,2024-08-27,Credit Card,Delivered,Standard
O010921,C03260,2024-07-09,UPI,Delivered,Standard
O010922,C03177,2025-11-07,Credit Card,Delivered,Standard
O010923,C06227,2024-02-05,UPI,Delivered,Standard
O010924,C00315,2025-04-06,Net Banking,Delivered,Standard
O010925,C02294,2024-06-22,UPI,Cancelled,Same Day
O010926,C07642,2025-09-02,Wallet,Delivered,Standard
O010927,C00560,2024-04-10,Debit Card,Delivered,Standard
O010928,C05819,2024-05-08,Net Banking,Returned,Standard
O010929,C05773,2025-07-03,Debit Card,Delivered,Same Day
O010930,C00367,2024-06-30,Credit Card,Delivered,Standard
O010931,C00814,2025-09-05,UPI,Delivered,Express
O010932,C00721,2025-10-10,UPI,Cancelled,Same Day
O010933,C06393,2024-03-10,Debit Card,Delivered,Standard
O010934,C06763,2024-11-09,Credit Card,Delivered,Standard
O010935,C06677,2024-12-26,COD,Delivered,Standard
O010936,C04205,2024-04-07,Credit Card,Delivered,Standard
O010937,C03956,2024-09-22,COD,Delivered,Express
O010938,C07784,2024-10-20,Debit Card,Cancelled,Standard
O010939,C00433,2025-09-12,Wallet,Delivered,Standard
O010940,C01344,2025-03-08,Debit Card,Delivered,Standard
O010941,C07743,2025-05-11,UPI,Delivered,Express
O010942,C05974,2024-06-06,UPI,Delivered,Standard
O010943,C06565,2025-11-30,UPI,Delivered,Standard
O010944,C00989,2025-01-26,Debit Card,Delivered,Standard
O010945,C05238,2024-10-13,UPI,Delivered,Standard
O010946,C01494,2024-11-21,Credit Card,Delivered,Standard
O010947,C04747,2025-11-01,Debit Card,Delivered,Standard
O010948,C07370,2025-01-26,COD,Delivered,Same Day
O010949,C00899,2024-09-09,UPI,Delivered,Standard
O010950,C02484,2025-06-13,Credit Card,Delivered,Standard
O010951,C05606,2024-10-01,UPI,Delivered,Same Day
O010952,C07258,2024-05-20,Debit Card,Delivered,Standard
O010953,C04036,2025-03-16,Debit Card,Delivered,Standard
O010954,C01777,2025-07-18,Net Banking,Delivered,Express
O010955,C01663,2025-09-23,Wallet,Delivered,Standard
O010956,C06689,2025-03-04,UPI,Cancelled,Standard
O010957,C01697,2025-08-20,UPI,Delivered,Standard
O010958,C01546,2025-03-12,Credit Card,Delivered,Express
O010959,C05336,2024-04-07,Credit Card,Delivered,Standard
O010960,C05509,2025-08-07,Wallet,Delivered,Standard
O010961,C06214,2024-10-23,UPI,Delivered,Standard
O010962,C04425,2024-11-21,Credit Card,Delivered,Standard
O010963,C00459,2024-04-22,Credit Card,Cancelled,Standard
O010964,C00112,2024-01-26,UPI,Delivered,Express
O010965,C03504,2024-12-14,UPI,Delivered,Standard
O010966,C06512,2025-12-09,Debit Card,Delivered,Standard
O010967,C03577,2024-06-30,Credit Card,Delivered,Standard
O010968,C06759,2025-08-11,Credit Card,Delivered,Express
O010969,C02142,2025-08-27,Credit Card,Delivered,Standard
O010970,C01072,2025-03-12,UPI,Delivered,Standard
O010971,C01703,2024-08-26,Credit Card,Delivered,Standard
O010972,C05990,2025-09-10,Debit Card,Delivered,Standard
O010973,C02724,2024-05-10,UPI,Delivered,Standard
O010974,C01199,2025-09-05,UPI,Delivered,Standard
O010975,C04175,2025-05-01,UPI,Delivered,Standard
O010976,C07160,2024-05-18,Wallet,Delivered,Standard
O010977,C01037,2025-06-24,Credit Card,Delivered,Standard
O010978,C05150,2024-03-23,Wallet,Delivered,Standard
O010979,C04252,2024-06-19,Net Banking,Delivered,Express
O010980,C01349,2024-01-14,Debit Card,Delivered,Standard
O010981,C03249,2024-02-15,UPI,Delivered,Standard
O010982,C05702,2024-10-24,Credit Card,Delivered,Same Day
O010983,C02531,2025-03-10,Net Banking,Delivered,Standard
O010984,C05528,2024-12-30,UPI,Delivered,Standard
O010985,C02443,2025-07-27,UPI,Delivered,Standard
O010986,C01815,2024-12-01,Net Banking,Delivered,Standard
O010987,C01241,2024-02-04,Net Banking,Delivered,Express
O010988,C00090,2024-10-22,UPI,Delivered,Express
O010989,C01956,2025-09-02,UPI,Cancelled,Express
O010990,C02197,2025-05-01,UPI,Delivered,Standard
O010991,C06576,2024-12-12,COD,Delivered,Standard
O010992,C02750,2024-07-11,Debit Card,Delivered,Standard
O010993,C02468,2025-06-23,Credit Card,Returned,Standard
O010994,C07998,2025-03-10,Debit Card,Delivered,Standard
O010995,C06170,2024-03-18,UPI,Delivered,Standard
O010996,C06531,2025-05-02,Wallet,Returned,Express
O010997,C02472,2025-06-28,Wallet,Delivered,Express
O010998,C03979,2025-03-19,COD,Delivered,Standard
O010999,C05248,2024-08-01,COD,Delivered,Standard
O011000,C06102,2024-12-01,Net Banking,Delivered,Express
O011001,C00643,2024-04-07,Net Banking,Delivered,Same Day
O011002,C02688,2024-04-24,Debit Card,Delivered,Same Day
O011003,C04758,2025-06-12,Debit Card,Delivered,Standard
O011004,C05800,2025-01-26,UPI,Delivered,Standard
O011005,C03321,2024-11-29,UPI,Delivered,Standard
O011006,C05445,2025-02-23,UPI,Delivered,Standard
O011007,C03857,2024-07-23,Wallet,Delivered,Standard
O011008,C02870,2025-11-07,UPI,Cancelled,Express
O011009,C06103,2025-02-17,Net Banking,Delivered,Standard
O011010,C06239,2025-04-03,Credit Card,Delivered,Standard
O011011,C02718,2025-07-10,Credit Card,Delivered,Standard
O011012,C05450,2024-04-28,UPI,Delivered,Same Day
O011013,C05239,2025-02-01,UPI,Delivered,Standard
O011014,C03685,2025-07-08,Credit Card,Delivered,Standard
O011015,C07796,2024-09-02,UPI,Delivered,Express
O011016,C04308,2025-11-13,Debit Card,Delivered,Standard
O011017,C01877,2025-01-31,Credit Card,Cancelled,Express
O011018,C06256,2024-09-26,Debit Card,Delivered,Standard
O011019,C02163,2025-03-09,UPI,Delivered,Standard
O011020,C02060,2024-01-17,Wallet,Delivered,Standard
O011021,C03362,2024-07-22,Credit Card,Delivered,Express
O011022,C03950,2025-02-25,Credit Card,Delivered,Standard
O011023,C07471,2025-07-17,Credit Card,Delivered,Standard
O011024,C01416,2024-02-22,UPI,Delivered,Standard
O011025,C03197,2024-11-20,Net Banking,Delivered,Express
O011026,C00066,2025-11-17,UPI,Delivered,Standard
O011027,C07799,2024-06-26,Credit Card,Delivered,Standard
O011028,C06942,2025-11-09,UPI,Delivered,Standard
O011029,C01540,2024-04-14,Wallet,Delivered,Standard
O011030,C05647,2024-03-19,Credit Card,Delivered,Express
O011031,C07084,2024-05-11,Credit Card,Delivered,Standard
O011032,C05444,2024-03-13,Net Banking,Delivered,Standard
O011033,C06036,2024-05-06,UPI,Delivered,Standard
O011034,C06634,2024-01-01,Credit Card,Delivered,Standard
O011035,C03241,2025-08-03,UPI,Delivered,Express
O011036,C01238,2025-04-15,Net Banking,Delivered,Standard
O011037,C00522,2025-12-13,UPI,Delivered,Standard
O011038,C04276,2025-06-28,UPI,Delivered,Standard
O011039,C03533,2025-08-16,COD,Delivered,Express
O011040,C07652,2024-09-02,Credit Card,Delivered,Standard
O011041,C02925,2025-04-09,COD,Delivered,Standard
O011042,C01222,2024-04-18,Net Banking,Delivered,Express
O011043,C03943,2025-05-27,UPI,Delivered,Standard
O011044,C03176,2025-11-17,Net Banking,Returned,Standard
O011045,C01157,2025-11-30,Wallet,Delivered,Standard
O011046,C04141,2024-05-31,Debit Card,Delivered,Express
O011047,C02934,2025-08-18,COD,Delivered,Standard
O011048,C01448,2024-01-27,Credit Card,Delivered,Standard
O011049,C02908,2024-03-18,Net Banking,Delivered,Standard
O011050,C02279,2025-07-30,Credit Card,Delivered,Express
O011051,C01269,2025-08-06,UPI,Delivered,Standard
O011052,C01853,2025-10-31,Credit Card,Delivered,Standard
O011053,C05130,2024-10-25,Credit Card,Delivered,Standard
O011054,C05236,2025-07-02,Net Banking,Delivered,Standard
O011055,C03753,2024-11-29,Credit Card,Delivered,Same Day
O011056,C04160,2025-05-24,Credit Card,Delivered,Express
O011057,C02661,2025-12-01,Wallet,Delivered,Standard
O011058,C05419,2025-10-12,Credit Card,Delivered,Standard
O011059,C06601,2025-06-11,Debit Card,Delivered,Express
O011060,C06719,2024-01-29,COD,Delivered,Standard
O011061,C07563,2025-08-03,UPI,Returned,Standard
O011062,C03573,2025-05-25,Credit Card,Delivered,Standard
O011063,C01172,2024-02-12,Wallet,Delivered,Standard
O011064,C07394,2024-06-11,Credit Card,Delivered,Express
O011065,C04191,2025-05-28,COD,Delivered,Express
O011066,C07546,2025-03-22,Credit Card,Delivered,Standard
O011067,C06112,2024-09-24,UPI,Delivered,Express
O011068,C04821,2024-11-22,Wallet,Delivered,Standard
O011069,C02775,2024-04-13,Credit Card,Delivered,Express
O011070,C04981,2025-12-15,Wallet,Delivered,Express
O011071,C01821,2025-11-17,Wallet,Delivered,Express
O011072,C00732,2024-11-21,Net Banking,Delivered,Same Day
O011073,C04648,2025-09-03,UPI,Delivered,Standard
O011074,C00915,2024-01-26,UPI,Delivered,Standard
O011075,C07409,2024-11-17,Credit Card,Delivered,Standard
O011076,C03993,2024-11-22,Debit Card,Delivered,Standard
O011077,C06324,2024-08-23,UPI,Delivered,Express
O011078,C02961,2025-06-29,Net Banking,Delivered,Standard
O011079,C02783,2024-11-11,Debit Card,Delivered,Same Day
O011080,C00102,2024-06-04,Net Banking,Delivered,Standard
O011081,C00068,2024-04-23,Net Banking,Delivered,Standard
O011082,C04969,2025-02-19,Credit Card,Delivered,Express
O011083,C03782,2025-08-27,Debit Card,Delivered,Standard
O011084,C05543,2025-06-01,Credit Card,Delivered,Standard
O011085,C01265,2024-08-20,UPI,Delivered,Standard
O011086,C02049,2025-04-25,UPI,Delivered,Express
O011087,C02655,2025-04-20,UPI,Delivered,Standard
O011088,C01825,2025-06-15,Net Banking,Delivered,Standard
O011089,C06806,2024-02-14,Net Banking,Delivered,Express
O011090,C00654,2024-02-07,Debit Card,Delivered,Express
O011091,C03059,2025-03-16,COD,Delivered,Same Day
O011092,C07615,2025-10-10,Debit Card,Cancelled,Same Day
O011093,C03247,2024-07-23,UPI,Returned,Standard
O011094,C03923,2025-11-06,UPI,Delivered,Express
O011095,C06885,2024-01-05,Credit Card,Delivered,Express
O011096,C05607,2024-04-02,Credit Card,Delivered,Standard
O011097,C04597,2025-06-20,Debit Card,Delivered,Standard
O011098,C05543,2024-01-13,Credit Card,Delivered,Standard
O011099,C01297,2024-12-28,Wallet,Delivered,Standard
O011100,C04459,2025-03-19,UPI,Cancelled,Standard
O011101,C06693,2025-05-12,UPI,Delivered,Same Day
O011102,C04336,2024-08-15,Net Banking,Delivered,Standard
O011103,C06213,2024-12-15,Net Banking,Cancelled,Standard
O011104,C03502,2025-12-03,Credit Card,Delivered,Standard
O011105,C00741,2024-08-11,UPI,Delivered,Standard
O011106,C04978,2025-01-01,UPI,Delivered,Standard
O011107,C01880,2024-04-29,Credit Card,Delivered,Express
O011108,C07087,2024-02-15,Credit Card,Delivered,Standard
O011109,C00442,2025-07-21,UPI,Delivered,Standard
O011110,C00295,2025-04-14,Credit Card,Delivered,Standard
O011111,C07030,2024-01-27,Credit Card,Delivered,Express
O011112,C04790,2025-12-10,UPI,Delivered,Standard
O011113,C04060,2024-02-04,Debit Card,Delivered,Express
O011114,C03501,2025-12-17,Credit Card,Delivered,Standard
O011115,C03702,2025-05-01,UPI,Cancelled,Standard
O011116,C05473,2025-06-20,UPI,Delivered,Standard
O011117,C01946,2024-11-16,Debit Card,Returned,Express
O011118,C06444,2025-07-11,Credit Card,Delivered,Standard
O011119,C03891,2025-04-19,UPI,Delivered,Express
O011120,C03708,2024-12-25,Credit Card,Delivered,Standard
O011121,C02882,2024-03-31,Credit Card,Delivered,Same Day
O011122,C06658,2024-07-08,UPI,Delivered,Standard
O011123,C07283,2025-02-19,UPI,Delivered,Standard
O011124,C06015,2025-03-25,Credit Card,Delivered,Standard
O011125,C02063,2025-09-06,Net Banking,Delivered,Standard
O011126,C03555,2024-10-27,Net Banking,Delivered,Express
O011127,C07670,2024-01-05,Debit Card,Delivered,Standard
O011128,C01394,2025-07-02,COD,Delivered,Express
O011129,C00726,2024-10-16,COD,Delivered,Standard
O011130,C05895,2025-06-16,UPI,Delivered,Standard
O011131,C00258,2024-09-15,Credit Card,Delivered,Standard
O011132,C01441,2025-09-28,UPI,Delivered,Standard
O011133,C03560,2025-07-17,Credit Card,Delivered,Express
O011134,C06019,2024-06-19,UPI,Delivered,Standard
O011135,C05919,2025-11-28,Debit Card,Delivered,Standard
O011136,C05461,2024-08-26,Credit Card,Cancelled,Standard
O011137,C01428,2024-05-07,Debit Card,Delivered,Standard
O011138,C04177,2024-09-19,Debit Card,Delivered,Standard
O011139,C02966,2025-05-14,Credit Card,Cancelled,Standard
O011140,C02500,2025-02-13,Debit Card,Delivered,Same Day
O011141,C07901,2025-10-12,Credit Card,Delivered,Standard
O011142,C01326,2025-01-06,UPI,Delivered,Standard
O011143,C00095,2025-12-15,UPI,Delivered,Standard
O011144,C05995,2024-12-05,Net Banking,Delivered,Standard
O011145,C01064,2025-11-26,Net Banking,Delivered,Standard
O011146,C04583,2024-06-13,COD,Delivered,Express
O011147,C01868,2025-08-12,Credit Card,Delivered,Standard
O011148,C04476,2025-06-12,Credit Card,Delivered,Standard
O011149,C05685,2025-02-13,Debit Card,Delivered,Standard
O011150,C07394,2025-07-22,UPI,Delivered,Express
O011151,C02546,2024-05-24,UPI,Cancelled,Standard
O011152,C04177,2024-03-23,Debit Card,Delivered,Express
O011153,C05375,2025-01-28,Credit Card,Delivered,Standard
O011154,C00116,2024-05-06,Credit Card,Delivered,Express
O011155,C02311,2024-05-23,Net Banking,Delivered,Standard
O011156,C05242,2024-10-14,UPI,Cancelled,Standard
O011157,C04825,2025-04-29,Credit Card,Delivered,Same Day
O011158,C05362,2025-09-10,UPI,Delivered,Standard
O011159,C06026,2025-12-30,COD,Delivered,Standard
O011160,C02494,2024-02-29,COD,Delivered,Standard
O011161,C07546,2024-01-02,UPI,Cancelled,Standard
O011162,C04572,2024-10-24,Debit Card,Delivered,Express
O011163,C03673,2025-06-29,Debit Card,Delivered,Standard
O011164,C05440,2025-07-16,UPI,Delivered,Standard
O011165,C03009,2025-04-04,Wallet,Delivered,Standard
O011166,C07809,2025-01-15,Debit Card,Cancelled,Standard
O011167,C00559,2025-06-22,Debit Card,Delivered,Standard
O011168,C06169,2024-07-26,Credit Card,Delivered,Express
O011169,C01488,2024-10-22,Credit Card,Delivered,Standard
O011170,C05538,2025-10-03,Credit Card,Delivered,Standard
O011171,C04847,2024-10-07,Debit Card,Delivered,Standard
O011172,C03656,2024-01-05,Credit Card,Delivered,Standard
O011173,C03239,2025-01-03,UPI,Cancelled,Standard
O011174,C07691,2024-09-10,Debit Card,Delivered,Express
O011175,C00295,2025-10-03,Credit Card,Delivered,Express
O011176,C02840,2024-09-19,UPI,Delivered,Standard
O011177,C01458,2025-11-27,Net Banking,Delivered,Standard
O011178,C07936,2024-02-21,Wallet,Delivered,Standard
O011179,C07135,2025-08-10,UPI,Delivered,Express
O011180,C00467,2025-11-20,Debit Card,Delivered,Same Day
O011181,C01831,2024-07-08,Credit Card,Delivered,Standard
O011182,C02051,2024-01-31,UPI,Cancelled,Express
O011183,C03100,2025-11-15,UPI,Delivered,Standard
O011184,C03327,2025-11-01,Credit Card,Delivered,Standard
O011185,C02062,2024-10-04,UPI,Delivered,Standard
O011186,C04532,2025-11-23,Credit Card,Delivered,Standard
O011187,C04972,2024-02-22,Net Banking,Returned,Express
O011188,C05215,2024-12-17,Credit Card,Delivered,Standard
O011189,C05202,2025-12-23,Wallet,Delivered,Standard
O011190,C03950,2025-11-12,Net Banking,Delivered,Express
O011191,C04734,2025-11-27,Debit Card,Delivered,Standard
O011192,C00045,2024-10-28,Net Banking,Delivered,Standard
O011193,C04615,2024-01-05,Debit Card,Delivered,Express
O011194,C04899,2025-06-24,UPI,Delivered,Standard
O011195,C04777,2024-05-16,Credit Card,Delivered,Standard
O011196,C01354,2025-01-11,Debit Card,Delivered,Express
O011197,C05247,2025-03-25,UPI,Delivered,Standard
O011198,C06020,2025-05-21,UPI,Delivered,Express
O011199,C05699,2024-02-12,Credit Card,Delivered,Express
O011200,C02358,2025-11-09,Debit Card,Delivered,Standard
O011201,C03130,2025-11-26,UPI,Delivered,Standard
O011202,C06106,2025-09-11,COD,Delivered,Standard
O011203,C01220,2024-09-07,UPI,Returned,Same Day
O011204,C03792,2024-04-10,Net Banking,Cancelled,Standard
O011205,C03001,2025-05-29,Net Banking,Delivered,Standard
O011206,C00960,2025-06-23,COD,Delivered,Standard
O011207,C05217,2024-10-23,Credit Card,Delivered,Standard
O011208,C06285,2024-08-06,UPI,Delivered,Standard
O011209,C05964,2025-11-19,Debit Card,Delivered,Standard
O011210,C00602,2024-08-18,UPI,Delivered,Standard
O011211,C06210,2024-06-27,Credit Card,Delivered,Standard
O011212,C05387,2024-06-01,UPI,Delivered,Standard
O011213,C05207,2024-08-22,UPI,Delivered,Express
O011214,C03747,2024-03-21,Debit Card,Delivered,Standard
O011215,C04988,2024-04-21,Debit Card,Delivered,Standard
O011216,C02297,2024-02-01,Credit Card,Delivered,Express
O011217,C02005,2024-04-28,UPI,Delivered,Standard
O011218,C06260,2024-05-06,Debit Card,Delivered,Standard
O011219,C06353,2025-02-14,Net Banking,Delivered,Standard
O011220,C05449,2025-02-19,Wallet,Delivered,Standard
O011221,C01569,2024-04-25,Debit Card,Delivered,Express
O011222,C01904,2025-07-28,UPI,Cancelled,Express
O011223,C02179,2025-10-15,UPI,Delivered,Standard
O011224,C05299,2025-04-10,Debit Card,Delivered,Standard
O011225,C04524,2024-01-06,UPI,Delivered,Standard
O011226,C01278,2025-05-26,UPI,Delivered,Standard
O011227,C01588,2025-12-06,UPI,Delivered,Express
O011228,C02562,2025-08-09,Credit Card,Delivered,Standard
O011229,C03136,2024-02-08,Net Banking,Delivered,Standard
O011230,C05099,2024-06-01,Credit Card,Delivered,Express
O011231,C05564,2025-07-16,UPI,Delivered,Express
O011232,C05218,2024-12-05,Credit Card,Delivered,Standard
O011233,C05200,2024-03-06,UPI,Delivered,Standard
O011234,C02051,2024-01-17,Debit Card,Delivered,Standard
O011235,C04982,2024-01-14,Wallet,Delivered,Standard
O011236,C04970,2025-02-26,Debit Card,Delivered,Express
O011237,C00364,2025-09-02,Credit Card,Delivered,Express
O011238,C04755,2025-02-09,Credit Card,Delivered,Standard
O011239,C04369,2025-07-08,Net Banking,Delivered,Same Day
O011240,C03580,2025-08-26,Debit Card,Delivered,Standard
O011241,C05910,2025-12-18,Debit Card,Delivered,Standard
O011242,C04615,2025-02-21,Net Banking,Delivered,Express
O011243,C05556,2024-10-04,UPI,Delivered,Standard
O011244,C03795,2025-07-02,Credit Card,Delivered,Express
O011245,C04726,2024-02-29,Debit Card,Delivered,Standard
O011246,C03644,2025-08-14,COD,Delivered,Standard
O011247,C07022,2025-02-16,Net Banking,Delivered,Standard
O011248,C03132,2024-10-02,Debit Card,Delivered,Standard
O011249,C06197,2025-02-22,COD,Delivered,Standard
O011250,C00684,2024-05-04,UPI,Delivered,Standard
O011251,C07013,2024-10-11,Debit Card,Delivered,Express
O011252,C06984,2024-11-24,UPI,Delivered,Express
O011253,C06562,2024-03-17,Net Banking,Delivered,Standard
O011254,C00421,2024-11-04,Net Banking,Delivered,Express
O011255,C06731,2025-10-01,Credit Card,Delivered,Standard
O011256,C06182,2024-12-17,Net Banking,Delivered,Express
O011257,C05749,2024-07-28,Wallet,Delivered,Standard
O011258,C02389,2025-10-08,Debit Card,Delivered,Standard
O011259,C04087,2024-09-27,UPI,Delivered,Express
O011260,C06291,2024-06-20,UPI,Delivered,Standard
O011261,C06024,2025-12-13,UPI,Delivered,Standard
O011262,C02536,2025-11-04,UPI,Delivered,Express
O011263,C06645,2024-03-12,COD,Delivered,Express
O011264,C03048,2025-05-30,UPI,Delivered,Express
O011265,C07955,2024-09-21,UPI,Delivered,Standard
O011266,C07669,2024-09-07,Credit Card,Delivered,Express
O011267,C07665,2024-06-08,UPI,Delivered,Standard
O011268,C02644,2025-07-31,Debit Card,Delivered,Same Day
O011269,C01522,2025-10-20,Wallet,Cancelled,Express
O011270,C04725,2024-07-03,Debit Card,Delivered,Standard
O011271,C00124,2025-05-14,Wallet,Cancelled,Standard
O011272,C06460,2024-12-21,UPI,Returned,Standard
O011273,C01898,2025-07-01,UPI,Delivered,Standard
O011274,C07691,2024-12-15,COD,Delivered,Standard
O011275,C00431,2024-03-23,Credit Card,Delivered,Standard
O011276,C01551,2025-12-27,Credit Card,Delivered,Standard
O011277,C02164,2024-08-15,Credit Card,Delivered,Standard
O011278,C02546,2024-10-31,UPI,Delivered,Standard
O011279,C05528,2024-12-07,Debit Card,Delivered,Express
O011280,C06972,2024-02-06,Debit Card,Delivered,Standard
O011281,C06374,2024-02-27,Credit Card,Delivered,Standard
O011282,C06283,2025-10-11,Wallet,Delivered,Express
O011283,C01267,2025-07-04,UPI,Delivered,Express
O011284,C04342,2025-12-17,Debit Card,Delivered,Express
O011285,C07904,2025-05-19,Credit Card,Delivered,Standard
O011286,C04397,2024-04-18,Credit Card,Delivered,Express
O011287,C02160,2025-04-03,Credit Card,Delivered,Express
O011288,C00513,2024-10-27,UPI,Cancelled,Express
O011289,C06010,2024-12-01,Net Banking,Delivered,Standard
O011290,C04380,2024-10-06,UPI,Delivered,Standard
O011291,C07000,2025-12-07,COD,Delivered,Standard
O011292,C01468,2024-07-30,Debit Card,Delivered,Standard
O011293,C00208,2025-12-08,Wallet,Delivered,Express
O011294,C02599,2025-11-02,UPI,Delivered,Standard
O011295,C07989,2024-01-17,Credit Card,Delivered,Standard
O011296,C06000,2025-10-22,Debit Card,Delivered,Standard
O011297,C01332,2024-12-22,Debit Card,Delivered,Express
O011298,C05958,2024-11-28,Credit Card,Delivered,Same Day
O011299,C05098,2024-07-11,UPI,Delivered,Standard
O011300,C02526,2024-10-20,UPI,Delivered,Same Day
O011301,C07527,2025-03-03,Debit Card,Returned,Standard
O011302,C04344,2025-11-29,UPI,Delivered,Standard
O011303,C07430,2025-01-03,UPI,Delivered,Express
O011304,C00508,2025-05-11,Wallet,Returned,Standard
O011305,C05236,2024-10-26,UPI,Delivered,Standard
O011306,C00862,2024-02-13,UPI,Delivered,Standard
O011307,C07050,2025-02-05,Debit Card,Delivered,Express
O011308,C03812,2024-06-01,Credit Card,Returned,Standard
O011309,C03592,2025-02-27,UPI,Cancelled,Express
O011310,C05767,2025-08-02,UPI,Delivered,Standard
O011311,C05361,2024-09-13,Net Banking,Delivered,Express
O011312,C05294,2024-02-06,Debit Card,Delivered,Express
O011313,C01469,2025-10-22,Debit Card,Delivered,Standard
O011314,C04695,2024-08-20,Credit Card,Delivered,Standard
O011315,C04722,2025-11-29,Net Banking,Delivered,Express
O011316,C01165,2024-04-22,UPI,Delivered,Standard
O011317,C03982,2025-04-17,UPI,Delivered,Standard
O011318,C07396,2025-07-15,UPI,Delivered,Standard
O011319,C00151,2024-04-26,Net Banking,Delivered,Standard
O011320,C00064,2025-11-27,Debit Card,Delivered,Express
O011321,C00574,2024-02-12,UPI,Delivered,Standard
O011322,C02966,2024-10-23,UPI,Delivered,Standard
O011323,C07936,2025-12-18,UPI,Delivered,Standard
O011324,C05094,2025-04-11,Net Banking,Delivered,Express
O011325,C02703,2025-10-21,Wallet,Delivered,Standard
O011326,C04119,2024-03-20,Credit Card,Delivered,Standard
O011327,C06276,2025-09-20,UPI,Delivered,Standard
O011328,C06607,2024-02-09,COD,Delivered,Express
O011329,C02442,2025-05-28,UPI,Delivered,Express
O011330,C00490,2024-12-17,COD,Delivered,Standard
O011331,C03225,2025-02-07,Credit Card,Cancelled,Standard
O011332,C03843,2025-11-26,Debit Card,Delivered,Standard
O011333,C05148,2025-06-28,Credit Card,Delivered,Standard
O011334,C07716,2025-01-20,Credit Card,Delivered,Express
O011335,C06155,2024-02-26,UPI,Delivered,Express
O011336,C04834,2024-04-08,UPI,Delivered,Express
O011337,C01614,2024-12-05,UPI,Delivered,Standard
O011338,C05841,2025-04-14,Credit Card,Delivered,Standard
O011339,C03837,2024-10-17,Debit Card,Delivered,Express
O011340,C06576,2025-11-21,UPI,Delivered,Standard
O011341,C05971,2024-11-03,UPI,Delivered,Standard
O011342,C06359,2025-04-27,Net Banking,Delivered,Standard
O011343,C05191,2025-03-25,Debit Card,Delivered,Standard
O011344,C07378,2025-01-28,UPI,Delivered,Standard
O011345,C03025,2025-12-16,Credit Card,Delivered,Standard
O011346,C01684,2024-01-30,UPI,Delivered,Standard
O011347,C06063,2024-01-26,UPI,Delivered,Standard
O011348,C06969,2024-03-10,UPI,Cancelled,Standard
O011349,C04073,2025-09-14,UPI,Delivered,Express
O011350,C03507,2025-09-19,Debit Card,Delivered,Standard
O011351,C05129,2024-06-18,Credit Card,Delivered,Standard
O011352,C04540,2024-02-21,Net Banking,Delivered,Express
O011353,C02141,2025-12-29,Credit Card,Delivered,Standard
O011354,C01976,2025-12-10,Debit Card,Delivered,Express
O011355,C07086,2024-01-02,UPI,Delivered,Express
O011356,C03835,2025-06-14,COD,Delivered,Standard
O011357,C03470,2024-06-07,Credit Card,Delivered,Standard
O011358,C06764,2025-05-29,Net Banking,Delivered,Express
O011359,C04378,2025-08-20,Credit Card,Delivered,Express
O011360,C05021,2024-09-09,UPI,Delivered,Standard
O011361,C03721,2025-06-16,COD,Delivered,Standard
O011362,C07199,2025-07-17,UPI,Delivered,Express
O011363,C02531,2024-10-22,Net Banking,Delivered,Standard
O011364,C07344,2024-07-10,Debit Card,Delivered,Standard
O011365,C03272,2024-07-26,UPI,Delivered,Standard
O011366,C03752,2024-04-11,Credit Card,Delivered,Express
O011367,C06964,2024-03-25,Credit Card,Returned,Standard
O011368,C00355,2024-10-21,Debit Card,Delivered,Standard
O011369,C04177,2025-11-13,UPI,Delivered,Standard
O011370,C04108,2025-01-23,UPI,Delivered,Standard
O011371,C04144,2025-03-28,Debit Card,Delivered,Express
O011372,C02143,2024-05-19,Credit Card,Delivered,Express
O011373,C03517,2025-09-18,Net Banking,Delivered,Standard
O011374,C03208,2024-01-13,Debit Card,Delivered,Express
O011375,C01387,2024-04-08,UPI,Returned,Express
O011376,C07329,2025-01-23,COD,Delivered,Standard
O011377,C04659,2024-03-04,Credit Card,Cancelled,Express
O011378,C00359,2024-06-09,Debit Card,Delivered,Standard
O011379,C03918,2024-07-15,UPI,Delivered,Standard
O011380,C03359,2024-01-07,UPI,Cancelled,Same Day
O011381,C01663,2025-12-30,Credit Card,Delivered,Express
O011382,C02196,2024-12-04,Credit Card,Delivered,Standard
O011383,C05648,2024-06-06,UPI,Delivered,Express
O011384,C02152,2025-10-02,UPI,Delivered,Standard
O011385,C06444,2024-04-30,UPI,Delivered,Standard
O011386,C05314,2025-12-17,Credit Card,Delivered,Standard
O011387,C05496,2024-12-29,UPI,Delivered,Standard
O011388,C07921,2024-12-25,Wallet,Delivered,Standard
O011389,C04153,2024-04-10,Credit Card,Delivered,Express
O011390,C00193,2025-12-15,Credit Card,Delivered,Standard
O011391,C06267,2025-11-23,Credit Card,Delivered,Standard
O011392,C05603,2024-09-09,Credit Card,Delivered,Standard
O011393,C04933,2024-09-28,Credit Card,Delivered,Standard
O011394,C04072,2025-11-03,UPI,Delivered,Same Day
O011395,C00383,2024-09-11,Credit Card,Delivered,Standard
O011396,C06913,2025-07-18,Debit Card,Delivered,Standard
O011397,C05906,2025-12-07,Credit Card,Delivered,Standard
O011398,C05139,2024-04-21,Credit Card,Delivered,Express
O011399,C05430,2025-01-01,Net Banking,Delivered,Standard
O011400,C00792,2025-01-27,Debit Card,Delivered,Standard
O011401,C01186,2024-10-21,Credit Card,Delivered,Standard
O011402,C07338,2025-09-09,UPI,Delivered,Same Day
O011403,C06042,2025-09-27,Net Banking,Delivered,Standard
O011404,C07785,2024-11-20,Credit Card,Delivered,Standard
O011405,C06781,2024-05-17,Wallet,Returned,Express
O011406,C02330,2024-04-10,Debit Card,Delivered,Express
O011407,C02076,2025-08-29,Credit Card,Delivered,Standard
O011408,C07334,2025-06-12,Credit Card,Delivered,Standard
O011409,C06903,2025-03-02,Debit Card,Delivered,Standard
O011410,C06513,2024-01-15,UPI,Delivered,Express
O011411,C01177,2025-10-23,Net Banking,Delivered,Express
O011412,C03428,2025-02-20,Credit Card,Delivered,Express
O011413,C03905,2024-08-08,Debit Card,Delivered,Standard
O011414,C06871,2024-07-25,Debit Card,Delivered,Standard
O011415,C03111,2025-06-17,Credit Card,Delivered,Standard
O011416,C05289,2025-10-28,UPI,Delivered,Standard
O011417,C02494,2025-07-27,Credit Card,Delivered,Standard
O011418,C04980,2024-06-02,UPI,Delivered,Same Day
O011419,C02019,2025-07-11,Debit Card,Delivered,Standard
O011420,C01278,2025-04-18,UPI,Delivered,Standard
O011421,C01393,2025-06-26,Debit Card,Delivered,Standard
O011422,C03769,2025-03-28,Credit Card,Delivered,Standard
O011423,C01938,2024-02-06,Credit Card,Cancelled,Standard
O011424,C02746,2024-01-03,Net Banking,Delivered,Express
O011425,C07410,2025-02-08,Wallet,Delivered,Standard
O011426,C03022,2024-06-22,COD,Delivered,Standard
O011427,C05263,2024-07-30,UPI,Delivered,Standard
O011428,C06803,2024-12-10,UPI,Delivered,Same Day
O011429,C01923,2025-10-29,Debit Card,Delivered,Same Day
O011430,C05790,2024-03-31,Credit Card,Delivered,Standard
O011431,C03944,2024-09-25,COD,Cancelled,Standard
O011432,C05771,2024-03-11,Net Banking,Cancelled,Standard
O011433,C01037,2024-04-30,COD,Delivered,Express
O011434,C04119,2025-03-18,Credit Card,Delivered,Standard
O011435,C04139,2024-02-29,Debit Card,Delivered,Standard
O011436,C07706,2024-03-04,UPI,Returned,Standard
O011437,C01437,2024-12-24,Debit Card,Delivered,Standard
O011438,C07270,2025-05-06,UPI,Returned,Standard
O011439,C05181,2024-03-31,UPI,Delivered,Standard
O011440,C05143,2024-02-12,Credit Card,Delivered,Standard
O011441,C07592,2025-06-12,UPI,Delivered,Same Day
O011442,C04288,2024-09-07,UPI,Delivered,Express
O011443,C05092,2025-01-23,Debit Card,Delivered,Standard
O011444,C02377,2024-06-19,Debit Card,Delivered,Standard
O011445,C07069,2025-07-19,Credit Card,Delivered,Standard
O011446,C04300,2024-06-24,Credit Card,Delivered,Standard
O011447,C05606,2025-05-12,UPI,Delivered,Express
O011448,C00897,2025-09-06,Debit Card,Delivered,Express
O011449,C03380,2025-12-18,UPI,Delivered,Standard
O011450,C06534,2024-10-31,Debit Card,Delivered,Standard
O011451,C03255,2025-12-08,Net Banking,Delivered,Standard
O011452,C07772,2024-02-24,Credit Card,Delivered,Same Day
O011453,C03193,2024-07-03,Debit Card,Delivered,Standard
O011454,C02967,2025-05-29,Debit Card,Delivered,Express
O011455,C04838,2025-02-08,UPI,Delivered,Express
O011456,C06718,2024-07-21,UPI,Delivered,Standard
O011457,C07948,2024-09-29,UPI,Delivered,Express
O011458,C04021,2024-12-13,Credit Card,Delivered,Standard
O011459,C05299,2024-10-18,UPI,Delivered,Standard
O011460,C07144,2024-09-18,Debit Card,Delivered,Standard
O011461,C04443,2025-07-27,Debit Card,Delivered,Standard
O011462,C07691,2024-06-17,Credit Card,Cancelled,Standard
O011463,C05272,2024-02-08,Credit Card,Delivered,Express
O011464,C06972,2024-09-18,UPI,Delivered,Standard
O011465,C05228,2024-05-16,COD,Delivered,Standard
O011466,C07201,2025-05-07,Debit Card,Cancelled,Express
O011467,C02834,2025-06-12,Net Banking,Delivered,Standard
O011468,C02362,2024-06-21,UPI,Delivered,Standard
O011469,C06970,2024-02-10,Debit Card,Delivered,Standard
O011470,C04311,2024-07-06,Debit Card,Delivered,Express
O011471,C02381,2024-05-26,COD,Delivered,Standard
O011472,C04234,2025-12-08,Net Banking,Delivered,Express
O011473,C06359,2024-12-29,UPI,Delivered,Standard
O011474,C06758,2025-12-16,COD,Delivered,Standard
O011475,C02455,2025-10-28,Net Banking,Delivered,Express
O011476,C04295,2025-08-08,Wallet,Delivered,Standard
O011477,C04668,2025-07-09,Credit Card,Delivered,Standard
O011478,C07691,2024-05-21,Credit Card,Delivered,Standard
O011479,C01481,2024-05-13,Credit Card,Delivered,Standard
O011480,C05893,2025-07-01,COD,Delivered,Express
O011481,C07106,2025-01-03,UPI,Delivered,Express
O011482,C06100,2025-08-14,Net Banking,Delivered,Standard
O011483,C04514,2024-01-23,UPI,Delivered,Standard
O011484,C01794,2025-10-27,COD,Delivered,Standard
O011485,C02552,2025-05-08,Credit Card,Delivered,Standard
O011486,C01276,2024-05-24,UPI,Delivered,Express
O011487,C06884,2024-10-02,Credit Card,Delivered,Express
O011488,C06718,2025-09-04,Net Banking,Cancelled,Standard
O011489,C00625,2025-11-14,Credit Card,Delivered,Standard
O011490,C00069,2024-06-30,Credit Card,Delivered,Express
O011491,C02977,2025-10-03,UPI,Delivered,Standard
O011492,C02629,2025-05-24,UPI,Delivered,Standard
O011493,C07541,2024-03-04,Credit Card,Delivered,Standard
O011494,C05506,2024-09-24,Debit Card,Delivered,Standard
O011495,C00140,2024-12-22,Credit Card,Delivered,Express
O011496,C00572,2025-09-28,Debit Card,Delivered,Standard
O011497,C00138,2025-11-17,Net Banking,Delivered,Standard
O011498,C01710,2024-01-13,Credit Card,Delivered,Standard
O011499,C07560,2024-12-09,Credit Card,Delivered,Standard
O011500,C04463,2024-11-29,UPI,Delivered,Express
O011501,C07563,2025-09-20,UPI,Delivered,Standard
O011502,C02106,2025-09-02,Wallet,Delivered,Express
O011503,C01182,2025-02-15,Credit Card,Delivered,Standard
O011504,C06895,2024-01-23,UPI,Returned,Standard
O011505,C02682,2024-07-15,Credit Card,Delivered,Express
O011506,C04142,2025-01-22,Credit Card,Delivered,Standard
O011507,C04697,2025-10-23,Debit Card,Returned,Express
O011508,C00202,2024-03-15,UPI,Delivered,Standard
O011509,C02435,2025-09-21,Credit Card,Delivered,Standard
O011510,C02907,2025-03-02,UPI,Cancelled,Standard
O011511,C06337,2025-05-20,UPI,Delivered,Standard
O011512,C01979,2025-09-29,Credit Card,Delivered,Standard
O011513,C01295,2025-09-10,Credit Card,Delivered,Standard
O011514,C01252,2025-08-14,Debit Card,Cancelled,Standard
O011515,C06146,2024-06-10,UPI,Returned,Standard
O011516,C05202,2025-06-10,UPI,Delivered,Express
O011517,C04769,2025-09-21,COD,Delivered,Standard
O011518,C01646,2024-05-27,UPI,Delivered,Express
O011519,C00808,2025-04-02,Debit Card,Delivered,Same Day
O011520,C05141,2024-05-28,UPI,Delivered,Standard
O011521,C03407,2025-11-20,UPI,Delivered,Standard
O011522,C04483,2024-09-02,Debit Card,Delivered,Express
O011523,C05086,2025-05-26,Debit Card,Delivered,Express
O011524,C07743,2025-01-31,UPI,Delivered,Standard
O011525,C00431,2024-07-25,UPI,Delivered,Express
O011526,C06066,2024-09-02,UPI,Delivered,Express
O011527,C06846,2024-04-04,Credit Card,Delivered,Standard
O011528,C05277,2025-08-20,Debit Card,Delivered,Standard
O011529,C07817,2025-01-27,UPI,Delivered,Standard
O011530,C01325,2024-01-10,Credit Card,Delivered,Standard
O011531,C01614,2024-04-04,Debit Card,Delivered,Standard
O011532,C04215,2025-06-25,Wallet,Delivered,Standard
O011533,C00886,2024-09-04,UPI,Delivered,Standard
O011534,C07068,2024-07-11,Wallet,Delivered,Standard
O011535,C01077,2024-07-12,Debit Card,Delivered,Standard
O011536,C00676,2024-01-18,UPI,Delivered,Standard
O011537,C01371,2024-04-07,Credit Card,Delivered,Standard
O011538,C02552,2025-06-03,UPI,Delivered,Standard
O011539,C00163,2024-05-06,UPI,Delivered,Standard
O011540,C06797,2025-05-08,Credit Card,Delivered,Same Day
O011541,C03170,2025-11-16,UPI,Delivered,Standard
O011542,C03407,2024-01-25,Debit Card,Delivered,Standard
O011543,C00434,2024-05-13,UPI,Delivered,Same Day
O011544,C00291,2024-04-05,UPI,Delivered,Standard
O011545,C00519,2024-08-18,UPI,Delivered,Express
O011546,C06832,2025-11-23,Credit Card,Delivered,Express
O011547,C07146,2024-05-17,UPI,Delivered,Standard
O011548,C00104,2025-11-07,Credit Card,Delivered,Standard
O011549,C05834,2024-10-11,Net Banking,Cancelled,Same Day
O011550,C06247,2024-09-06,UPI,Delivered,Same Day
O011551,C02786,2024-10-17,Debit Card,Delivered,Express
O011552,C01295,2024-11-25,COD,Delivered,Same Day
O011553,C04617,2024-09-13,Credit Card,Delivered,Standard
O011554,C07709,2024-02-15,Debit Card,Returned,Standard
O011555,C04703,2024-11-28,Credit Card,Delivered,Standard
O011556,C05467,2024-11-07,Debit Card,Delivered,Standard
O011557,C02261,2025-01-29,Debit Card,Delivered,Standard
O011558,C01599,2025-11-30,Credit Card,Delivered,Standard
O011559,C00830,2024-10-24,Credit Card,Delivered,Standard
O011560,C06337,2025-06-15,UPI,Delivered,Standard
O011561,C03434,2025-07-29,Credit Card,Delivered,Standard
O011562,C05568,2024-03-08,Credit Card,Cancelled,Standard
O011563,C00161,2024-11-01,Net Banking,Delivered,Standard
O011564,C02453,2024-02-21,Debit Card,Delivered,Standard
O011565,C01211,2024-09-14,UPI,Delivered,Standard
O011566,C05025,2025-05-27,Net Banking,Returned,Standard
O011567,C07734,2024-02-17,UPI,Delivered,Express
O011568,C06275,2025-02-22,Debit Card,Delivered,Express
O011569,C01331,2025-01-05,UPI,Delivered,Standard
O011570,C01006,2024-10-04,Credit Card,Delivered,Express
O011571,C04300,2025-10-17,COD,Cancelled,Standard
O011572,C02014,2025-04-26,Credit Card,Delivered,Standard
O011573,C04997,2025-04-26,UPI,Delivered,Express
O011574,C03341,2024-10-10,UPI,Delivered,Express
O011575,C05591,2024-01-30,UPI,Delivered,Standard
O011576,C02503,2024-07-02,Credit Card,Delivered,Standard
O011577,C00979,2025-07-24,UPI,Delivered,Standard
O011578,C07739,2025-06-11,UPI,Delivered,Standard
O011579,C05426,2025-10-09,COD,Delivered,Standard
O011580,C01851,2024-05-01,Net Banking,Delivered,Same Day
O011581,C04672,2024-01-20,UPI,Delivered,Standard
O011582,C02744,2025-06-02,Credit Card,Delivered,Standard
O011583,C05645,2024-01-24,UPI,Delivered,Express
O011584,C02167,2024-05-24,Debit Card,Delivered,Standard
O011585,C02050,2025-05-01,UPI,Delivered,Same Day
O011586,C03380,2025-10-23,Credit Card,Delivered,Standard
O011587,C06372,2025-02-26,Debit Card,Delivered,Express
O011588,C02195,2025-01-23,UPI,Cancelled,Express
O011589,C06335,2024-01-06,Net Banking,Returned,Express
O011590,C04432,2024-09-05,Net Banking,Delivered,Standard
O011591,C07092,2024-04-04,UPI,Delivered,Express
O011592,C05122,2024-10-15,Net Banking,Delivered,Standard
O011593,C03630,2025-12-01,UPI,Delivered,Express
O011594,C03884,2024-10-11,UPI,Delivered,Standard
O011595,C06969,2025-04-26,UPI,Delivered,Standard
O011596,C03430,2024-03-19,Net Banking,Delivered,Standard
O011597,C07513,2024-04-19,Debit Card,Delivered,Standard
O011598,C00088,2024-03-22,COD,Delivered,Express
O011599,C06994,2025-05-24,Wallet,Delivered,Standard
O011600,C04521,2025-02-17,Credit Card,Delivered,Standard
O011601,C03596,2024-10-19,Wallet,Delivered,Standard
O011602,C01176,2025-11-05,UPI,Delivered,Standard
O011603,C07106,2025-03-30,UPI,Delivered,Standard
O011604,C01316,2025-12-25,Credit Card,Delivered,Express
O011605,C00246,2025-08-29,Debit Card,Returned,Standard
O011606,C00030,2024-10-01,COD,Returned,Standard
O011607,C05718,2024-03-18,Credit Card,Delivered,Express
O011608,C06478,2024-05-30,Wallet,Returned,Express
O011609,C01333,2024-02-24,UPI,Delivered,Standard
O011610,C03981,2025-02-08,Credit Card,Delivered,Express
O011611,C06287,2025-07-23,Debit Card,Delivered,Standard
O011612,C00469,2025-08-12,UPI,Delivered,Standard
O011613,C04407,2024-06-01,Wallet,Delivered,Standard
O011614,C00289,2024-04-22,Net Banking,Delivered,Standard
O011615,C04267,2024-12-16,Credit Card,Delivered,Standard
O011616,C00717,2024-11-06,UPI,Delivered,Standard
O011617,C04369,2025-05-11,Credit Card,Returned,Standard
O011618,C04540,2024-04-15,UPI,Delivered,Standard
O011619,C07151,2024-08-04,Debit Card,Delivered,Standard
O011620,C03230,2024-07-21,UPI,Delivered,Standard
O011621,C06828,2025-07-15,Credit Card,Delivered,Standard
O011622,C00913,2024-01-01,Credit Card,Delivered,Standard
O011623,C06227,2024-12-20,UPI,Delivered,Express
O011624,C07473,2024-08-06,UPI,Returned,Standard
O011625,C04136,2025-01-01,Debit Card,Delivered,Standard
O011626,C05971,2024-12-03,COD,Delivered,Standard
O011627,C03725,2025-05-16,Debit Card,Delivered,Express
O011628,C06513,2024-08-30,UPI,Delivered,Standard
O011629,C04483,2024-09-19,Debit Card,Delivered,Express
O011630,C04733,2025-11-28,Net Banking,Delivered,Express
O011631,C06205,2025-12-22,UPI,Delivered,Express
O011632,C05235,2025-01-18,Net Banking,Delivered,Express
O011633,C01108,2024-07-17,COD,Delivered,Standard
O011634,C03334,2024-07-17,Debit Card,Delivered,Standard
O011635,C06349,2025-06-02,UPI,Delivered,Standard
O011636,C03311,2024-06-25,Credit Card,Delivered,Standard
O011637,C04589,2025-04-13,Debit Card,Delivered,Same Day
O011638,C07950,2024-05-07,UPI,Delivered,Standard
O011639,C07473,2024-10-26,Wallet,Delivered,Express
O011640,C03846,2025-12-07,UPI,Delivered,Standard
O011641,C05758,2025-05-22,UPI,Delivered,Standard
O011642,C05431,2024-04-28,Credit Card,Delivered,Standard
O011643,C02376,2024-06-15,UPI,Delivered,Standard
O011644,C01947,2024-10-10,UPI,Delivered,Standard
O011645,C00722,2024-07-01,Credit Card,Delivered,Standard
O011646,C06303,2025-09-30,Credit Card,Delivered,Standard
O011647,C02843,2024-09-17,Debit Card,Delivered,Standard
O011648,C03399,2024-10-24,UPI,Delivered,Express
O011649,C00202,2024-06-01,Debit Card,Delivered,Standard
O011650,C04529,2025-02-08,Wallet,Delivered,Express
O011651,C02805,2025-07-31,Debit Card,Returned,Express
O011652,C03524,2024-04-12,UPI,Delivered,Express
O011653,C06949,2025-01-19,Wallet,Delivered,Standard
O011654,C02320,2025-05-22,Credit Card,Delivered,Standard
O011655,C01652,2024-07-10,UPI,Delivered,Standard
O011656,C06886,2024-01-25,Wallet,Delivered,Standard
O011657,C07730,2025-10-27,Credit Card,Delivered,Express
O011658,C02877,2024-05-11,Debit Card,Delivered,Standard
O011659,C01222,2025-01-18,UPI,Delivered,Standard
O011660,C00616,2024-08-02,Debit Card,Delivered,Standard
O011661,C03569,2024-06-29,Credit Card,Delivered,Standard
O011662,C05316,2024-09-19,Credit Card,Delivered,Standard
O011663,C02137,2025-08-21,UPI,Delivered,Express
O011664,C05955,2024-09-11,UPI,Delivered,Standard
O011665,C06925,2024-03-19,Wallet,Returned,Express
O011666,C07202,2025-01-08,UPI,Delivered,Standard
O011667,C04307,2025-04-30,Debit Card,Delivered,Express
O011668,C03013,2025-06-12,Credit Card,Delivered,Standard
O011669,C07332,2024-10-14,Debit Card,Delivered,Same Day
O011670,C04783,2024-02-27,Credit Card,Delivered,Standard
O011671,C05726,2024-07-21,UPI,Delivered,Standard
O011672,C00685,2025-02-10,Credit Card,Delivered,Express
O011673,C06483,2025-12-26,COD,Delivered,Express
O011674,C01996,2024-05-08,UPI,Delivered,Standard
O011675,C02225,2025-09-25,Debit Card,Delivered,Standard
O011676,C04602,2024-04-30,Credit Card,Delivered,Same Day
O011677,C07104,2024-01-23,Debit Card,Cancelled,Standard
O011678,C04560,2024-04-03,UPI,Delivered,Standard
O011679,C05184,2025-05-01,UPI,Delivered,Standard
O011680,C06996,2024-12-30,COD,Delivered,Standard
O011681,C02615,2024-05-13,COD,Delivered,Standard
O011682,C07483,2024-04-29,Credit Card,Delivered,Standard
O011683,C03424,2024-04-01,Debit Card,Delivered,Standard
O011684,C01214,2025-01-12,COD,Delivered,Express
O011685,C06505,2024-05-20,Wallet,Delivered,Express
O011686,C01469,2025-03-03,UPI,Delivered,Express
O011687,C05539,2025-03-21,Credit Card,Delivered,Express
O011688,C05061,2024-09-09,UPI,Delivered,Standard
O011689,C07731,2024-08-26,Net Banking,Delivered,Same Day
O011690,C03335,2025-11-03,Credit Card,Delivered,Express
O011691,C04263,2025-04-15,Debit Card,Delivered,Express
O011692,C06858,2024-11-18,Wallet,Delivered,Standard
O011693,C06203,2025-06-22,Net Banking,Delivered,Standard
O011694,C05751,2025-02-19,Net Banking,Delivered,Express
O011695,C00014,2024-10-11,Debit Card,Delivered,Standard
O011696,C00172,2024-10-29,UPI,Delivered,Express
O011697,C01908,2025-01-21,UPI,Delivered,Standard
O011698,C01460,2024-09-09,Wallet,Delivered,Standard
O011699,C01967,2024-09-11,Credit Card,Delivered,Express
O011700,C03995,2024-08-03,Credit Card,Delivered,Standard
O011701,C04968,2024-09-01,Net Banking,Delivered,Standard
O011702,C03239,2025-06-16,Wallet,Delivered,Same Day
O011703,C02903,2024-09-24,UPI,Delivered,Standard
O011704,C00475,2024-05-11,Net Banking,Delivered,Standard
O011705,C04394,2024-11-10,COD,Delivered,Standard
O011706,C07583,2025-10-24,Credit Card,Delivered,Standard
O011707,C07524,2025-10-27,COD,Delivered,Express
O011708,C03500,2025-04-18,COD,Delivered,Express
O011709,C04777,2025-05-30,Net Banking,Delivered,Standard
O011710,C00899,2025-07-21,UPI,Delivered,Same Day
O011711,C06345,2024-07-09,COD,Cancelled,Standard
O011712,C05350,2025-05-29,UPI,Delivered,Standard
O011713,C03844,2024-10-20,Credit Card,Delivered,Standard
O011714,C04239,2025-05-01,UPI,Delivered,Standard
O011715,C04816,2024-09-26,COD,Delivered,Standard
O011716,C05050,2025-09-08,Debit Card,Delivered,Standard
O011717,C04990,2025-04-02,UPI,Delivered,Standard
O011718,C02835,2025-01-03,Credit Card,Delivered,Express
O011719,C00414,2024-12-26,Wallet,Delivered,Same Day
O011720,C02622,2024-02-21,Debit Card,Returned,Express
O011721,C01351,2025-07-25,Net Banking,Delivered,Standard
O011722,C03937,2024-06-07,Credit Card,Delivered,Express
O011723,C00536,2025-06-23,UPI,Cancelled,Standard
O011724,C07346,2025-11-13,UPI,Delivered,Express
O011725,C01718,2025-01-09,UPI,Delivered,Standard
O011726,C04985,2024-06-08,COD,Delivered,Express
O011727,C04551,2024-10-06,Net Banking,Delivered,Express
O011728,C01254,2025-01-21,Net Banking,Delivered,Standard
O011729,C04157,2025-11-30,UPI,Delivered,Standard
O011730,C06671,2025-07-30,UPI,Delivered,Standard
O011731,C04954,2024-09-25,COD,Delivered,Express
O011732,C03485,2024-02-21,Credit Card,Delivered,Standard
O011733,C07992,2024-02-14,Credit Card,Delivered,Standard
O011734,C02734,2024-06-18,UPI,Delivered,Express
O011735,C05122,2024-09-21,Credit Card,Delivered,Express
O011736,C02018,2024-09-16,Credit Card,Delivered,Express
O011737,C02182,2024-10-05,Net Banking,Delivered,Standard
O011738,C05205,2024-05-02,UPI,Delivered,Express
O011739,C03301,2024-08-18,UPI,Delivered,Standard
O011740,C01605,2025-11-12,Debit Card,Delivered,Express
O011741,C00182,2024-01-15,Credit Card,Delivered,Same Day
O011742,C05586,2024-12-10,UPI,Delivered,Standard
O011743,C07840,2024-09-12,Net Banking,Delivered,Standard
O011744,C06568,2024-06-08,Credit Card,Delivered,Standard
O011745,C07285,2024-01-06,Credit Card,Returned,Express
O011746,C02615,2025-06-05,Credit Card,Delivered,Express
O011747,C08000,2025-09-06,COD,Delivered,Standard
O011748,C06483,2024-07-06,COD,Delivered,Express
O011749,C06919,2024-09-10,Credit Card,Delivered,Standard
O011750,C07691,2024-07-11,Net Banking,Delivered,Standard
O011751,C06690,2025-08-30,Debit Card,Delivered,Standard
O011752,C03144,2024-01-10,Wallet,Delivered,Standard
O011753,C05531,2025-06-20,Credit Card,Returned,Standard
O011754,C00830,2025-01-20,Debit Card,Delivered,Standard
O011755,C06997,2025-12-08,Wallet,Delivered,Standard
O011756,C05242,2025-03-14,UPI,Delivered,Express
O011757,C02647,2024-10-24,UPI,Returned,Standard
O011758,C03576,2025-08-20,UPI,Cancelled,Standard
O011759,C07111,2024-04-09,UPI,Returned,Standard
O011760,C03495,2024-01-15,UPI,Delivered,Standard
O011761,C05468,2024-12-05,Net Banking,Returned,Express
O011762,C01946,2025-01-24,COD,Delivered,Standard
O011763,C03530,2025-07-21,UPI,Delivered,Standard
O011764,C04486,2024-05-11,Credit Card,Delivered,Express
O011765,C04597,2024-01-22,Credit Card,Returned,Standard
O011766,C06913,2024-11-22,Credit Card,Delivered,Standard
O011767,C03659,2024-07-11,Debit Card,Delivered,Express
O011768,C07712,2025-08-05,Net Banking,Delivered,Standard
O011769,C00154,2024-09-25,UPI,Delivered,Standard
O011770,C03461,2024-12-02,Debit Card,Cancelled,Standard
O011771,C05215,2025-09-18,Debit Card,Delivered,Standard
O011772,C01303,2025-12-08,UPI,Cancelled,Standard
O011773,C02645,2025-01-08,Net Banking,Delivered,Standard
O011774,C07781,2024-02-27,Credit Card,Delivered,Standard
O011775,C02389,2025-06-13,UPI,Delivered,Express
O011776,C05003,2024-11-25,Debit Card,Delivered,Standard
O011777,C00830,2025-03-14,Debit Card,Delivered,Standard
O011778,C03639,2024-03-26,Net Banking,Delivered,Standard
O011779,C01973,2024-12-15,Credit Card,Cancelled,Same Day
O011780,C06756,2024-11-09,Credit Card,Delivered,Standard
O011781,C05540,2025-05-30,Credit Card,Delivered,Same Day
O011782,C07104,2024-11-09,COD,Delivered,Standard
O011783,C04112,2024-05-24,Credit Card,Delivered,Standard
O011784,C01846,2024-04-25,UPI,Delivered,Standard
O011785,C04130,2024-11-14,Credit Card,Delivered,Standard
O011786,C05497,2024-04-19,Wallet,Returned,Express
O011787,C01359,2024-02-28,Wallet,Delivered,Express
O011788,C01689,2025-11-16,Debit Card,Delivered,Standard
O011789,C05627,2024-04-29,Credit Card,Delivered,Standard
O011790,C07739,2024-10-29,COD,Delivered,Standard
O011791,C05372,2025-06-13,Credit Card,Delivered,Express
O011792,C00831,2025-02-09,UPI,Delivered,Standard
O011793,C00632,2025-04-04,Credit Card,Delivered,Standard
O011794,C06326,2024-04-20,UPI,Delivered,Standard
O011795,C03508,2024-06-23,Credit Card,Delivered,Standard
O011796,C04353,2024-07-20,Debit Card,Delivered,Standard
O011797,C04233,2024-04-11,UPI,Delivered,Standard
O011798,C07003,2024-09-16,Net Banking,Delivered,Express
O011799,C07907,2024-03-20,Net Banking,Delivered,Standard
O011800,C00848,2025-07-16,UPI,Cancelled,Standard
O011801,C05564,2024-02-29,COD,Delivered,Express
O011802,C07573,2025-03-16,UPI,Delivered,Same Day
O011803,C04052,2024-06-23,Credit Card,Delivered,Standard
O011804,C01098,2024-11-25,UPI,Delivered,Standard
O011805,C05645,2024-10-26,COD,Delivered,Standard
O011806,C06172,2024-03-24,UPI,Delivered,Same Day
O011807,C05136,2024-06-24,Credit Card,Delivered,Standard
O011808,C03656,2025-04-06,UPI,Delivered,Express
O011809,C02614,2024-12-20,UPI,Delivered,Standard
O011810,C04346,2025-09-20,Credit Card,Delivered,Express
O011811,C04951,2024-04-05,UPI,Returned,Express
O011812,C04007,2025-11-04,UPI,Delivered,Express
O011813,C01805,2025-12-07,UPI,Delivered,Standard
O011814,C03055,2025-12-18,Credit Card,Delivered,Standard
O011815,C07863,2025-05-23,UPI,Delivered,Standard
O011816,C03222,2025-10-31,Debit Card,Delivered,Standard
O011817,C02335,2024-10-16,Debit Card,Delivered,Standard
O011818,C03830,2025-02-01,UPI,Delivered,Standard
O011819,C03127,2024-12-29,UPI,Returned,Standard
O011820,C02546,2024-02-13,Credit Card,Cancelled,Express
O011821,C00873,2024-11-15,Net Banking,Delivered,Standard
O011822,C02374,2024-10-18,Debit Card,Delivered,Standard
O011823,C05411,2024-07-20,Credit Card,Delivered,Express
O011824,C01836,2025-04-12,UPI,Delivered,Standard
O011825,C04719,2025-07-20,Credit Card,Delivered,Standard
O011826,C01628,2025-01-06,Debit Card,Delivered,Express
O011827,C07646,2024-07-28,Credit Card,Delivered,Standard
O011828,C06718,2025-03-10,Wallet,Delivered,Standard
O011829,C04771,2024-03-12,Net Banking,Delivered,Standard
O011830,C01488,2024-04-10,Debit Card,Delivered,Standard
O011831,C06793,2025-12-19,Wallet,Returned,Standard
O011832,C05153,2025-01-01,UPI,Delivered,Standard
O011833,C05849,2024-11-25,UPI,Returned,Standard
O011834,C06391,2024-11-21,Wallet,Returned,Standard
O011835,C02125,2024-10-14,Credit Card,Delivered,Same Day
O011836,C05345,2025-11-13,UPI,Delivered,Standard
O011837,C06051,2024-12-15,UPI,Cancelled,Standard
O011838,C02174,2024-07-07,Debit Card,Delivered,Standard
O011839,C01959,2024-07-22,Credit Card,Delivered,Standard
O011840,C06035,2025-02-11,UPI,Delivered,Standard
O011841,C04395,2024-07-11,Credit Card,Delivered,Standard
O011842,C05656,2024-03-24,UPI,Delivered,Standard
O011843,C06394,2024-01-12,COD,Delivered,Express
O011844,C05488,2024-03-15,Credit Card,Delivered,Same Day
O011845,C03428,2024-09-22,UPI,Delivered,Standard
O011846,C07468,2025-06-15,UPI,Delivered,Standard
O011847,C06319,2024-03-07,Net Banking,Delivered,Express
O011848,C07141,2025-12-05,Credit Card,Delivered,Standard
O011849,C06409,2025-07-25,COD,Delivered,Standard
O011850,C06254,2025-09-08,Wallet,Delivered,Standard
O011851,C00033,2025-02-25,Credit Card,Delivered,Standard
O011852,C00416,2024-02-02,Credit Card,Delivered,Standard
O011853,C05465,2025-06-15,Net Banking,Delivered,Standard
O011854,C07422,2024-07-25,COD,Delivered,Express
O011855,C03069,2025-02-20,UPI,Delivered,Standard
O011856,C07562,2025-06-25,Net Banking,Returned,Express
O011857,C03565,2025-03-10,Debit Card,Delivered,Standard
O011858,C02811,2024-03-06,Credit Card,Delivered,Standard
O011859,C03141,2024-02-26,Credit Card,Delivered,Standard
O011860,C04734,2024-02-29,Debit Card,Cancelled,Standard
O011861,C01989,2024-09-17,Wallet,Delivered,Standard
O011862,C06940,2024-03-24,Wallet,Delivered,Express
O011863,C05017,2025-09-23,Debit Card,Delivered,Standard
O011864,C06568,2025-02-09,Net Banking,Delivered,Standard
O011865,C01786,2025-04-18,UPI,Delivered,Standard
O011866,C05421,2024-01-03,UPI,Returned,Express
O011867,C05683,2025-08-02,UPI,Delivered,Standard
O011868,C03946,2025-01-17,Credit Card,Delivered,Standard
O011869,C02358,2025-11-03,Net Banking,Delivered,Express
O011870,C02491,2024-02-21,Debit Card,Delivered,Express
O011871,C00876,2025-12-15,Wallet,Delivered,Standard
O011872,C04650,2024-11-07,COD,Delivered,Standard
O011873,C04783,2025-01-16,Debit Card,Delivered,Standard
O011874,C06732,2024-02-01,UPI,Delivered,Express
O011875,C05549,2024-06-03,Credit Card,Cancelled,Standard
O011876,C07764,2025-08-26,UPI,Delivered,Express
O011877,C02145,2024-10-26,UPI,Delivered,Standard
O011878,C04886,2024-06-29,Credit Card,Delivered,Standard
O011879,C04978,2024-06-29,Credit Card,Delivered,Standard
O011880,C07531,2025-09-20,COD,Delivered,Standard
O011881,C07402,2025-09-26,Net Banking,Delivered,Express
O011882,C07608,2024-06-04,Net Banking,Delivered,Standard
O011883,C07885,2024-12-31,Credit Card,Delivered,Express
O011884,C07649,2025-04-10,Net Banking,Delivered,Standard
O011885,C04897,2024-01-04,Net Banking,Delivered,Standard
O011886,C02867,2025-06-19,Debit Card,Delivered,Standard
O011887,C00859,2025-10-31,UPI,Delivered,Standard
O011888,C01295,2024-01-29,Credit Card,Cancelled,Same Day
O011889,C06013,2024-04-30,COD,Returned,Standard
O011890,C05373,2024-06-13,Net Banking,Delivered,Standard
O011891,C04951,2025-03-05,Wallet,Cancelled,Standard
O011892,C01478,2024-01-08,Credit Card,Returned,Standard
O011893,C07471,2025-10-28,COD,Delivered,Standard
O011894,C02435,2024-04-17,UPI,Delivered,Standard
O011895,C02152,2024-04-10,UPI,Delivered,Same Day
O011896,C07498,2024-10-06,Credit Card,Delivered,Standard
O011897,C04144,2024-06-08,Debit Card,Delivered,Standard
O011898,C07079,2025-07-09,UPI,Delivered,Standard
O011899,C03135,2024-01-21,UPI,Delivered,Standard
O011900,C07989,2024-09-25,Credit Card,Delivered,Standard
O011901,C06256,2025-03-21,Debit Card,Delivered,Standard
O011902,C00135,2024-06-13,Debit Card,Delivered,Standard
O011903,C01445,2025-06-28,UPI,Delivered,Standard
O011904,C07216,2025-01-19,UPI,Delivered,Standard
O011905,C03287,2025-06-11,UPI,Delivered,Standard
O011906,C03283,2025-12-23,Debit Card,Delivered,Standard
O011907,C05710,2025-03-01,Credit Card,Delivered,Standard
O011908,C07290,2024-12-11,Credit Card,Delivered,Standard
O011909,C04969,2025-02-14,Credit Card,Delivered,Standard
O011910,C06820,2024-09-19,UPI,Delivered,Standard
O011911,C01333,2024-03-07,UPI,Delivered,Standard
O011912,C07565,2024-06-12,Net Banking,Delivered,Express
O011913,C05375,2025-01-19,UPI,Delivered,Standard
O011914,C04848,2025-11-08,Wallet,Delivered,Standard
O011915,C06502,2025-07-23,Credit Card,Delivered,Standard
O011916,C05839,2024-07-31,UPI,Delivered,Express
O011917,C04711,2024-07-18,Credit Card,Delivered,Standard
O011918,C03256,2025-01-30,UPI,Delivered,Standard
O011919,C03027,2024-04-26,COD,Delivered,Express
O011920,C07899,2025-05-26,Debit Card,Delivered,Standard
O011921,C07415,2024-07-25,Credit Card,Delivered,Standard
O011922,C00563,2024-02-17,Debit Card,Delivered,Express
O011923,C01589,2024-06-07,Credit Card,Delivered,Standard
O011924,C03878,2024-06-30,Wallet,Delivered,Express
O011925,C02788,2024-10-07,Credit Card,Delivered,Standard
O011926,C04596,2025-01-22,Credit Card,Delivered,Express
O011927,C04566,2024-11-17,Credit Card,Delivered,Standard
O011928,C04669,2024-12-23,Credit Card,Delivered,Standard
O011929,C04282,2025-11-01,Credit Card,Delivered,Standard
O011930,C07712,2025-06-14,Debit Card,Delivered,Standard
O011931,C02745,2025-02-27,Debit Card,Delivered,Same Day
O011932,C02713,2025-08-20,UPI,Delivered,Standard
O011933,C04512,2025-07-24,Credit Card,Delivered,Standard
O011934,C03575,2024-11-04,Debit Card,Cancelled,Standard
O011935,C04888,2025-01-27,Wallet,Cancelled,Express
O011936,C06323,2024-10-07,Debit Card,Delivered,Standard
O011937,C04098,2024-04-05,COD,Delivered,Standard
O011938,C01946,2024-11-14,Credit Card,Delivered,Standard
O011939,C01348,2025-12-19,UPI,Returned,Express
O011940,C01506,2024-08-08,COD,Delivered,Standard
O011941,C03956,2025-05-21,Net Banking,Delivered,Standard
O011942,C01801,2024-04-24,Debit Card,Delivered,Standard
O011943,C04708,2024-08-26,Wallet,Delivered,Standard
O011944,C07999,2025-10-05,UPI,Delivered,Standard
O011945,C02274,2024-09-06,Net Banking,Delivered,Standard
O011946,C05695,2025-05-17,Credit Card,Delivered,Express
O011947,C06838,2025-10-09,Credit Card,Delivered,Standard
O011948,C03503,2025-05-31,UPI,Delivered,Standard
O011949,C02242,2025-03-15,Credit Card,Delivered,Standard
O011950,C05300,2024-07-01,Credit Card,Delivered,Standard
O011951,C00545,2024-10-01,UPI,Delivered,Express
O011952,C06321,2024-12-19,UPI,Delivered,Standard
O011953,C04385,2024-09-04,UPI,Delivered,Standard
O011954,C02925,2024-11-29,COD,Delivered,Express
O011955,C05345,2024-12-03,Net Banking,Delivered,Express
O011956,C02725,2024-11-05,UPI,Delivered,Standard
O011957,C05280,2024-09-18,Debit Card,Delivered,Standard
O011958,C02805,2024-12-26,UPI,Delivered,Standard
O011959,C06824,2025-04-29,UPI,Delivered,Same Day
O011960,C01816,2024-07-15,Credit Card,Delivered,Express
O011961,C03885,2024-08-14,UPI,Delivered,Standard
O011962,C02730,2025-01-14,Debit Card,Delivered,Express
O011963,C07743,2024-11-18,Credit Card,Delivered,Standard
O011964,C02910,2025-12-20,Net Banking,Delivered,Same Day
O011965,C06975,2025-06-07,Credit Card,Delivered,Standard
O011966,C00494,2024-12-29,Credit Card,Delivered,Same Day
O011967,C02236,2025-11-24,UPI,Delivered,Express
O011968,C06643,2024-06-11,UPI,Delivered,Express
O011969,C01701,2024-04-28,UPI,Delivered,Express
O011970,C03757,2025-01-20,Debit Card,Delivered,Standard
O011971,C05070,2024-09-27,COD,Delivered,Standard
O011972,C07511,2024-04-15,Debit Card,Delivered,Express
O011973,C01563,2024-01-09,UPI,Delivered,Standard
O011974,C00597,2024-11-11,COD,Delivered,Standard
O011975,C06143,2025-03-08,UPI,Delivered,Express
O011976,C00222,2024-05-03,Debit Card,Delivered,Express
O011977,C03833,2024-08-17,Credit Card,Delivered,Standard
O011978,C03519,2024-05-30,Net Banking,Delivered,Express
O011979,C02484,2025-05-28,Credit Card,Delivered,Standard
O011980,C00670,2024-12-12,Wallet,Delivered,Express
O011981,C04089,2024-01-31,Wallet,Delivered,Standard
O011982,C04154,2025-02-18,Credit Card,Delivered,Standard
O011983,C00176,2025-04-23,Wallet,Delivered,Standard
O011984,C01535,2024-01-31,Credit Card,Delivered,Standard
O011985,C00752,2025-04-06,COD,Delivered,Express
O011986,C03165,2024-10-15,Credit Card,Delivered,Standard
O011987,C00814,2025-02-19,Wallet,Delivered,Standard
O011988,C05051,2024-03-08,UPI,Delivered,Standard
O011989,C01643,2025-11-01,UPI,Delivered,Express
O011990,C01519,2025-02-07,Wallet,Delivered,Standard
O011991,C06393,2025-07-07,UPI,Delivered,Standard
O011992,C00521,2025-06-15,Net Banking,Delivered,Express
O011993,C04108,2024-10-11,COD,Delivered,Standard
O011994,C03991,2025-12-31,Credit Card,Cancelled,Express
O011995,C02634,2024-01-04,UPI,Delivered,Standard
O011996,C07817,2025-01-21,Debit Card,Delivered,Standard
O011997,C01885,2025-08-13,Credit Card,Delivered,Standard
O011998,C07566,2025-09-16,Wallet,Delivered,Same Day
O011999,C01247,2025-10-27,UPI,Delivered,Standard
O012000,C06776,2024-08-31,UPI,Delivered,Standard
O012001,C04701,2025-08-15,Debit Card,Delivered,Same Day
O012002,C00396,2024-05-05,Net Banking,Cancelled,Standard
O012003,C07626,2025-04-24,Credit Card,Delivered,Express
O012004,C03769,2025-09-17,UPI,Delivered,Standard
O012005,C04841,2025-01-03,UPI,Delivered,Standard
O012006,C02846,2025-11-23,UPI,Delivered,Same Day
O012007,C00052,2025-01-22,COD,Delivered,Standard
O012008,C06428,2024-12-14,Net Banking,Delivered,Standard
O012009,C07529,2025-05-06,Debit Card,Delivered,Standard
O012010,C01946,2024-03-11,UPI,Delivered,Express
O012011,C02465,2025-05-25,Credit Card,Cancelled,Standard
O012012,C01267,2025-05-14,Debit Card,Delivered,Standard
O012013,C07593,2025-10-12,Debit Card,Delivered,Same Day
O012014,C07120,2024-05-25,Credit Card,Delivered,Standard
O012015,C02699,2024-07-14,Debit Card,Delivered,Standard
O012016,C01692,2025-01-22,Debit Card,Delivered,Standard
O012017,C02336,2025-11-08,UPI,Delivered,Standard
O012018,C05132,2024-05-31,Credit Card,Delivered,Standard
O012019,C02431,2025-12-19,Debit Card,Delivered,Express
O012020,C01965,2025-09-02,Debit Card,Delivered,Express
O012021,C06281,2024-08-03,Debit Card,Delivered,Standard
O012022,C07931,2024-04-23,UPI,Delivered,Standard
O012023,C01727,2024-09-02,Wallet,Delivered,Standard
O012024,C04062,2025-01-03,Debit Card,Delivered,Same Day
O012025,C00381,2025-04-07,Credit Card,Delivered,Standard
O012026,C05086,2025-04-08,Wallet,Cancelled,Standard
O012027,C00574,2024-10-31,Credit Card,Cancelled,Standard
O012028,C03647,2024-01-10,COD,Delivered,Standard
O012029,C04968,2025-01-30,UPI,Delivered,Express
O012030,C05802,2024-02-20,Debit Card,Delivered,Standard
O012031,C05613,2025-06-29,Debit Card,Delivered,Express
O012032,C03786,2025-04-18,Debit Card,Delivered,Express
O012033,C02656,2025-01-26,UPI,Delivered,Standard
O012034,C01911,2024-02-21,UPI,Returned,Express
O012035,C06255,2024-07-14,Credit Card,Delivered,Standard
O012036,C04207,2025-02-14,UPI,Delivered,Standard
O012037,C02923,2024-12-15,UPI,Delivered,Standard
O012038,C01110,2025-08-15,Credit Card,Delivered,Standard
O012039,C04415,2024-01-17,UPI,Delivered,Standard
O012040,C04377,2024-09-21,UPI,Delivered,Standard
O012041,C04788,2024-01-31,Net Banking,Delivered,Express
O012042,C04397,2025-03-02,COD,Delivered,Standard
O012043,C04614,2024-03-02,UPI,Delivered,Standard
O012044,C04922,2025-12-19,UPI,Delivered,Express
O012045,C00493,2024-03-20,Debit Card,Delivered,Express
O012046,C03708,2024-12-26,COD,Delivered,Standard
O012047,C04175,2025-10-15,UPI,Delivered,Standard
O012048,C01498,2025-11-13,Wallet,Delivered,Express
O012049,C06008,2025-03-05,Net Banking,Cancelled,Standard
O012050,C02886,2024-12-04,Debit Card,Delivered,Express
O012051,C06568,2025-10-12,Wallet,Delivered,Standard
O012052,C05184,2024-11-15,Wallet,Cancelled,Same Day
O012053,C03334,2025-12-01,Credit Card,Delivered,Standard
O012054,C06999,2025-02-26,UPI,Delivered,Standard
O012055,C01830,2024-09-16,Debit Card,Delivered,Standard
O012056,C05955,2025-03-26,UPI,Delivered,Standard
O012057,C07015,2024-12-14,UPI,Cancelled,Standard
O012058,C07464,2024-05-26,Debit Card,Delivered,Standard
O012059,C03067,2024-07-30,COD,Delivered,Express
O012060,C03795,2024-09-22,Credit Card,Delivered,Standard
O012061,C00841,2025-10-15,Net Banking,Cancelled,Standard
O012062,C02072,2025-10-09,Credit Card,Delivered,Standard
O012063,C01716,2025-04-19,UPI,Delivered,Standard
O012064,C00515,2025-09-19,UPI,Delivered,Express
O012065,C03103,2024-07-01,UPI,Cancelled,Standard
O012066,C06162,2024-06-30,Credit Card,Delivered,Express
O012067,C05252,2024-05-20,Credit Card,Delivered,Standard
O012068,C02995,2024-07-21,Net Banking,Delivered,Standard
O012069,C05242,2025-05-01,Credit Card,Delivered,Express
O012070,C01618,2025-01-30,Credit Card,Delivered,Standard
O012071,C06939,2024-10-16,UPI,Delivered,Standard
O012072,C01412,2025-11-24,Credit Card,Delivered,Express
O012073,C04858,2025-08-16,UPI,Cancelled,Express
O012074,C03114,2025-01-10,Debit Card,Delivered,Express
O012075,C03944,2024-09-10,Credit Card,Delivered,Standard
O012076,C00682,2024-07-19,Debit Card,Delivered,Standard
O012077,C03635,2024-08-08,Debit Card,Delivered,Standard
O012078,C04002,2024-12-08,UPI,Delivered,Standard
O012079,C05606,2025-04-24,Credit Card,Delivered,Standard
O012080,C06983,2025-10-10,COD,Delivered,Standard
O012081,C03988,2024-03-08,Net Banking,Delivered,Express
O012082,C02446,2024-04-28,Debit Card,Delivered,Express
O012083,C05460,2025-07-11,Net Banking,Delivered,Standard
O012084,C00519,2024-12-09,COD,Delivered,Standard
O012085,C05773,2025-04-23,Credit Card,Delivered,Express
O012086,C07555,2025-05-01,Wallet,Delivered,Standard
O012087,C03209,2025-03-21,Credit Card,Delivered,Same Day
O012088,C07303,2025-05-18,Credit Card,Delivered,Same Day
O012089,C00605,2025-10-31,Debit Card,Delivered,Standard
O012090,C00831,2024-03-23,UPI,Delivered,Standard
O012091,C00056,2025-03-31,Credit Card,Returned,Standard
O012092,C03370,2024-03-12,Wallet,Delivered,Express
O012093,C04611,2024-03-03,Net Banking,Delivered,Standard
O012094,C06910,2025-03-21,Net Banking,Delivered,Standard
O012095,C06162,2024-05-31,Net Banking,Delivered,Same Day
O012096,C05715,2024-07-16,UPI,Delivered,Standard
O012097,C04139,2025-06-29,UPI,Returned,Standard
O012098,C01903,2025-02-03,COD,Delivered,Standard
O012099,C00501,2024-04-23,Net Banking,Delivered,Express
O012100,C00675,2024-02-15,UPI,Delivered,Express
O012101,C03916,2025-01-05,COD,Delivered,Standard
O012102,C06926,2025-11-16,Debit Card,Delivered,Standard
O012103,C04954,2025-06-14,COD,Delivered,Standard
O012104,C02212,2025-01-18,Wallet,Delivered,Standard
O012105,C03002,2024-07-06,UPI,Delivered,Standard
O012106,C05008,2025-03-09,Debit Card,Delivered,Standard
O012107,C01465,2025-03-16,Credit Card,Delivered,Express
O012108,C06263,2025-07-25,UPI,Delivered,Express
O012109,C01960,2025-02-13,Credit Card,Delivered,Standard
O012110,C06180,2025-01-01,Credit Card,Delivered,Standard
O012111,C02110,2024-08-12,UPI,Delivered,Standard
O012112,C05658,2024-11-07,Net Banking,Cancelled,Standard
O012113,C03829,2024-07-15,UPI,Delivered,Standard
O012114,C04688,2025-01-07,UPI,Delivered,Standard
O012115,C03375,2025-06-24,UPI,Delivered,Express
O012116,C05999,2025-11-20,Credit Card,Delivered,Standard
O012117,C04567,2024-06-30,Debit Card,Delivered,Standard
O012118,C07620,2025-01-25,Debit Card,Delivered,Express
O012119,C00967,2024-08-13,Credit Card,Delivered,Standard
O012120,C04218,2025-04-28,Credit Card,Delivered,Standard
O012121,C02810,2024-09-22,UPI,Delivered,Express
O012122,C04398,2024-07-06,Credit Card,Delivered,Express
O012123,C01211,2024-07-22,Credit Card,Delivered,Express
O012124,C06235,2024-09-28,Credit Card,Delivered,Express
O012125,C04343,2025-04-01,Credit Card,Delivered,Same Day
O012126,C00841,2025-07-10,COD,Delivered,Standard
O012127,C04255,2024-11-04,Credit Card,Delivered,Standard
O012128,C02570,2024-11-06,Credit Card,Delivered,Same Day
O012129,C07921,2025-12-04,UPI,Delivered,Standard
O012130,C00281,2025-10-12,Debit Card,Returned,Express
O012131,C06478,2024-02-26,UPI,Delivered,Express
O012132,C04651,2024-10-10,Credit Card,Returned,Same Day
O012133,C01866,2025-03-05,Wallet,Delivered,Express
O012134,C07028,2024-05-19,COD,Delivered,Standard
O012135,C02409,2025-07-24,Wallet,Delivered,Standard
O012136,C06243,2025-12-09,Credit Card,Delivered,Express
O012137,C05376,2024-01-04,UPI,Delivered,Standard
O012138,C04200,2025-12-20,Debit Card,Delivered,Express
O012139,C01986,2024-04-07,Credit Card,Delivered,Express
O012140,C06357,2025-10-06,Wallet,Delivered,Standard
O012141,C01318,2024-09-12,Credit Card,Delivered,Same Day
O012142,C05963,2024-11-06,Credit Card,Delivered,Express
O012143,C00261,2025-02-19,COD,Delivered,Express
O012144,C06041,2024-09-22,Net Banking,Returned,Standard
O012145,C01062,2025-04-14,UPI,Delivered,Standard
O012146,C05021,2025-03-28,Debit Card,Returned,Standard
O012147,C02024,2024-04-28,Debit Card,Delivered,Same Day
O012148,C02042,2024-10-10,Credit Card,Delivered,Standard
O012149,C05079,2024-11-01,Debit Card,Delivered,Same Day
O012150,C01909,2024-05-25,Credit Card,Returned,Standard
O012151,C02316,2024-03-20,Debit Card,Delivered,Express
O012152,C04184,2025-11-22,UPI,Delivered,Standard
O012153,C00358,2025-03-24,Credit Card,Delivered,Express
O012154,C00691,2024-08-18,UPI,Delivered,Express
O012155,C05604,2025-07-16,UPI,Delivered,Standard
O012156,C04988,2025-04-24,Credit Card,Delivered,Standard
O012157,C07565,2025-10-31,UPI,Delivered,Same Day
O012158,C07999,2025-10-16,Debit Card,Delivered,Standard
O012159,C06818,2024-04-17,Net Banking,Delivered,Express
O012160,C06665,2025-06-03,UPI,Delivered,Standard
O012161,C07758,2025-08-09,UPI,Delivered,Standard
O012162,C05381,2025-07-22,Credit Card,Delivered,Standard
O012163,C05736,2025-05-04,Credit Card,Delivered,Express
O012164,C01930,2024-04-28,Credit Card,Delivered,Express
O012165,C01445,2024-08-26,Wallet,Delivered,Standard
O012166,C07273,2025-11-28,Debit Card,Delivered,Express
O012167,C03358,2024-09-12,Net Banking,Delivered,Standard
O012168,C01367,2024-01-06,Debit Card,Delivered,Standard
O012169,C07571,2025-06-24,Net Banking,Delivered,Standard
O012170,C02441,2024-03-29,UPI,Delivered,Express
O012171,C03007,2025-12-03,UPI,Delivered,Standard
O012172,C01730,2025-12-04,Debit Card,Delivered,Standard
O012173,C07765,2024-10-30,UPI,Delivered,Standard
O012174,C07495,2025-01-19,Credit Card,Returned,Standard
O012175,C02869,2024-11-14,UPI,Returned,Standard
O012176,C06452,2024-03-15,COD,Delivered,Standard
O012177,C04999,2025-04-18,UPI,Delivered,Express
O012178,C00830,2025-08-28,Wallet,Delivered,Standard
O012179,C07983,2025-05-14,UPI,Delivered,Standard
O012180,C05329,2024-07-30,Credit Card,Delivered,Express
O012181,C02184,2024-01-17,Net Banking,Delivered,Standard
O012182,C05145,2025-10-15,UPI,Delivered,Standard
O012183,C05198,2024-08-27,Debit Card,Delivered,Same Day
O012184,C03290,2024-10-08,UPI,Delivered,Standard
O012185,C02720,2025-06-30,UPI,Delivered,Standard
O012186,C05763,2024-01-31,Credit Card,Delivered,Standard
O012187,C06362,2025-03-12,UPI,Delivered,Standard
O012188,C07531,2025-08-17,Credit Card,Delivered,Express
O012189,C02828,2025-05-10,UPI,Delivered,Standard
O012190,C06306,2025-06-21,Credit Card,Delivered,Standard
O012191,C07545,2024-02-17,Credit Card,Delivered,Standard
O012192,C07828,2024-09-12,Debit Card,Delivered,Standard
O012193,C00036,2024-10-10,Credit Card,Delivered,Standard
O012194,C02213,2024-07-18,UPI,Delivered,Standard
O012195,C02328,2024-02-14,UPI,Delivered,Express
O012196,C07065,2025-10-31,Debit Card,Delivered,Standard
O012197,C01930,2024-02-03,Debit Card,Delivered,Standard
O012198,C00119,2024-02-07,Wallet,Delivered,Standard
O012199,C06668,2024-07-17,Debit Card,Delivered,Standard
O012200,C04043,2024-02-11,UPI,Delivered,Standard
O012201,C00976,2024-08-06,Credit Card,Returned,Standard
O012202,C02647,2025-05-23,Debit Card,Delivered,Standard
O012203,C01854,2025-01-29,Credit Card,Cancelled,Express
O012204,C06743,2024-12-09,Credit Card,Delivered,Same Day
O012205,C00066,2025-03-16,Wallet,Delivered,Standard
O012206,C04284,2025-12-08,Debit Card,Delivered,Express
O012207,C00965,2025-03-16,UPI,Delivered,Standard
O012208,C02350,2025-07-05,Credit Card,Delivered,Standard
O012209,C02674,2025-08-15,UPI,Delivered,Standard
O012210,C03844,2024-06-09,UPI,Delivered,Same Day
O012211,C00767,2025-01-22,Net Banking,Delivered,Standard
O012212,C02574,2024-01-29,UPI,Delivered,Standard
O012213,C05069,2024-05-19,COD,Delivered,Same Day
O012214,C02647,2024-11-29,UPI,Delivered,Express
O012215,C04597,2024-10-08,UPI,Delivered,Standard
O012216,C05700,2025-10-21,UPI,Delivered,Express
O012217,C03646,2025-12-05,COD,Delivered,Express
O012218,C05416,2024-10-12,UPI,Delivered,Standard
O012219,C01596,2024-06-04,UPI,Delivered,Express
O012220,C00786,2024-03-29,Debit Card,Delivered,Standard
O012221,C04024,2025-12-31,Net Banking,Delivered,Standard
O012222,C00737,2024-01-25,Net Banking,Delivered,Standard
O012223,C04028,2024-06-07,UPI,Delivered,Standard
O012224,C05773,2024-07-24,UPI,Delivered,Standard
O012225,C00920,2024-12-07,UPI,Delivered,Standard
O012226,C07739,2025-11-04,COD,Delivered,Express
O012227,C04790,2024-12-05,COD,Delivered,Standard
O012228,C07759,2024-12-19,Wallet,Delivered,Standard
O012229,C07264,2024-03-07,UPI,Delivered,Standard
O012230,C01328,2025-09-08,Debit Card,Delivered,Standard
O012231,C01193,2024-04-06,COD,Cancelled,Standard
O012232,C01534,2024-11-29,UPI,Delivered,Standard
O012233,C07405,2025-02-25,Net Banking,Delivered,Express
O012234,C03569,2025-12-07,UPI,Delivered,Standard
O012235,C00134,2025-10-01,Credit Card,Delivered,Same Day
O012236,C06158,2024-03-19,COD,Delivered,Standard
O012237,C02931,2024-12-24,Wallet,Delivered,Standard
O012238,C06658,2025-06-18,UPI,Delivered,Express
O012239,C07758,2024-04-29,Debit Card,Delivered,Standard
O012240,C02233,2024-02-19,Credit Card,Delivered,Standard
O012241,C04929,2024-03-21,Debit Card,Delivered,Standard
O012242,C05390,2024-03-25,UPI,Delivered,Standard
O012243,C00037,2024-11-19,Credit Card,Delivered,Standard
O012244,C00526,2024-01-01,Credit Card,Delivered,Standard
O012245,C01645,2025-07-09,UPI,Delivered,Standard
O012246,C02294,2025-07-27,Wallet,Delivered,Standard
O012247,C01348,2025-03-08,COD,Delivered,Standard
O012248,C00763,2024-06-15,Credit Card,Delivered,Express
O012249,C06301,2024-05-31,UPI,Delivered,Standard
O012250,C00688,2025-09-07,Debit Card,Delivered,Standard
O012251,C02018,2024-09-23,UPI,Delivered,Express
O012252,C01640,2025-01-02,Wallet,Delivered,Standard
O012253,C04435,2025-05-12,COD,Delivered,Express
O012254,C07452,2024-05-23,Credit Card,Delivered,Standard
O012255,C05227,2025-09-19,Credit Card,Delivered,Standard
O012256,C01946,2025-07-26,Credit Card,Delivered,Standard
O012257,C03370,2025-01-28,Debit Card,Delivered,Standard
O012258,C04219,2024-02-01,UPI,Delivered,Standard
O012259,C03389,2024-09-13,Wallet,Delivered,Standard
O012260,C02687,2024-11-14,COD,Delivered,Express
O012261,C07084,2024-06-21,UPI,Returned,Standard
O012262,C00323,2025-11-09,UPI,Delivered,Standard
O012263,C03225,2025-01-31,UPI,Delivered,Standard
O012264,C07405,2024-06-18,Credit Card,Delivered,Express
O012265,C07150,2025-07-04,UPI,Delivered,Standard
O012266,C03851,2025-10-09,UPI,Delivered,Express
O012267,C04320,2024-05-13,UPI,Delivered,Standard
O012268,C04779,2025-12-04,Credit Card,Delivered,Standard
O012269,C04591,2025-05-03,UPI,Delivered,Standard
O012270,C00344,2025-04-09,Credit Card,Delivered,Standard
O012271,C02018,2025-05-30,UPI,Delivered,Express
O012272,C04179,2024-06-13,Debit Card,Delivered,Express
O012273,C04968,2025-07-03,Net Banking,Delivered,Express
O012274,C05136,2025-03-15,Net Banking,Delivered,Express
O012275,C03248,2025-02-13,Credit Card,Delivered,Express
O012276,C02080,2024-11-12,Credit Card,Delivered,Express
O012277,C07139,2024-10-28,UPI,Delivered,Standard
O012278,C04942,2024-08-15,UPI,Delivered,Express
O012279,C02950,2024-02-13,Credit Card,Delivered,Standard
O012280,C00753,2024-04-04,COD,Delivered,Express
O012281,C01722,2024-03-10,Debit Card,Delivered,Standard
O012282,C05848,2025-08-01,UPI,Delivered,Express
O012283,C01161,2025-03-01,Credit Card,Delivered,Express
O012284,C06954,2024-05-27,Credit Card,Delivered,Standard
O012285,C06610,2025-01-16,UPI,Returned,Standard
O012286,C05031,2025-02-26,UPI,Delivered,Standard
O012287,C02460,2025-10-25,Credit Card,Delivered,Standard
O012288,C00415,2024-10-26,COD,Delivered,Standard
O012289,C01699,2025-12-10,UPI,Delivered,Standard
O012290,C04564,2025-07-17,Net Banking,Delivered,Standard
O012291,C01656,2024-08-12,Credit Card,Cancelled,Standard
O012292,C00877,2025-05-11,UPI,Delivered,Standard
O012293,C02500,2025-10-02,Debit Card,Delivered,Standard
O012294,C00786,2024-11-18,Debit Card,Delivered,Standard
O012295,C05565,2024-07-13,UPI,Delivered,Express
O012296,C05502,2025-04-18,Net Banking,Delivered,Standard
O012297,C03505,2025-01-26,Credit Card,Delivered,Standard
O012298,C01880,2024-11-23,COD,Delivered,Same Day
O012299,C05180,2024-03-20,UPI,Delivered,Express
O012300,C06505,2025-08-04,Debit Card,Delivered,Standard
O012301,C02656,2024-11-02,UPI,Delivered,Express
O012302,C04026,2024-01-15,Wallet,Delivered,Standard
O012303,C03277,2025-01-19,Debit Card,Delivered,Same Day
O012304,C00161,2025-09-22,Debit Card,Delivered,Standard
O012305,C00940,2025-01-17,Net Banking,Delivered,Standard
O012306,C02158,2024-11-12,Debit Card,Cancelled,Express
O012307,C06874,2024-01-28,Credit Card,Delivered,Standard
O012308,C07791,2025-05-09,Wallet,Delivered,Same Day
O012309,C03980,2025-08-31,Debit Card,Delivered,Standard
O012310,C04525,2024-02-02,UPI,Delivered,Standard
O012311,C03597,2024-12-14,COD,Delivered,Express
O012312,C06351,2025-08-23,UPI,Delivered,Standard
O012313,C02978,2025-12-31,Wallet,Delivered,Express
O012314,C02454,2024-06-15,COD,Delivered,Standard
O012315,C01372,2025-03-02,UPI,Delivered,Standard
O012316,C01641,2024-05-17,Wallet,Delivered,Standard
O012317,C00623,2025-08-14,UPI,Delivered,Express
O012318,C07285,2025-02-22,UPI,Returned,Standard
O012319,C07512,2025-12-20,Wallet,Delivered,Express
O012320,C03256,2024-11-06,UPI,Delivered,Standard
O012321,C06848,2025-07-27,Net Banking,Delivered,Standard
O012322,C04354,2024-07-15,UPI,Delivered,Standard
O012323,C04483,2025-02-24,Net Banking,Delivered,Standard
O012324,C01512,2024-11-11,UPI,Delivered,Standard
O012325,C04118,2024-03-17,UPI,Delivered,Standard
O012326,C04804,2024-08-28,Debit Card,Delivered,Express
O012327,C06984,2025-03-21,Debit Card,Delivered,Standard
O012328,C05978,2025-07-09,UPI,Delivered,Same Day
O012329,C04327,2024-10-08,Debit Card,Delivered,Standard
O012330,C06147,2024-01-23,Credit Card,Delivered,Standard
O012331,C01167,2025-06-06,UPI,Delivered,Standard
O012332,C07203,2025-12-27,Credit Card,Delivered,Standard
O012333,C07022,2024-07-27,Credit Card,Delivered,Standard
O012334,C04364,2025-07-20,Credit Card,Delivered,Standard
O012335,C05901,2024-12-22,UPI,Delivered,Express
O012336,C01810,2024-07-14,Credit Card,Cancelled,Standard
O012337,C04790,2024-05-10,Credit Card,Delivered,Standard
O012338,C04411,2024-08-11,Debit Card,Delivered,Standard
O012339,C07141,2024-07-21,Debit Card,Delivered,Standard
O012340,C01029,2024-10-01,Net Banking,Delivered,Standard
O012341,C03738,2024-05-11,Debit Card,Delivered,Express
O012342,C04828,2024-10-17,COD,Delivered,Standard
O012343,C04226,2025-10-21,Credit Card,Delivered,Standard
O012344,C07246,2024-11-21,Wallet,Delivered,Standard
O012345,C05347,2024-08-30,UPI,Delivered,Standard
O012346,C00854,2024-10-29,Wallet,Delivered,Same Day
O012347,C01769,2025-06-10,UPI,Delivered,Standard
O012348,C00779,2024-07-08,Debit Card,Delivered,Express
O012349,C05295,2024-05-28,UPI,Delivered,Express
O012350,C02360,2025-02-01,COD,Delivered,Standard
O012351,C01336,2025-07-30,UPI,Delivered,Express
O012352,C04976,2024-10-01,Credit Card,Delivered,Standard
O012353,C04012,2024-04-21,Net Banking,Delivered,Same Day
O012354,C07921,2024-06-07,UPI,Delivered,Standard
O012355,C01161,2024-02-23,Credit Card,Delivered,Express
O012356,C07077,2025-09-30,Debit Card,Delivered,Standard
O012357,C04002,2024-02-02,Net Banking,Delivered,Standard
O012358,C02007,2024-11-27,Debit Card,Delivered,Standard
O012359,C06761,2024-10-13,COD,Delivered,Standard
O012360,C00625,2025-07-14,UPI,Delivered,Standard
O012361,C00737,2024-02-26,COD,Delivered,Standard
O012362,C00362,2025-01-18,Debit Card,Returned,Standard
O012363,C02521,2025-10-16,UPI,Delivered,Standard
O012364,C06976,2024-02-12,COD,Delivered,Standard
O012365,C00297,2025-01-03,UPI,Delivered,Standard
O012366,C07565,2024-10-02,UPI,Delivered,Standard
O012367,C00352,2024-08-26,UPI,Delivered,Express
O012368,C00614,2024-04-17,Net Banking,Delivered,Express
O012369,C02828,2025-09-09,UPI,Delivered,Same Day
O012370,C04377,2025-03-24,Credit Card,Delivered,Express
O012371,C04546,2024-11-01,UPI,Delivered,Standard
O012372,C00042,2024-02-14,UPI,Delivered,Standard
O012373,C01618,2025-12-07,Wallet,Delivered,Standard
O012374,C05311,2024-01-14,UPI,Delivered,Standard
O012375,C06317,2024-06-23,Wallet,Delivered,Standard
O012376,C04062,2025-08-07,Net Banking,Delivered,Standard
O012377,C00153,2025-05-09,Credit Card,Delivered,Express
O012378,C05599,2024-07-16,Debit Card,Delivered,Express
O012379,C02535,2024-02-25,Debit Card,Delivered,Standard
O012380,C02151,2025-08-11,Credit Card,Delivered,Standard
O012381,C02613,2025-10-19,Credit Card,Delivered,Same Day
O012382,C02672,2025-04-04,UPI,Delivered,Standard
O012383,C06686,2025-12-24,Wallet,Delivered,Standard
O012384,C02212,2024-02-10,COD,Delivered,Express
O012385,C00138,2025-06-26,Credit Card,Delivered,Standard
O012386,C07565,2025-06-18,UPI,Delivered,Standard
O012387,C00726,2024-10-26,Net Banking,Delivered,Express
O012388,C06615,2025-05-19,COD,Delivered,Standard
O012389,C00973,2025-07-05,COD,Delivered,Standard
O012390,C05020,2024-01-03,Debit Card,Delivered,Standard
O012391,C02818,2025-02-17,UPI,Delivered,Express
O012392,C01098,2024-10-14,Wallet,Delivered,Express
O012393,C05073,2024-09-22,COD,Delivered,Standard
O012394,C02754,2025-11-22,Debit Card,Delivered,Standard
O012395,C01487,2024-01-07,Net Banking,Delivered,Standard
O012396,C02129,2024-02-11,Credit Card,Delivered,Express
O012397,C04321,2025-03-08,UPI,Delivered,Standard
O012398,C01748,2025-05-09,Credit Card,Delivered,Express
O012399,C00481,2024-05-02,UPI,Delivered,Standard
O012400,C01737,2024-12-10,UPI,Delivered,Standard
O012401,C07289,2025-11-19,Debit Card,Delivered,Standard
O012402,C06873,2025-09-17,COD,Delivered,Same Day
O012403,C04177,2025-12-16,UPI,Delivered,Standard
O012404,C04522,2025-11-20,Net Banking,Delivered,Standard
O012405,C05242,2025-05-19,UPI,Delivered,Express
O012406,C06060,2024-12-20,Debit Card,Delivered,Express
O012407,C01134,2025-07-01,Net Banking,Delivered,Standard
O012408,C04782,2025-12-19,Credit Card,Delivered,Express
O012409,C00371,2024-12-22,Debit Card,Delivered,Standard
O012410,C06408,2025-11-15,Net Banking,Delivered,Express
O012411,C07663,2024-01-08,Credit Card,Delivered,Standard
O012412,C05248,2025-11-26,Debit Card,Cancelled,Express
O012413,C01457,2024-06-17,Credit Card,Delivered,Standard
O012414,C06170,2024-07-05,COD,Delivered,Same Day
O012415,C01031,2024-01-01,UPI,Delivered,Express
O012416,C04771,2024-02-26,Credit Card,Returned,Standard
O012417,C07003,2025-08-23,Wallet,Delivered,Express
O012418,C03716,2025-12-19,Credit Card,Delivered,Standard
O012419,C04121,2025-01-20,Credit Card,Delivered,Standard
O012420,C03406,2025-07-15,Credit Card,Delivered,Standard
O012421,C07922,2024-01-07,UPI,Delivered,Standard
O012422,C01245,2024-06-02,UPI,Delivered,Standard
O012423,C02677,2025-09-18,Credit Card,Delivered,Express
O012424,C06025,2025-05-19,Wallet,Delivered,Standard
O012425,C07576,2024-08-25,COD,Delivered,Same Day
O012426,C02488,2025-07-12,COD,Delivered,Standard
O012427,C02853,2025-04-06,Net Banking,Delivered,Express
O012428,C04838,2024-10-23,Wallet,Delivered,Same Day
O012429,C02263,2025-10-25,Wallet,Delivered,Standard
O012430,C00802,2024-09-18,UPI,Delivered,Standard
O012431,C02265,2025-03-23,Wallet,Delivered,Express
O012432,C04268,2024-09-11,Credit Card,Cancelled,Standard
O012433,C02063,2025-04-10,Net Banking,Delivered,Express
O012434,C01725,2024-12-21,Wallet,Delivered,Same Day
O012435,C06495,2025-11-14,Debit Card,Delivered,Express
O012436,C00347,2024-07-08,UPI,Delivered,Express
O012437,C03859,2024-09-23,Credit Card,Delivered,Express
O012438,C04968,2025-06-10,UPI,Delivered,Express
O012439,C02353,2025-07-20,COD,Delivered,Standard
O012440,C05387,2025-10-31,Net Banking,Delivered,Standard
O012441,C01020,2024-05-15,Wallet,Delivered,Express
O012442,C05056,2024-05-23,UPI,Delivered,Standard
O012443,C05699,2025-07-09,UPI,Delivered,Express
O012444,C03421,2025-03-18,UPI,Delivered,Standard
O012445,C02484,2024-02-21,Credit Card,Delivered,Standard
O012446,C03475,2024-05-04,Debit Card,Delivered,Express
O012447,C00896,2025-02-18,Debit Card,Delivered,Standard
O012448,C07999,2025-09-17,COD,Delivered,Standard
O012449,C06954,2024-05-05,UPI,Delivered,Standard
O012450,C07049,2024-07-31,Credit Card,Delivered,Standard
O012451,C02496,2025-12-19,UPI,Delivered,Standard
O012452,C04755,2024-08-18,COD,Delivered,Express
O012453,C03161,2024-11-12,COD,Delivered,Standard
O012454,C06812,2024-02-22,Wallet,Delivered,Standard
O012455,C07697,2024-06-04,Net Banking,Delivered,Express
O012456,C04152,2024-11-12,Wallet,Delivered,Standard
O012457,C04822,2025-08-26,Credit Card,Delivered,Standard
O012458,C04164,2025-04-21,UPI,Returned,Standard
O012459,C01182,2024-11-21,Wallet,Delivered,Express
O012460,C02451,2024-03-22,Credit Card,Delivered,Express
O012461,C04712,2025-02-22,Wallet,Delivered,Express
O012462,C03208,2024-03-31,UPI,Delivered,Standard
O012463,C07033,2025-02-06,UPI,Delivered,Express
O012464,C04673,2024-06-17,Credit Card,Returned,Standard
O012465,C07368,2024-09-05,UPI,Delivered,Standard
O012466,C03256,2024-07-20,Credit Card,Delivered,Express
O012467,C01245,2025-08-12,UPI,Cancelled,Standard
O012468,C04049,2025-04-04,Wallet,Delivered,Standard
O012469,C01488,2025-12-09,UPI,Delivered,Standard
O012470,C00176,2025-07-24,Wallet,Delivered,Express
O012471,C00338,2025-12-03,Credit Card,Delivered,Standard
O012472,C04617,2025-10-31,Credit Card,Delivered,Express
O012473,C00777,2025-12-26,UPI,Delivered,Standard
O012474,C03809,2024-04-18,UPI,Delivered,Express
O012475,C07856,2024-11-05,Net Banking,Delivered,Express
O012476,C02195,2025-06-14,Debit Card,Delivered,Standard
O012477,C01118,2025-04-29,Credit Card,Delivered,Standard
O012478,C07000,2024-02-19,Debit Card,Delivered,Express
O012479,C05250,2025-04-10,Credit Card,Delivered,Express
O012480,C02703,2024-07-25,Credit Card,Delivered,Standard
O012481,C02795,2025-02-19,UPI,Delivered,Standard
O012482,C00084,2024-01-15,Credit Card,Delivered,Standard
O012483,C02972,2025-07-27,Credit Card,Delivered,Express
O012484,C03843,2024-06-15,UPI,Cancelled,Standard
O012485,C07486,2024-01-29,UPI,Delivered,Standard
O012486,C06106,2024-11-19,COD,Cancelled,Standard
O012487,C05068,2025-03-02,Credit Card,Delivered,Standard
O012488,C07522,2024-02-29,Credit Card,Delivered,Standard
O012489,C07391,2024-08-14,Credit Card,Delivered,Same Day
O012490,C07272,2024-09-09,UPI,Delivered,Standard
O012491,C01610,2025-03-20,UPI,Delivered,Express
O012492,C07037,2025-01-16,UPI,Delivered,Standard
O012493,C06402,2025-07-13,UPI,Delivered,Express
O012494,C06213,2025-08-14,COD,Cancelled,Standard
O012495,C03008,2024-03-30,Debit Card,Delivered,Standard
O012496,C04396,2025-04-13,Credit Card,Cancelled,Standard
O012497,C07718,2024-06-23,Net Banking,Delivered,Standard
O012498,C01203,2024-02-29,UPI,Delivered,Standard
O012499,C04262,2024-12-10,Net Banking,Delivered,Standard
O012500,C03148,2025-09-26,UPI,Delivered,Standard
O012501,C06003,2024-08-17,UPI,Delivered,Standard
O012502,C02986,2025-06-10,Debit Card,Delivered,Standard
O012503,C07388,2025-05-27,UPI,Delivered,Express
O012504,C01107,2024-05-16,Credit Card,Delivered,Same Day
O012505,C02338,2024-09-15,UPI,Delivered,Same Day
O012506,C00961,2024-01-07,Wallet,Delivered,Standard
O012507,C03915,2025-06-04,Debit Card,Returned,Standard
O012508,C02988,2025-06-21,COD,Delivered,Express
O012509,C01254,2024-10-28,Debit Card,Delivered,Standard
O012510,C04495,2025-07-09,Credit Card,Delivered,Same Day
O012511,C05346,2024-05-06,UPI,Delivered,Standard
O012512,C02233,2025-08-02,Credit Card,Delivered,Standard
O012513,C05342,2024-10-19,UPI,Delivered,Standard
O012514,C03013,2024-10-24,Wallet,Delivered,Standard
O012515,C06732,2025-09-29,COD,Delivered,Express
O012516,C00817,2025-01-31,Debit Card,Cancelled,Standard
O012517,C04404,2025-08-06,Net Banking,Delivered,Standard
O012518,C02645,2024-05-12,Credit Card,Delivered,Express
O012519,C02380,2025-05-10,Debit Card,Returned,Standard
O012520,C06985,2025-11-13,COD,Delivered,Standard
O012521,C02317,2025-09-13,Debit Card,Delivered,Express
O012522,C03421,2024-03-13,Debit Card,Delivered,Standard
O012523,C06174,2024-12-21,Net Banking,Delivered,Standard
O012524,C01880,2025-10-16,Debit Card,Delivered,Same Day
O012525,C04860,2024-07-11,Net Banking,Delivered,Standard
O012526,C00578,2025-03-31,Debit Card,Delivered,Express
O012527,C05646,2024-04-04,Credit Card,Delivered,Express
O012528,C07638,2024-10-19,Credit Card,Delivered,Standard
O012529,C01046,2024-10-31,Debit Card,Delivered,Standard
O012530,C00974,2024-09-04,Debit Card,Delivered,Express
O012531,C04628,2025-01-02,COD,Delivered,Express
O012532,C01865,2025-06-15,UPI,Delivered,Standard
O012533,C03720,2025-04-16,UPI,Delivered,Same Day
O012534,C00807,2025-02-09,UPI,Delivered,Standard
O012535,C01363,2024-08-05,Net Banking,Delivered,Same Day
O012536,C02918,2025-09-11,Credit Card,Delivered,Standard
O012537,C07894,2024-02-04,Wallet,Delivered,Standard
O012538,C01719,2024-11-12,UPI,Delivered,Standard
O012539,C06763,2024-02-03,Credit Card,Returned,Express
O012540,C06073,2025-04-15,UPI,Delivered,Standard
O012541,C05710,2024-12-23,Credit Card,Cancelled,Standard
O012542,C05242,2024-12-19,Debit Card,Delivered,Standard
O012543,C04635,2024-05-17,Debit Card,Delivered,Standard
O012544,C02408,2025-09-08,Wallet,Delivered,Standard
O012545,C03630,2024-02-27,Wallet,Cancelled,Standard
O012546,C01763,2024-05-17,Credit Card,Delivered,Standard
O012547,C04125,2024-12-31,Credit Card,Delivered,Standard
O012548,C02034,2025-05-20,Credit Card,Delivered,Standard
O012549,C07638,2025-10-22,COD,Delivered,Standard
O012550,C02069,2025-08-13,UPI,Delivered,Standard
O012551,C07913,2025-04-18,Credit Card,Delivered,Express
O012552,C05126,2025-03-08,UPI,Delivered,Same Day
O012553,C04836,2024-12-29,UPI,Delivered,Standard
O012554,C05278,2025-09-19,UPI,Delivered,Express
O012555,C04995,2024-09-04,Credit Card,Delivered,Standard
O012556,C03613,2025-10-02,COD,Delivered,Same Day
O012557,C07051,2025-03-13,Debit Card,Delivered,Standard
O012558,C00577,2024-08-08,UPI,Cancelled,Standard
O012559,C04195,2024-08-17,Net Banking,Delivered,Express
O012560,C03409,2025-07-14,Debit Card,Delivered,Express
O012561,C04929,2024-02-27,Debit Card,Delivered,Standard
O012562,C06697,2024-12-27,UPI,Delivered,Standard
O012563,C04817,2024-04-20,Debit Card,Delivered,Express
O012564,C00140,2024-08-28,UPI,Delivered,Standard
O012565,C07451,2024-11-24,Debit Card,Delivered,Standard
O012566,C07936,2025-03-17,COD,Delivered,Standard
O012567,C06886,2025-01-12,Debit Card,Delivered,Same Day
O012568,C05184,2025-04-23,Wallet,Delivered,Same Day
O012569,C00423,2025-09-29,Credit Card,Delivered,Express
O012570,C00765,2024-08-15,UPI,Delivered,Standard
O012571,C06576,2025-04-27,UPI,Delivered,Standard
O012572,C06925,2025-05-18,Credit Card,Delivered,Standard
O012573,C07051,2024-05-31,UPI,Delivered,Same Day
O012574,C04255,2024-09-04,UPI,Delivered,Express
O012575,C01805,2024-03-05,Net Banking,Delivered,Standard
O012576,C02501,2025-06-24,Net Banking,Delivered,Standard
O012577,C06177,2024-09-15,UPI,Delivered,Standard
O012578,C03197,2025-09-21,UPI,Delivered,Standard
O012579,C01203,2024-12-21,Debit Card,Delivered,Standard
O012580,C00214,2025-11-23,Credit Card,Delivered,Express
O012581,C01071,2024-09-23,Credit Card,Delivered,Standard
O012582,C03569,2024-08-05,Debit Card,Delivered,Standard
O012583,C02693,2025-01-22,UPI,Cancelled,Express
O012584,C03058,2024-06-07,Wallet,Delivered,Standard
O012585,C07346,2024-03-26,UPI,Delivered,Standard
O012586,C00009,2024-11-23,COD,Delivered,Standard
O012587,C07199,2025-02-07,Net Banking,Returned,Standard
O012588,C07135,2024-09-27,Net Banking,Delivered,Standard
O012589,C05829,2025-07-14,Credit Card,Delivered,Standard
O012590,C04860,2025-09-10,Credit Card,Delivered,Standard
O012591,C02257,2025-05-15,Net Banking,Delivered,Standard
O012592,C00481,2024-08-29,UPI,Delivered,Same Day
O012593,C05126,2024-05-23,Debit Card,Delivered,Standard
O012594,C07626,2024-11-24,Credit Card,Delivered,Standard
O012595,C03769,2024-09-04,Credit Card,Delivered,Standard
O012596,C06879,2025-09-07,Net Banking,Delivered,Standard
O012597,C03424,2024-09-01,Debit Card,Delivered,Standard
O012598,C07127,2024-01-11,Credit Card,Delivered,Standard
O012599,C04815,2024-07-14,UPI,Delivered,Standard
O012600,C07530,2024-02-25,Wallet,Delivered,Standard
O012601,C05398,2024-12-21,UPI,Delivered,Standard
O012602,C01692,2024-11-22,Net Banking,Delivered,Standard
O012603,C00889,2024-03-31,COD,Delivered,Standard
O012604,C07679,2025-07-02,UPI,Returned,Standard
O012605,C06305,2025-11-01,Debit Card,Delivered,Standard
O012606,C03494,2025-05-20,COD,Delivered,Standard
O012607,C06793,2025-10-28,Debit Card,Delivered,Standard
O012608,C00161,2025-02-07,Debit Card,Delivered,Express
O012609,C00041,2025-11-02,UPI,Delivered,Express
O012610,C02841,2025-03-28,Credit Card,Delivered,Standard
O012611,C03388,2024-12-02,Credit Card,Delivered,Express
O012612,C02562,2024-07-05,Net Banking,Cancelled,Same Day
O012613,C02610,2025-03-19,Credit Card,Delivered,Express
O012614,C06286,2024-03-24,Debit Card,Delivered,Standard
O012615,C04565,2025-02-10,UPI,Delivered,Standard
O012616,C04280,2025-10-26,Debit Card,Delivered,Standard
O012617,C07592,2025-09-15,Net Banking,Delivered,Standard
O012618,C04819,2024-05-14,Debit Card,Delivered,Standard
O012619,C01542,2025-05-09,Debit Card,Delivered,Standard
O012620,C06221,2025-04-23,Credit Card,Delivered,Standard
O012621,C03260,2025-01-13,Wallet,Returned,Standard
O012622,C02029,2024-04-02,UPI,Delivered,Standard
O012623,C00274,2025-04-25,UPI,Delivered,Express
O012624,C07684,2024-07-12,Debit Card,Delivered,Standard
O012625,C00791,2024-06-18,Net Banking,Delivered,Standard
O012626,C00580,2025-04-29,Debit Card,Delivered,Standard
O012627,C02316,2024-06-11,Debit Card,Delivered,Standard
O012628,C05260,2025-02-12,Wallet,Delivered,Standard
O012629,C03433,2025-04-02,UPI,Delivered,Standard
O012630,C02233,2025-10-29,UPI,Delivered,Standard
O012631,C07365,2025-12-31,Wallet,Delivered,Same Day
O012632,C05979,2025-08-07,COD,Delivered,Standard
O012633,C07739,2024-10-07,Credit Card,Delivered,Same Day
O012634,C02106,2024-11-28,UPI,Delivered,Same Day
O012635,C06873,2025-10-17,Credit Card,Delivered,Standard
O012636,C03954,2025-04-03,Debit Card,Delivered,Standard
O012637,C01217,2024-08-15,UPI,Delivered,Express
O012638,C03417,2024-08-10,Debit Card,Delivered,Standard
O012639,C06177,2025-12-09,UPI,Delivered,Express
O012640,C05353,2024-01-22,Credit Card,Delivered,Express
O012641,C01352,2024-02-05,Credit Card,Delivered,Standard
O012642,C01727,2024-10-31,UPI,Delivered,Standard
O012643,C04817,2024-09-14,Credit Card,Delivered,Express
O012644,C05606,2025-12-27,UPI,Delivered,Standard
O012645,C07856,2025-08-06,UPI,Delivered,Standard
O012646,C00216,2025-11-04,Debit Card,Returned,Standard
O012647,C01211,2024-09-09,UPI,Cancelled,Standard
O012648,C02505,2025-06-07,Credit Card,Cancelled,Same Day
O012649,C05119,2024-05-08,Credit Card,Delivered,Standard
O012650,C07835,2024-05-09,Wallet,Delivered,Standard
O012651,C06578,2025-12-27,Net Banking,Delivered,Express
O012652,C00092,2024-07-21,Wallet,Delivered,Standard
O012653,C04968,2025-07-29,Net Banking,Delivered,Express
O012654,C03678,2025-06-10,UPI,Delivered,Standard
O012655,C06208,2025-07-20,Credit Card,Cancelled,Standard
O012656,C01097,2025-02-11,UPI,Delivered,Standard
O012657,C07296,2025-09-12,Credit Card,Delivered,Standard
O012658,C00670,2025-11-10,Credit Card,Delivered,Standard
O012659,C06524,2024-01-29,UPI,Delivered,Standard
O012660,C05220,2025-09-23,UPI,Delivered,Express
O012661,C00494,2025-09-07,COD,Delivered,Standard
O012662,C05962,2024-04-20,Wallet,Delivered,Express
O012663,C03956,2025-12-21,Net Banking,Delivered,Express
O012664,C03914,2024-11-27,UPI,Delivered,Standard
O012665,C02762,2024-09-10,Credit Card,Delivered,Express
O012666,C05286,2024-02-09,Credit Card,Delivered,Standard
O012667,C05428,2024-12-05,Net Banking,Delivered,Standard
O012668,C06253,2024-01-02,UPI,Delivered,Same Day
O012669,C07566,2024-06-17,Debit Card,Delivered,Express
O012670,C05137,2024-03-30,UPI,Delivered,Express
O012671,C02052,2025-02-06,UPI,Delivered,Standard
O012672,C02647,2024-10-23,Credit Card,Delivered,Standard
O012673,C02344,2025-09-02,UPI,Delivered,Express
O012674,C03170,2024-08-01,UPI,Delivered,Standard
O012675,C07474,2024-08-01,Net Banking,Cancelled,Standard
O012676,C01088,2025-06-07,Credit Card,Delivered,Standard
O012677,C06146,2025-01-01,Debit Card,Delivered,Same Day
O012678,C01701,2024-05-14,Net Banking,Delivered,Standard
O012679,C06687,2024-07-16,UPI,Delivered,Standard
O012680,C00202,2024-06-04,UPI,Delivered,Express
O012681,C04779,2025-02-23,Net Banking,Delivered,Standard
O012682,C02497,2025-05-03,UPI,Delivered,Express
O012683,C03022,2024-11-14,UPI,Delivered,Standard
O012684,C05550,2024-01-26,COD,Returned,Express
O012685,C04288,2025-05-20,UPI,Delivered,Standard
O012686,C02091,2024-05-04,UPI,Delivered,Standard
O012687,C07836,2024-11-22,Credit Card,Delivered,Standard
O012688,C02231,2024-02-04,Wallet,Delivered,Express
O012689,C07545,2025-01-12,UPI,Delivered,Standard
O012690,C08000,2024-02-04,Debit Card,Delivered,Standard
O012691,C05900,2025-05-27,Credit Card,Delivered,Standard
O012692,C05218,2024-06-27,Credit Card,Delivered,Standard
O012693,C02085,2025-07-10,Wallet,Delivered,Express
O012694,C03178,2025-08-17,UPI,Delivered,Same Day
O012695,C05376,2025-11-13,Credit Card,Delivered,Express
O012696,C03601,2024-06-09,Wallet,Delivered,Standard
O012697,C01558,2025-07-08,Credit Card,Delivered,Express
O012698,C06688,2025-10-29,Debit Card,Delivered,Standard
O012699,C03613,2025-06-23,UPI,Delivered,Standard
O012700,C06255,2024-07-18,UPI,Delivered,Express
O012701,C05503,2024-02-28,COD,Delivered,Standard
O012702,C07030,2024-06-17,Credit Card,Delivered,Standard
O012703,C07003,2025-03-31,Wallet,Delivered,Standard
O012704,C00046,2024-08-18,Debit Card,Delivered,Same Day
O012705,C05566,2024-12-31,UPI,Delivered,Same Day
O012706,C01689,2025-03-10,UPI,Delivered,Standard
O012707,C05845,2024-07-15,Debit Card,Delivered,Standard
O012708,C03474,2024-06-09,COD,Delivered,Standard
O012709,C02077,2025-02-12,UPI,Delivered,Standard
O012710,C03567,2025-10-17,UPI,Delivered,Express
O012711,C03194,2024-12-21,Debit Card,Delivered,Standard
O012712,C01394,2024-01-07,Credit Card,Returned,Standard
O012713,C04417,2025-05-28,UPI,Delivered,Express
O012714,C04649,2024-02-22,UPI,Delivered,Standard
O012715,C00185,2024-05-17,COD,Delivered,Standard
O012716,C01833,2024-07-22,Debit Card,Delivered,Standard
O012717,C04726,2025-03-01,Wallet,Delivered,Standard
O012718,C06615,2025-05-08,Credit Card,Delivered,Standard
O012719,C04755,2025-06-27,UPI,Delivered,Standard
O012720,C07875,2025-11-01,UPI,Delivered,Standard
O012721,C00806,2024-02-15,COD,Delivered,Express
O012722,C01512,2024-08-18,COD,Delivered,Standard
O012723,C05383,2025-03-29,UPI,Delivered,Standard
O012724,C01161,2024-12-10,Net Banking,Delivered,Standard
O012725,C03023,2025-06-29,Net Banking,Cancelled,Standard
O012726,C04286,2024-01-20,Debit Card,Delivered,Standard
O012727,C03763,2025-09-08,Credit Card,Delivered,Express
O012728,C02247,2025-02-26,Debit Card,Delivered,Standard
O012729,C06925,2025-08-17,UPI,Delivered,Standard
O012730,C00038,2025-06-25,Net Banking,Delivered,Express
O012731,C03751,2024-07-16,UPI,Delivered,Standard
O012732,C06305,2025-12-16,Net Banking,Delivered,Express
O012733,C05462,2025-03-15,UPI,Delivered,Standard
O012734,C04772,2024-07-24,UPI,Delivered,Standard
O012735,C03268,2024-05-26,Net Banking,Delivered,Standard
O012736,C02826,2024-02-17,UPI,Delivered,Standard
O012737,C01407,2025-04-16,COD,Delivered,Standard
O012738,C01557,2024-08-03,Wallet,Cancelled,Express
O012739,C00382,2025-11-28,UPI,Returned,Standard
O012740,C06436,2025-01-01,Wallet,Delivered,Standard
O012741,C06358,2024-02-10,UPI,Delivered,Standard
O012742,C02218,2025-10-04,Debit Card,Delivered,Express
O012743,C00230,2025-03-08,Debit Card,Delivered,Express
O012744,C05699,2024-02-11,UPI,Delivered,Standard
O012745,C03593,2024-08-02,Credit Card,Delivered,Same Day
O012746,C03370,2025-08-16,UPI,Delivered,Standard
O012747,C06438,2024-09-18,COD,Delivered,Express
O012748,C02077,2024-05-18,UPI,Delivered,Same Day
O012749,C00066,2025-07-03,Credit Card,Delivered,Same Day
O012750,C06997,2025-04-26,Wallet,Delivered,Standard
O012751,C02771,2025-11-13,UPI,Delivered,Standard
O012752,C04940,2025-06-27,Net Banking,Delivered,Standard
O012753,C03256,2024-06-15,UPI,Delivered,Standard
O012754,C00745,2025-06-28,UPI,Delivered,Express
O012755,C07426,2025-04-02,Credit Card,Delivered,Express
O012756,C02077,2025-09-02,UPI,Delivered,Standard
O012757,C06087,2024-07-10,Debit Card,Delivered,Standard
O012758,C06705,2024-01-05,Credit Card,Delivered,Standard
O012759,C01880,2024-12-15,Credit Card,Delivered,Standard
O012760,C02288,2025-11-20,Credit Card,Delivered,Standard
O012761,C00142,2024-08-03,COD,Delivered,Standard
O012762,C06707,2024-08-12,Credit Card,Returned,Express
O012763,C01363,2024-08-10,UPI,Delivered,Standard
O012764,C06019,2025-10-28,Credit Card,Delivered,Standard
O012765,C07566,2024-10-23,Credit Card,Delivered,Express
O012766,C02360,2024-11-10,UPI,Delivered,Standard
O012767,C00372,2024-04-12,Debit Card,Delivered,Standard
O012768,C07144,2024-01-31,Credit Card,Delivered,Same Day
O012769,C00075,2024-11-24,Credit Card,Delivered,Standard
O012770,C02072,2025-12-26,UPI,Delivered,Standard
O012771,C04750,2024-09-10,Wallet,Delivered,Standard
O012772,C05971,2024-06-10,Net Banking,Delivered,Express
O012773,C01061,2024-03-09,Credit Card,Delivered,Express
O012774,C07854,2025-07-12,Credit Card,Delivered,Standard
O012775,C01146,2025-10-06,Debit Card,Delivered,Standard
O012776,C06981,2025-05-21,Debit Card,Delivered,Standard
O012777,C06274,2024-07-25,Credit Card,Delivered,Express
O012778,C04649,2025-04-14,Net Banking,Delivered,Standard
O012779,C03805,2025-12-19,Credit Card,Delivered,Standard
O012780,C04057,2025-10-26,Credit Card,Delivered,Standard
O012781,C04359,2024-02-21,Credit Card,Delivered,Standard
O012782,C07815,2025-08-26,UPI,Delivered,Standard
O012783,C02165,2024-09-27,Credit Card,Delivered,Standard
O012784,C03076,2025-10-02,Wallet,Delivered,Standard
O012785,C05455,2025-08-28,Debit Card,Delivered,Standard
O012786,C03830,2024-05-21,Credit Card,Delivered,Standard
O012787,C02263,2024-05-09,Net Banking,Delivered,Standard
O012788,C03018,2025-03-18,Wallet,Delivered,Standard
O012789,C00772,2025-12-19,COD,Delivered,Standard
O012790,C02499,2025-04-06,Net Banking,Delivered,Standard
O012791,C06681,2024-10-16,Credit Card,Delivered,Express
O012792,C04662,2024-10-07,Debit Card,Returned,Standard
O012793,C06255,2025-07-07,Credit Card,Delivered,Standard
O012794,C05803,2025-04-14,Debit Card,Delivered,Express
O012795,C06111,2024-12-19,Debit Card,Delivered,Standard
O012796,C02288,2024-01-31,UPI,Delivered,Express
O012797,C02077,2025-01-19,Debit Card,Delivered,Standard
O012798,C06444,2025-03-09,UPI,Returned,Same Day
O012799,C07698,2025-07-22,UPI,Delivered,Standard
O012800,C05313,2025-05-04,Debit Card,Delivered,Standard
O012801,C00954,2024-11-13,Wallet,Delivered,Standard
O012802,C01063,2024-05-17,Wallet,Delivered,Express
O012803,C04304,2024-06-18,Credit Card,Delivered,Express
O012804,C06674,2025-08-27,Debit Card,Delivered,Express
O012805,C07611,2024-12-04,Debit Card,Delivered,Express
O012806,C07565,2025-08-31,UPI,Delivered,Express
O012807,C02247,2025-10-05,Wallet,Returned,Express
O012808,C03554,2024-01-02,Credit Card,Cancelled,Express
O012809,C02988,2025-04-20,Credit Card,Delivered,Standard
O012810,C07540,2025-06-28,UPI,Delivered,Express
O012811,C04562,2025-03-08,Credit Card,Delivered,Express
O012812,C02508,2024-03-06,UPI,Delivered,Express
O012813,C04252,2025-07-06,Net Banking,Delivered,Express
O012814,C01127,2024-12-04,Credit Card,Delivered,Express
O012815,C02014,2024-05-21,UPI,Delivered,Express
O012816,C07582,2024-03-28,UPI,Delivered,Express
O012817,C00361,2024-04-10,Debit Card,Cancelled,Standard
O012818,C05809,2024-10-05,COD,Delivered,Express
O012819,C07921,2025-04-29,Net Banking,Delivered,Standard
O012820,C06090,2025-09-16,Net Banking,Delivered,Standard
O012821,C00819,2025-04-12,Debit Card,Delivered,Standard
O012822,C06252,2025-09-08,Credit Card,Delivered,Express
O012823,C07986,2025-11-15,Debit Card,Delivered,Express
O012824,C05487,2025-12-13,Credit Card,Cancelled,Standard
O012825,C03501,2025-11-04,UPI,Delivered,Express
O012826,C05178,2024-07-02,UPI,Delivered,Express
O012827,C07088,2024-09-10,Credit Card,Delivered,Standard
O012828,C03138,2024-12-12,UPI,Delivered,Standard
O012829,C04718,2025-12-05,UPI,Delivered,Express
O012830,C04562,2025-09-30,Wallet,Delivered,Standard
O012831,C00866,2024-02-01,UPI,Delivered,Standard
O012832,C07323,2024-12-22,Wallet,Delivered,Standard
O012833,C06087,2024-04-03,Wallet,Delivered,Express
O012834,C00037,2024-12-12,Wallet,Delivered,Standard
O012835,C06982,2024-06-29,UPI,Delivered,Standard
O012836,C00566,2024-10-22,UPI,Delivered,Express
O012837,C07031,2024-03-24,UPI,Delivered,Standard
O012838,C03723,2024-03-03,UPI,Delivered,Standard
O012839,C00763,2024-01-17,Net Banking,Delivered,Same Day
O012840,C03348,2025-08-11,UPI,Delivered,Standard
O012841,C04297,2025-08-06,COD,Delivered,Standard
O012842,C02687,2025-07-15,Debit Card,Returned,Standard
O012843,C07249,2024-09-19,Credit Card,Delivered,Standard
O012844,C04252,2025-06-30,Credit Card,Cancelled,Same Day
O012845,C04929,2025-04-29,Debit Card,Delivered,Standard
O012846,C06556,2025-05-25,Debit Card,Delivered,Express
O012847,C06593,2025-08-22,Credit Card,Delivered,Express
O012848,C05220,2025-10-24,UPI,Delivered,Express
O012849,C07137,2025-11-09,Net Banking,Delivered,Standard
O012850,C06498,2025-11-27,Debit Card,Delivered,Express
O012851,C00280,2025-02-20,Wallet,Delivered,Same Day
O012852,C04755,2024-07-04,Credit Card,Delivered,Standard
O012853,C07051,2024-01-19,UPI,Returned,Express
O012854,C02550,2024-10-08,COD,Delivered,Standard
O012855,C03656,2024-10-13,UPI,Delivered,Standard
O012856,C03334,2025-02-12,Credit Card,Delivered,Standard
O012857,C05436,2025-07-11,Wallet,Delivered,Standard
O012858,C02167,2025-02-13,UPI,Delivered,Express
O012859,C07086,2025-11-07,Debit Card,Delivered,Standard
O012860,C01214,2024-01-08,Credit Card,Delivered,Standard
O012861,C05273,2025-12-06,Credit Card,Delivered,Standard
O012862,C01637,2024-12-09,Debit Card,Delivered,Standard
O012863,C00232,2024-09-30,Debit Card,Delivered,Express
O012864,C01079,2025-09-04,Net Banking,Delivered,Standard
O012865,C06568,2024-08-04,Credit Card,Returned,Standard
O012866,C05949,2025-04-16,UPI,Delivered,Standard
O012867,C03474,2024-01-07,Debit Card,Delivered,Standard
O012868,C00283,2025-06-21,COD,Delivered,Standard
O012869,C07291,2024-11-26,UPI,Delivered,Same Day
O012870,C00281,2025-11-06,Credit Card,Delivered,Standard
O012871,C01836,2025-04-16,UPI,Delivered,Express
O012872,C06633,2024-05-05,Net Banking,Delivered,Express
O012873,C00116,2024-02-24,Wallet,Delivered,Standard
O012874,C02342,2025-07-24,Debit Card,Delivered,Standard
O012875,C05368,2025-11-02,UPI,Delivered,Express
O012876,C00562,2024-07-20,Debit Card,Delivered,Same Day
O012877,C02435,2025-04-10,Debit Card,Delivered,Express
O012878,C05847,2024-12-05,Net Banking,Delivered,Standard
O012879,C04546,2025-07-11,Wallet,Delivered,Express
O012880,C03623,2024-11-28,Debit Card,Delivered,Express
O012881,C00291,2025-07-09,Credit Card,Delivered,Standard
O012882,C06255,2025-07-21,Net Banking,Delivered,Standard
O012883,C06842,2025-07-31,Credit Card,Delivered,Standard
O012884,C05995,2025-08-12,Debit Card,Returned,Standard
O012885,C06101,2024-04-17,Net Banking,Delivered,Standard
O012886,C06846,2025-12-11,Credit Card,Delivered,Standard
O012887,C03655,2024-09-01,UPI,Delivered,Standard
O012888,C05094,2025-05-09,UPI,Delivered,Express
O012889,C03865,2024-11-29,Credit Card,Delivered,Standard
O012890,C06947,2024-01-17,Credit Card,Delivered,Standard
O012891,C00737,2025-05-19,Debit Card,Delivered,Standard
O012892,C00439,2024-10-09,UPI,Delivered,Standard
O012893,C05367,2025-04-17,UPI,Delivered,Express
O012894,C05654,2024-01-17,UPI,Delivered,Standard
O012895,C03733,2025-08-02,Credit Card,Delivered,Express
O012896,C05070,2024-01-16,Credit Card,Delivered,Standard
O012897,C06440,2024-02-19,Net Banking,Delivered,Standard
O012898,C05804,2025-09-25,UPI,Delivered,Standard
O012899,C05311,2024-11-16,UPI,Delivered,Standard
O012900,C04154,2025-04-30,Net Banking,Delivered,Express
O012901,C00920,2025-10-11,UPI,Delivered,Standard
O012902,C01768,2025-06-10,Wallet,Delivered,Standard
O012903,C00246,2024-04-01,UPI,Delivered,Standard
O012904,C02164,2024-09-29,COD,Delivered,Standard
O012905,C02768,2024-08-03,UPI,Delivered,Standard
O012906,C05186,2024-08-21,UPI,Delivered,Standard
O012907,C05087,2024-01-11,UPI,Delivered,Standard
O012908,C02127,2025-09-03,COD,Delivered,Express
O012909,C01643,2025-10-24,Credit Card,Delivered,Express
O012910,C01607,2025-08-06,Credit Card,Delivered,Standard
O012911,C07697,2024-04-08,Debit Card,Delivered,Same Day
O012912,C03544,2024-08-15,Credit Card,Delivered,Standard
O012913,C00990,2024-07-17,UPI,Delivered,Standard
O012914,C05431,2025-12-07,Debit Card,Delivered,Standard
O012915,C06943,2025-12-21,UPI,Delivered,Standard
O012916,C00350,2024-03-11,UPI,Delivered,Express
O012917,C05203,2025-01-06,Wallet,Cancelled,Standard
O012918,C06393,2025-09-16,Wallet,Delivered,Standard
O012919,C03170,2025-05-06,UPI,Delivered,Standard
O012920,C03272,2024-03-06,Debit Card,Delivered,Standard
O012921,C04317,2025-04-02,Net Banking,Delivered,Standard
O012922,C04540,2025-05-26,Debit Card,Delivered,Standard
O012923,C06713,2025-04-23,Wallet,Delivered,Standard
O012924,C02347,2024-02-04,Debit Card,Delivered,Standard
O012925,C05242,2024-08-10,UPI,Delivered,Express
O012926,C07904,2024-05-25,Credit Card,Delivered,Express
O012927,C05179,2025-12-15,UPI,Returned,Standard
O012928,C01710,2025-10-27,UPI,Cancelled,Express
O012929,C05524,2024-01-08,Wallet,Delivered,Express
O012930,C02317,2025-03-11,COD,Delivered,Standard
O012931,C02983,2024-07-13,UPI,Delivered,Standard
O012932,C04300,2025-03-02,Debit Card,Delivered,Express
O012933,C04594,2024-06-10,COD,Delivered,Standard
O012934,C03488,2025-05-18,UPI,Delivered,Standard
O012935,C03809,2025-02-02,COD,Cancelled,Standard
O012936,C03204,2024-09-18,COD,Delivered,Standard
O012937,C06439,2025-07-14,Debit Card,Delivered,Standard
O012938,C01478,2025-06-28,UPI,Delivered,Standard
O012939,C04144,2025-09-30,UPI,Delivered,Standard
O012940,C03764,2025-02-16,Credit Card,Delivered,Express
O012941,C07699,2024-08-04,Credit Card,Delivered,Standard
O012942,C00096,2025-09-30,Debit Card,Delivered,Standard
O012943,C01273,2024-08-25,UPI,Delivered,Express
O012944,C06759,2025-01-30,Debit Card,Delivered,Standard
O012945,C06575,2024-02-14,Net Banking,Delivered,Standard
O012946,C01823,2025-05-01,UPI,Delivered,Standard
O012947,C02469,2024-12-23,Debit Card,Delivered,Standard
O012948,C00435,2025-06-02,COD,Delivered,Standard
O012949,C01979,2024-01-26,Wallet,Delivered,Standard
O012950,C00839,2025-08-13,Credit Card,Delivered,Standard
O012951,C04342,2025-02-24,COD,Delivered,Standard
O012952,C07399,2024-09-23,COD,Delivered,Express
O012953,C05715,2024-04-06,Credit Card,Delivered,Standard
O012954,C07739,2025-09-14,Debit Card,Delivered,Express
O012955,C03865,2025-04-08,Credit Card,Delivered,Same Day
O012956,C04043,2025-06-26,Debit Card,Cancelled,Standard
O012957,C02838,2024-09-03,Wallet,Delivered,Express
O012958,C00041,2024-06-05,Credit Card,Delivered,Express
O012959,C07841,2024-04-07,Credit Card,Delivered,Express
O012960,C01589,2025-03-02,Credit Card,Delivered,Standard
O012961,C05718,2025-09-15,Credit Card,Delivered,Standard
O012962,C00807,2024-05-28,UPI,Delivered,Same Day
O012963,C06303,2024-09-21,Credit Card,Delivered,Standard
O012964,C02318,2025-04-24,Net Banking,Delivered,Standard
O012965,C01316,2024-11-11,Net Banking,Delivered,Standard
O012966,C06969,2024-02-22,UPI,Delivered,Standard
O012967,C06105,2025-12-31,Net Banking,Delivered,Standard
O012968,C06767,2024-03-12,Credit Card,Delivered,Express
O012969,C05025,2024-03-13,Debit Card,Delivered,Same Day
O012970,C02194,2025-02-20,UPI,Cancelled,Standard
O012971,C03027,2024-03-24,Credit Card,Delivered,Standard
O012972,C01866,2024-10-22,Debit Card,Delivered,Standard
O012973,C05959,2024-12-15,Credit Card,Delivered,Standard
O012974,C07966,2024-06-10,UPI,Delivered,Express
O012975,C07861,2024-01-22,Net Banking,Delivered,Express
O012976,C07922,2025-04-24,Net Banking,Returned,Express
O012977,C07400,2025-08-28,Wallet,Delivered,Standard
O012978,C07138,2024-05-31,UPI,Delivered,Standard
O012979,C01018,2025-08-11,Wallet,Cancelled,Standard
O012980,C00640,2024-06-15,Credit Card,Delivered,Standard
O012981,C01155,2024-03-08,Net Banking,Delivered,Express
O012982,C01207,2024-12-24,UPI,Delivered,Standard
O012983,C03177,2025-10-01,Credit Card,Delivered,Express
O012984,C04441,2025-07-27,Wallet,Delivered,Same Day
O012985,C01656,2024-10-05,Debit Card,Delivered,Standard
O012986,C02538,2025-01-03,UPI,Returned,Standard
O012987,C07899,2024-11-06,UPI,Delivered,Standard
O012988,C02488,2024-08-30,COD,Cancelled,Standard
O012989,C02149,2024-08-30,UPI,Delivered,Standard
O012990,C07264,2025-02-25,Debit Card,Delivered,Express
O012991,C00316,2025-11-09,Wallet,Delivered,Express
O012992,C01741,2025-07-29,Credit Card,Delivered,Standard
O012993,C04655,2024-02-13,Wallet,Delivered,Standard
O012994,C01995,2024-08-27,UPI,Returned,Standard
O012995,C00370,2025-09-12,Debit Card,Cancelled,Standard
O012996,C02195,2025-09-16,Net Banking,Delivered,Standard
O012997,C00492,2024-02-19,UPI,Delivered,Standard
O012998,C03433,2025-10-26,UPI,Delivered,Standard
O012999,C04723,2025-12-28,UPI,Delivered,Express
O013000,C07034,2024-07-30,Credit Card,Delivered,Standard
O013001,C05182,2024-05-14,Debit Card,Delivered,Standard
O013002,C02622,2025-03-11,Wallet,Delivered,Standard
O013003,C01947,2025-04-09,Credit Card,Delivered,Standard
O013004,C05955,2025-06-12,UPI,Delivered,Same Day
O013005,C01458,2024-02-09,COD,Delivered,Standard
O013006,C01946,2025-10-26,UPI,Delivered,Standard
O013007,C06748,2025-09-30,Net Banking,Delivered,Standard
O013008,C06812,2024-02-18,UPI,Delivered,Express
O013009,C02842,2024-03-14,Credit Card,Delivered,Express
O013010,C07003,2025-01-29,Net Banking,Delivered,Express
O013011,C06467,2024-07-04,Wallet,Delivered,Standard
O013012,C07226,2024-02-03,Credit Card,Delivered,Standard
O013013,C05629,2024-03-11,Debit Card,Delivered,Standard
O013014,C06596,2024-07-28,UPI,Returned,Express
O013015,C06180,2025-03-24,Debit Card,Delivered,Express
O013016,C00202,2025-02-02,Credit Card,Delivered,Standard
O013017,C02856,2025-12-05,Credit Card,Delivered,Standard
O013018,C01947,2025-07-01,Debit Card,Delivered,Standard
O013019,C01158,2025-01-16,Credit Card,Delivered,Standard
O013020,C00137,2024-09-21,Debit Card,Delivered,Standard
O013021,C00076,2024-07-05,Credit Card,Delivered,Standard
O013022,C04224,2025-08-18,COD,Delivered,Standard
O013023,C05418,2024-06-30,UPI,Cancelled,Express
O013024,C04889,2024-06-08,UPI,Delivered,Express
O013025,C04118,2025-06-27,Net Banking,Delivered,Express
O013026,C05364,2025-04-29,UPI,Delivered,Express
O013027,C01337,2025-07-10,Debit Card,Delivered,Standard
O013028,C01892,2024-02-17,Credit Card,Cancelled,Standard
O013029,C05540,2025-09-27,Credit Card,Delivered,Standard
O013030,C03654,2025-04-03,COD,Delivered,Standard
O013031,C04232,2025-05-02,UPI,Delivered,Express
O013032,C02630,2025-10-21,UPI,Delivered,Standard
O013033,C06590,2024-10-06,UPI,Delivered,Same Day
O013034,C06170,2025-10-29,Net Banking,Returned,Standard
O013035,C04322,2025-12-16,Credit Card,Delivered,Express
O013036,C02071,2025-06-10,Credit Card,Delivered,Standard
O013037,C03497,2024-01-26,UPI,Delivered,Standard
O013038,C00064,2024-03-02,Wallet,Delivered,Standard
O013039,C04395,2025-10-03,Debit Card,Delivered,Standard
O013040,C01552,2025-07-13,Debit Card,Delivered,Standard
O013041,C01743,2024-08-04,Credit Card,Delivered,Express
O013042,C06252,2024-10-19,UPI,Delivered,Express
O013043,C03884,2025-02-02,COD,Delivered,Standard
O013044,C06285,2025-01-18,COD,Delivered,Standard
O013045,C08000,2024-06-09,UPI,Delivered,Express
O013046,C07743,2024-10-08,Credit Card,Delivered,Standard
O013047,C00226,2025-06-30,Net Banking,Delivered,Standard
O013048,C02261,2025-06-06,Net Banking,Delivered,Standard
O013049,C04480,2025-04-13,Debit Card,Delivered,Standard
O013050,C07927,2024-07-14,COD,Delivered,Standard
O013051,C04170,2025-09-24,Credit Card,Delivered,Standard
O013052,C06992,2024-06-24,Net Banking,Delivered,Standard
O013053,C05606,2024-11-16,Debit Card,Delivered,Standard
O013054,C03740,2025-05-17,Debit Card,Delivered,Standard
O013055,C06951,2024-10-31,Debit Card,Delivered,Standard
O013056,C00219,2024-01-03,UPI,Cancelled,Standard
O013057,C07754,2025-07-27,Net Banking,Delivered,Express
O013058,C01647,2025-02-18,Credit Card,Delivered,Express
O013059,C00392,2024-05-28,Debit Card,Delivered,Same Day
O013060,C02362,2025-08-21,Wallet,Delivered,Express
O013061,C01916,2025-08-21,COD,Delivered,Standard
O013062,C01868,2025-08-24,UPI,Delivered,Standard
O013063,C07233,2025-12-18,Credit Card,Delivered,Standard
O013064,C03546,2024-04-19,UPI,Delivered,Express
O013065,C06576,2025-12-11,UPI,Cancelled,Standard
O013066,C07235,2024-03-08,UPI,Delivered,Standard
O013067,C02121,2025-08-06,UPI,Delivered,Same Day
O013068,C05805,2025-10-09,Net Banking,Delivered,Standard
O013069,C01406,2024-10-27,Net Banking,Delivered,Express
O013070,C05265,2024-06-28,Credit Card,Cancelled,Standard
O013071,C07985,2025-07-03,Credit Card,Delivered,Standard
O013072,C05439,2025-06-07,Debit Card,Delivered,Standard
O013073,C02537,2024-11-08,Credit Card,Delivered,Express
O013074,C02575,2024-11-25,UPI,Delivered,Standard
O013075,C01965,2024-07-27,Credit Card,Delivered,Same Day
O013076,C07994,2025-11-20,Debit Card,Delivered,Express
O013077,C02535,2024-12-10,Wallet,Delivered,Standard
O013078,C06247,2024-12-05,Credit Card,Delivered,Standard
O013079,C03233,2024-05-11,Wallet,Delivered,Standard
O013080,C03413,2024-10-02,Net Banking,Delivered,Standard
O013081,C01977,2025-08-07,Net Banking,Delivered,Express
O013082,C02926,2025-04-07,Credit Card,Delivered,Standard
O013083,C02459,2024-01-09,Credit Card,Delivered,Express
O013084,C00091,2024-11-15,COD,Delivered,Standard
O013085,C07037,2024-05-22,UPI,Delivered,Standard
O013086,C06217,2024-03-18,Wallet,Delivered,Express
O013087,C00137,2024-08-14,Net Banking,Delivered,Standard
O013088,C01183,2025-07-16,Debit Card,Delivered,Standard
O013089,C06037,2024-07-23,Credit Card,Delivered,Express
O013090,C01583,2025-06-14,Wallet,Delivered,Express
O013091,C02521,2024-01-26,UPI,Delivered,Standard
O013092,C03027,2025-11-23,Credit Card,Delivered,Standard
O013093,C03424,2024-02-24,UPI,Delivered,Same Day
O013094,C00868,2025-06-19,Wallet,Delivered,Express
O013095,C02701,2025-04-09,UPI,Delivered,Standard
O013096,C05611,2025-12-16,Credit Card,Delivered,Express
O013097,C04042,2025-06-06,Debit Card,Delivered,Standard
O013098,C04094,2024-02-09,Credit Card,Delivered,Express
O013099,C06411,2025-05-02,Net Banking,Delivered,Standard
O013100,C06389,2025-10-02,Net Banking,Delivered,Standard
O013101,C03751,2025-07-02,Credit Card,Delivered,Standard
O013102,C04849,2025-09-29,UPI,Delivered,Express
O013103,C07323,2024-06-09,Credit Card,Delivered,Standard
O013104,C06430,2025-03-27,Debit Card,Delivered,Standard
O013105,C03176,2024-10-07,Credit Card,Delivered,Standard
O013106,C04639,2024-12-20,Debit Card,Delivered,Standard
O013107,C01152,2024-01-06,Net Banking,Delivered,Standard
O013108,C02194,2024-08-08,Net Banking,Delivered,Express
O013109,C03173,2025-12-04,Debit Card,Delivered,Express
O013110,C07565,2025-10-29,Debit Card,Delivered,Express
O013111,C00515,2024-02-27,Debit Card,Returned,Standard
O013112,C01828,2024-11-04,Wallet,Delivered,Standard
O013113,C07086,2024-03-18,Credit Card,Delivered,Standard
O013114,C04712,2024-10-26,COD,Delivered,Standard
O013115,C01773,2025-01-21,UPI,Cancelled,Express
O013116,C04255,2024-09-25,UPI,Delivered,Standard
O013117,C00677,2025-08-02,UPI,Delivered,Standard
O013118,C00311,2024-08-13,Debit Card,Delivered,Standard
O013119,C07986,2024-08-30,UPI,Delivered,Standard
O013120,C05166,2025-01-29,COD,Delivered,Express
O013121,C01939,2024-02-02,Debit Card,Cancelled,Standard
O013122,C03709,2024-05-14,Net Banking,Delivered,Same Day
O013123,C07359,2025-11-13,Debit Card,Delivered,Standard
O013124,C07969,2024-12-02,Credit Card,Delivered,Express
O013125,C04537,2025-06-29,Wallet,Delivered,Standard
O013126,C05071,2025-10-29,Credit Card,Cancelled,Standard
O013127,C00032,2025-07-13,UPI,Delivered,Standard
O013128,C07204,2024-07-22,Debit Card,Delivered,Standard
O013129,C01322,2024-03-27,Credit Card,Delivered,Standard
O013130,C03049,2025-07-26,Credit Card,Delivered,Standard
O013131,C05745,2025-03-06,COD,Delivered,Standard
O013132,C02417,2025-02-21,Credit Card,Delivered,Standard
O013133,C03513,2025-02-02,Credit Card,Delivered,Standard
O013134,C06293,2024-01-03,UPI,Delivered,Same Day
O013135,C03388,2024-03-07,Wallet,Delivered,Express
O013136,C01391,2025-06-23,UPI,Delivered,Standard
O013137,C06344,2025-03-07,Wallet,Delivered,Standard
O013138,C00926,2024-08-10,Debit Card,Delivered,Express
O013139,C01850,2024-06-01,Credit Card,Delivered,Standard
O013140,C06075,2025-01-13,Wallet,Delivered,Standard
O013141,C00499,2024-10-03,Credit Card,Delivered,Express
O013142,C00867,2024-06-23,UPI,Delivered,Express
O013143,C01618,2025-06-11,Debit Card,Delivered,Express
O013144,C05334,2024-11-01,Credit Card,Delivered,Standard
O013145,C02552,2025-03-27,Net Banking,Delivered,Standard
O013146,C05525,2024-12-06,Credit Card,Delivered,Standard
O013147,C04986,2025-03-21,Credit Card,Delivered,Standard
O013148,C02182,2024-11-02,COD,Delivered,Express
O013149,C05737,2025-09-24,Credit Card,Delivered,Standard
O013150,C05743,2024-05-06,UPI,Delivered,Express
O013151,C03049,2025-06-21,UPI,Cancelled,Standard
O013152,C07655,2025-05-10,Credit Card,Delivered,Standard
O013153,C06508,2024-09-18,Credit Card,Delivered,Standard
O013154,C00039,2025-12-07,UPI,Delivered,Standard
O013155,C02557,2025-09-02,UPI,Delivered,Standard
O013156,C01760,2024-11-19,UPI,Delivered,Standard
O013157,C03240,2024-04-20,Credit Card,Delivered,Express
O013158,C01618,2024-02-13,Net Banking,Delivered,Standard
O013159,C01383,2024-05-20,UPI,Delivered,Standard
O013160,C03256,2024-04-27,UPI,Delivered,Standard
O013161,C02449,2024-02-13,Net Banking,Delivered,Standard
O013162,C06010,2024-10-20,COD,Delivered,Express
O013163,C03621,2025-01-07,Debit Card,Delivered,Express
O013164,C07402,2024-11-23,UPI,Delivered,Standard
O013165,C00501,2025-06-01,Net Banking,Cancelled,Standard
O013166,C04867,2025-01-30,Debit Card,Delivered,Express
O013167,C04331,2025-09-30,Wallet,Delivered,Standard
O013168,C07566,2024-06-30,UPI,Delivered,Express
O013169,C03386,2025-02-25,Credit Card,Delivered,Standard
O013170,C03817,2024-05-17,Net Banking,Delivered,Standard
O013171,C07752,2025-07-02,Debit Card,Delivered,Express
O013172,C04063,2025-05-08,Credit Card,Delivered,Standard
O013173,C05655,2024-09-03,UPI,Delivered,Same Day
O013174,C04449,2025-03-28,Wallet,Delivered,Standard
O013175,C06019,2024-11-01,Credit Card,Delivered,Standard
O013176,C03254,2024-08-28,Wallet,Delivered,Standard
O013177,C01072,2024-10-03,UPI,Delivered,Standard
O013178,C00132,2025-09-14,UPI,Delivered,Standard
O013179,C00544,2024-01-20,Credit Card,Delivered,Standard
O013180,C04189,2024-04-28,UPI,Returned,Express
O013181,C01035,2024-02-17,UPI,Cancelled,Standard
O013182,C05535,2025-10-19,UPI,Delivered,Standard
O013183,C03272,2025-03-26,Credit Card,Delivered,Standard
O013184,C06116,2024-11-08,Wallet,Delivered,Express
O013185,C03767,2025-10-27,UPI,Delivered,Standard
O013186,C05829,2025-05-05,Debit Card,Delivered,Same Day
O013187,C07421,2024-12-13,Net Banking,Delivered,Standard
O013188,C07821,2025-09-18,Credit Card,Delivered,Same Day
O013189,C03704,2024-08-22,Wallet,Delivered,Standard
O013190,C06654,2025-03-23,UPI,Delivered,Standard
O013191,C07819,2025-02-11,Credit Card,Delivered,Same Day
O013192,C04311,2025-05-01,Credit Card,Delivered,Standard
O013193,C01515,2025-06-29,Debit Card,Delivered,Standard
O013194,C03862,2025-04-16,UPI,Delivered,Standard
O013195,C03709,2024-10-27,Debit Card,Delivered,Standard
O013196,C03781,2024-02-09,Debit Card,Delivered,Standard
O013197,C05955,2025-12-08,UPI,Cancelled,Standard
O013198,C06223,2025-10-13,UPI,Delivered,Standard
O013199,C01830,2025-10-21,UPI,Delivered,Express
O013200,C01732,2025-03-24,Debit Card,Delivered,Standard
O013201,C00422,2024-07-24,Debit Card,Delivered,Express
O013202,C02408,2024-04-13,Wallet,Delivered,Standard
O013203,C04596,2024-04-04,UPI,Delivered,Express
O013204,C06507,2024-07-15,Debit Card,Delivered,Standard
O013205,C06596,2024-03-17,Wallet,Delivered,Same Day
O013206,C05875,2025-10-24,Debit Card,Delivered,Standard
O013207,C03030,2025-12-23,UPI,Delivered,Standard
O013208,C00904,2025-07-11,UPI,Delivered,Standard
O013209,C02110,2024-09-29,UPI,Delivered,Standard
O013210,C04094,2024-06-30,COD,Delivered,Standard
O013211,C05145,2025-04-08,UPI,Delivered,Standard
O013212,C01631,2025-04-25,Debit Card,Delivered,Standard
O013213,C05302,2024-03-29,UPI,Delivered,Standard
O013214,C06287,2024-10-30,UPI,Cancelled,Standard
O013215,C07594,2024-05-24,UPI,Delivered,Express
O013216,C04880,2024-12-07,Credit Card,Delivered,Standard
O013217,C02013,2024-02-17,UPI,Delivered,Express
O013218,C00539,2024-03-19,Credit Card,Delivered,Standard
O013219,C01283,2024-02-04,Credit Card,Delivered,Standard
O013220,C04522,2024-08-13,Net Banking,Returned,Express
O013221,C00755,2025-09-22,UPI,Delivered,Express
O013222,C06770,2025-10-25,UPI,Delivered,Standard
O013223,C07403,2024-03-12,COD,Delivered,Standard
O013224,C04234,2025-12-22,UPI,Delivered,Standard
O013225,C07742,2025-03-12,Wallet,Delivered,Standard
O013226,C02256,2024-02-20,Debit Card,Delivered,Standard
O013227,C06235,2025-06-26,COD,Returned,Express
O013228,C03247,2025-03-19,Credit Card,Delivered,Express
O013229,C02693,2024-09-17,Debit Card,Delivered,Express
O013230,C02783,2025-04-11,Credit Card,Delivered,Standard
O013231,C07564,2024-11-21,COD,Delivered,Standard
O013232,C04798,2025-08-12,Credit Card,Delivered,Same Day
O013233,C02275,2025-12-11,Credit Card,Delivered,Standard
O013234,C07494,2024-11-16,Net Banking,Delivered,Standard
O013235,C03447,2025-12-11,Debit Card,Delivered,Standard
O013236,C07613,2025-12-17,Credit Card,Delivered,Standard
O013237,C04795,2025-10-24,Debit Card,Delivered,Express
O013238,C00838,2025-11-15,UPI,Delivered,Express
O013239,C06402,2024-09-05,Debit Card,Delivered,Same Day
O013240,C02002,2024-08-30,Wallet,Delivered,Standard
O013241,C02342,2025-11-22,Credit Card,Delivered,Standard
O013242,C06006,2025-09-11,Credit Card,Delivered,Express
O013243,C02973,2025-04-11,UPI,Delivered,Standard
O013244,C07160,2024-03-09,Wallet,Delivered,Standard
O013245,C05486,2025-08-03,Wallet,Delivered,Standard
O013246,C01631,2024-07-21,UPI,Delivered,Express
O013247,C05920,2025-05-04,Debit Card,Delivered,Express
O013248,C06694,2024-02-04,UPI,Delivered,Standard
O013249,C06283,2025-08-21,UPI,Delivered,Express
O013250,C07026,2024-10-26,Debit Card,Delivered,Standard
O013251,C07511,2025-04-24,UPI,Delivered,Standard
O013252,C00918,2025-01-18,COD,Delivered,Standard
O013253,C04932,2025-08-23,Net Banking,Delivered,Express
O013254,C04934,2025-11-07,Net Banking,Returned,Standard
O013255,C06073,2025-10-30,UPI,Delivered,Standard
O013256,C04191,2025-01-10,Credit Card,Cancelled,Express
O013257,C02544,2025-01-07,UPI,Returned,Standard
O013258,C06773,2025-12-24,Credit Card,Delivered,Standard
O013259,C01279,2024-10-02,Net Banking,Delivered,Standard
O013260,C04119,2025-05-09,UPI,Delivered,Standard
O013261,C00209,2025-07-03,UPI,Delivered,Standard
O013262,C00555,2024-05-30,UPI,Delivered,Express
O013263,C05224,2025-05-14,COD,Delivered,Standard
O013264,C07223,2024-09-07,Net Banking,Delivered,Standard
O013265,C06987,2025-11-10,Credit Card,Delivered,Standard
O013266,C02710,2025-01-28,Debit Card,Delivered,Express
O013267,C04388,2024-03-28,Credit Card,Cancelled,Standard
O013268,C06008,2024-03-29,UPI,Delivered,Standard
O013269,C03334,2025-08-22,COD,Delivered,Standard
O013270,C06073,2025-10-11,Credit Card,Delivered,Same Day
O013271,C05608,2024-11-03,Credit Card,Delivered,Standard
O013272,C07145,2025-03-13,UPI,Cancelled,Standard
O013273,C07098,2024-03-15,Debit Card,Cancelled,Standard
O013274,C03600,2024-04-04,COD,Cancelled,Express
O013275,C06414,2025-06-16,Credit Card,Delivered,Standard
O013276,C02670,2024-04-27,Debit Card,Delivered,Standard
O013277,C01527,2024-06-08,Debit Card,Delivered,Standard
O013278,C02930,2025-08-11,Credit Card,Delivered,Standard
O013279,C06722,2025-10-25,Debit Card,Delivered,Standard
O013280,C07663,2024-02-26,Wallet,Delivered,Standard
O013281,C04672,2024-05-05,UPI,Delivered,Express
O013282,C04776,2024-06-21,Wallet,Delivered,Standard
O013283,C07546,2024-06-02,Credit Card,Delivered,Standard
O013284,C02411,2024-12-23,UPI,Delivered,Same Day
O013285,C07481,2025-04-15,Credit Card,Delivered,Express
O013286,C05710,2025-07-28,Credit Card,Delivered,Standard
O013287,C01493,2024-10-31,UPI,Delivered,Standard
O013288,C00879,2025-06-17,UPI,Delivered,Standard
O013289,C00932,2024-11-12,Credit Card,Delivered,Same Day
O013290,C04422,2025-08-06,Wallet,Delivered,Standard
O013291,C00372,2025-01-03,UPI,Delivered,Standard
O013292,C05649,2024-08-25,UPI,Delivered,Express
O013293,C04092,2024-07-06,UPI,Delivered,Express
O013294,C01854,2024-09-02,UPI,Cancelled,Express
O013295,C00771,2024-07-20,Credit Card,Delivered,Standard
O013296,C02150,2025-05-16,Debit Card,Delivered,Express
O013297,C04858,2024-06-20,UPI,Delivered,Standard
O013298,C00471,2024-11-07,Net Banking,Delivered,Express
O013299,C02543,2025-09-08,Credit Card,Delivered,Standard
O013300,C03387,2025-12-05,Credit Card,Delivered,Standard
O013301,C04307,2025-12-09,Credit Card,Cancelled,Standard
O013302,C04451,2025-04-10,Debit Card,Delivered,Standard
O013303,C00888,2024-05-21,Credit Card,Delivered,Standard
O013304,C02941,2024-05-12,Net Banking,Delivered,Standard
O013305,C00268,2024-12-26,UPI,Returned,Standard
O013306,C03769,2025-11-07,Credit Card,Delivered,Same Day
O013307,C02346,2025-04-22,Wallet,Delivered,Standard
O013308,C04726,2025-06-28,Wallet,Delivered,Standard
O013309,C06989,2025-09-30,UPI,Delivered,Standard
O013310,C04781,2024-04-27,UPI,Delivered,Express
O013311,C06600,2025-10-23,COD,Delivered,Standard
O013312,C02995,2025-02-04,COD,Delivered,Express
O013313,C05094,2024-11-25,UPI,Delivered,Standard
O013314,C03248,2025-12-03,Wallet,Delivered,Same Day
O013315,C01833,2025-08-08,UPI,Delivered,Express
O013316,C05013,2024-01-24,UPI,Delivered,Same Day
O013317,C03350,2024-08-15,Credit Card,Delivered,Standard
O013318,C01208,2025-06-29,Wallet,Delivered,Express
O013319,C04747,2024-03-07,Credit Card,Delivered,Express
O013320,C04144,2025-04-10,Debit Card,Delivered,Standard
O013321,C03001,2025-02-10,Wallet,Delivered,Standard
O013322,C03798,2025-11-13,UPI,Delivered,Standard
O013323,C04035,2024-05-13,Credit Card,Delivered,Express
O013324,C04552,2024-11-22,UPI,Delivered,Standard
O013325,C00746,2024-04-06,Debit Card,Delivered,Standard
O013326,C02950,2025-05-27,Credit Card,Delivered,Express
O013327,C03311,2025-08-26,Credit Card,Delivered,Standard
O013328,C06682,2025-12-04,UPI,Delivered,Same Day
O013329,C05667,2024-10-09,Credit Card,Returned,Same Day
O013330,C02614,2024-09-03,Credit Card,Delivered,Standard
O013331,C03655,2025-10-24,Debit Card,Delivered,Standard
O013332,C06697,2025-12-18,UPI,Delivered,Standard
O013333,C07334,2025-12-04,Credit Card,Cancelled,Standard
O013334,C04069,2024-10-28,UPI,Delivered,Express
O013335,C06801,2024-12-16,Credit Card,Delivered,Standard
O013336,C05837,2025-01-17,Net Banking,Delivered,Standard
O013337,C07418,2025-07-15,Credit Card,Delivered,Standard
O013338,C06811,2025-03-25,UPI,Delivered,Standard
O013339,C07518,2025-01-24,UPI,Delivered,Standard
O013340,C04670,2024-02-04,UPI,Delivered,Standard
O013341,C02783,2024-07-22,Debit Card,Delivered,Standard
O013342,C06684,2025-09-23,UPI,Delivered,Standard
O013343,C00240,2024-08-02,UPI,Delivered,Standard
O013344,C03228,2024-12-13,Debit Card,Delivered,Standard
O013345,C00429,2024-10-19,Credit Card,Delivered,Standard
O013346,C01696,2024-03-01,UPI,Delivered,Standard
O013347,C07839,2025-05-28,UPI,Delivered,Standard
O013348,C06913,2024-11-16,Credit Card,Delivered,Standard
O013349,C02500,2024-03-02,UPI,Delivered,Standard
O013350,C03505,2024-02-22,UPI,Delivered,Express
O013351,C05308,2024-09-30,Credit Card,Delivered,Express
O013352,C03035,2024-10-11,UPI,Delivered,Express
O013353,C01506,2025-02-27,UPI,Delivered,Standard
O013354,C01770,2024-02-05,Credit Card,Delivered,Standard
O013355,C07485,2024-01-24,Wallet,Cancelled,Standard
O013356,C07817,2024-01-18,Net Banking,Delivered,Standard
O013357,C07629,2024-03-22,Debit Card,Delivered,Standard
O013358,C02672,2024-10-22,COD,Delivered,Same Day
O013359,C06832,2024-07-30,Debit Card,Delivered,Standard
O013360,C05959,2024-10-15,Credit Card,Delivered,Standard
O013361,C02395,2024-10-03,COD,Returned,Standard
O013362,C03417,2024-08-19,Debit Card,Delivered,Express
O013363,C07111,2024-07-16,Debit Card,Delivered,Standard
O013364,C02583,2025-06-30,Credit Card,Delivered,Express
O013365,C05543,2024-07-04,Debit Card,Delivered,Standard
O013366,C04657,2024-09-17,Credit Card,Delivered,Standard
O013367,C01947,2025-06-11,Credit Card,Delivered,Express
O013368,C02072,2025-07-19,UPI,Delivered,Standard
O013369,C07812,2024-12-21,Credit Card,Delivered,Standard
O013370,C03719,2024-05-09,Debit Card,Delivered,Standard
O013371,C03639,2024-05-19,Credit Card,Delivered,Standard
O013372,C05665,2024-03-30,UPI,Delivered,Standard
O013373,C06068,2025-07-12,Wallet,Delivered,Standard
O013374,C05136,2024-07-01,Credit Card,Delivered,Express
O013375,C00092,2024-11-15,Credit Card,Delivered,Standard
O013376,C01657,2025-12-27,Credit Card,Delivered,Standard
O013377,C05242,2024-07-20,Credit Card,Delivered,Standard
O013378,C04847,2024-09-21,Credit Card,Delivered,Standard
O013379,C04006,2024-02-29,UPI,Delivered,Express
O013380,C02611,2025-07-07,UPI,Delivered,Standard
O013381,C02825,2025-10-12,UPI,Delivered,Standard
O013382,C04388,2024-04-17,UPI,Delivered,Standard
O013383,C07888,2024-10-31,UPI,Delivered,Standard
O013384,C02344,2024-01-21,UPI,Cancelled,Standard
O013385,C01831,2025-07-01,Wallet,Delivered,Express
O013386,C03709,2024-08-28,Debit Card,Delivered,Express
O013387,C05566,2025-08-30,Credit Card,Delivered,Same Day
O013388,C05875,2024-04-27,Debit Card,Delivered,Standard
O013389,C05391,2024-01-19,UPI,Delivered,Standard
O013390,C00461,2024-05-12,Credit Card,Cancelled,Express
O013391,C02301,2025-12-07,UPI,Delivered,Standard
O013392,C02031,2024-08-08,UPI,Delivered,Standard
O013393,C03751,2025-04-20,Credit Card,Returned,Standard
O013394,C03674,2025-09-30,COD,Returned,Standard
O013395,C01504,2024-03-14,Debit Card,Delivered,Standard
O013396,C03569,2024-04-26,Net Banking,Delivered,Express
O013397,C00188,2025-04-18,Net Banking,Delivered,Standard
O013398,C07906,2024-07-31,Debit Card,Delivered,Standard
O013399,C07615,2025-12-06,UPI,Delivered,Standard
O013400,C05597,2024-07-23,UPI,Delivered,Standard
O013401,C05025,2025-02-01,UPI,Delivered,Express
O013402,C02677,2025-10-24,Debit Card,Delivered,Standard
O013403,C07743,2025-06-11,Debit Card,Delivered,Standard
O013404,C06524,2024-01-29,UPI,Returned,Standard
O013405,C04413,2024-03-25,Debit Card,Delivered,Standard
O013406,C04688,2025-07-10,Credit Card,Delivered,Express
O013407,C01412,2025-06-16,UPI,Delivered,Express
O013408,C03336,2024-05-19,Credit Card,Delivered,Standard
O013409,C03865,2025-06-20,Wallet,Delivered,Standard
O013410,C01049,2024-05-04,UPI,Delivered,Standard
O013411,C04711,2025-07-28,Debit Card,Delivered,Standard
O013412,C04840,2025-09-10,Credit Card,Delivered,Same Day
O013413,C01797,2024-09-29,Debit Card,Delivered,Standard
O013414,C02693,2024-12-17,Debit Card,Delivered,Standard
O013415,C03668,2024-07-19,Wallet,Delivered,Express
O013416,C01801,2025-07-17,Wallet,Cancelled,Express
O013417,C03695,2024-06-10,Net Banking,Delivered,Standard
O013418,C04985,2024-07-13,Net Banking,Delivered,Same Day
O013419,C05008,2025-02-16,Net Banking,Delivered,Standard
O013420,C00216,2024-04-18,Credit Card,Delivered,Express
O013421,C03213,2025-03-24,Credit Card,Delivered,Standard
O013422,C04014,2025-07-06,Credit Card,Delivered,Standard
O013423,C05999,2025-01-25,Credit Card,Delivered,Express
O013424,C06867,2024-07-15,Credit Card,Delivered,Standard
O013425,C03125,2024-10-23,Credit Card,Delivered,Standard
O013426,C05658,2025-08-15,Credit Card,Delivered,Express
O013427,C01355,2024-04-09,Credit Card,Delivered,Express
O013428,C07329,2024-07-27,COD,Delivered,Express
O013429,C02028,2025-04-15,UPI,Delivered,Express
O013430,C00317,2024-11-28,COD,Delivered,Standard
O013431,C05901,2024-04-22,Net Banking,Delivered,Express
O013432,C03677,2024-10-31,COD,Delivered,Express
O013433,C03703,2025-01-30,UPI,Delivered,Express
O013434,C05761,2025-02-20,Wallet,Delivered,Standard
O013435,C02102,2025-02-27,COD,Delivered,Express
O013436,C00533,2025-10-18,Credit Card,Delivered,Express
O013437,C03856,2025-11-24,Credit Card,Delivered,Standard
O013438,C06970,2025-11-20,Wallet,Delivered,Express
O013439,C06806,2025-04-26,Credit Card,Delivered,Express
O013440,C04443,2024-02-28,Debit Card,Delivered,Same Day
O013441,C05998,2024-05-18,Credit Card,Delivered,Standard
O013442,C02188,2024-10-01,Net Banking,Delivered,Standard
O013443,C01946,2024-10-28,UPI,Delivered,Standard
O013444,C02421,2025-07-19,Credit Card,Delivered,Standard
O013445,C03883,2024-01-23,COD,Delivered,Standard
O013446,C06718,2025-07-28,Debit Card,Delivered,Express
O013447,C06785,2024-06-07,UPI,Delivered,Standard
O013448,C01618,2025-08-14,UPI,Delivered,Express
O013449,C04622,2025-07-14,Credit Card,Delivered,Express
O013450,C03855,2024-10-28,Credit Card,Delivered,Standard
O013451,C06964,2024-05-24,Credit Card,Delivered,Standard
O013452,C06855,2025-05-10,UPI,Delivered,Standard
O013453,C02264,2025-12-18,Debit Card,Delivered,Express
O013454,C00373,2024-07-03,Credit Card,Delivered,Standard
O013455,C02744,2024-10-20,UPI,Delivered,Standard
O013456,C01417,2025-02-22,Wallet,Delivered,Same Day
O013457,C06704,2024-06-21,Credit Card,Delivered,Express
O013458,C04137,2024-08-24,COD,Delivered,Same Day
O013459,C05177,2025-12-07,Wallet,Delivered,Express
O013460,C06688,2025-09-03,Credit Card,Delivered,Express
O013461,C06821,2025-08-31,Debit Card,Delivered,Same Day
O013462,C07323,2025-07-22,Debit Card,Delivered,Standard
O013463,C03504,2024-05-26,Debit Card,Delivered,Standard
O013464,C06086,2024-12-13,UPI,Cancelled,Standard
O013465,C01146,2024-12-02,UPI,Delivered,Standard
O013466,C07325,2025-01-05,UPI,Delivered,Standard
O013467,C00401,2025-05-14,UPI,Delivered,Same Day
O013468,C06648,2025-05-31,Debit Card,Delivered,Standard
O013469,C03900,2025-07-24,Wallet,Delivered,Express
O013470,C04917,2024-04-01,UPI,Delivered,Standard
O013471,C00351,2025-08-30,UPI,Cancelled,Standard
O013472,C04747,2024-06-08,UPI,Delivered,Express
O013473,C06249,2024-12-20,Net Banking,Returned,Standard
O013474,C02077,2024-11-24,UPI,Delivered,Express
O013475,C02535,2025-06-06,Wallet,Cancelled,Standard
O013476,C00344,2025-04-04,Credit Card,Delivered,Standard
O013477,C03567,2024-09-09,Net Banking,Returned,Express
O013478,C04501,2025-12-29,UPI,Delivered,Express
O013479,C04403,2024-04-05,Net Banking,Delivered,Express
O013480,C00239,2025-07-04,Credit Card,Delivered,Standard
O013481,C02724,2025-12-21,UPI,Delivered,Standard
O013482,C03319,2025-12-17,Credit Card,Delivered,Standard
O013483,C06823,2025-07-23,UPI,Delivered,Standard
O013484,C02560,2024-12-05,COD,Delivered,Express
O013485,C01055,2025-01-24,Credit Card,Cancelled,Standard
O013486,C04661,2024-08-22,Credit Card,Delivered,Standard
O013487,C04144,2024-09-05,Debit Card,Delivered,Express
O013488,C05339,2025-05-06,Credit Card,Delivered,Standard
O013489,C00264,2024-01-11,Debit Card,Delivered,Standard
O013490,C07888,2025-02-12,Debit Card,Delivered,Express
O013491,C01789,2024-11-20,Debit Card,Delivered,Standard
O013492,C06242,2025-03-11,UPI,Delivered,Standard
O013493,C06619,2025-08-11,UPI,Delivered,Standard
O013494,C01847,2025-09-08,Credit Card,Delivered,Standard
O013495,C05154,2024-02-12,Credit Card,Delivered,Standard
O013496,C02739,2024-05-09,COD,Delivered,Standard
O013497,C05345,2024-09-21,COD,Delivered,Express
O013498,C07563,2024-03-09,Credit Card,Delivered,Standard
O013499,C05740,2025-06-13,UPI,Delivered,Standard
O013500,C06791,2024-06-19,Credit Card,Delivered,Standard
O013501,C06146,2025-03-11,Debit Card,Delivered,Express
O013502,C03834,2025-02-27,Credit Card,Delivered,Standard
O013503,C03109,2024-04-16,UPI,Delivered,Standard
O013504,C03473,2025-03-01,Net Banking,Delivered,Standard
O013505,C02277,2025-02-18,Wallet,Delivered,Same Day
O013506,C03531,2025-06-03,Credit Card,Delivered,Standard
O013507,C00421,2025-12-03,Wallet,Delivered,Standard
O013508,C06695,2025-11-04,Debit Card,Delivered,Express
O013509,C07940,2024-03-13,UPI,Delivered,Standard
O013510,C06688,2024-09-04,UPI,Delivered,Standard
O013511,C04965,2024-03-04,UPI,Delivered,Same Day
O013512,C01825,2024-06-15,UPI,Delivered,Standard
O013513,C07512,2025-12-26,UPI,Delivered,Standard
O013514,C02316,2025-01-11,COD,Cancelled,Express
O013515,C05776,2024-04-01,UPI,Delivered,Standard
O013516,C02722,2025-01-03,UPI,Cancelled,Standard
O013517,C06582,2024-12-26,Wallet,Delivered,Standard
O013518,C06841,2024-07-27,Credit Card,Delivered,Express
O013519,C05585,2024-04-05,Credit Card,Delivered,Standard
O013520,C04641,2024-05-09,UPI,Delivered,Express
O013521,C07425,2024-12-11,Debit Card,Delivered,Express
O013522,C02783,2025-04-27,Credit Card,Delivered,Standard
O013523,C05528,2024-05-23,UPI,Delivered,Express
O013524,C02654,2025-11-10,COD,Delivered,Express
O013525,C03254,2024-05-01,Net Banking,Delivered,Standard
O013526,C07038,2025-07-22,Credit Card,Delivered,Express
O013527,C00303,2024-04-17,UPI,Delivered,Standard
O013528,C03199,2024-05-29,Credit Card,Delivered,Standard
O013529,C02551,2024-04-13,Net Banking,Delivered,Express
O013530,C05297,2025-12-19,Debit Card,Cancelled,Express
O013531,C03432,2024-04-29,Credit Card,Cancelled,Standard
O013532,C02228,2025-12-27,COD,Delivered,Standard
O013533,C03835,2025-05-07,Debit Card,Delivered,Express
O013534,C07264,2025-09-18,Credit Card,Delivered,Standard
O013535,C04828,2025-04-25,Wallet,Delivered,Standard
O013536,C03631,2025-03-07,UPI,Delivered,Standard
O013537,C07625,2024-09-05,Credit Card,Delivered,Express
O013538,C00824,2025-12-06,Credit Card,Delivered,Standard
O013539,C05041,2025-03-18,Credit Card,Delivered,Standard
O013540,C00435,2025-10-31,UPI,Delivered,Standard
O013541,C05798,2025-08-15,Net Banking,Delivered,Standard
O013542,C00621,2024-03-02,Credit Card,Delivered,Standard
O013543,C00791,2024-09-14,COD,Delivered,Standard
O013544,C04726,2025-09-22,UPI,Delivered,Express
O013545,C03841,2024-11-05,UPI,Delivered,Standard
O013546,C03027,2024-04-11,UPI,Delivered,Standard
O013547,C00913,2024-04-29,Debit Card,Delivered,Standard
O013548,C00821,2025-12-28,COD,Delivered,Express
O013549,C07690,2024-10-04,Debit Card,Delivered,Standard
O013550,C06057,2025-01-23,Net Banking,Delivered,Express
O013551,C04054,2025-10-20,COD,Delivered,Express
O013552,C05028,2024-10-24,Wallet,Cancelled,Standard
O013553,C03424,2024-01-11,Wallet,Delivered,Standard
O013554,C04843,2024-10-25,Net Banking,Delivered,Standard
O013555,C07638,2025-07-19,UPI,Delivered,Same Day
O013556,C02427,2025-09-09,Debit Card,Delivered,Standard
O013557,C04200,2025-11-07,Debit Card,Cancelled,Standard
O013558,C03645,2025-03-07,Debit Card,Delivered,Standard
O013559,C01866,2024-05-31,UPI,Delivered,Standard
O013560,C01588,2024-12-05,UPI,Delivered,Standard
O013561,C02142,2025-06-26,Net Banking,Delivered,Same Day
O013562,C05443,2025-10-31,Net Banking,Delivered,Standard
O013563,C00301,2024-08-12,Debit Card,Delivered,Standard
O013564,C01191,2024-07-27,UPI,Delivered,Standard
O013565,C05934,2025-06-07,Credit Card,Delivered,Express
O013566,C04554,2024-11-15,Debit Card,Delivered,Standard
O013567,C00636,2025-12-24,COD,Delivered,Standard
O013568,C04894,2024-11-15,UPI,Delivered,Express
O013569,C02982,2025-02-19,Credit Card,Delivered,Standard
O013570,C06202,2024-12-28,UPI,Cancelled,Same Day
O013571,C00193,2024-11-20,UPI,Delivered,Standard
O013572,C02364,2025-12-24,UPI,Delivered,Standard
O013573,C04614,2024-07-11,Wallet,Delivered,Standard
O013574,C01312,2025-12-21,Credit Card,Delivered,Express
O013575,C05286,2024-08-24,Net Banking,Delivered,Standard
O013576,C07743,2025-06-15,Credit Card,Delivered,Standard
O013577,C01548,2024-05-20,UPI,Delivered,Same Day
O013578,C01316,2024-06-08,Debit Card,Delivered,Standard
O013579,C00712,2025-08-17,UPI,Delivered,Standard
O013580,C01706,2024-08-17,UPI,Delivered,Standard
O013581,C03573,2024-08-28,Credit Card,Delivered,Standard
O013582,C07436,2025-06-13,Credit Card,Delivered,Standard
O013583,C02132,2024-03-10,Debit Card,Returned,Standard
O013584,C06463,2024-02-17,Debit Card,Delivered,Express
O013585,C03697,2025-04-19,Net Banking,Returned,Standard
O013586,C01193,2024-01-19,UPI,Delivered,Standard
O013587,C00041,2025-11-23,UPI,Cancelled,Express
O013588,C03139,2025-10-16,UPI,Delivered,Standard
O013589,C07546,2024-05-04,UPI,Delivered,Standard
O013590,C00020,2025-08-04,UPI,Returned,Standard
O013591,C03565,2024-07-22,Debit Card,Delivered,Same Day
O013592,C00646,2024-08-10,COD,Delivered,Standard
O013593,C00907,2025-12-23,UPI,Delivered,Standard
O013594,C04292,2025-08-01,Credit Card,Delivered,Express
O013595,C01476,2024-05-29,Debit Card,Delivered,Express
O013596,C04087,2024-08-12,Net Banking,Delivered,Standard
O013597,C04640,2024-12-12,UPI,Delivered,Same Day
O013598,C03913,2025-04-17,Wallet,Delivered,Standard
O013599,C01869,2024-02-05,Credit Card,Delivered,Standard
O013600,C06271,2025-03-30,Credit Card,Delivered,Same Day
O013601,C05403,2025-09-21,UPI,Delivered,Express
O013602,C07036,2024-07-21,Credit Card,Delivered,Standard
O013603,C05092,2025-04-04,Credit Card,Delivered,Standard
O013604,C03744,2024-02-26,Wallet,Cancelled,Standard
O013605,C05156,2025-11-17,Credit Card,Delivered,Express
O013606,C00685,2024-04-03,Credit Card,Delivered,Standard
O013607,C00466,2024-06-13,Credit Card,Delivered,Standard
O013608,C00525,2024-08-02,UPI,Cancelled,Express
O013609,C04771,2024-04-23,Debit Card,Delivered,Express
O013610,C02776,2024-07-26,UPI,Delivered,Express
O013611,C07991,2024-03-02,UPI,Delivered,Standard
O013612,C07758,2025-03-11,UPI,Delivered,Express
O013613,C01180,2025-08-31,Debit Card,Delivered,Standard
O013614,C00990,2025-10-28,Wallet,Delivered,Standard
O013615,C07847,2024-01-17,Net Banking,Delivered,Standard
O013616,C06947,2025-01-08,COD,Delivered,Standard
O013617,C06138,2024-06-04,UPI,Delivered,Standard
O013618,C00225,2025-09-06,UPI,Delivered,Express
O013619,C03050,2024-08-04,Net Banking,Delivered,Standard
O013620,C06339,2025-09-19,UPI,Delivered,Standard
O013621,C04609,2025-08-22,Credit Card,Delivered,Standard
O013622,C05030,2024-05-21,Credit Card,Delivered,Express
O013623,C04669,2025-11-11,Credit Card,Returned,Standard
O013624,C06359,2024-10-29,UPI,Cancelled,Express
O013625,C02724,2024-04-27,Debit Card,Delivered,Standard
O013626,C00437,2024-02-08,Credit Card,Delivered,Standard
O013627,C03701,2025-07-10,Wallet,Delivered,Standard
O013628,C05747,2024-09-06,Net Banking,Cancelled,Express
O013629,C03829,2024-07-12,UPI,Cancelled,Express
O013630,C00586,2024-11-11,COD,Delivered,Standard
O013631,C01559,2024-01-16,Wallet,Delivered,Express
O013632,C04004,2024-10-26,Debit Card,Delivered,Standard
O013633,C00481,2024-10-07,UPI,Cancelled,Standard
O013634,C07612,2024-09-05,UPI,Delivered,Standard
O013635,C07691,2025-03-09,Credit Card,Delivered,Standard
O013636,C04521,2025-05-26,Debit Card,Delivered,Standard
O013637,C01705,2025-10-17,Credit Card,Returned,Standard
O013638,C05382,2024-10-27,Credit Card,Delivered,Standard
O013639,C00072,2024-11-25,UPI,Delivered,Standard
O013640,C07638,2025-01-09,Credit Card,Delivered,Standard
O013641,C07068,2025-05-15,Debit Card,Delivered,Standard
O013642,C02606,2025-01-08,Wallet,Delivered,Standard
O013643,C01880,2024-08-24,COD,Delivered,Standard
O013644,C02095,2025-06-12,Wallet,Returned,Standard
O013645,C05668,2024-06-18,Debit Card,Delivered,Express
O013646,C00859,2024-08-28,Wallet,Delivered,Standard
O013647,C04758,2025-03-10,Credit Card,Delivered,Express
O013648,C04063,2025-10-31,Debit Card,Delivered,Standard
O013649,C00633,2024-11-10,Credit Card,Delivered,Express
O013650,C06757,2024-05-08,COD,Delivered,Standard
O013651,C06235,2024-06-30,Debit Card,Delivered,Standard
O013652,C05775,2025-01-05,Debit Card,Delivered,Standard
O013653,C05521,2025-09-05,Net Banking,Delivered,Standard
O013654,C07926,2024-09-25,UPI,Delivered,Standard
O013655,C06063,2025-04-10,UPI,Delivered,Standard
O013656,C06889,2024-05-14,Credit Card,Delivered,Standard
O013657,C01208,2025-10-22,Debit Card,Delivered,Standard
O013658,C04772,2025-08-30,Net Banking,Delivered,Standard
O013659,C05602,2025-12-25,Net Banking,Delivered,Express
O013660,C05469,2024-08-13,Wallet,Delivered,Standard
O013661,C00056,2025-10-03,UPI,Delivered,Standard
O013662,C02664,2025-02-25,Wallet,Delivered,Express
O013663,C07431,2024-03-23,UPI,Delivered,Standard
O013664,C06208,2024-02-15,Net Banking,Delivered,Express
O013665,C03914,2025-07-20,Credit Card,Delivered,Standard
O013666,C07138,2024-02-12,COD,Delivered,Standard
O013667,C07801,2024-11-15,Wallet,Delivered,Standard
O013668,C04286,2024-02-20,UPI,Delivered,Standard
O013669,C05735,2024-12-11,Debit Card,Delivered,Express
O013670,C03897,2024-06-13,UPI,Delivered,Same Day
O013671,C03846,2024-05-27,UPI,Delivered,Standard
O013672,C03287,2025-12-01,Debit Card,Delivered,Standard
O013673,C03436,2024-07-04,Wallet,Delivered,Standard
O013674,C06708,2025-11-09,UPI,Delivered,Standard
O013675,C06337,2025-04-16,Credit Card,Delivered,Express
O013676,C07592,2025-04-22,Credit Card,Delivered,Standard
O013677,C06092,2024-06-13,Net Banking,Delivered,Express
O013678,C05264,2025-07-06,Credit Card,Delivered,Express
O013679,C03878,2024-10-02,Debit Card,Delivered,Standard
O013680,C04492,2024-05-15,UPI,Delivered,Standard
O013681,C01830,2025-10-24,Debit Card,Delivered,Standard
O013682,C04855,2024-10-01,Net Banking,Delivered,Standard
O013683,C03635,2024-02-03,Wallet,Delivered,Standard
O013684,C00506,2025-07-24,UPI,Delivered,Standard
O013685,C03402,2024-09-19,UPI,Delivered,Standard
O013686,C02751,2024-01-17,COD,Delivered,Standard
O013687,C06616,2025-04-24,Net Banking,Delivered,Express
O013688,C04089,2024-02-06,UPI,Delivered,Express
O013689,C04334,2025-10-04,Credit Card,Delivered,Standard
O013690,C01200,2025-05-11,UPI,Delivered,Standard
O013691,C01824,2024-12-19,UPI,Delivered,Standard
O013692,C01618,2024-07-06,UPI,Delivered,Standard
O013693,C05708,2025-05-05,UPI,Delivered,Standard
O013694,C01880,2024-06-02,UPI,Delivered,Standard
O013695,C00494,2024-12-11,UPI,Delivered,Express
O013696,C03566,2024-04-20,UPI,Delivered,Express
O013697,C05564,2025-01-26,Net Banking,Delivered,Standard
O013698,C03244,2025-02-13,UPI,Delivered,Standard
O013699,C01810,2025-10-10,COD,Delivered,Standard
O013700,C00226,2025-03-25,UPI,Delivered,Same Day
O013701,C03255,2024-07-10,Debit Card,Delivered,Standard
O013702,C05880,2025-12-03,Debit Card,Delivered,Standard
O013703,C06493,2024-12-23,Credit Card,Delivered,Standard
O013704,C00913,2025-02-26,UPI,Delivered,Standard
O013705,C01869,2024-07-03,Credit Card,Delivered,Express
O013706,C01865,2024-12-15,Net Banking,Delivered,Standard
O013707,C04345,2025-04-28,Debit Card,Delivered,Standard
O013708,C00739,2025-07-15,Credit Card,Delivered,Standard
O013709,C02010,2024-09-05,Credit Card,Delivered,Standard
O013710,C06616,2025-07-03,UPI,Cancelled,Standard
O013711,C07595,2024-11-22,UPI,Delivered,Express
O013712,C07308,2024-12-06,Wallet,Delivered,Standard
O013713,C00717,2024-01-29,Credit Card,Returned,Express
O013714,C01663,2025-11-29,Credit Card,Delivered,Standard
O013715,C03493,2024-12-16,Debit Card,Delivered,Express
O013716,C06887,2025-07-26,UPI,Delivered,Standard
O013717,C02360,2025-03-12,UPI,Delivered,Standard
O013718,C03995,2024-12-28,Net Banking,Delivered,Standard
O013719,C04789,2024-04-03,COD,Delivered,Standard
O013720,C06511,2024-04-13,UPI,Delivered,Standard
O013721,C03490,2025-06-30,UPI,Delivered,Standard
O013722,C05750,2025-12-04,Credit Card,Delivered,Standard
O013723,C02538,2025-02-10,UPI,Delivered,Standard
O013724,C06261,2025-03-15,Debit Card,Cancelled,Express
O013725,C04305,2024-08-19,UPI,Cancelled,Standard
O013726,C01727,2025-05-27,Wallet,Delivered,Express
O013727,C01044,2024-11-08,UPI,Cancelled,Express
O013728,C00342,2024-08-05,Debit Card,Delivered,Standard
O013729,C04999,2025-09-26,UPI,Delivered,Standard
O013730,C05887,2025-11-25,COD,Delivered,Express
O013731,C06436,2024-02-05,Credit Card,Delivered,Standard
O013732,C01123,2024-01-02,UPI,Delivered,Standard
O013733,C00303,2024-10-09,Wallet,Delivered,Standard
O013734,C05658,2024-06-14,UPI,Delivered,Standard
O013735,C07647,2024-01-15,Credit Card,Delivered,Express
O013736,C00351,2025-06-10,Debit Card,Delivered,Standard
O013737,C05773,2024-12-28,UPI,Delivered,Express
O013738,C02172,2025-06-22,Credit Card,Delivered,Same Day
O013739,C05949,2024-12-28,Net Banking,Delivered,Standard
O013740,C01152,2025-11-15,Net Banking,Delivered,Express
O013741,C01947,2025-07-14,Net Banking,Delivered,Express
O013742,C05506,2025-11-10,UPI,Delivered,Standard
O013743,C00638,2024-04-18,COD,Delivered,Standard
O013744,C01265,2024-06-03,UPI,Cancelled,Express
O013745,C06714,2025-08-24,Wallet,Delivered,Standard
O013746,C04597,2025-06-22,Credit Card,Delivered,Standard
O013747,C05911,2024-10-15,Debit Card,Delivered,Standard
O013748,C07890,2025-01-15,Credit Card,Delivered,Express
O013749,C01341,2025-09-28,Debit Card,Delivered,Express
O013750,C01786,2025-03-06,Debit Card,Delivered,Standard
O013751,C02038,2025-03-06,Credit Card,Delivered,Express
O013752,C04834,2025-07-14,Credit Card,Delivered,Standard
O013753,C05565,2024-04-24,Credit Card,Delivered,Same Day
O013754,C02342,2024-07-21,Debit Card,Delivered,Standard
O013755,C00473,2025-11-21,UPI,Delivered,Express
O013756,C02368,2025-12-18,Net Banking,Delivered,Standard
O013757,C03014,2024-03-17,UPI,Delivered,Same Day
O013758,C07495,2025-09-20,Debit Card,Delivered,Express
O013759,C00401,2025-12-07,Debit Card,Delivered,Standard
O013760,C01469,2025-07-03,UPI,Delivered,Express
O013761,C06969,2025-10-26,Wallet,Delivered,Same Day
O013762,C06285,2025-04-13,Wallet,Delivered,Standard
O013763,C03504,2024-11-07,Credit Card,Delivered,Express
O013764,C05504,2025-08-21,UPI,Delivered,Standard
O013765,C00508,2024-12-28,COD,Delivered,Standard
O013766,C04407,2024-12-01,UPI,Delivered,Standard
O013767,C00823,2025-10-13,COD,Delivered,Standard
O013768,C06563,2024-11-26,UPI,Delivered,Standard
O013769,C07493,2024-08-14,Credit Card,Delivered,Same Day
O013770,C04867,2025-06-16,Credit Card,Cancelled,Standard
O013771,C02677,2025-04-24,Credit Card,Delivered,Standard
O013772,C04581,2024-05-24,Wallet,Delivered,Standard
O013773,C04586,2024-10-19,UPI,Delivered,Standard
O013774,C06781,2025-07-02,Credit Card,Delivered,Standard
O013775,C06643,2025-02-06,Net Banking,Delivered,Standard
O013776,C01935,2024-02-15,Credit Card,Delivered,Express
O013777,C02577,2024-04-26,Debit Card,Delivered,Standard
O013778,C06232,2025-03-25,Credit Card,Cancelled,Express
O013779,C00384,2025-06-04,Credit Card,Delivered,Same Day
O013780,C07855,2024-08-26,UPI,Delivered,Standard
O013781,C02581,2024-01-22,Credit Card,Delivered,Express
O013782,C04968,2024-03-11,UPI,Delivered,Standard
O013783,C02986,2025-01-21,COD,Delivered,Same Day
O013784,C06689,2024-10-02,Debit Card,Delivered,Express
O013785,C04929,2024-06-16,Credit Card,Delivered,Standard
O013786,C06477,2025-12-31,Net Banking,Delivered,Express
O013787,C04051,2024-02-05,Net Banking,Delivered,Standard
O013788,C05315,2024-11-06,UPI,Returned,Express
O013789,C03921,2025-12-16,COD,Delivered,Standard
O013790,C07471,2025-05-06,Credit Card,Delivered,Express
O013791,C06559,2025-03-14,Credit Card,Delivered,Standard
O013792,C07064,2025-05-13,Credit Card,Delivered,Express
O013793,C07411,2025-01-02,Credit Card,Delivered,Same Day
O013794,C01295,2024-02-28,UPI,Returned,Express
O013795,C06776,2025-06-14,COD,Cancelled,Standard
O013796,C00269,2024-08-04,UPI,Delivered,Express
O013797,C04459,2025-06-25,Credit Card,Delivered,Express
O013798,C02762,2025-02-11,UPI,Delivered,Standard
O013799,C06089,2025-06-10,Credit Card,Delivered,Express
O013800,C03336,2025-07-26,Credit Card,Delivered,Standard
O013801,C06387,2025-11-23,Wallet,Delivered,Standard
O013802,C03844,2025-05-14,UPI,Delivered,Standard
O013803,C06776,2024-08-25,Credit Card,Delivered,Same Day
O013804,C05488,2025-12-19,Net Banking,Delivered,Express
O013805,C05565,2024-12-31,UPI,Delivered,Standard
O013806,C07087,2024-03-19,Credit Card,Delivered,Express
O013807,C00291,2024-02-23,Credit Card,Delivered,Standard
O013808,C06541,2024-10-22,Wallet,Delivered,Express
O013809,C02026,2025-11-12,Debit Card,Delivered,Standard
O013810,C03913,2025-09-10,Credit Card,Delivered,Express
O013811,C03562,2024-09-21,Credit Card,Delivered,Express
O013812,C07049,2024-11-12,Net Banking,Delivered,Standard
O013813,C03365,2025-03-25,Credit Card,Delivered,Standard
O013814,C05277,2024-02-08,Net Banking,Delivered,Express
O013815,C03751,2024-11-26,Credit Card,Delivered,Standard
O013816,C03844,2024-03-04,Credit Card,Delivered,Same Day
O013817,C02126,2024-06-03,Credit Card,Delivered,Standard
O013818,C03955,2024-01-20,COD,Delivered,Standard
O013819,C05352,2024-12-29,Debit Card,Delivered,Express
O013820,C01180,2024-09-03,UPI,Delivered,Standard
O013821,C03983,2025-05-25,Credit Card,Delivered,Standard
O013822,C03378,2024-10-28,Debit Card,Delivered,Standard
O013823,C01861,2024-03-20,Debit Card,Delivered,Standard
O013824,C04735,2024-09-14,UPI,Delivered,Standard
O013825,C03703,2025-02-11,UPI,Delivered,Standard
O013826,C06582,2025-05-28,Credit Card,Delivered,Standard
O013827,C00862,2025-05-10,UPI,Delivered,Standard
O013828,C06509,2025-06-26,Net Banking,Delivered,Same Day
O013829,C00025,2024-07-13,Debit Card,Delivered,Express
O013830,C05927,2024-12-31,Net Banking,Delivered,Standard
O013831,C04435,2025-04-21,Credit Card,Delivered,Standard
O013832,C01182,2025-02-17,UPI,Delivered,Same Day
O013833,C01407,2024-03-01,Credit Card,Delivered,Standard
O013834,C07595,2025-06-17,UPI,Cancelled,Standard
O013835,C02057,2025-07-18,Wallet,Delivered,Standard
O013836,C03068,2024-09-21,Debit Card,Delivered,Express
O013837,C03596,2024-04-23,Credit Card,Delivered,Express
O013838,C07309,2024-07-30,Net Banking,Cancelled,Standard
O013839,C03800,2024-05-13,COD,Delivered,Standard
O013840,C07606,2024-07-12,UPI,Delivered,Express
O013841,C00960,2024-06-01,Credit Card,Returned,Standard
O013842,C03982,2025-01-11,Debit Card,Delivered,Standard
O013843,C04743,2024-09-17,Debit Card,Delivered,Standard
O013844,C04894,2024-07-22,Debit Card,Delivered,Same Day
O013845,C01397,2025-07-05,Credit Card,Delivered,Standard
O013846,C05802,2024-03-18,Wallet,Delivered,Standard
O013847,C03074,2024-07-18,Net Banking,Delivered,Standard
O013848,C04072,2025-02-27,UPI,Delivered,Standard
O013849,C02409,2025-12-31,UPI,Delivered,Standard
O013850,C00255,2024-09-11,Credit Card,Delivered,Express
O013851,C03174,2025-06-06,UPI,Delivered,Standard
O013852,C01913,2024-06-19,UPI,Delivered,Express
O013853,C03190,2024-05-01,UPI,Delivered,Standard
O013854,C05921,2024-08-22,UPI,Delivered,Standard
O013855,C01057,2024-04-19,Debit Card,Delivered,Standard
O013856,C07735,2024-03-14,Debit Card,Delivered,Standard
O013857,C00670,2024-08-04,Debit Card,Delivered,Standard
O013858,C06472,2025-07-24,Net Banking,Delivered,Standard
O013859,C06963,2024-01-17,Credit Card,Delivered,Standard
O013860,C05133,2025-10-11,Net Banking,Delivered,Standard
O013861,C06387,2024-05-19,Credit Card,Delivered,Express
O013862,C01795,2025-12-28,Debit Card,Delivered,Standard
O013863,C01269,2025-09-27,UPI,Returned,Standard
O013864,C05402,2025-05-08,UPI,Delivered,Standard
O013865,C04443,2025-06-18,COD,Delivered,Standard
O013866,C04152,2024-01-17,Credit Card,Cancelled,Standard
O013867,C04339,2025-01-07,Net Banking,Delivered,Standard
O013868,C07531,2024-05-02,Credit Card,Cancelled,Standard
O013869,C01655,2024-04-22,UPI,Delivered,Standard
O013870,C06885,2024-10-01,Debit Card,Delivered,Express
O013871,C06488,2025-08-17,Credit Card,Delivered,Standard
O013872,C01965,2025-07-20,Credit Card,Delivered,Standard
O013873,C05374,2025-02-17,Debit Card,Delivered,Standard
O013874,C04517,2025-06-13,Debit Card,Delivered,Express
O013875,C04852,2024-09-02,Debit Card,Delivered,Standard
O013876,C01327,2024-03-13,Wallet,Delivered,Standard
O013877,C07396,2024-05-10,Credit Card,Delivered,Standard
O013878,C03784,2025-01-17,COD,Delivered,Express
O013879,C03279,2025-09-16,Net Banking,Delivered,Standard
O013880,C06874,2025-03-24,Debit Card,Delivered,Same Day
O013881,C05720,2025-03-24,Credit Card,Delivered,Standard
O013882,C07720,2024-12-08,UPI,Delivered,Standard
O013883,C04838,2024-11-28,Net Banking,Delivered,Standard
O013884,C00796,2024-01-30,UPI,Delivered,Express
O013885,C06903,2024-07-02,Debit Card,Delivered,Express
O013886,C00537,2024-10-06,Wallet,Delivered,Standard
O013887,C07901,2024-09-24,Credit Card,Delivered,Standard
O013888,C04777,2025-07-28,COD,Delivered,Standard
O013889,C03194,2025-04-01,Credit Card,Delivered,Standard
O013890,C05776,2024-10-30,Credit Card,Delivered,Standard
O013891,C04233,2024-11-21,UPI,Delivered,Standard
O013892,C04717,2025-03-03,Net Banking,Delivered,Standard
O013893,C00179,2025-02-15,Credit Card,Delivered,Standard
O013894,C01504,2025-12-30,COD,Delivered,Standard
O013895,C01705,2025-08-10,Debit Card,Delivered,Express
O013896,C03225,2025-07-04,UPI,Delivered,Standard
O013897,C07120,2025-03-05,Wallet,Cancelled,Standard
O013898,C02042,2025-04-26,Credit Card,Delivered,Express
O013899,C00991,2024-06-04,UPI,Delivered,Express
O013900,C01337,2024-09-15,UPI,Delivered,Standard
O013901,C04061,2025-11-09,UPI,Delivered,Standard
O013902,C03060,2024-12-04,Net Banking,Delivered,Same Day
O013903,C07545,2025-01-22,Credit Card,Delivered,Standard
O013904,C02349,2024-01-08,COD,Returned,Standard
O013905,C04242,2025-12-17,Wallet,Delivered,Standard
O013906,C06275,2025-12-19,UPI,Delivered,Standard
O013907,C05595,2024-07-03,UPI,Delivered,Express
O013908,C05998,2024-12-23,Credit Card,Delivered,Standard
O013909,C00227,2025-04-24,Credit Card,Delivered,Same Day
O013910,C00401,2024-12-22,UPI,Delivered,Express
O013911,C05469,2025-10-31,COD,Delivered,Standard
O013912,C02747,2024-12-23,Net Banking,Returned,Standard
O013913,C00524,2025-01-07,Wallet,Delivered,Standard
O013914,C01674,2024-06-21,COD,Cancelled,Standard
O013915,C05431,2024-11-26,Net Banking,Cancelled,Standard
O013916,C07481,2024-11-22,UPI,Delivered,Express
O013917,C02703,2024-02-25,Credit Card,Delivered,Standard
O013918,C06139,2025-09-24,Net Banking,Delivered,Standard
O013919,C04654,2024-01-02,Credit Card,Delivered,Express
O013920,C06727,2025-05-12,UPI,Cancelled,Standard
O013921,C03927,2024-09-04,UPI,Delivered,Same Day
O013922,C04059,2024-06-05,UPI,Delivered,Standard
O013923,C01661,2025-02-04,UPI,Delivered,Express
O013924,C05886,2024-11-14,Debit Card,Delivered,Standard
O013925,C02115,2025-12-22,UPI,Returned,Express
O013926,C00161,2024-05-20,Credit Card,Delivered,Standard
O013927,C06473,2024-11-22,Credit Card,Delivered,Express
O013928,C04238,2025-12-04,Credit Card,Cancelled,Standard
O013929,C00772,2025-01-28,Credit Card,Delivered,Express
O013930,C03287,2025-01-04,Net Banking,Delivered,Standard
O013931,C03586,2025-09-13,UPI,Delivered,Standard
O013932,C02140,2025-10-03,Debit Card,Delivered,Standard
O013933,C02014,2024-03-08,UPI,Delivered,Standard
O013934,C01608,2025-11-01,UPI,Delivered,Same Day
O013935,C01425,2025-08-26,Credit Card,Delivered,Express
O013936,C00078,2025-02-09,UPI,Delivered,Express
O013937,C00676,2024-05-22,Credit Card,Delivered,Express
O013938,C06517,2025-12-23,UPI,Delivered,Standard
O013939,C03578,2025-10-31,Debit Card,Delivered,Express
O013940,C05353,2025-01-09,UPI,Cancelled,Standard
O013941,C01970,2024-04-22,UPI,Delivered,Express
O013942,C07934,2024-03-01,Wallet,Delivered,Same Day
O013943,C02149,2025-04-10,Credit Card,Delivered,Standard
O013944,C03716,2025-06-08,COD,Delivered,Express
O013945,C03614,2024-07-17,Wallet,Delivered,Standard
O013946,C06607,2024-12-22,Credit Card,Delivered,Express
O013947,C00914,2025-01-29,Wallet,Delivered,Standard
O013948,C05303,2024-12-15,Credit Card,Delivered,Standard
O013949,C06118,2025-11-22,Debit Card,Delivered,Express
O013950,C02891,2025-04-28,UPI,Delivered,Express
O013951,C01050,2024-07-15,Debit Card,Delivered,Standard
O013952,C04388,2025-03-21,UPI,Delivered,Express
O013953,C05116,2025-08-04,UPI,Returned,Express
O013954,C05026,2025-08-17,Wallet,Delivered,Standard
O013955,C07430,2024-09-02,Debit Card,Delivered,Express
O013956,C05748,2024-06-26,UPI,Delivered,Standard
O013957,C00043,2024-11-22,UPI,Delivered,Express
O013958,C02988,2025-08-11,Debit Card,Delivered,Same Day
O013959,C05466,2024-10-29,Wallet,Delivered,Standard
O013960,C07106,2024-03-05,Wallet,Delivered,Standard
O013961,C07164,2024-05-24,Debit Card,Delivered,Standard
O013962,C02494,2024-11-06,Credit Card,Cancelled,Standard
O013963,C07845,2024-03-24,Debit Card,Delivered,Standard
O013964,C04626,2024-11-25,Net Banking,Delivered,Standard
O013965,C02128,2024-11-24,UPI,Delivered,Standard
O013966,C07304,2024-05-11,UPI,Delivered,Standard
O013967,C02137,2025-11-07,Debit Card,Cancelled,Express
O013968,C07934,2025-08-25,UPI,Returned,Same Day
O013969,C07570,2025-07-16,UPI,Delivered,Standard
O013970,C03515,2025-01-05,UPI,Delivered,Express
O013971,C00246,2025-01-05,Debit Card,Delivered,Standard
O013972,C01386,2024-04-05,Credit Card,Delivered,Express
O013973,C00458,2024-01-23,Credit Card,Delivered,Standard
O013974,C00110,2024-04-30,Credit Card,Delivered,Standard
O013975,C00622,2024-05-08,Credit Card,Delivered,Express
O013976,C04149,2024-10-14,Debit Card,Delivered,Standard
O013977,C02137,2024-06-18,Credit Card,Delivered,Standard
O013978,C04309,2025-04-11,COD,Delivered,Standard
O013979,C01723,2025-09-18,Wallet,Delivered,Standard
O013980,C05117,2025-12-04,UPI,Returned,Express
O013981,C05465,2025-01-08,Wallet,Delivered,Standard
O013982,C03807,2025-04-03,COD,Delivered,Express
O013983,C05196,2025-06-22,Net Banking,Delivered,Same Day
O013984,C06854,2025-05-30,COD,Returned,Standard
O013985,C03567,2025-03-10,Credit Card,Delivered,Standard
O013986,C02127,2025-09-07,Credit Card,Delivered,Standard
O013987,C01990,2025-10-21,Credit Card,Delivered,Standard
O013988,C04803,2025-06-17,UPI,Delivered,Same Day
O013989,C02652,2025-07-21,Debit Card,Cancelled,Express
O013990,C00208,2025-06-10,UPI,Delivered,Express
O013991,C02126,2025-02-11,Credit Card,Delivered,Same Day
O013992,C03843,2025-10-12,Net Banking,Delivered,Standard
O013993,C05224,2025-05-08,UPI,Delivered,Standard
O013994,C00199,2025-05-21,Wallet,Delivered,Standard
O013995,C03992,2025-05-18,Credit Card,Delivered,Standard
O013996,C00335,2024-03-24,Debit Card,Delivered,Express
O013997,C01405,2025-03-03,Net Banking,Delivered,Standard
O013998,C03234,2024-02-16,Wallet,Delivered,Standard
O013999,C02616,2024-07-30,Credit Card,Delivered,Standard
O014000,C01138,2024-05-16,UPI,Cancelled,Standard
O014001,C07900,2025-10-03,Debit Card,Delivered,Express
O014002,C04934,2025-09-26,UPI,Delivered,Express
O014003,C02420,2024-01-27,UPI,Delivered,Standard
O014004,C07012,2025-04-25,Debit Card,Delivered,Express
O014005,C02083,2024-02-11,COD,Delivered,Standard
O014006,C06243,2025-12-18,Wallet,Delivered,Standard
O014007,C01743,2025-03-17,Debit Card,Delivered,Standard
O014008,C01742,2025-08-09,Credit Card,Delivered,Standard
O014009,C00527,2024-03-22,Credit Card,Delivered,Standard
O014010,C04175,2024-05-07,Debit Card,Returned,Standard
O014011,C01252,2024-05-23,Debit Card,Delivered,Standard
O014012,C01397,2024-04-28,Wallet,Delivered,Standard
O014013,C07870,2024-06-15,Credit Card,Delivered,Standard
O014014,C01414,2024-04-25,UPI,Delivered,Standard
O014015,C03449,2024-10-24,UPI,Delivered,Express
O014016,C01995,2025-05-05,Wallet,Delivered,Standard
O014017,C00341,2025-11-05,UPI,Delivered,Standard
O014018,C06841,2024-10-18,Wallet,Delivered,Standard
O014019,C06562,2025-05-02,UPI,Delivered,Express
O014020,C05148,2025-02-07,Credit Card,Delivered,Express
O014021,C07726,2025-03-21,UPI,Delivered,Express
O014022,C01911,2025-10-09,Credit Card,Delivered,Standard
O014023,C04321,2025-03-08,UPI,Cancelled,Same Day
O014024,C04221,2025-08-06,Wallet,Delivered,Standard
O014025,C01299,2025-10-29,Net Banking,Delivered,Express
O014026,C04649,2025-07-30,Credit Card,Delivered,Express
O014027,C03988,2024-03-13,UPI,Delivered,Express
O014028,C00176,2024-11-18,Credit Card,Delivered,Standard
O014029,C05608,2024-08-24,UPI,Delivered,Standard
O014030,C07320,2025-02-17,Debit Card,Delivered,Standard
O014031,C00905,2025-11-24,UPI,Returned,Express
O014032,C03209,2025-09-01,Wallet,Delivered,Standard
O014033,C03977,2024-09-08,Credit Card,Delivered,Standard
O014034,C05920,2025-06-25,UPI,Delivered,Standard
O014035,C05699,2025-09-02,Wallet,Delivered,Same Day
O014036,C06695,2025-04-28,Credit Card,Delivered,Standard
O014037,C01035,2024-05-16,Credit Card,Delivered,Standard
O014038,C07712,2024-03-04,UPI,Delivered,Express
O014039,C04234,2024-12-15,Debit Card,Delivered,Standard
O014040,C02093,2025-06-29,Debit Card,Delivered,Standard
O014041,C03492,2024-08-22,UPI,Delivered,Standard
O014042,C05391,2024-11-01,UPI,Delivered,Express
O014043,C00071,2025-04-26,Debit Card,Delivered,Standard
O014044,C00835,2025-07-31,Credit Card,Cancelled,Standard
O014045,C05877,2025-01-02,Credit Card,Delivered,Same Day
O014046,C06092,2025-11-15,Credit Card,Delivered,Standard
O014047,C04942,2025-04-12,UPI,Returned,Standard
O014048,C05086,2024-08-08,UPI,Delivered,Standard
O014049,C06806,2024-01-23,UPI,Delivered,Standard
O014050,C01985,2025-01-30,UPI,Delivered,Standard
O014051,C06543,2025-04-18,UPI,Delivered,Standard
O014052,C01739,2024-05-21,Credit Card,Delivered,Standard
O014053,C00706,2025-03-21,UPI,Delivered,Standard
O014054,C05888,2025-10-29,Credit Card,Delivered,Standard
O014055,C06219,2025-06-09,Credit Card,Delivered,Standard
O014056,C00832,2024-05-08,Debit Card,Delivered,Express
O014057,C01917,2024-07-12,UPI,Delivered,Standard
O014058,C03431,2024-03-16,Wallet,Delivered,Standard
O014059,C05733,2025-08-03,Credit Card,Delivered,Express
O014060,C04131,2024-12-15,COD,Delivered,Standard
O014061,C06500,2024-12-28,UPI,Delivered,Express
O014062,C02013,2025-01-08,Debit Card,Delivered,Standard
O014063,C01171,2024-08-25,COD,Delivered,Standard
O014064,C07563,2025-11-11,UPI,Delivered,Standard
O014065,C00575,2024-05-05,UPI,Delivered,Express
O014066,C01314,2025-09-07,UPI,Delivered,Standard
O014067,C07029,2024-04-26,Debit Card,Delivered,Standard
O014068,C05951,2025-03-03,UPI,Delivered,Same Day
O014069,C04999,2025-02-02,UPI,Returned,Standard
O014070,C01351,2025-03-30,Credit Card,Delivered,Standard
O014071,C03399,2025-04-29,UPI,Delivered,Standard
O014072,C02393,2024-07-13,Credit Card,Delivered,Standard
O014073,C00250,2024-08-20,Credit Card,Delivered,Standard
O014074,C07098,2025-07-05,Net Banking,Delivered,Express
O014075,C01573,2025-12-04,Debit Card,Delivered,Standard
O014076,C07861,2024-12-13,Credit Card,Delivered,Same Day
O014077,C05477,2024-12-17,Net Banking,Delivered,Standard
O014078,C00755,2024-07-31,Credit Card,Delivered,Standard
O014079,C02920,2024-05-08,UPI,Delivered,Standard
O014080,C00913,2024-06-20,Credit Card,Delivered,Standard
O014081,C00805,2024-10-29,Credit Card,Delivered,Express
O014082,C06734,2025-10-12,UPI,Delivered,Express
O014083,C04567,2024-10-12,Credit Card,Delivered,Standard
O014084,C00622,2024-12-10,COD,Cancelled,Standard
O014085,C07822,2025-01-21,Credit Card,Delivered,Standard
O014086,C01784,2025-01-04,UPI,Delivered,Express
O014087,C01081,2024-02-25,Credit Card,Delivered,Standard
O014088,C07917,2024-06-13,Debit Card,Delivered,Same Day
O014089,C00081,2025-07-12,Credit Card,Delivered,Same Day
O014090,C07310,2025-06-23,UPI,Delivered,Express
O014091,C04890,2024-11-29,Net Banking,Delivered,Express
O014092,C06358,2024-07-14,UPI,Delivered,Standard
O014093,C05496,2024-05-01,Net Banking,Delivered,Standard
O014094,C01502,2024-03-29,COD,Delivered,Express
O014095,C00126,2025-03-14,COD,Delivered,Express
O014096,C07520,2024-07-16,Net Banking,Delivered,Standard
O014097,C03516,2024-08-05,COD,Delivered,Standard
O014098,C07809,2025-03-28,Wallet,Delivered,Standard
O014099,C03174,2024-04-13,Wallet,Delivered,Express
O014100,C06040,2024-01-03,UPI,Delivered,Standard
O014101,C04655,2025-03-28,COD,Returned,Express
O014102,C01274,2024-08-26,Debit Card,Delivered,Standard
O014103,C03988,2024-11-04,Credit Card,Cancelled,Standard
O014104,C01271,2025-05-09,Debit Card,Delivered,Standard
O014105,C00965,2024-05-19,Wallet,Returned,Standard
O014106,C01974,2025-02-04,Net Banking,Delivered,Standard
O014107,C06054,2024-05-04,Debit Card,Delivered,Standard
O014108,C06796,2025-02-13,UPI,Delivered,Standard
O014109,C04124,2024-06-01,Debit Card,Delivered,Standard
O014110,C01948,2024-05-21,COD,Delivered,Standard
O014111,C06219,2024-06-19,UPI,Delivered,Standard
O014112,C02448,2025-11-08,Net Banking,Delivered,Standard
O014113,C04108,2024-04-17,Credit Card,Returned,Standard
O014114,C05747,2025-04-13,UPI,Returned,Standard
O014115,C05702,2025-06-01,Credit Card,Delivered,Standard
O014116,C00537,2024-05-18,UPI,Delivered,Same Day
O014117,C07056,2025-09-21,Debit Card,Delivered,Standard
O014118,C01546,2024-11-22,UPI,Cancelled,Standard
O014119,C05578,2024-11-28,UPI,Delivered,Same Day
O014120,C01067,2025-02-25,Credit Card,Delivered,Standard
O014121,C02193,2024-09-28,UPI,Delivered,Express
O014122,C01521,2024-03-25,Wallet,Delivered,Standard
O014123,C03024,2025-08-13,COD,Delivered,Express
O014124,C03565,2025-08-09,Wallet,Delivered,Express
O014125,C00667,2025-07-25,UPI,Delivered,Standard
O014126,C01259,2024-05-23,COD,Delivered,Standard
O014127,C05815,2024-02-21,Credit Card,Delivered,Standard
O014128,C03542,2024-08-20,Debit Card,Delivered,Standard
O014129,C02645,2024-05-10,COD,Returned,Standard
O014130,C02264,2025-03-31,Debit Card,Delivered,Standard
O014131,C02784,2025-02-06,UPI,Delivered,Express
O014132,C00501,2025-03-03,UPI,Delivered,Standard
O014133,C07482,2024-08-21,Net Banking,Delivered,Express
O014134,C05247,2025-07-18,Credit Card,Delivered,Standard
O014135,C05200,2025-11-21,Credit Card,Delivered,Standard
O014136,C06226,2025-06-22,UPI,Cancelled,Standard
O014137,C03663,2024-05-11,COD,Delivered,Express
O014138,C02860,2025-04-06,UPI,Delivered,Standard
O014139,C07333,2025-05-18,Net Banking,Cancelled,Standard
O014140,C01764,2025-11-13,Net Banking,Delivered,Standard
O014141,C06842,2024-01-03,Net Banking,Delivered,Standard
O014142,C07926,2025-01-27,Debit Card,Cancelled,Standard
O014143,C02426,2024-11-22,Credit Card,Delivered,Express
O014144,C02995,2024-05-10,UPI,Delivered,Standard
O014145,C05757,2024-05-01,COD,Delivered,Standard
O014146,C03268,2025-09-12,Debit Card,Delivered,Express
O014147,C05803,2025-01-13,COD,Delivered,Standard
O014148,C01695,2024-06-08,UPI,Delivered,Express
O014149,C06972,2025-07-21,COD,Delivered,Standard
O014150,C00920,2024-09-06,Debit Card,Delivered,Standard
O014151,C01730,2024-03-15,Debit Card,Delivered,Standard
O014152,C06268,2025-05-06,UPI,Delivered,Express
O014153,C07105,2024-01-15,COD,Delivered,Same Day
O014154,C06897,2024-11-11,UPI,Delivered,Express
O014155,C05608,2024-04-19,Net Banking,Delivered,Standard
O014156,C02221,2025-06-29,COD,Delivered,Standard
O014157,C06859,2025-05-09,Wallet,Delivered,Standard
O014158,C05705,2024-04-14,UPI,Delivered,Standard
O014159,C03450,2024-09-08,UPI,Delivered,Express
O014160,C06774,2024-11-01,Credit Card,Delivered,Express
O014161,C02241,2024-05-05,Credit Card,Delivered,Standard
O014162,C03424,2025-01-08,UPI,Delivered,Same Day
O014163,C02983,2025-07-09,Debit Card,Delivered,Same Day
O014164,C03007,2025-09-21,UPI,Delivered,Express
O014165,C06757,2024-02-13,Net Banking,Delivered,Standard
O014166,C07805,2024-06-03,UPI,Delivered,Standard
O014167,C02815,2024-07-15,Credit Card,Delivered,Express
O014168,C06721,2024-02-22,UPI,Delivered,Standard
O014169,C04369,2024-01-22,UPI,Delivered,Standard
O014170,C00782,2024-04-09,UPI,Delivered,Express
O014171,C06146,2024-06-17,Credit Card,Delivered,Standard
O014172,C03210,2024-03-07,Net Banking,Delivered,Express
O014173,C02014,2025-07-14,Debit Card,Delivered,Express
O014174,C07483,2024-01-11,Debit Card,Delivered,Standard
O014175,C05795,2024-10-12,Wallet,Delivered,Standard
O014176,C03508,2025-11-06,Credit Card,Delivered,Same Day
O014177,C01916,2024-11-30,Wallet,Delivered,Standard
O014178,C04718,2025-11-28,UPI,Delivered,Standard
O014179,C02618,2024-06-16,UPI,Delivered,Express
O014180,C07935,2024-03-08,UPI,Delivered,Express
O014181,C00464,2024-01-19,UPI,Delivered,Standard
O014182,C02590,2024-12-06,Credit Card,Delivered,Express
O014183,C00814,2025-03-08,UPI,Delivered,Standard
O014184,C04155,2025-06-26,Credit Card,Cancelled,Express
O014185,C06418,2025-03-29,UPI,Delivered,Express
O014186,C02106,2025-05-09,Wallet,Delivered,Standard
O014187,C02897,2025-03-01,UPI,Delivered,Standard
O014188,C02125,2025-11-14,Credit Card,Delivered,Same Day
O014189,C06374,2024-11-20,COD,Delivered,Standard
O014190,C04144,2025-10-22,Net Banking,Delivered,Standard
O014191,C05710,2024-07-03,Debit Card,Delivered,Same Day
O014192,C03228,2024-09-30,Net Banking,Delivered,Express
O014193,C05315,2025-10-14,Credit Card,Delivered,Express
O014194,C02084,2025-01-30,Credit Card,Delivered,Standard
O014195,C04567,2025-07-15,Net Banking,Cancelled,Standard
O014196,C04707,2024-08-12,Debit Card,Delivered,Standard
O014197,C00009,2025-11-08,COD,Returned,Express
O014198,C07626,2024-03-20,Credit Card,Delivered,Same Day
O014199,C02322,2024-09-16,UPI,Delivered,Standard
O014200,C00821,2025-01-20,COD,Delivered,Express
O014201,C05792,2025-06-01,Debit Card,Delivered,Standard
O014202,C05773,2025-04-14,Debit Card,Delivered,Standard
O014203,C02344,2024-12-08,Debit Card,Delivered,Express
O014204,C02164,2025-07-24,UPI,Delivered,Standard
O014205,C05905,2024-05-28,Net Banking,Delivered,Standard
O014206,C05939,2024-10-12,Net Banking,Delivered,Standard
O014207,C01513,2024-05-11,UPI,Delivered,Express
O014208,C05276,2025-01-21,Debit Card,Delivered,Standard
O014209,C06124,2025-10-11,UPI,Delivered,Express
O014210,C02041,2024-01-31,Credit Card,Delivered,Standard
O014211,C05108,2025-04-27,UPI,Delivered,Standard
O014212,C03245,2024-03-10,UPI,Delivered,Standard
O014213,C03523,2025-09-09,Debit Card,Delivered,Express
O014214,C03744,2024-05-03,Debit Card,Delivered,Standard
O014215,C01253,2025-03-27,Wallet,Delivered,Express
O014216,C07747,2024-04-08,Credit Card,Delivered,Standard
O014217,C07369,2024-12-15,UPI,Delivered,Express
O014218,C05658,2025-04-28,Credit Card,Delivered,Standard
O014219,C05757,2025-06-18,Credit Card,Delivered,Standard
O014220,C00692,2025-02-09,Credit Card,Delivered,Standard
O014221,C05148,2024-04-05,UPI,Delivered,Standard
O014222,C04637,2024-01-14,Credit Card,Delivered,Standard
O014223,C03999,2025-12-15,Debit Card,Delivered,Express
O014224,C01461,2025-04-04,Net Banking,Delivered,Same Day
O014225,C04230,2025-04-09,UPI,Delivered,Express
O014226,C04119,2024-09-11,Credit Card,Delivered,Express
O014227,C05472,2025-12-26,Net Banking,Delivered,Express
O014228,C03878,2024-02-04,UPI,Delivered,Same Day
O014229,C05651,2025-08-18,UPI,Delivered,Standard
O014230,C06742,2025-03-23,UPI,Delivered,Standard
O014231,C02423,2024-07-12,UPI,Delivered,Standard
O014232,C01011,2025-09-22,Credit Card,Delivered,Standard
O014233,C00532,2024-07-08,Net Banking,Delivered,Express
O014234,C02767,2025-08-30,Debit Card,Delivered,Standard
O014235,C00615,2025-05-21,COD,Delivered,Standard
O014236,C05114,2025-03-27,Debit Card,Delivered,Standard
O014237,C04790,2024-06-24,Credit Card,Delivered,Standard
O014238,C01097,2025-12-09,COD,Cancelled,Standard
O014239,C03813,2025-09-03,Wallet,Delivered,Standard
O014240,C05905,2025-09-01,Wallet,Delivered,Standard
O014241,C06954,2024-11-28,UPI,Delivered,Standard
O014242,C02255,2025-06-16,Credit Card,Delivered,Express
O014243,C04165,2025-08-05,Net Banking,Delivered,Standard
O014244,C05926,2025-03-13,Debit Card,Returned,Standard
O014245,C04372,2025-03-17,UPI,Delivered,Standard
O014246,C04672,2025-09-28,Credit Card,Delivered,Standard
O014247,C01887,2024-10-04,Debit Card,Delivered,Standard
O014248,C05448,2024-07-20,Debit Card,Delivered,Standard
O014249,C02018,2024-08-09,UPI,Delivered,Standard
O014250,C00071,2025-06-12,UPI,Delivered,Standard
O014251,C02735,2024-12-29,UPI,Delivered,Standard
O014252,C06515,2024-01-31,Debit Card,Delivered,Express
O014253,C05120,2024-03-14,Debit Card,Delivered,Standard
O014254,C04195,2025-09-29,UPI,Delivered,Express
O014255,C06092,2025-05-18,Net Banking,Delivered,Standard
O014256,C05414,2025-12-02,Credit Card,Delivered,Standard
O014257,C03859,2024-07-20,Net Banking,Delivered,Standard
O014258,C02302,2024-03-09,Credit Card,Delivered,Standard
O014259,C02078,2025-11-30,UPI,Delivered,Standard
O014260,C04547,2025-03-30,UPI,Delivered,Express
O014261,C04358,2025-03-21,Net Banking,Returned,Standard
O014262,C05916,2024-12-17,UPI,Delivered,Express
O014263,C03397,2025-04-22,Debit Card,Delivered,Standard
O014264,C06801,2024-06-15,Debit Card,Delivered,Standard
O014265,C04056,2024-06-05,Debit Card,Delivered,Standard
O014266,C04078,2024-07-25,UPI,Delivered,Standard
O014267,C01484,2024-02-23,UPI,Delivered,Standard
O014268,C00068,2024-12-11,Debit Card,Delivered,Express
O014269,C00913,2024-06-04,Credit Card,Delivered,Express
O014270,C00583,2025-09-02,UPI,Delivered,Standard
O014271,C00144,2024-03-12,COD,Delivered,Standard
O014272,C01497,2024-06-08,Credit Card,Returned,Standard
O014273,C06106,2024-06-30,Credit Card,Delivered,Standard
O014274,C02462,2024-03-07,UPI,Delivered,Same Day
O014275,C07902,2024-03-01,UPI,Delivered,Standard
O014276,C08000,2025-12-15,UPI,Returned,Standard
O014277,C00596,2024-06-29,UPI,Delivered,Standard
O014278,C07956,2025-05-03,Debit Card,Delivered,Standard
O014279,C00651,2025-06-15,Credit Card,Cancelled,Express
O014280,C01362,2025-04-17,UPI,Delivered,Express
O014281,C02334,2025-09-28,Credit Card,Delivered,Standard
O014282,C00640,2024-05-06,UPI,Delivered,Standard
O014283,C03932,2025-07-10,Credit Card,Delivered,Standard
O014284,C07188,2024-12-14,COD,Delivered,Express
O014285,C06818,2024-07-09,Debit Card,Delivered,Express
O014286,C03247,2024-11-28,Net Banking,Cancelled,Standard
O014287,C02111,2024-10-01,UPI,Delivered,Standard
O014288,C06304,2024-01-16,Debit Card,Delivered,Standard
O014289,C02941,2025-09-10,Credit Card,Delivered,Standard
O014290,C04289,2024-09-14,Debit Card,Delivered,Express
O014291,C06969,2024-06-29,Debit Card,Delivered,Standard
O014292,C07219,2025-09-30,UPI,Delivered,Same Day
O014293,C04444,2024-09-03,Net Banking,Delivered,Standard
O014294,C05179,2024-04-02,UPI,Delivered,Standard
O014295,C05621,2025-09-20,Debit Card,Returned,Standard
O014296,C05958,2024-06-27,Net Banking,Delivered,Express
O014297,C00913,2025-11-09,Credit Card,Delivered,Standard
O014298,C01551,2024-09-05,Debit Card,Cancelled,Standard
O014299,C04039,2025-07-22,UPI,Delivered,Standard
O014300,C02520,2024-05-22,Wallet,Delivered,Standard
O014301,C01379,2025-12-02,UPI,Delivered,Standard
O014302,C06948,2024-12-24,Wallet,Delivered,Standard
O014303,C02787,2024-05-08,Net Banking,Delivered,Standard
O014304,C06676,2024-01-05,UPI,Delivered,Express
O014305,C04404,2024-03-17,Debit Card,Delivered,Express
O014306,C06731,2024-06-19,Credit Card,Delivered,Express
O014307,C00752,2024-10-31,Credit Card,Delivered,Express
O014308,C06606,2024-07-10,Credit Card,Cancelled,Express
O014309,C01316,2024-06-17,Debit Card,Delivered,Standard
O014310,C01812,2025-04-01,COD,Delivered,Same Day
O014311,C01245,2025-06-10,Credit Card,Delivered,Express
O014312,C07940,2025-06-09,UPI,Delivered,Same Day
O014313,C07003,2024-01-25,Net Banking,Delivered,Express
O014314,C05568,2025-01-19,COD,Delivered,Standard
O014315,C04599,2025-01-23,UPI,Delivered,Same Day
O014316,C05750,2025-03-16,UPI,Delivered,Standard
O014317,C02017,2025-04-09,UPI,Delivered,Standard
O014318,C04309,2024-04-25,UPI,Delivered,Express
O014319,C02746,2025-03-02,UPI,Delivered,Express
O014320,C03668,2025-11-23,Credit Card,Delivered,Standard
O014321,C04311,2025-02-22,UPI,Delivered,Standard
O014322,C01867,2025-02-01,UPI,Delivered,Express
O014323,C04996,2025-12-26,Credit Card,Returned,Express
O014324,C05952,2024-01-12,Net Banking,Delivered,Express
O014325,C01631,2024-11-26,Debit Card,Delivered,Standard
O014326,C07563,2024-12-16,Debit Card,Delivered,Express
O014327,C07098,2024-10-10,Credit Card,Delivered,Express
O014328,C01552,2024-05-24,Debit Card,Delivered,Standard
O014329,C07333,2025-10-18,UPI,Delivered,Standard
O014330,C00461,2025-05-25,Wallet,Delivered,Express
O014331,C00420,2024-10-14,Wallet,Delivered,Standard
O014332,C04161,2025-04-01,Credit Card,Delivered,Express
O014333,C04546,2025-07-22,Credit Card,Delivered,Express
O014334,C00050,2024-09-24,Debit Card,Delivered,Standard
O014335,C05560,2024-04-09,UPI,Delivered,Standard
O014336,C03071,2025-05-08,COD,Delivered,Express
O014337,C02620,2024-05-22,COD,Delivered,Same Day
O014338,C06711,2025-04-24,Wallet,Cancelled,Standard
O014339,C00475,2025-06-13,Wallet,Delivered,Express
O014340,C01641,2025-08-21,Wallet,Delivered,Standard
O014341,C02539,2025-02-18,Net Banking,Delivered,Express
O014342,C00405,2025-05-07,Credit Card,Cancelled,Same Day
O014343,C00412,2025-03-06,UPI,Cancelled,Standard
O014344,C06593,2024-03-16,UPI,Delivered,Standard
O014345,C06272,2025-09-02,UPI,Delivered,Standard
O014346,C01648,2024-06-11,COD,Delivered,Standard
O014347,C06138,2025-11-28,UPI,Delivered,Express
O014348,C01509,2024-12-17,Credit Card,Delivered,Standard
O014349,C07115,2024-10-23,UPI,Delivered,Standard
O014350,C07497,2025-12-31,UPI,Delivered,Standard
O014351,C01898,2024-12-01,Debit Card,Delivered,Standard
O014352,C03348,2024-09-09,UPI,Delivered,Standard
O014353,C07870,2024-12-17,Wallet,Delivered,Express
O014354,C07757,2024-12-01,Debit Card,Delivered,Standard
O014355,C03147,2024-11-18,Wallet,Delivered,Standard
O014356,C06732,2024-01-25,Credit Card,Delivered,Express
O014357,C00624,2025-08-23,Debit Card,Delivered,Express
O014358,C07873,2025-05-30,Net Banking,Delivered,Standard
O014359,C07797,2024-07-11,Wallet,Delivered,Standard
O014360,C06594,2025-12-15,Credit Card,Delivered,Express
O014361,C05129,2025-08-14,UPI,Delivered,Express
O014362,C01722,2025-07-02,COD,Delivered,Standard
O014363,C04144,2024-11-03,Net Banking,Delivered,Express
O014364,C05701,2024-04-10,Credit Card,Delivered,Express
O014365,C00281,2025-07-20,Debit Card,Delivered,Standard
O014366,C04968,2024-04-20,UPI,Delivered,Standard
O014367,C02392,2025-07-15,Credit Card,Returned,Standard
O014368,C03569,2024-03-25,Credit Card,Delivered,Express
O014369,C04690,2025-12-14,UPI,Delivered,Standard
O014370,C02427,2025-12-03,UPI,Delivered,Express
O014371,C02917,2024-05-09,UPI,Delivered,Express
O014372,C07958,2025-11-22,Wallet,Delivered,Standard
O014373,C00003,2024-01-19,UPI,Delivered,Express
O014374,C03505,2024-03-03,Debit Card,Delivered,Standard
O014375,C00374,2025-02-12,Credit Card,Delivered,Express
O014376,C05557,2024-06-19,Credit Card,Delivered,Standard
O014377,C07211,2025-05-07,UPI,Delivered,Standard
O014378,C00100,2024-06-19,UPI,Delivered,Standard
O014379,C01269,2025-04-22,Wallet,Delivered,Standard
O014380,C01941,2025-01-05,Wallet,Delivered,Express
O014381,C05028,2025-05-19,Debit Card,Delivered,Express
O014382,C07091,2025-02-01,Credit Card,Delivered,Standard
O014383,C02551,2024-10-05,UPI,Delivered,Standard
O014384,C03115,2025-07-14,Debit Card,Delivered,Standard
O014385,C04174,2025-11-11,UPI,Delivered,Standard
O014386,C06875,2025-02-10,UPI,Delivered,Same Day
O014387,C00286,2024-04-27,UPI,Delivered,Standard
O014388,C03117,2025-04-06,Debit Card,Delivered,Standard
O014389,C04720,2025-11-25,Credit Card,Delivered,Standard
O014390,C06897,2024-01-28,Debit Card,Delivered,Standard
O014391,C05918,2024-01-21,UPI,Delivered,Standard
O014392,C05930,2025-05-03,UPI,Delivered,Standard
O014393,C07837,2025-08-26,Net Banking,Delivered,Standard
O014394,C01299,2025-07-18,UPI,Delivered,Standard
O014395,C00023,2025-12-02,Debit Card,Delivered,Same Day
O014396,C06647,2025-05-27,UPI,Delivered,Standard
O014397,C05030,2024-09-21,UPI,Delivered,Standard
O014398,C06358,2024-09-26,Net Banking,Delivered,Express
O014399,C03296,2025-10-30,Credit Card,Delivered,Standard
O014400,C00104,2025-01-17,UPI,Returned,Express
O014401,C02873,2025-09-13,Credit Card,Delivered,Standard
O014402,C01349,2025-04-02,UPI,Delivered,Standard
O014403,C01051,2024-10-14,Wallet,Delivered,Standard
O014404,C07742,2024-04-17,Debit Card,Delivered,Standard
O014405,C06477,2025-05-15,Net Banking,Delivered,Express
O014406,C00095,2024-02-19,Debit Card,Delivered,Standard
O014407,C05302,2024-09-05,Credit Card,Delivered,Express
O014408,C04204,2024-08-29,Credit Card,Delivered,Standard
O014409,C01826,2024-06-26,Credit Card,Delivered,Express
O014410,C07419,2024-06-21,UPI,Delivered,Standard
O014411,C06235,2024-05-14,Credit Card,Delivered,Express
O014412,C03322,2024-10-24,UPI,Delivered,Express
O014413,C07545,2025-06-24,Net Banking,Delivered,Express
O014414,C05420,2025-01-08,Wallet,Delivered,Standard
O014415,C06401,2025-09-28,Debit Card,Delivered,Standard
O014416,C01805,2024-04-15,COD,Delivered,Standard
O014417,C07393,2025-11-05,Credit Card,Delivered,Express
O014418,C06111,2025-07-10,UPI,Delivered,Standard
O014419,C02696,2025-12-30,Credit Card,Delivered,Standard
O014420,C07092,2024-01-25,Debit Card,Delivered,Express
O014421,C02622,2025-05-26,Net Banking,Delivered,Standard
O014422,C06227,2024-02-18,UPI,Delivered,Express
O014423,C05949,2025-09-06,UPI,Delivered,Standard
O014424,C07979,2024-06-08,Credit Card,Delivered,Standard
O014425,C01088,2025-08-27,UPI,Delivered,Standard
O014426,C05309,2025-05-24,Net Banking,Delivered,Same Day
O014427,C03862,2025-09-23,UPI,Delivered,Standard
O014428,C02106,2025-09-27,UPI,Delivered,Same Day
O014429,C06037,2025-12-23,COD,Delivered,Standard
O014430,C01530,2025-02-21,Debit Card,Delivered,Standard
O014431,C06324,2025-03-16,Credit Card,Delivered,Express
O014432,C07819,2025-12-18,Credit Card,Delivered,Standard
O014433,C04692,2025-01-04,Credit Card,Delivered,Express
O014434,C01132,2025-06-05,Debit Card,Delivered,Standard
O014435,C04765,2025-05-11,Credit Card,Delivered,Standard
O014436,C05846,2025-04-30,Wallet,Delivered,Standard
O014437,C00571,2025-02-12,Debit Card,Delivered,Standard
O014438,C03180,2025-10-28,UPI,Delivered,Standard
O014439,C06337,2024-09-12,Debit Card,Delivered,Standard
O014440,C05643,2024-12-29,Credit Card,Delivered,Standard
O014441,C01830,2024-01-05,Net Banking,Delivered,Express
O014442,C02936,2025-01-02,Debit Card,Delivered,Standard
O014443,C06438,2025-12-07,Net Banking,Delivered,Standard
O014444,C01665,2024-08-21,Credit Card,Delivered,Standard
O014445,C06855,2025-04-22,UPI,Delivered,Express
O014446,C07418,2025-02-09,Credit Card,Delivered,Standard
O014447,C07402,2025-06-03,Wallet,Delivered,Same Day
O014448,C01294,2024-06-23,UPI,Delivered,Standard
O014449,C03705,2025-09-09,COD,Delivered,Standard
O014450,C00110,2024-11-05,COD,Delivered,Standard
O014451,C02421,2024-06-17,Debit Card,Delivered,Standard
O014452,C04888,2025-01-04,Wallet,Delivered,Express
O014453,C05327,2025-05-02,Debit Card,Delivered,Standard
O014454,C04865,2025-10-06,Net Banking,Delivered,Standard
O014455,C02140,2024-09-14,UPI,Delivered,Express
O014456,C05013,2024-11-22,UPI,Delivered,Express
O014457,C07779,2025-01-03,Credit Card,Delivered,Express
O014458,C04576,2025-06-08,UPI,Delivered,Same Day
O014459,C07500,2024-07-17,UPI,Delivered,Standard
O014460,C00091,2025-09-09,Credit Card,Delivered,Standard
O014461,C06391,2025-12-16,Debit Card,Delivered,Standard
O014462,C02828,2024-02-13,Credit Card,Delivered,Standard
O014463,C00135,2025-10-05,Debit Card,Delivered,Standard
O014464,C06453,2025-05-02,Credit Card,Delivered,Standard
O014465,C06359,2025-04-20,Debit Card,Returned,Standard
O014466,C02964,2025-08-31,Net Banking,Delivered,Standard
O014467,C01762,2025-11-28,COD,Delivered,Express
O014468,C01377,2025-12-14,UPI,Delivered,Express
O014469,C01727,2024-05-07,Debit Card,Delivered,Standard
O014470,C03758,2025-11-23,Debit Card,Delivered,Same Day
O014471,C04205,2024-07-17,Debit Card,Delivered,Standard
O014472,C04286,2025-04-09,UPI,Delivered,Express
O014473,C04787,2025-09-03,Credit Card,Delivered,Same Day
O014474,C04781,2024-06-16,Debit Card,Delivered,Express
O014475,C02536,2025-12-01,UPI,Delivered,Express
O014476,C04143,2025-02-13,Wallet,Delivered,Standard
O014477,C00991,2024-07-05,COD,Delivered,Standard
O014478,C02218,2025-08-04,Debit Card,Delivered,Standard
O014479,C06048,2025-08-28,Net Banking,Delivered,Standard
O014480,C04828,2025-02-17,UPI,Delivered,Standard
O014481,C05699,2025-08-06,Net Banking,Delivered,Standard
O014482,C02291,2025-12-21,Credit Card,Delivered,Same Day
O014483,C03683,2025-01-26,Credit Card,Delivered,Standard
O014484,C07907,2025-01-11,COD,Delivered,Express
O014485,C01647,2024-09-08,Debit Card,Delivered,Standard
O014486,C01874,2025-08-18,Debit Card,Delivered,Standard
O014487,C02838,2024-03-01,Wallet,Delivered,Standard
O014488,C01351,2024-04-17,Credit Card,Delivered,Standard
O014489,C03513,2025-04-19,UPI,Delivered,Standard
O014490,C05708,2025-08-21,COD,Delivered,Express
O014491,C06791,2024-11-09,COD,Delivered,Standard
O014492,C01868,2024-04-13,Net Banking,Delivered,Standard
O014493,C00340,2024-05-27,UPI,Delivered,Express
O014494,C04763,2024-04-26,UPI,Delivered,Standard
O014495,C02625,2024-01-07,UPI,Delivered,Standard
O014496,C02060,2024-12-19,Wallet,Delivered,Same Day
O014497,C02258,2025-09-26,Credit Card,Delivered,Express
O014498,C07303,2025-12-07,Debit Card,Delivered,Same Day
O014499,C04465,2024-07-06,Net Banking,Delivered,Express
O014500,C05322,2025-12-25,Credit Card,Delivered,Express
O014501,C07939,2025-09-29,Net Banking,Delivered,Standard
O014502,C02510,2025-06-28,Debit Card,Delivered,Standard
O014503,C02184,2024-05-11,Wallet,Delivered,Express
O014504,C06987,2024-08-15,Credit Card,Delivered,Express
O014505,C00350,2025-06-16,Credit Card,Delivered,Standard
O014506,C06219,2024-04-06,COD,Delivered,Express
O014507,C04288,2024-01-06,Credit Card,Delivered,Standard
O014508,C04736,2025-01-01,UPI,Delivered,Standard
O014509,C02645,2024-09-28,Wallet,Delivered,Standard
O014510,C02169,2025-12-18,COD,Delivered,Standard
O014511,C01955,2024-03-06,Wallet,Delivered,Standard
O014512,C04411,2025-05-11,Credit Card,Delivered,Express
O014513,C07209,2025-07-20,Debit Card,Delivered,Express
O014514,C07208,2024-03-09,UPI,Delivered,Express
O014515,C07404,2024-03-20,Net Banking,Delivered,Standard
O014516,C01662,2024-05-26,UPI,Delivered,Standard
O014517,C05293,2025-06-20,Wallet,Delivered,Express
O014518,C06256,2024-06-23,UPI,Delivered,Standard
O014519,C01617,2024-08-15,UPI,Delivered,Standard
O014520,C02320,2024-10-07,UPI,Delivered,Standard
O014521,C07657,2025-03-07,UPI,Delivered,Standard
O014522,C01613,2025-12-14,Net Banking,Delivered,Express
O014523,C06227,2024-10-08,Credit Card,Delivered,Standard
O014524,C00375,2024-11-06,Net Banking,Delivered,Standard
O014525,C02413,2025-05-15,Credit Card,Delivered,Standard
O014526,C06433,2025-03-23,Wallet,Delivered,Standard
O014527,C02909,2024-07-13,UPI,Delivered,Standard
O014528,C06413,2025-10-13,Credit Card,Delivered,Standard
O014529,C02585,2025-02-16,UPI,Delivered,Express
O014530,C07635,2024-05-14,UPI,Cancelled,Standard
O014531,C00615,2025-04-29,Net Banking,Delivered,Standard
O014532,C05090,2024-01-08,UPI,Delivered,Same Day
O014533,C02594,2025-07-17,Credit Card,Delivered,Express
O014534,C07202,2025-06-17,Credit Card,Delivered,Standard
O014535,C01378,2024-11-28,Wallet,Delivered,Standard
O014536,C07904,2024-01-04,UPI,Delivered,Express
O014537,C04482,2025-01-31,Credit Card,Delivered,Standard
O014538,C02938,2025-11-07,UPI,Delivered,Standard
O014539,C00401,2024-04-11,Wallet,Delivered,Standard
O014540,C05461,2025-05-07,UPI,Delivered,Same Day
O014541,C04154,2024-09-14,UPI,Delivered,Standard
O014542,C02834,2024-01-23,Net Banking,Delivered,Standard
O014543,C03091,2024-01-25,COD,Delivered,Standard
O014544,C05154,2025-01-10,UPI,Delivered,Standard
O014545,C02695,2025-03-22,Debit Card,Delivered,Same Day
O014546,C07572,2025-03-06,UPI,Delivered,Standard
O014547,C07989,2024-08-16,UPI,Returned,Standard
O014548,C07754,2025-04-02,Credit Card,Delivered,Standard
O014549,C07565,2025-09-21,Debit Card,Delivered,Standard
O014550,C02506,2024-09-09,Net Banking,Delivered,Standard
O014551,C07452,2024-07-22,Credit Card,Delivered,Standard
O014552,C05976,2024-06-14,Wallet,Delivered,Standard
O014553,C01800,2024-05-30,Net Banking,Delivered,Standard
O014554,C00023,2024-05-13,Credit Card,Cancelled,Express
O014555,C01946,2024-02-13,Credit Card,Delivered,Standard
O014556,C00769,2025-10-10,Debit Card,Returned,Express
O014557,C03981,2025-04-21,Credit Card,Returned,Standard
O014558,C01145,2024-10-24,Credit Card,Delivered,Express
O014559,C03875,2025-10-15,Credit Card,Delivered,Standard
O014560,C02546,2025-12-31,Credit Card,Delivered,Standard
O014561,C06800,2025-04-21,Debit Card,Delivered,Standard
O014562,C01393,2024-07-30,UPI,Delivered,Express
O014563,C06164,2025-12-27,UPI,Delivered,Express
O014564,C07010,2024-05-09,UPI,Delivered,Standard
O014565,C02253,2024-11-26,Debit Card,Delivered,Standard
O014566,C02137,2024-06-23,Debit Card,Delivered,Standard
O014567,C07367,2024-12-09,Credit Card,Delivered,Standard
O014568,C06958,2025-10-14,Debit Card,Delivered,Same Day
O014569,C00180,2024-05-14,Debit Card,Delivered,Standard
O014570,C04488,2024-02-15,COD,Delivered,Express
O014571,C07562,2025-10-04,Credit Card,Returned,Standard
O014572,C05015,2025-09-22,COD,Delivered,Standard
O014573,C05105,2025-10-08,Credit Card,Delivered,Standard
O014574,C01295,2024-10-31,Wallet,Delivered,Standard
O014575,C00246,2024-11-26,COD,Delivered,Standard
O014576,C02028,2025-06-29,Debit Card,Delivered,Standard
O014577,C02050,2024-08-07,Net Banking,Delivered,Express
O014578,C03957,2024-05-15,Debit Card,Delivered,Express
O014579,C07626,2024-10-16,UPI,Delivered,Standard
O014580,C02077,2024-07-24,UPI,Delivered,Standard
O014581,C05603,2024-01-27,Credit Card,Delivered,Standard
O014582,C02691,2025-08-16,Net Banking,Delivered,Standard
O014583,C03344,2024-04-03,COD,Delivered,Same Day
O014584,C02026,2024-08-17,COD,Delivered,Standard
O014585,C07465,2024-09-14,Debit Card,Delivered,Express
O014586,C07799,2024-11-03,Credit Card,Delivered,Standard
O014587,C00665,2025-08-22,UPI,Returned,Express
O014588,C02149,2025-07-13,UPI,Delivered,Standard
O014589,C02186,2024-05-12,COD,Delivered,Standard
O014590,C06464,2024-05-02,Wallet,Delivered,Express
O014591,C02179,2025-01-04,Credit Card,Delivered,Standard
O014592,C03586,2025-10-26,UPI,Delivered,Express
O014593,C06443,2024-04-09,UPI,Delivered,Standard
O014594,C06808,2024-12-04,COD,Delivered,Standard
O014595,C01810,2025-10-05,UPI,Delivered,Express
O014596,C07044,2024-01-12,Net Banking,Delivered,Standard
O014597,C01405,2024-09-07,UPI,Delivered,Standard
O014598,C03245,2025-12-13,COD,Delivered,Standard
O014599,C03271,2025-07-15,Wallet,Delivered,Standard
O014600,C07921,2025-03-09,Credit Card,Delivered,Standard
O014601,C04696,2025-07-10,Debit Card,Delivered,Same Day
O014602,C02846,2025-12-28,UPI,Delivered,Standard
O014603,C05598,2024-01-03,Credit Card,Delivered,Express
O014604,C04366,2024-03-24,Debit Card,Delivered,Standard
O014605,C03738,2025-09-27,Credit Card,Cancelled,Standard
O014606,C06217,2025-02-19,UPI,Delivered,Standard
O014607,C03242,2025-12-04,Debit Card,Delivered,Standard
O014608,C05893,2025-03-24,UPI,Delivered,Standard
O014609,C03485,2024-07-01,UPI,Delivered,Express
O014610,C01558,2025-10-01,UPI,Delivered,Standard
O014611,C07794,2024-09-24,UPI,Delivered,Express
O014612,C05924,2025-09-27,UPI,Delivered,Standard
O014613,C07739,2025-03-09,UPI,Delivered,Express
O014614,C02586,2024-07-18,Wallet,Delivered,Standard
O014615,C02745,2025-11-24,Debit Card,Delivered,Standard
O014616,C01555,2024-04-30,UPI,Delivered,Standard
O014617,C05113,2024-12-06,UPI,Delivered,Standard
O014618,C02137,2024-09-28,Debit Card,Delivered,Standard
O014619,C05012,2024-07-16,UPI,Delivered,Standard
O014620,C04199,2024-07-17,Debit Card,Delivered,Standard
O014621,C06513,2025-12-31,Credit Card,Delivered,Standard
O014622,C00052,2024-08-21,Credit Card,Delivered,Express
O014623,C01546,2025-02-17,Net Banking,Delivered,Standard
O014624,C02554,2025-10-27,Wallet,Delivered,Express
O014625,C01756,2024-04-21,Debit Card,Delivered,Standard
O014626,C03596,2024-10-17,Wallet,Delivered,Standard
O014627,C01984,2025-06-24,Credit Card,Delivered,Standard
O014628,C00535,2024-07-01,UPI,Delivered,Standard
O014629,C04876,2024-10-20,UPI,Delivered,Same Day
O014630,C07256,2024-08-12,Debit Card,Delivered,Express
O014631,C00256,2024-12-12,Debit Card,Delivered,Standard
O014632,C01224,2025-04-02,Credit Card,Delivered,Standard
O014633,C03554,2024-03-10,Net Banking,Cancelled,Standard
O014634,C07396,2025-04-10,UPI,Delivered,Standard
O014635,C06230,2024-05-23,COD,Delivered,Standard
O014636,C04435,2025-09-12,UPI,Delivered,Standard
O014637,C06002,2025-01-21,Net Banking,Returned,Standard
O014638,C06202,2024-07-04,Credit Card,Delivered,Standard
O014639,C06976,2024-10-01,Credit Card,Delivered,Standard
O014640,C06243,2024-12-03,UPI,Delivered,Standard
O014641,C01603,2025-08-20,Net Banking,Delivered,Express
O014642,C05604,2025-03-19,UPI,Delivered,Same Day
O014643,C01909,2024-01-31,Credit Card,Delivered,Standard
O014644,C07267,2024-12-12,UPI,Delivered,Standard
O014645,C06856,2024-02-13,UPI,Delivered,Same Day
O014646,C00351,2025-12-23,Credit Card,Delivered,Standard
O014647,C07876,2025-09-02,COD,Delivered,Standard
O014648,C06332,2024-07-01,COD,Delivered,Express
O014649,C03355,2024-07-07,UPI,Delivered,Standard
O014650,C07317,2025-01-11,COD,Delivered,Standard
O014651,C04764,2025-12-13,Credit Card,Delivered,Standard
O014652,C06205,2025-06-07,UPI,Delivered,Standard
O014653,C03937,2025-09-22,Credit Card,Delivered,Standard
O014654,C04495,2024-02-11,Debit Card,Delivered,Standard
O014655,C03649,2024-10-20,UPI,Delivered,Standard
O014656,C05875,2024-07-23,UPI,Delivered,Standard
O014657,C00920,2025-08-16,UPI,Cancelled,Standard
O014658,C04742,2024-05-22,UPI,Delivered,Express
O014659,C01868,2024-02-15,Wallet,Delivered,Express
O014660,C02026,2025-01-31,Credit Card,Delivered,Standard
O014661,C04701,2025-04-29,Debit Card,Delivered,Standard
O014662,C04412,2025-08-12,COD,Delivered,Standard
O014663,C05402,2025-03-05,Wallet,Delivered,Standard
O014664,C05774,2025-11-16,Credit Card,Delivered,Standard
O014665,C04290,2025-04-27,Debit Card,Delivered,Standard
O014666,C04816,2024-01-03,Wallet,Delivered,Standard
O014667,C04398,2024-09-25,Credit Card,Delivered,Standard
O014668,C00731,2024-04-02,Credit Card,Delivered,Standard
O014669,C06405,2025-10-24,UPI,Delivered,Standard
O014670,C01160,2025-12-15,UPI,Delivered,Standard
O014671,C05658,2025-04-08,COD,Delivered,Standard
O014672,C00974,2024-01-28,Debit Card,Delivered,Express
O014673,C03312,2025-01-15,UPI,Delivered,Same Day
O014674,C02438,2025-10-02,UPI,Delivered,Standard
O014675,C05715,2024-07-19,UPI,Delivered,Express
O014676,C06133,2025-10-05,Net Banking,Delivered,Same Day
O014677,C07810,2024-01-27,COD,Delivered,Standard
O014678,C04778,2025-09-24,Credit Card,Delivered,Express
O014679,C05753,2025-05-25,UPI,Delivered,Standard
O014680,C05703,2024-11-29,COD,Delivered,Standard
O014681,C03983,2025-02-19,UPI,Delivered,Standard
O014682,C05435,2025-06-25,Net Banking,Delivered,Standard
O014683,C02927,2024-08-25,Debit Card,Delivered,Standard
O014684,C03470,2025-10-11,Wallet,Delivered,Standard
O014685,C03845,2025-10-09,Credit Card,Delivered,Express
O014686,C01387,2025-09-02,UPI,Delivered,Standard
O014687,C05329,2024-02-21,COD,Delivered,Standard
O014688,C00989,2025-09-06,Debit Card,Delivered,Standard
O014689,C05536,2025-02-05,UPI,Delivered,Standard
O014690,C04329,2025-10-28,UPI,Delivered,Standard
O014691,C05196,2025-04-14,Net Banking,Delivered,Express
O014692,C06336,2024-09-24,Net Banking,Delivered,Standard
O014693,C07108,2025-06-11,UPI,Delivered,Express
O014694,C02784,2024-11-01,UPI,Delivered,Standard
O014695,C01039,2024-08-06,Debit Card,Delivered,Standard
O014696,C01258,2025-02-24,COD,Delivered,Standard
O014697,C04695,2025-04-27,Credit Card,Cancelled,Standard
O014698,C02790,2024-08-04,Debit Card,Returned,Standard
O014699,C03879,2025-10-24,COD,Delivered,Standard
O014700,C01286,2025-08-21,Net Banking,Delivered,Standard
O014701,C02775,2024-02-02,UPI,Delivered,Express
O014702,C03321,2025-09-22,Net Banking,Delivered,Standard
O014703,C07393,2025-02-08,UPI,Delivered,Same Day
O014704,C06263,2024-12-15,Credit Card,Delivered,Standard
O014705,C00429,2025-06-04,Debit Card,Delivered,Standard
O014706,C07712,2025-10-05,Credit Card,Delivered,Express
O014707,C06026,2025-02-01,UPI,Cancelled,Standard
O014708,C02182,2024-06-23,Credit Card,Delivered,Standard
O014709,C04744,2024-01-23,Credit Card,Delivered,Standard
O014710,C02265,2024-11-30,COD,Delivered,Standard
O014711,C04263,2025-10-04,Debit Card,Delivered,Standard
O014712,C04177,2025-07-09,Debit Card,Delivered,Same Day
O014713,C01099,2025-10-13,Credit Card,Returned,Same Day
O014714,C07563,2025-05-17,COD,Delivered,Express
O014715,C00670,2024-04-05,UPI,Delivered,Standard
O014716,C03101,2024-12-18,Credit Card,Delivered,Same Day
O014717,C00295,2024-02-25,Debit Card,Delivered,Express
O014718,C07649,2024-01-11,COD,Delivered,Standard
O014719,C01282,2024-05-22,UPI,Cancelled,Standard
O014720,C07380,2025-04-26,UPI,Cancelled,Express
O014721,C05533,2025-08-21,UPI,Delivered,Express
O014722,C04255,2024-08-10,UPI,Delivered,Standard
O014723,C03093,2025-08-29,Debit Card,Delivered,Express
O014724,C01523,2025-02-05,Net Banking,Delivered,Standard
O014725,C05178,2024-07-30,Credit Card,Delivered,Same Day
O014726,C03233,2024-04-03,Debit Card,Delivered,Express
O014727,C05963,2025-01-17,UPI,Delivered,Standard
O014728,C02138,2025-03-13,UPI,Returned,Standard
O014729,C04894,2025-08-28,Debit Card,Delivered,Express
O014730,C00258,2024-02-23,UPI,Delivered,Standard
O014731,C07906,2025-07-29,Credit Card,Returned,Express
O014732,C01100,2025-05-23,UPI,Cancelled,Standard
O014733,C03806,2025-04-03,UPI,Delivered,Standard
O014734,C01551,2024-05-09,Net Banking,Delivered,Express
O014735,C06068,2025-02-04,Debit Card,Delivered,Standard
O014736,C07011,2024-11-04,Net Banking,Delivered,Standard
O014737,C06235,2025-10-18,UPI,Delivered,Express
O014738,C03524,2025-11-14,Credit Card,Returned,Standard
O014739,C07306,2025-10-03,Credit Card,Delivered,Standard
O014740,C02526,2024-09-02,UPI,Delivered,Standard
O014741,C03627,2025-05-16,Net Banking,Delivered,Standard
O014742,C00300,2025-09-04,UPI,Delivered,Standard
O014743,C02444,2024-12-02,Net Banking,Delivered,Standard
O014744,C03290,2025-04-27,Credit Card,Delivered,Same Day
O014745,C02420,2024-06-06,Credit Card,Delivered,Standard
O014746,C03647,2024-01-17,Credit Card,Delivered,Standard
O014747,C05595,2025-11-11,Credit Card,Delivered,Express
O014748,C01710,2024-09-21,Debit Card,Delivered,Express
O014749,C01527,2025-08-28,UPI,Delivered,Standard
O014750,C00189,2024-12-15,UPI,Delivered,Standard
O014751,C00443,2024-10-15,Debit Card,Delivered,Express
O014752,C05882,2025-08-16,Net Banking,Delivered,Express
O014753,C04789,2024-04-04,Credit Card,Cancelled,Same Day
O014754,C04210,2025-05-09,Credit Card,Delivered,Standard
O014755,C07119,2025-04-21,Net Banking,Delivered,Standard
O014756,C06961,2025-11-20,Credit Card,Delivered,Standard
O014757,C04129,2025-09-20,Wallet,Delivered,Standard
O014758,C01123,2025-02-01,Credit Card,Delivered,Standard
O014759,C03741,2024-08-11,Debit Card,Delivered,Same Day
O014760,C00557,2024-06-19,Debit Card,Cancelled,Express
O014761,C00468,2024-09-17,UPI,Delivered,Standard
O014762,C07790,2025-12-29,Net Banking,Delivered,Standard
O014763,C01161,2024-03-10,Credit Card,Delivered,Standard
O014764,C02255,2025-02-12,Credit Card,Returned,Express
O014765,C05426,2024-07-19,Credit Card,Delivered,Standard
O014766,C03850,2025-05-05,Credit Card,Delivered,Standard
O014767,C03363,2025-10-07,Wallet,Delivered,Standard
O014768,C02107,2024-09-24,UPI,Delivered,Standard
O014769,C02303,2024-08-09,UPI,Delivered,Standard
O014770,C04225,2024-12-01,Credit Card,Delivered,Standard
O014771,C01173,2024-11-17,Debit Card,Delivered,Standard
O014772,C05725,2024-03-13,UPI,Cancelled,Express
O014773,C01271,2025-08-10,UPI,Delivered,Standard
O014774,C03769,2024-05-15,Net Banking,Delivered,Same Day
O014775,C01950,2024-06-13,Wallet,Delivered,Standard
O014776,C02552,2024-03-23,UPI,Delivered,Standard
O014777,C06351,2024-02-11,UPI,Delivered,Standard
O014778,C00651,2024-05-09,UPI,Delivered,Express
O014779,C01314,2024-07-03,UPI,Delivered,Standard
O014780,C04858,2025-07-23,Credit Card,Delivered,Standard
O014781,C01805,2024-03-14,COD,Delivered,Standard
O014782,C05469,2024-12-20,Wallet,Delivered,Express
O014783,C05135,2024-01-24,Credit Card,Delivered,Express
O014784,C01943,2024-08-05,Debit Card,Delivered,Standard
O014785,C05066,2025-09-27,Debit Card,Returned,Standard
O014786,C07127,2024-03-18,Credit Card,Delivered,Standard
O014787,C02674,2024-01-15,Credit Card,Delivered,Standard
O014788,C05773,2024-08-19,COD,Delivered,Standard
O014789,C06660,2025-09-10,UPI,Delivered,Express
O014790,C04112,2024-02-03,Debit Card,Delivered,Express
O014791,C03634,2025-04-25,UPI,Delivered,Standard
O014792,C04542,2025-07-24,COD,Returned,Standard
O014793,C01618,2024-02-23,UPI,Delivered,Standard
O014794,C02389,2024-07-12,Credit Card,Delivered,Express
O014795,C04926,2024-09-26,Debit Card,Returned,Standard
O014796,C00211,2024-03-13,UPI,Delivered,Standard
O014797,C04336,2025-03-13,Debit Card,Delivered,Express
O014798,C02058,2025-07-07,Net Banking,Delivered,Standard
O014799,C06048,2024-12-30,UPI,Delivered,Same Day
O014800,C00759,2025-07-20,UPI,Delivered,Standard
O014801,C06576,2025-06-27,Credit Card,Delivered,Standard
O014802,C04988,2025-07-15,Debit Card,Delivered,Standard
O014803,C02068,2024-09-06,Credit Card,Delivered,Standard
O014804,C02822,2025-02-09,Debit Card,Cancelled,Standard
O014805,C00789,2025-07-31,UPI,Delivered,Express
O014806,C00496,2025-08-24,COD,Delivered,Express
O014807,C05345,2025-01-23,Credit Card,Cancelled,Express
O014808,C04988,2024-05-20,Credit Card,Delivered,Standard
O014809,C00759,2025-03-17,Wallet,Delivered,Standard
O014810,C01993,2025-11-12,Credit Card,Delivered,Standard
O014811,C00806,2025-05-11,Net Banking,Delivered,Standard
O014812,C01714,2024-02-29,Wallet,Delivered,Standard
O014813,C06593,2025-08-31,Net Banking,Delivered,Standard
O014814,C02030,2024-07-13,UPI,Delivered,Standard
O014815,C00632,2024-06-23,UPI,Delivered,Standard
O014816,C05990,2024-03-10,Debit Card,Delivered,Express
O014817,C01114,2025-04-20,Debit Card,Delivered,Standard
O014818,C06235,2025-08-22,Debit Card,Returned,Express
O014819,C00349,2024-07-16,Wallet,Delivered,Express
O014820,C02886,2024-10-05,Net Banking,Delivered,Standard
O014821,C01656,2024-02-23,COD,Cancelled,Standard
O014822,C03535,2024-08-15,Credit Card,Delivered,Standard
O014823,C00147,2024-11-19,UPI,Delivered,Standard
O014824,C04223,2024-06-17,Credit Card,Delivered,Standard
O014825,C01639,2024-12-28,Debit Card,Delivered,Standard
O014826,C00154,2025-07-24,Wallet,Delivered,Express
O014827,C04337,2025-04-28,Debit Card,Cancelled,Standard
O014828,C01239,2024-08-19,Wallet,Delivered,Standard
O014829,C03666,2024-08-18,Wallet,Delivered,Standard
O014830,C01264,2024-12-13,Debit Card,Delivered,Express
O014831,C05435,2025-02-24,Credit Card,Delivered,Same Day
O014832,C05877,2024-03-05,Credit Card,Delivered,Standard
O014833,C03834,2024-03-22,Debit Card,Delivered,Express
O014834,C06235,2024-01-25,Credit Card,Delivered,Standard
O014835,C03380,2025-08-02,UPI,Delivered,Standard
O014836,C07576,2024-02-29,UPI,Delivered,Express
O014837,C00845,2024-05-20,COD,Delivered,Same Day
O014838,C02034,2025-04-30,Debit Card,Delivered,Standard
O014839,C06235,2024-11-07,Wallet,Delivered,Standard
O014840,C04893,2025-06-02,UPI,Delivered,Standard
O014841,C02693,2025-10-03,Wallet,Delivered,Standard
O014842,C02142,2025-03-08,Debit Card,Delivered,Standard
O014843,C06826,2024-06-24,Net Banking,Delivered,Standard
O014844,C03200,2025-05-10,Credit Card,Delivered,Express
O014845,C02305,2025-01-26,UPI,Delivered,Standard
O014846,C06478,2024-02-04,COD,Delivered,Express
O014847,C07144,2025-04-24,UPI,Delivered,Express
O014848,C04838,2024-09-20,Credit Card,Delivered,Express
O014849,C02909,2025-11-12,Wallet,Delivered,Standard
O014850,C04168,2024-11-09,UPI,Delivered,Express
O014851,C00785,2024-12-26,Credit Card,Delivered,Standard
O014852,C03776,2025-07-27,UPI,Delivered,Standard
O014853,C02473,2024-11-02,UPI,Delivered,Standard
O014854,C07223,2024-04-27,UPI,Delivered,Standard
O014855,C00841,2025-08-20,UPI,Delivered,Standard
O014856,C03781,2025-12-20,UPI,Delivered,Express
O014857,C00368,2025-12-30,UPI,Delivered,Standard
O014858,C05036,2025-05-21,UPI,Delivered,Standard
O014859,C07636,2025-04-22,Wallet,Delivered,Standard
O014860,C01325,2025-06-01,Debit Card,Delivered,Express
O014861,C03191,2024-09-26,COD,Delivered,Express
O014862,C07819,2024-02-29,UPI,Returned,Express
O014863,C00267,2025-01-04,COD,Delivered,Standard
O014864,C06220,2025-11-02,Wallet,Delivered,Standard
O014865,C04637,2025-08-27,Wallet,Delivered,Standard
O014866,C01376,2024-01-28,Debit Card,Delivered,Same Day
O014867,C01578,2024-12-31,UPI,Delivered,Standard
O014868,C00224,2025-11-11,Debit Card,Delivered,Standard
O014869,C03495,2025-10-09,Wallet,Delivered,Standard
O014870,C00709,2024-08-16,UPI,Delivered,Same Day
O014871,C06146,2024-03-02,COD,Delivered,Standard
O014872,C07040,2025-09-19,COD,Delivered,Standard
O014873,C03869,2025-03-31,UPI,Delivered,Standard
O014874,C06136,2024-06-23,Wallet,Delivered,Same Day
O014875,C02569,2025-06-20,Debit Card,Delivered,Express
O014876,C06524,2024-03-28,Debit Card,Delivered,Express
O014877,C06256,2025-04-18,UPI,Cancelled,Express
O014878,C00006,2024-09-01,Debit Card,Delivered,Standard
O014879,C02343,2025-11-20,UPI,Delivered,Express
O014880,C07804,2024-05-21,COD,Delivered,Standard
O014881,C06230,2024-11-20,Wallet,Delivered,Standard
O014882,C05815,2024-06-24,Credit Card,Delivered,Standard
O014883,C04746,2025-12-04,Credit Card,Delivered,Express
O014884,C03230,2024-01-18,Debit Card,Delivered,Same Day
O014885,C00162,2024-06-19,UPI,Delivered,Standard
O014886,C01115,2024-10-17,UPI,Delivered,Standard
O014887,C05247,2025-03-18,Credit Card,Delivered,Same Day
O014888,C04576,2024-08-22,Credit Card,Delivered,Standard
O014889,C00140,2024-02-14,Credit Card,Delivered,Standard
O014890,C01202,2025-08-21,Wallet,Delivered,Standard
O014891,C03597,2025-07-28,Credit Card,Delivered,Standard
O014892,C05871,2024-11-27,Debit Card,Delivered,Same Day
O014893,C04315,2025-08-19,UPI,Delivered,Standard
O014894,C07900,2025-02-27,Credit Card,Cancelled,Standard
O014895,C04591,2024-12-12,Net Banking,Cancelled,Standard
O014896,C06714,2024-08-01,COD,Delivered,Standard
O014897,C05564,2024-01-17,UPI,Delivered,Standard
O014898,C07691,2025-05-10,Debit Card,Delivered,Standard
O014899,C04095,2025-10-02,UPI,Delivered,Standard
O014900,C06947,2024-06-05,Debit Card,Delivered,Standard
O014901,C06041,2024-02-01,Credit Card,Delivered,Express
O014902,C03797,2024-11-14,UPI,Delivered,Standard
O014903,C01186,2025-07-03,UPI,Cancelled,Express
O014904,C00001,2025-12-07,UPI,Delivered,Standard
O014905,C00143,2025-02-03,Credit Card,Returned,Standard
O014906,C00202,2024-11-18,Net Banking,Delivered,Express
O014907,C04425,2024-11-02,COD,Delivered,Standard
O014908,C05646,2024-02-03,COD,Delivered,Express
O014909,C02546,2024-02-19,Wallet,Delivered,Standard
O014910,C03784,2024-08-20,UPI,Delivered,Standard
O014911,C00484,2024-02-25,UPI,Delivered,Express
O014912,C00439,2024-01-07,UPI,Delivered,Express
O014913,C02484,2025-10-05,Wallet,Cancelled,Express
O014914,C05845,2025-02-17,Credit Card,Delivered,Express
O014915,C03723,2024-06-16,UPI,Returned,Standard
O014916,C06416,2025-11-17,UPI,Delivered,Standard
O014917,C06361,2025-01-03,Debit Card,Delivered,Standard
O014918,C06911,2025-10-26,Credit Card,Delivered,Standard
O014919,C05021,2024-12-26,UPI,Delivered,Standard
O014920,C03157,2024-01-06,Wallet,Delivered,Standard
O014921,C05166,2025-11-20,Wallet,Delivered,Standard
O014922,C07059,2024-06-03,Debit Card,Delivered,Standard
O014923,C02368,2024-04-20,Debit Card,Delivered,Express
O014924,C07807,2024-07-29,Credit Card,Delivered,Express
O014925,C05101,2025-03-03,Debit Card,Delivered,Standard
O014926,C07421,2025-08-14,Debit Card,Returned,Standard
O014927,C07913,2025-09-22,Wallet,Delivered,Express
O014928,C05557,2024-11-03,Credit Card,Delivered,Standard
O014929,C04797,2024-01-23,UPI,Delivered,Standard
O014930,C06159,2024-02-09,UPI,Delivered,Standard
O014931,C04693,2025-11-05,Wallet,Delivered,Express
O014932,C07579,2025-06-12,Credit Card,Delivered,Express
O014933,C01177,2025-05-21,UPI,Delivered,Standard
O014934,C03570,2025-12-27,Wallet,Delivered,Standard
O014935,C05851,2025-04-28,COD,Delivered,Same Day
O014936,C05345,2024-02-06,COD,Delivered,Express
O014937,C04168,2025-07-18,Debit Card,Delivered,Standard
O014938,C04830,2024-08-30,Debit Card,Delivered,Standard
O014939,C00066,2025-01-07,Credit Card,Returned,Standard
O014940,C07806,2024-07-28,Debit Card,Delivered,Standard
O014941,C07977,2024-08-16,Debit Card,Delivered,Standard
O014942,C01607,2024-02-08,Debit Card,Delivered,Express
O014943,C02989,2025-06-19,Debit Card,Delivered,Standard
O014944,C00752,2024-06-23,Credit Card,Delivered,Standard
O014945,C07003,2025-05-09,UPI,Delivered,Express
O014946,C01267,2025-02-03,UPI,Delivered,Express
O014947,C06387,2025-11-26,Credit Card,Delivered,Express
O014948,C05773,2024-06-18,Credit Card,Delivered,Standard
O014949,C00913,2025-08-09,UPI,Delivered,Express
O014950,C04153,2024-04-24,Debit Card,Delivered,Standard
O014951,C03865,2024-04-25,Debit Card,Delivered,Same Day
O014952,C06190,2025-01-11,Wallet,Delivered,Standard
O014953,C01165,2025-08-12,UPI,Delivered,Standard
O014954,C03554,2025-05-30,UPI,Delivered,Express
O014955,C07165,2024-05-01,UPI,Delivered,Standard
O014956,C05242,2025-02-17,Credit Card,Cancelled,Express
O014957,C00208,2024-09-06,UPI,Cancelled,Standard
O014958,C07393,2025-02-21,Wallet,Delivered,Standard
O014959,C03527,2025-01-21,UPI,Delivered,Standard
O014960,C00202,2025-10-28,UPI,Delivered,Standard
O014961,C01504,2025-08-04,UPI,Delivered,Standard
O014962,C05998,2024-10-15,Credit Card,Delivered,Express
O014963,C05080,2025-04-16,UPI,Delivered,Same Day
O014964,C05841,2025-12-23,Credit Card,Delivered,Standard
O014965,C01853,2024-08-06,Debit Card,Delivered,Standard
O014966,C01276,2024-06-20,Credit Card,Delivered,Standard
O014967,C00802,2025-10-13,COD,Delivered,Standard
O014968,C05293,2025-03-13,Debit Card,Delivered,Standard
O014969,C05040,2024-04-16,UPI,Delivered,Express
O014970,C02515,2025-06-16,Credit Card,Delivered,Express
O014971,C03723,2024-08-31,UPI,Delivered,Standard
O014972,C04022,2025-01-15,Credit Card,Delivered,Standard
O014973,C05924,2024-09-20,UPI,Delivered,Standard
O014974,C05248,2024-02-29,COD,Delivered,Express
O014975,C06028,2024-10-27,Credit Card,Delivered,Standard
O014976,C02912,2024-08-19,Debit Card,Delivered,Standard
O014977,C05178,2024-11-03,Net Banking,Delivered,Standard
O014978,C05776,2024-11-30,Debit Card,Delivered,Standard
O014979,C00515,2024-08-06,UPI,Delivered,Express
O014980,C03794,2025-05-30,Credit Card,Delivered,Standard
O014981,C00096,2025-12-20,Credit Card,Delivered,Standard
O014982,C07880,2024-08-09,Debit Card,Delivered,Standard
O014983,C00089,2024-06-02,Credit Card,Delivered,Express
O014984,C07834,2024-12-29,Net Banking,Delivered,Standard
O014985,C01947,2024-08-15,Credit Card,Delivered,Standard
O014986,C00428,2025-02-20,Debit Card,Delivered,Express
O014987,C05453,2024-10-03,Debit Card,Delivered,Express
O014988,C07507,2025-01-29,UPI,Delivered,Standard
O014989,C02350,2024-06-10,Wallet,Delivered,Standard
O014990,C02389,2024-09-16,COD,Delivered,Standard
O014991,C05403,2024-06-20,Credit Card,Cancelled,Standard
O014992,C00961,2024-06-29,UPI,Delivered,Standard
O014993,C01846,2025-03-20,Credit Card,Delivered,Standard
O014994,C00214,2025-01-20,Credit Card,Delivered,Standard
O014995,C07522,2025-01-30,UPI,Delivered,Standard
O014996,C00277,2025-09-23,Debit Card,Delivered,Standard
O014997,C04935,2025-08-07,UPI,Returned,Standard
O014998,C00560,2024-04-07,Debit Card,Delivered,Standard
O014999,C01073,2024-09-17,Credit Card,Delivered,Standard
O015000,C01094,2025-01-14,UPI,Returned,Standard
